"baseMean"	"log2FoldChange"	"lfcSE"	"stat"	"pvalue"	"padj"
"ADG93377.1"	12670.2286019949	-11.7891943615555	0.974139807254135	-12.1021585133518	1.02870183097263e-33	2.02597508526564e-30
"AEF27231.1"	26619.9964974569	-11.2560600264989	0.810621201612757	-13.8857212272571	7.73181703047711e-44	2.70574936981546e-40
"ABM04928.1"	12010.9160188958	9.98880734290074	0.710859318756619	14.0517358067028	7.5168738873553e-45	3.00632001929141e-41
"ACE84027.1"	4878.15508083903	-9.90748716020565	1.09784170802697	-9.02451335904452	1.80495802790904e-19	6.64889538807126e-17
"ABC02171.1"	11434.1073013546	-8.82179259134673	0.684078540397939	-12.895876818786	4.7483149529268e-38	1.32933825422139e-34
"ABK16223.1"	2797.24562590885	-8.43956140461375	1.06226499432306	-7.94487387772012	1.94388463612058e-15	3.58032857058103e-13
"ADK80806.1"	5394.36103835464	-8.31564417834668	0.547721346067848	-15.1822532352365	4.63579328567403e-52	4.32612229419101e-48
"ACX64453.1"	2734.95035677624	-8.25898738079011	0.762215093986406	-10.8355075174324	2.33666099165113e-27	2.51604465854865e-24
"ADW69716.1"	20529.648598703	-8.11623786304004	1.13385746127731	-7.15807598416908	8.18172049166332e-13	8.94747839392994e-11
"ACU37728.1"	69452.4180730247	-8.06652091192724	0.502899490252355	-16.0400260256368	6.71262209071076e-58	1.87926568051538e-53
"ALJ56196.1"	1967.47948571181	-8.0363241901203	1.00975533260412	-7.95868457499992	1.73877870548363e-15	3.22376481051124e-13
"ABF42494.1"	8547.92032366255	-7.97455495651535	0.820182964060364	-9.72289758011658	2.40828859040754e-22	1.4046343203552e-19
"ADY32787.1"	2350.32660337496	-7.95401071928102	0.898685302175957	-8.85071859973924	8.69575602407325e-19	2.93308898373439e-16
"ABF09017.1"	19026.3270142253	-7.82711737239205	0.620942770227062	-12.6052154041988	1.97631920671635e-36	4.25607942394085e-33
"ACT96036.1"	11041.2855050443	-7.71456842274242	0.834286520739515	-9.24690526691501	2.3108642526997e-20	9.95307009516628e-18
"ADE53917.1"	2426.05582615386	-7.69606740342001	0.689643059483136	-11.159493737511	6.43570088198736e-29	7.50724507883825e-26
"ADV23282.1"	5824.79848370147	-7.60060559923269	0.966259806032893	-7.86600617326512	3.66142481849427e-15	6.21243934657973e-13
"AMG93924.1"	938.153536623581	-7.58925938176334	0.628675030498031	-12.0718320493041	1.48784574645673e-33	2.60335809486266e-30
"AIT05786.1"	19010.833067734	-7.45462446033767	0.497045920737247	-14.9978586471056	7.58264136058662e-51	4.24567255061966e-47
"ADN16569.1"	3807.44011540101	-7.36061485107476	0.698486827534074	-10.5379436818595	5.77477492739352e-26	4.6191599676374e-23
"ACT95943.1"	3478.49569181239	-7.35323645105965	0.990288069139512	-7.42535094606267	1.12481272593748e-13	1.43791128197926e-11
"AEV16571.1"	2171.25236970706	7.33228268931065	0.947977769163307	7.73465679029814	1.03682428032195e-14	1.58617117769909e-12
"AHV98773.1"	50338.0712759	-7.25641835934691	0.884404765114183	-8.20486121918401	2.30857403465599e-16	5.12943164081182e-14
"ADG68554.1"	1176.26242274656	-7.04144191085896	0.613946300321195	-11.4691495122214	1.88502778410528e-30	2.63866189219057e-27
"AHV96513.1"	2779.05281517627	-6.9624093424724	0.880144033295721	-7.91053404793473	2.56287068782082e-15	4.51968549042869e-13
"ACZ89712.1"	49902.8938052023	-6.95675586470967	0.600946862927128	-11.5763244537533	5.43257295940946e-31	8.44946180953485e-28
"ADY27459.1"	1590.29975286225	-6.86660811087549	0.783042495693218	-8.76913851884446	1.80038441711107e-18	5.72767751607289e-16
"ACY82919.1"	780.510960879357	6.80707464060968	0.763407616915159	8.91669730532199	4.80400463074446e-19	1.68116142052902e-16
"BAQ02386.1"	1822.74478608324	6.72305187688694	0.591713267688721	11.3620096827433	6.46402682964611e-30	8.22576796012602e-27
"ADM40168.1"	771.062398952689	6.70316914177814	0.741573558124586	9.03911563234566	1.57944411945927e-19	5.89574900911757e-17
"ACH40352.1"	1835.31114509269	-6.70178863518642	1.12434021466699	-5.96064122563774	2.51250054161074e-09	1.24275556824972e-07
"SMY24903.1"	25106.2782008665	-6.67154745641985	0.906175199149217	-7.36231521529565	1.80747536483793e-13	2.2390301023895e-11
"AKK05637.1"	864.971933286142	6.60156321799475	0.683281198746645	9.66156134561308	4.39119571040273e-22	2.50889622670275e-19
"AJF71746.1"	7085.75364151084	-6.55185365137438	0.666313888487605	-9.83298377022539	8.11772999930912e-23	5.09482177910104e-20
"ARU56174.1"	643.437040564998	-6.54941465505805	1.01931964587896	-6.42528051091419	1.31626562874387e-10	9.09880803513911e-09
"AAO79251.1"	913.741264530216	6.53971367887822	0.664036798866282	9.84842058458741	6.96295279489214e-23	4.53336805687908e-20
"ABW29834.1"	554.395090891029	6.53480996395236	0.679075052000057	9.62310416898044	6.3873873159804e-22	3.5062999078076e-19
"AAU12252.1"	937.999245402009	-6.51776552109422	1.259544821451	-5.17469915329074	2.282785040292e-07	6.46196663175073e-06
"AGP40336.1"	10670.6304083775	-6.49407365328205	0.911192149442718	-7.12700790634973	1.02574202551681e-12	1.09605624986139e-10
"ACE84280.1"	665.538100130261	6.4495264872883	0.821902546597838	7.84706959965667	4.25870932737852e-15	7.01334272525229e-13
"AEI71804.1"	709.948849816669	-6.36321633750658	0.902532097416955	-7.05040447394402	1.78398452340956e-12	1.82278944223993e-10
"ABD26648.1"	779.363414360434	-6.33559022037642	0.591344425259733	-10.7138749428367	8.76160110507113e-27	7.91257369476037e-24
"XP_003708928.1"	10546.9407137554	-6.31034952361746	1.03476226567079	-6.09835682356151	1.07164321524982e-09	5.88269087335958e-08
"AEI46533.1"	1525.38393485688	-6.29071807330005	0.942769835414318	-6.67259158810005	2.51325101068838e-11	2.01607379069432e-09
"AEI03313.1"	14616.0153150977	6.2570879439302	0.488933155828348	12.7974302199438	1.69466847678007e-37	3.9536615563279e-34
"ACK79240.1"	3122.97761758376	-6.25559278855994	0.673179576646991	-9.2926063201711	1.50555626971105e-20	6.69040528997312e-18
"ADI10019.1"	6438.5955127258	-6.2409983747099	0.634757395967042	-9.83210028644383	8.18927632731629e-23	5.09482177910104e-20
"ACS99803.1"	3191.80604423415	-6.21314312102538	0.756360982363617	-8.21452093101021	2.13012941187697e-16	4.88812319794325e-14
"AAO75562.1"	832.734602977755	-6.2063058509105	1.13348131977161	-5.47543725922278	4.36432577352174e-08	1.56045548346762e-06
"ACX75582.1"	586.71019357162	-6.20590792840461	1.01130884118178	-6.13651109897605	8.43534733842867e-10	4.75162945848388e-08
"ABF43242.1"	2792.54706555227	-6.18180525680553	0.944622660443975	-6.5442059731026	5.9812315019342e-11	4.40659360863552e-09
"AAO36724.1"	1292.47490575752	-6.15911494946297	0.696385255656307	-8.84440745899814	9.20152719104094e-19	3.0667375623855e-16
"ABE48277.1"	816.1429163231	-6.1530346836283	0.971898718681857	-6.33094227346383	2.43668503210705e-10	1.57546037318404e-08
"ADL56818.1"	649.319435809796	6.14514312315638	0.961915734300261	6.3884422554192	1.67584082745207e-10	1.12780864916703e-08
"AKH81615.1"	13285.4151234929	-6.12965143403598	0.52115880525663	-11.7615808698034	6.15705359852295e-32	1.0139580737897e-28
"AKC06760.1"	1482.9446396491	-6.11900960890346	0.745011840169241	-8.21330518386585	2.15181719674121e-16	4.89774587316804e-14
"AEG47711.1"	3380.22432403648	-6.08977463367383	0.742115591621475	-8.20596508472226	2.2874589193098e-16	5.12317599239977e-14
"ADU12329.1"	1154.2673598687	-6.08554610222165	0.848304671113644	-7.17377412791163	7.29579459186705e-13	8.04145926747677e-11
"SCF03497.1"	2328.88449505196	-6.06690511214802	0.70147549606577	-8.64877696537412	5.20542845409938e-18	1.47203207071683e-15
"AHK00940.1"	1480.08782593773	-6.06566953450742	0.745155857373341	-8.14013534817908	3.94836261713388e-16	8.50295075609846e-14
"AEO58921.1"	4247.63779723794	-6.04684696374287	0.834158019456286	-7.24904253475172	4.1972807390708e-13	4.93727191474899e-11
"APA12064.1"	360.063760461324	-6.0466590400627	0.818152044639541	-7.39062999314109	1.46134751483979e-13	1.84287770384931e-11
"AIQ31859.1"	2424.6263255748	-6.01566829918472	0.596414337662167	-10.0863911534471	6.34598088327383e-24	4.44155202020335e-21
"AFI57924.1"	467.925279684486	-5.9981833392702	1.09976389275327	-5.45406462131949	4.92312975706142e-08	1.73177513599862e-06
"AEA22835.1"	34212.5823027676	-5.98478603353538	0.80214134652838	-7.46101177733473	8.58605752476305e-14	1.11802449517798e-11
"AIQ11159.1"	1708.30329118308	-5.96350269425416	0.722337306963733	-8.25584202388923	1.50835025512548e-16	3.54855241533553e-14
"ADW21705.1"	2777.15020457192	-5.93471616166459	0.530364956158155	-11.1898723563004	4.57091171835566e-29	5.56379323769934e-26
"ADX07316.1"	359.798036922688	-5.92275281170475	0.70964998180231	-8.34601981763267	7.06019660959071e-17	1.7491793299301e-14
"ACL76656.1"	408.843690678884	-5.88398697540511	0.962061653340048	-6.11601860959463	9.59421262424696e-10	5.31880349759243e-08
"ADP36087.1"	3098.22512876348	-5.88074755635198	0.681516963350761	-8.62890855634549	6.19401869559164e-18	1.70007595491945e-15
"ADO53168.1"	3063.68844904676	-5.873158503223	0.674590912779916	-8.7062520291303	3.14088029762585e-18	9.1595921679514e-16
"AEX77884.1"	196.503521262856	-5.83633020790517	0.655062402993797	-8.9095789671819	5.12267256387753e-19	1.77054742096686e-16
"ADW11818.1"	4526.11449938105	5.80555717191456	0.750151956934169	7.73917486750494	1.00064077914306e-14	1.53922743147742e-12
"AKV59543.1"	2468.68058502801	-5.79061946839233	0.679150266043237	-8.5262713686748	1.51140463849346e-17	4.06858502492913e-15
"AKK30611.1"	760.49562185818	-5.78129357898826	0.86495522869025	-6.68392234328998	2.32630112973104e-11	1.87686243308214e-09
"ABP64533.1"	5036.08190663343	-5.77142317004451	0.827661629787462	-6.97316749059222	3.09883320446699e-12	2.9609192625344e-10
"AFM17736.1"	2650.20373125046	-5.76784648466297	0.721874148026186	-7.99009979846757	1.34829562138335e-15	2.55046514974651e-13
"AAC62855.2"	902.084003381503	5.75337706530433	0.539335456980138	10.6675298107022	1.44414570282396e-26	1.26344697175812e-23
"CAY48504.1"	746.087313295145	5.75329922159412	0.719492652222227	7.99632797336355	1.28184654327835e-15	2.45798464559045e-13
"AGJ81161.1"	2344.24197359351	-5.73393001226285	0.406965114517004	-14.0894877907852	4.40746739124374e-45	2.05652428475433e-41
"ADO78181.1"	338.970107173047	-5.72078843730491	0.743377764569444	-7.69566794968413	1.40756910064321e-14	2.10728901292018e-12
"ACF43940.1"	404.354939619954	-5.71921963720184	0.89515169714893	-6.38910662339984	1.66857689170818e-10	1.12562599181354e-08
"AEC03714.1"	714.971256126473	-5.71404303251285	0.920008169775246	-6.21086118605748	5.26950081967677e-10	3.13882861590789e-08
"AEF41469.1"	541.731711653216	5.71164715723026	0.835098820799914	6.83948655532678	7.9477516983467e-12	6.97508641212897e-10
"ABS67196.1"	2306.86946216154	-5.71040836046584	0.685962210852394	-8.32466901255383	8.45646946821879e-17	2.06130583083562e-14
"SDS73681.1"	7891.61155082113	-5.69570671496038	0.444797377151328	-12.80517153999	1.53386485810958e-37	3.90382550614872e-34
"ADE81717.1"	937.493317215433	5.68295730566761	0.716162185175456	7.93529374114512	2.09997712285579e-15	3.79296513106262e-13
"ALG86329.1"	1810.93870065247	-5.68072907388254	0.630701745407291	-9.00699754717512	2.11774811225387e-19	7.69980209748822e-17
"ABR45241.1"	479.218059112305	-5.66968127515672	0.808385817028215	-7.01358331099819	2.32290538998218e-12	2.30610139354401e-10
"ACE85678.1"	892.82530282569	-5.66827927858185	0.960256937680221	-5.90287771549479	3.57215053516301e-09	1.6723399060606e-07
"AGR57123.1"	745.845218622191	-5.66372683225607	0.677200396541919	-8.36344287625574	6.09140271116241e-17	1.52263312769378e-14
"ABM00134.1"	220.649086475218	5.64729882870917	0.803851269550479	7.02530311591993	2.13602016852838e-12	2.12811461345624e-10
"AQA03414.1"	841.975875406417	-5.63472332784252	0.691399322188985	-8.14973799801085	3.64713579412909e-16	7.91513284437504e-14
"ACC72866.1"	2312.32100583344	5.62717703373284	0.429830143176501	13.0916296194289	3.67634589894619e-39	1.14358866429886e-35
"ACA15609.1"	4506.44612533209	-5.61866230566303	0.595324404364954	-9.43798417210291	3.8001975234555e-21	1.74410376830591e-18
"ACU06062.1"	451.774174965532	5.56229131044146	1.00757062636768	5.52049768510388	3.38040847377069e-08	1.25514476965099e-06
"AEO64812.1"	788.93409996679	-5.55233863771018	0.775970867647602	-7.15534418778168	8.34632410731458e-13	9.0567321592395e-11
"ADY53181.1"	329.703105005442	-5.51591480270154	0.680317749843302	-8.10785078586003	5.15229532372886e-16	1.08453879611363e-13
"AFR92540.1"	366.244354860558	-5.51570511359724	0.912223852300627	-6.04643816283321	1.48083030485283e-09	7.92683082498273e-08
"ANY70158.1"	4154.8933817336	-5.50522160903898	1.12623786801539	-4.88815175318164	1.01787058176238e-06	2.3727148049142e-05
"AEB68424.1"	828.246767268836	-5.49406223031606	0.905669109225168	-6.06630189144513	1.30888998807016e-09	7.04686232807926e-08
"ABV87727.1"	155.190617490279	-5.4371911893829	0.675507514843715	-8.04904619105657	8.34417538725632e-16	1.65732642922604e-13
"SDM70148.1"	1161.92467124337	-5.43202073587595	0.584952161193293	-9.28626492257882	1.59797646511663e-20	6.99014829959454e-18
"AEX68898.1"	194.131646994003	-5.3810486901549	0.699511884053985	-7.69257651345293	1.44201191693706e-14	2.1473705120516e-12
"ABR44241.1"	286.842968574871	5.37105763702228	0.810026308724309	6.63071998918286	3.3405340351944e-11	2.58346936047797e-09
"AIQ50255.1"	624.035499890307	-5.36906469305219	0.818720170651097	-6.55787518802961	5.45798595514873e-11	4.05309747481018e-09
"ACF81165.1"	1513.24707759981	-5.33528463214993	0.75908822336617	-7.02854354463656	2.08700495033034e-12	2.08670680676601e-10
"CAE76633.2"	419.161089849626	-5.32998714126156	0.949862566038023	-5.61132455560755	2.00783785806694e-08	7.88379083793016e-07
"AQQ07796.1"	827.759925691054	5.32435210821386	0.761417248882125	6.99268648829641	2.69671688883801e-12	2.63056745713968e-10
"ACI50811.1"	903.214000627189	5.32317537420816	0.561510929813418	9.48009217910856	2.54058543210358e-21	1.20552931791817e-18
"ACL07680.1"	990.990770505697	-5.31605085778415	0.642555298702821	-8.27329705087812	1.30304513753236e-16	3.09152980257254e-14
"AGL16994.1"	6667.12787855504	-5.30900798523314	0.503032956567277	-10.5539963454126	4.86814241468673e-26	4.00848573651676e-23
"AJI95063.1"	400.853818707742	-5.2977852435852	0.660166227483994	-8.0249261822677	1.01587011162646e-15	1.9750208086871e-13
"AEX82404.1"	194.891023525549	-5.29400231046341	0.635953046649467	-8.32451756989762	8.46728713195087e-17	2.06130583083562e-14
"ACU59074.1"	456.175518400541	5.29352135786201	0.701540504684903	7.54556767928831	4.50321575270739e-14	6.30360141063981e-12
"ADB82988.1"	233.70283665866	-5.28362212726006	0.770033987603696	-6.8615440517144	6.81201906294465e-12	6.09294842447918e-10
"ADT70315.1"	257.146685608232	5.28359995085213	0.764917284739641	6.90741346320935	4.93569844812025e-12	4.56038989285725e-10
"ADE53086.1"	585.159188713832	-5.27959506046066	0.669831361975827	-7.88197650956092	3.22242614077136e-15	5.53466516791626e-13
"AEA85782.1"	1714.77240731116	-5.27331575231007	0.518685203953529	-10.1666978585773	2.79214335257913e-24	2.00432936663603e-21
"AJA09151.1"	4082.22252477733	-5.25949703882223	0.58760626080516	-8.95071647401351	3.53182441228418e-19	1.26765328520908e-16
"ADE53255.1"	972.486541751557	-5.25924170578237	0.812237322253694	-6.47500621024123	9.48080417649008e-11	6.66895964133207e-09
"AIQ60673.1"	3883.54221739804	-5.25580325959278	0.347775413058479	-15.1126360928482	1.33682956290745e-51	9.35647011078921e-48
"AFN74376.1"	1536.54239076998	-5.24613399921623	0.723151095049276	-7.25454754218239	4.03006706553328e-13	4.76058048804513e-11
"ABP81441.1"	1720.2480945064	-5.24575322925857	0.498218926939878	-10.5290123389704	6.34971956699602e-26	4.9379652499339e-23
"ANH73973.1"	1645.83857297478	5.23773860447059	0.342180799169814	15.3069331101517	6.87291759832384e-53	9.62071005413371e-49
"AGP29857.1"	6261.23790907529	-5.22757237197095	0.59488820808945	-8.78748696122232	1.52942625843721e-18	4.97881599200093e-16
"AEF99156.1"	865.81244575005	-5.21813728889536	0.883341664902092	-5.90726951555458	3.47824459157934e-09	1.63658715270345e-07
"AJQ95007.1"	408.44657503155	-5.21223417331079	0.746429137853621	-6.98289215812063	2.89164382112908e-12	2.78194022049243e-10
"ABC33213.1"	3338.63186772679	-5.20324521832511	0.690606704129758	-7.53431032049101	4.90922535471839e-14	6.8038947044899e-12
"AKN91038.1"	608.395254291467	-5.19333270361271	0.91678526611827	-5.66472094997952	1.47263993290453e-08	5.91066628580339e-07
"AAZ28124.1"	512.988591616442	-5.18105742735748	0.723449951321987	-7.1615975892872	7.97422153575522e-13	8.75475710254914e-11
"ADC56616.1"	240.204988771347	-5.17943120494352	0.801756616561837	-6.46010409886532	1.04630980263529e-10	7.3048601582488e-09
"ADR24180.1"	2103.67053938096	5.1755460974121	1.27495340924963	4.05940017875488	4.91989342945493e-05	0.000703100237115979
"CCB70077.1"	1539.80850158687	-5.15453459967943	0.891074616935203	-5.78462734962437	7.26732505362957e-09	3.18896602196573e-07
"ARN21043.1"	3341.72906458827	-5.15423793667842	0.746080454997621	-6.90842107195377	4.90077525402584e-12	4.54311602687773e-10
"ADZ42419.1"	530.452986803116	-5.1521475203342	1.00959216607538	-5.10319680902668	3.33963369867884e-07	8.86221659035193e-06
"APU67062.1"	173.593545723709	-5.14894157471708	0.886406481126233	-5.80878150639765	6.29291497782262e-09	2.78760202087218e-07
"ABM33295.1"	213.339961893484	-5.14439253410006	0.659045457555295	-7.80582352116194	5.91142527844342e-15	9.40319670996034e-13
"ABF65586.1"	394.995749589025	-5.12689577125344	0.986259495850833	-5.19832335487988	2.01094095785143e-07	5.80394876866069e-06
"AEG95576.1"	237.499943346658	-5.11730560085758	0.758848868370174	-6.74351088095885	1.54604392324304e-11	1.29203121418245e-09
"ACY49514.1"	1967.57086215665	-5.11120654234581	0.496793646612802	-10.2883895097987	7.94948161583524e-25	6.01496452207901e-22
"AAT83531.1"	925.278780851697	-5.10385948055131	0.65337475282808	-7.81153458786043	5.64958411368145e-15	9.03804324837863e-13
"ABJ88212.1"	2078.68009619923	-5.09919713987704	0.634432977611321	-8.03740870954696	9.17582122284603e-16	1.80905838700562e-13
"ABX04778.1"	1445.0939715688	5.08889870205826	0.821646048348573	6.19354126060296	5.88272797329161e-10	3.47453274979477e-08
"BAK01222.1"	3159.33513618165	-5.08233741559674	0.66916943903525	-7.59499331428525	3.0780832710803e-14	4.44195975552392e-12
"AQS64248.1"	405.923808916596	-5.07576271620672	0.736244249340882	-6.89412884481035	5.41958871057862e-12	4.94224122284557e-10
"ABX05714.1"	1147.79589619389	5.06773316047692	0.62458200918489	8.11379944659399	4.90610873724571e-16	1.04054106218129e-13
"BAD25039.1"	4575.1243881508	-5.06575610605222	0.733951177102406	-6.90203417351479	5.12630986198309e-12	4.70544822610094e-10
"AEA23989.1"	7747.00366186574	-5.05928448152146	0.7509337971886	-6.73732424943819	1.61329895322302e-11	1.34023494048759e-09
"ADM71932.1"	281.389174968871	-5.05730727517897	0.648092274522108	-7.80337534328448	6.02729400466312e-15	9.53334027991801e-13
"ACU38506.1"	3499.29420218503	-5.04146054060329	0.771673863837467	-6.53314927051248	6.44008988987028e-11	4.68303263783918e-09
"ABR89854.1"	210.938764936369	-5.01039519979168	0.858191560845384	-5.83831795648987	5.27304551383922e-09	2.36956953780807e-07
"ALA68251.1"	233.74056071832	5.00938165250732	0.784246120674087	6.3875121858449	1.68606176831832e-10	1.13196607352133e-08
"ABO26609.1"	303.17998716188	-4.99104320063462	0.832176196876535	-5.99757986273562	2.00279876033546e-09	1.02692956216761e-07
"CBH46405.1"	922.829575407495	-4.98688082906481	0.719962242098784	-6.92658661449718	4.3111597246524e-12	4.03662968733674e-10
"ADP10255.1"	406.97617860847	-4.97714407725699	0.740100280470474	-6.72495904756726	1.75641834797022e-11	1.45481325650219e-09
"AAQ56599.1"	600.117802677647	-4.96963086562056	1.02066251910009	-4.86902455279954	1.1215047395607e-06	2.57568881778026e-05
"AIV36273.1"	1424.05923970444	-4.96919224603612	0.742926151781795	-6.68867589883365	2.25198851446278e-11	1.82215810551734e-09
"AHG44731.1"	3823.51093897916	4.96895430794538	0.499777945276424	9.94232409594842	2.72396445083346e-23	1.81571687536985e-20
"AAK25284.1"	2846.49437513622	-4.96236631551281	0.459860697302659	-10.7910207256673	3.79550311523213e-27	3.66410017979444e-24
"AJW40932.1"	1491.77489204783	-4.95100774194455	0.630543525671676	-7.85196824703033	4.09558199027602e-15	6.82499484522425e-13
"ACZ89199.1"	9681.71171975366	-4.94286066475971	0.730664441572864	-6.76488464953825	1.3341545094036e-11	1.13184817106858e-09
"ABQ71469.1"	471.966347388704	4.93652825014698	0.67339394427402	7.33081770651948	2.28752647555856e-13	2.79657603535972e-11
"ACL96896.1"	2829.01419722391	-4.93488614551374	0.456095698376919	-10.8198480342508	2.77236677448684e-27	2.77197072209049e-24
"ADG97356.1"	2391.88309203784	-4.93007754383038	0.427464798300626	-11.5332948196665	8.96458893200255e-31	1.32090858810707e-27
"ACT93328.1"	1623.62750665531	4.92846878561861	0.542259692090602	9.08876108164637	1.00173980104376e-19	3.84174074931797e-17
"ALJ06391.1"	562.432999014514	-4.92569048951799	0.964556357465643	-5.10669019118817	3.27850610744776e-07	8.72623856168701e-06
"AEH30124.1"	916.107793642926	-4.91163270080134	0.655870018506851	-7.48872880633136	6.95438671324529e-14	9.36033703961611e-12
"AIE61451.1"	192.743409952942	-4.90792840953158	0.753842355409826	-6.51055008293264	7.48760984991843e-11	5.37495193226452e-09
"AEE51150.1"	173.905214283983	-4.89424766601835	0.811886347469862	-6.02824235346565	1.65752371446117e-09	8.70619773171761e-08
"AEY65332.1"	498.279226076686	-4.8828126945379	0.81892652147509	-5.96245519774196	2.48475792731528e-09	1.23120854748883e-07
"AKD53832.1"	215.818950253906	-4.85457312311913	0.786082766531788	-6.17565138151749	6.58912367321281e-10	3.82715988288933e-08
"ABQ39578.1"	1159.2007217468	4.85333893643641	0.529817360169973	9.16039998175859	5.17053111176025e-20	2.06791698578343e-17
"APT21838.1"	179.524705413651	-4.84920608821802	0.834451417548651	-5.81125034512305	6.20079533820259e-09	2.75989612541049e-07
"ACI21050.1"	1325.7261655422	-4.8458352294074	0.819905696503274	-5.91023486002581	3.41620306737101e-09	1.61539314969088e-07
"AAN12934.1"	334.369288821588	-4.83926250898388	0.985706646815532	-4.90943479443688	9.13392634517537e-07	2.15609951061998e-05
"AJZ88643.1"	829.864555262083	-4.8252740978117	0.863908612792088	-5.58539876366874	2.33164582148159e-08	8.97892110291592e-07
"ADX99504.1"	446.762117806023	-4.8171104395571	0.750923813089726	-6.41491234608312	1.40903909466389e-10	9.62133134005131e-09
"AEK46956.1"	7017.446645356	-4.81544161374922	0.552005028403481	-8.72354664535671	2.69620950106255e-18	7.94558749386811e-16
"ADJ49963.1"	6997.09454047146	-4.81294516671607	0.554857553365816	-8.6741995986543	4.16469285421903e-18	1.18974225659914e-15
"ADH63307.1"	716.137530359899	4.80034415866528	0.556261881122013	8.62964787193885	6.15411414564073e-18	1.70007595491945e-15
"AKF41069.1"	876.988151749705	-4.79506718245739	0.884966083403045	-5.41836266088126	6.01473158800855e-08	2.06105784012102e-06
"ABM70894.1"	2263.35159810377	-4.77501924761457	0.932687545850321	-5.11963440367507	3.0612853245402e-07	8.21704160554433e-06
"CAP74178.1"	123.272625171631	-4.77355040667938	0.676126722408018	-7.06014161025679	1.66333007524824e-12	1.71832430947047e-10
"ADH00148.1"	219.360675833706	-4.77061266740683	0.95933729578551	-4.97282101755528	6.59855774705741e-07	1.61621367179894e-05
"ADU56336.1"	451.654448335762	-4.76551140682116	0.761732850866833	-6.25614531577328	3.94609083463731e-10	2.41739078788854e-08
"ABL86686.1"	591.25111890069	-4.76471372622334	0.971367453745496	-4.90516097471773	9.33507487227697e-07	2.19617442121232e-05
"AAU92152.1"	1599.99229345076	-4.75623615014525	0.643607569379712	-7.38996304025629	1.46869632689209e-13	1.843839568057e-11
"AIX72400.1"	2523.04447629966	-4.75206248714431	0.693488951958736	-6.85239825915362	7.26220350582132e-12	6.41364824444712e-10
"AOK89953.1"	282.012267502214	-4.74490067331729	0.690001387096758	-6.87665381845373	6.12747685295435e-12	5.51591131753408e-10
"ADY36269.1"	332.531336178183	-4.74413009652372	0.755205019411704	-6.28191017615235	3.34438070400899e-10	2.09572793008908e-08
"ACI09621.1"	246.731016177582	-4.7395050191397	0.711516146905722	-6.66113487339831	2.71721135741834e-11	2.16726635789983e-09
"ADJ41761.1"	663.695399990561	-4.73236842368845	0.997095519629986	-4.74615353345945	2.0732136761458e-06	4.43743807931023e-05
"AMF93180.1"	452.305032271931	4.72731395074904	0.651449484668365	7.25660862738357	3.96915995253546e-13	4.70850008606706e-11
"ADV26648.1"	1792.78780508716	-4.71380390716405	0.516889615915823	-9.1195562108791	7.54325807269327e-20	2.97438102821297e-17
"AEV26342.1"	3186.83454065932	4.71325727614341	0.574268907864119	8.20740460017843	2.26020916838904e-16	5.10296902243706e-14
"AGP34472.1"	2772.42446355451	-4.70995646417818	0.669361683540382	-7.03648950932823	1.97143487030436e-12	1.99582107086066e-10
"SDG26162.1"	405.497436601477	-4.70217973493741	0.68324143948693	-6.88216414166629	5.89500301458592e-12	5.32375820633379e-10
"ACO34216.1"	1054.26269232176	-4.70033527574937	0.659066835545307	-7.13180366883482	9.90621111851362e-13	1.0625834730801e-10
"ADQ79764.1"	263.156555969718	-4.69746126593887	0.874002917071368	-5.37465170216966	7.6730858133333e-08	2.53176321380716e-06
"AGY56176.1"	253.32761218421	-4.69218257384667	0.787472500516114	-5.95853514982604	2.54508911087545e-09	1.25444216105756e-07
"ADP40884.1"	613.133166971987	-4.68739206186583	0.97144229448239	-4.82518837041514	1.39871006496223e-06	3.11274141324981e-05
"ABQ36175.1"	26103.6493312665	4.68415100510992	0.583014481699067	8.03436475790274	9.40649706291669e-16	1.84156847393997e-13
"AIV39518.1"	14908.4933407793	-4.68311045324981	0.660344389527827	-7.09192131790265	1.32262709799599e-12	1.386826525674e-10
"ABY29770.1"	1721.52788997842	-4.68222921540786	0.786927781645411	-5.95001132838092	2.681239305235e-09	1.30773476636514e-07
"AFY21670.1"	146.282035757063	-4.67896846826466	0.667859963487055	-7.00591250272685	2.45381235882221e-12	2.42745338507373e-10
"ADY36172.1"	139.402220149289	-4.66700842882149	0.772213937417158	-6.04367287701559	1.50644795797109e-09	8.01921038403022e-08
"AFC28766.1"	341.795060666427	-4.66586164417165	0.622457906474906	-7.49586694238536	6.58615773599889e-14	8.90753970903502e-12
"AAN59631.1"	177.030035532343	-4.64885734417835	0.775586149662994	-5.99399221633646	2.04751176985818e-09	1.04602444359397e-07
"ACU58337.1"	229.261929369477	-4.63298243190761	0.869752300325011	-5.32678376380993	9.99670541397382e-08	3.21317755188991e-06
"ADG75397.1"	2942.20906348218	-4.62645371045488	0.638809713881229	-7.24230331806611	4.41127900937618e-13	5.13320942956128e-11
"ADV82089.1"	177.987569182467	-4.62470069487821	0.849878917489075	-5.44159950283466	5.28042847892321e-08	1.83640839373831e-06
"AAI59176.1"	222.586280838597	4.61779530631592	0.639475482493622	7.22122338187058	5.15219376154303e-13	5.86344782716093e-11
"BAO51935.1"	121.543786539748	-4.61469870841029	0.722979851110981	-6.3828870214281	1.7378011878132e-10	1.16391105392388e-08
"ACT03723.1"	1924.62114108975	4.5973688560621	0.498609136519522	9.22038630931125	2.96031747217523e-20	1.21878011692673e-17
"AJT51486.1"	225.464209301414	-4.59677747091884	0.877897110209858	-5.23612325118601	1.63984468487703e-07	4.86894464094382e-06
"SDK00435.1"	326.241666172756	-4.59118609662408	0.839934053955112	-5.466126864371	4.59975190429647e-08	1.63212489623173e-06
"ADY61807.1"	2102.4061693185	-4.58646199155779	0.504089908319257	-9.09849992206753	9.15880283645492e-20	3.56124783624155e-17
"ABO58277.1"	3306.18295636687	-4.57231732498266	0.589578351270912	-7.75523272712853	8.81816108934892e-15	1.36394054064869e-12
"AKL64637.1"	874.144883604519	-4.56881297987559	0.572933200282354	-7.97442525171169	1.5309156505806e-15	2.85730097024364e-13
"AFN75823.1"	345.753105205764	-4.55741219442275	0.865603964620011	-5.26500845733001	1.40182904007394e-07	4.26119498435504e-06
"AEO59955.1"	487.906734784493	-4.548706669786	0.758703334543587	-5.9953692868931	2.03023544522938e-09	1.0390945434121e-07
"ACF78549.1"	1545.84169264513	-4.53607004614747	0.987444831249756	-4.59374529350304	4.35360722486334e-06	8.61368112136213e-05
"ACC41651.1"	340.984439470137	-4.52619214454681	0.655342229146917	-6.90660839976498	4.9637767423071e-12	4.57124650255361e-10
"ACM01161.1"	1360.33402550885	-4.52141348953279	0.640885843142102	-7.05494361892197	1.72670720724513e-12	1.77723878581009e-10
"AFJ33306.1"	85.0407814393661	-4.5143361156523	0.570469963735344	-7.91336337165444	2.5052675461128e-15	4.46735479114485e-13
"ABQ72605.1"	126.671240736207	-4.51273679469369	0.826263715321635	-5.46161801736271	4.7181442740823e-08	1.66990097468025e-06
"AAF53127.1"	292.987384733231	4.51243466911922	0.708240769439047	6.37132859873802	1.87397645356546e-10	1.24028001877113e-08
"AAO43396.1"	312.948469219074	4.51081989830819	0.752940526666687	5.99093784774458	2.08634368116987e-09	1.0639212695452e-07
"AAT44235.1"	4757.51356253039	-4.50901981638543	0.416341111246132	-10.830109481357	2.47858796051445e-27	2.57002031639121e-24
"ACU08170.1"	370.945585430882	4.49808040509484	0.609914400213833	7.37493721007052	1.64422526238088e-13	2.0549879663221e-11
"ABS04695.1"	6340.30628416825	-4.49619350602825	0.513786093050035	-8.75110005281982	2.11282942606597e-18	6.5598393474379e-16
"ABG87119.1"	238.534674454432	-4.48946808646328	0.755699932774991	-5.94080784151666	2.83620915170509e-09	1.36516566726021e-07
"ABR63736.1"	280.291325479896	-4.48712275775189	0.674405596822172	-6.65344827933724	2.8630445609057e-11	2.27064576564068e-09
"ADZ81084.1"	252.086027049972	4.48688883688041	0.870457086008478	5.15463531632013	2.54124999178533e-07	7.07193181093143e-06
"AHL31501.1"	490.242525804559	-4.48665253026518	0.715076489952112	-6.27436727861889	3.51058938276195e-10	2.17439071592486e-08
"AAM18407.1"	354.110278261557	4.46760703794357	0.597180097301196	7.48117202521281	7.36626785938156e-14	9.86727440149503e-12
"ABD82184.1"	1005.84184860814	4.46153796006813	0.54101585084236	8.24659379780005	1.62973223606193e-16	3.77074245295783e-14
"ABD51489.1"	2040.9575624687	-4.45929653520869	0.467721015699404	-9.53409486751521	1.51198735998057e-21	7.62232061069389e-19
"AFL04535.1"	2169.56712221787	-4.45741972274339	0.724601426456656	-6.15154698844637	7.67307853612953e-10	4.37506123620127e-08
"AGP34847.1"	9707.54671636878	-4.45731764858837	0.612810533624689	-7.27356565205228	3.50120512632407e-13	4.18887772293029e-11
"ABO88941.1"	1037.6532835758	-4.45710344610346	0.437684643942601	-10.1833671977945	2.35276308627762e-24	1.73336724640601e-21
"AEH87908.1"	2142.11315038423	4.4522331380748	0.71007761311848	6.27006549118163	3.608962795311e-10	2.22058291027531e-08
"ANS25162.1"	396.901354731805	-4.44536741506293	0.610465362379393	-7.28193225859098	3.29072318494122e-13	3.95395220109933e-11
"AKE58387.1"	10281.7295577023	4.44083207902429	0.876364607656684	5.06733389302274	4.03426279162721e-07	1.04480315554482e-05
"APP80146.1"	227.324616611817	-4.43849826576951	0.747467409663084	-5.93804921577802	2.88433466047466e-09	1.38507432512262e-07
"SHM61719.1"	335.456776269431	-4.43653161480486	0.786784234190885	-5.63881610994317	1.71223264719117e-08	6.80904335096081e-07
"AEW87157.1"	154.076515281749	-4.43409318458521	0.869918884925213	-5.09713406781187	3.44834121053737e-07	9.09894067202679e-06
"ACI07112.1"	431.77950847317	-4.42919616017665	0.901635595794445	-4.91240161860958	8.99675291491467e-07	2.12730654227999e-05
"AEW96231.1"	2237.75676896358	-4.42527653184601	0.838676686209068	-5.27649880414449	1.3167537205294e-07	4.04652438638211e-06
"ACU62427.1"	222.671433089693	-4.42319494185297	0.736042610974959	-6.00942781830799	1.86179231820904e-09	9.63451714243626e-08
"CAP60171.1"	501.593826462694	4.42268375743741	0.569016389848582	7.77250679653411	7.69478748346887e-15	1.19679594659552e-12
"AAO13692.1"	1085.95005519618	-4.42191648556381	0.90012976130019	-4.91253225443473	8.99075868799626e-07	2.12730654227999e-05
"AKM02852.1"	3423.86468771443	-4.41658965626408	0.793751439333345	-5.56419735121801	2.63361766256108e-08	9.96361622717028e-07
"ASE99009.1"	1695.7885600761	-4.41437377773935	0.799821992272191	-5.51919529644175	3.4055554797784e-08	1.26280703591889e-06
"ALK20922.1"	1718.71128018198	-4.4140727089134	0.815983489683509	-5.4095122814623	6.31966171143438e-08	2.15499694608181e-06
"ABX05645.1"	141.844580495521	-4.41331403916149	0.696546228531295	-6.3359958871175	2.35813078243537e-10	1.52819975428381e-08
"ALP95339.1"	345.458726484757	-4.4073814074438	0.799537623725203	-5.51241277040716	3.53947624576369e-08	1.30383127600527e-06
"ANU39676.1"	394.619514002796	-4.4028921381595	0.784542546774192	-5.61205017658111	1.99943438536445e-08	7.86182093436282e-07
"AEA21091.1"	760.35560027804	-4.40239430810944	0.55469616166023	-7.93658693244401	2.07820723149444e-15	3.77801880863107e-13
"ACY30855.1"	354.887561185544	4.39625588950837	0.883712731655371	4.9747567643088	6.53296184600779e-07	1.60471952583116e-05
"ANE75430.1"	291.669665287378	-4.39597330542705	0.69023978205068	-6.3687625948866	1.90559297296197e-10	1.25527013814219e-08
"ACL49975.1"	2427.20272700598	4.39431605241042	0.644476415690243	6.81842802223266	9.20420707797247e-12	8.00251494891048e-10
"AJY40011.1"	1358.87107449427	-4.39105287308506	0.492937187521709	-8.907935907943	5.19914379316169e-19	1.77506377601652e-16
"ABQ13121.1"	185.369573211692	-4.38551915435746	0.842048968739403	-5.2081521588024	1.9073049411026e-07	5.55061425479298e-06
"CCA67046.1"	2487.79134719769	-4.38536923018717	0.830039094420171	-5.28332853195379	1.26857597589244e-07	3.93300697907916e-06
"AGH41937.1"	471.635820554255	-4.38161680726666	0.782393390673614	-5.60027328898348	2.14014135210122e-08	8.28705356755544e-07
"ACR12992.1"	580.937717719686	-4.38125469107242	0.687572812797705	-6.37205923434534	1.8650681988204e-10	1.23730922498047e-08
"AAN39015.1"	443.87301437908	-4.37359345768686	1.01664024411901	-4.30200701082503	1.69257954755296e-05	0.000278737982431134
"CDR47410.1"	981.589360776167	-4.37070513660603	0.87012286269381	-5.02308963940423	5.08467980526135e-07	1.28568808851146e-05
"ACJ31677.1"	417.688112224382	-4.36075569826982	0.549336369775842	-7.93822498963473	2.05095061826931e-15	3.75283748425279e-13
"AIO28055.1"	3419.56080006092	-4.36028053778172	0.807823108580451	-5.39756846699252	6.75500993820839e-08	2.26930582739932e-06
"ADF61080.1"	667.548368285132	4.35874733112333	0.511183722864522	8.52677254020962	1.50487363368455e-17	4.06858502492913e-15
"ACL24608.1"	451.472431215853	-4.35595261824287	0.634989508326705	-6.85988124389878	6.89178157987789e-12	6.14465978058157e-10
"ANW12270.1"	155.231291031886	4.35241298999672	0.730424523467032	5.95874433314145	2.54183396705675e-09	1.25444216105756e-07
"ACU75494.1"	4326.67908537855	-4.3497503795951	0.537018853677438	-8.09980943836247	5.50453428062977e-16	1.1415180868186e-13
"ABJ81932.1"	2931.70286922285	-4.3489707018724	0.658817948900958	-6.60117215860219	4.07919507052929e-11	3.1287984984805e-09
"ADG10297.1"	4602.55492897781	-4.34751356091798	0.666969263313536	-6.5183117124758	7.1103115858415e-11	5.14367656736999e-09
"AMJ58303.1"	2972.80928172849	-4.34662253329954	0.759135231801104	-5.72575524256313	1.0297459427305e-08	4.322154034885e-07
"ABJ83977.1"	588.001919657952	-4.34111737951354	0.698853505389734	-6.21177020081284	5.23910072882368e-10	3.13405692316555e-08
"ADK98562.1"	291.845815471406	-4.33366303252352	0.821722827660423	-5.2738744582065	1.33573297852808e-07	4.09137641869499e-06
"ACS87771.1"	528.758833692547	-4.33025894714282	0.725272552581964	-5.97052643413449	2.36489261112032e-09	1.18290254357982e-07
"ABL05685.1"	334.001880849886	-4.31415364899707	0.679625067524946	-6.34784362017182	2.1835386789932e-10	1.42163601993241e-08
"AJO25045.1"	513.106419202562	-4.31025467956255	0.723905832842557	-5.95416487064	2.61403183631668e-09	1.2816538579601e-07
"ACT26217.1"	120.855714864372	-4.30945983616555	0.806571029777651	-5.34293903086694	9.1451529920907e-08	2.98053205083319e-06
"ADY44705.1"	110.706962966635	-4.30523195019506	0.689691004346419	-6.24226200293113	4.31287720276011e-10	2.61916074118161e-08
"ADG41535.1"	136.733223291098	-4.30456213027644	0.687884015932209	-6.25768593335167	3.90731682588699e-10	2.39888688284062e-08
"ACR76485.1"	1064.36106419906	4.28491280265889	0.808133019915186	5.302237004384	1.14392195524926e-07	3.61051173158494e-06
"AGS35867.1"	530.734210083653	-4.28212785684524	0.444464336570896	-9.63435647026811	5.72495832831238e-22	3.20551866718867e-19
"CCT63073.1"	152.213379260533	-4.28005741617827	0.716874682338277	-5.97044019216542	2.36614310760359e-09	1.18290254357982e-07
"ACE85112.1"	1866.5515965697	-4.27979451443535	0.693503213093135	-6.17126847235038	6.77442777042049e-10	3.91853057563413e-08
"ADB37287.1"	191.158296416416	-4.26854377804985	0.727351658997303	-5.86861076791148	4.39461759670033e-09	2.01691334815119e-07
"AAM43336.1"	8845.25147507734	-4.26446516580374	0.485773020049397	-8.77871966905469	1.65346081998418e-18	5.32072288692842e-16
"ADX05715.1"	142.855646402602	-4.26292081238625	0.777322460081036	-5.48410863098159	4.15559368283468e-08	1.49345315461668e-06
"AEI52017.1"	161.241121691672	-4.25910751839837	0.939374399884039	-4.53398295602279	5.78817017664014e-06	0.00011046054005809
"AGF66193.1"	1090.66740896124	-4.2520811581032	0.444690755021851	-9.5618834214223	1.15632896526871e-21	6.05710018741224e-19
"AAY51245.1"	8869.82430428393	-4.25205040205798	0.487059247039825	-8.73004758230225	2.54565501651688e-18	7.66324277875341e-16
"ARF53290.1"	474.908969249602	4.25134986058015	0.604860041010572	7.02865055108814	2.08540531544816e-12	2.08670680676601e-10
"AEI40117.1"	351.56252018826	-4.24837121900141	0.586623835964647	-7.24207057153648	4.41885795300853e-13	5.13320942956128e-11
"AGP37314.1"	2941.76269630741	-4.23674773154673	0.620099824887057	-6.83236401867779	8.35265694945568e-12	7.30753074865503e-10
"AAO76093.1"	208.884058912526	4.23481661666049	0.900759040662048	4.70138674772328	2.58400568065216e-06	5.4026753573964e-05
"AJE39240.1"	1332.7488059083	-4.228948916656	0.766941671139582	-5.51404243085696	3.50683994999748e-08	1.29521756253469e-06
"ACU06152.1"	854.671770899567	-4.22630022619345	0.791922282888913	-5.33676134326719	9.46214518926257e-08	3.06599787868744e-06
"APC42639.1"	583.396597040388	-4.2235890402692	0.963778716578568	-4.38232238128583	1.17420885730331e-05	0.00020481714124027
"ACU04919.1"	109.14016562077	4.22118583577558	0.735814785062054	5.73675049954261	9.65102668247117e-09	4.09379004549186e-07
"AIT61788.1"	1202.02125019265	-4.21275445852245	0.720568874950771	-5.84642857188394	5.02239079617642e-09	2.27151619918829e-07
"AKN73151.1"	948.289879105105	-4.19948521120126	0.696142852625266	-6.0325049598144	1.61437386921013e-09	8.51148980082992e-08
"BAI44125.1"	582.713058346007	-4.19368878646267	0.629430367329622	-6.66267311546237	2.68891291459238e-11	2.15082302734081e-09
"AEY92037.1"	1092.63994582557	-4.1920597549557	0.430302716570332	-9.74211780108648	1.99355648765835e-22	1.18748100911666e-19
"ACH38810.1"	406.855338176136	-4.19122457742862	0.479863592747485	-8.73419997010304	2.45386669219711e-18	7.46722303421198e-16
"AAN75154.2"	102.284945597192	-4.18906231958623	0.784987378193205	-5.33647092419261	9.47730614306709e-08	3.0673602633677e-06
"ADB23429.1"	1209.93336571881	-4.18604466573857	0.761756109759125	-5.49525578083285	3.90144518713919e-08	1.41666484382813e-06
"AAZ34265.1"	485.407672994163	-4.1834905860743	0.869252453202605	-4.81274521649146	1.4887103351435e-06	3.28764175792827e-05
"AFC31829.1"	415.848758303149	-4.18314800926337	0.785798534153207	-5.323435750324	1.0182542867623e-07	3.26241577955932e-06
"AGJ78346.1"	480.052133587697	-4.18197200768385	0.612499470756235	-6.82771529993404	8.62775886647193e-12	7.52469586373047e-10
"AAH79128.1"	226.287483107926	-4.18061545429248	0.708689313163256	-5.89908070665293	3.65532418480353e-09	1.70557426462933e-07
"ADT85500.1"	196.246637290295	-4.17975782048204	0.894391651020694	-4.67329700105321	2.96402657572429e-06	6.11502490891505e-05
"ADQ41898.1"	228.974012966277	-4.1716174361919	0.807022771260398	-5.16914464467555	2.35167836538756e-07	6.64355070811201e-06
"AEL09293.1"	8786.40110319168	-4.17035897221409	0.452049524515774	-9.22544709383621	2.82380370254824e-20	1.17992848442598e-17
"ADY35423.1"	266.455548272507	-4.16945454233196	0.72381234312794	-5.76040818026638	8.39107671508048e-09	3.6030150876594e-07
"ADW69225.1"	560.455806467738	4.16572536229342	0.826250245282017	5.04172360139097	4.61357347252826e-07	1.18063622428612e-05
"ALE17581.1"	157.49078497809	-4.16469009919351	0.805932486388611	-5.16754215710489	2.37192477446328e-07	6.68725135809406e-06
"ABG63418.1"	457.392660745355	-4.1626488723211	0.687648240579579	-6.05345673365301	1.41770162986608e-09	7.61803739534179e-08
"ADI68204.1"	322.460003648742	4.16236537477792	0.800131785619298	5.20209976604825	1.97049390553613e-07	5.69896150613529e-06
"ACB79485.1"	1833.7332367967	-4.15955638572568	0.721861647378533	-5.76226261754072	8.29937256808382e-09	3.58011147020146e-07
"AEJ39452.1"	444.026077321417	-4.15805708541801	0.751279017308264	-5.53463758420379	3.11872540012672e-08	1.16106165295143e-06
"ACU36415.1"	554.434615026386	-4.15517783203967	0.807278469260734	-5.147143136178	2.64483513672017e-07	7.31668028533774e-06
"ABZ84856.1"	1243.91385369822	-4.1485288346688	0.909853154995503	-4.55955866272652	5.12612362988022e-06	9.92468583278884e-05
"ABV41073.1"	446.134847814902	-4.14751718771415	0.543707597289744	-7.62821267973551	2.38030645771433e-14	3.47078435365471e-12
"AGH44347.1"	121.797940717539	-4.14252909867202	0.779490003259477	-5.31440952590773	1.07003729607717e-07	3.4003137503946e-06
"AFH63139.1"	914.585766606188	4.13400806284901	0.546625985201904	7.56277267229083	3.94566838994554e-14	5.60725544390433e-12
"ADO09205.1"	1128.96410791474	-4.13373902301784	0.385826847546464	-10.7139745440343	8.75217640970057e-27	7.91257369476037e-24
"ACK54356.1"	1023.960582481	-4.1302870411219	0.697780980920867	-5.91917400166328	3.23562504356823e-09	1.5405537197234e-07
"AEE71913.1"	91.1373457941529	-4.12968465770139	0.734576969951845	-5.62185424622298	1.8891862901441e-08	7.45975449631512e-07
"APP84624.1"	223.244617063937	-4.12492082899974	0.758900781375265	-5.43538882846403	5.4677067158751e-08	1.89447917348564e-06
"ADG69043.1"	899.360599560822	-4.12358113443087	0.795642128062626	-5.18270839236695	2.18686809312615e-07	6.22859217069895e-06
"AFC30817.1"	938.726993628951	4.11729925610706	0.548629319090736	7.50470146752422	6.15687515032146e-14	8.36737265574755e-12
"ACV67625.1"	292.228128480507	-4.11566946075085	0.702953007865979	-5.85482872211498	4.77501861990089e-09	2.16663567719198e-07
"AAQ12660.1"	473.741049265554	4.11235352876062	0.948273003286544	4.33667679508743	1.44653084264245e-05	0.000244843273703857
"AAX76986.1"	184.868219735027	-4.11227390221316	0.528446106768006	-7.78182268644945	7.14870176398486e-15	1.11807293063978e-12
"AGP61875.1"	84.4651388214263	-4.10848227750153	0.567111885923855	-7.24457092061929	4.33810367796012e-13	5.08157115347998e-11
"ABO96670.1"	1822.795088387	4.10441098769397	0.419814460282153	9.77672609212994	1.41720694363573e-22	8.62524469435343e-20
"AET13878.1"	248.530788330156	-4.10393669781893	0.511584285064529	-8.02201478354887	1.04024617777028e-15	2.00846427536944e-13
"ABV40475.1"	428.33929798383	-4.10334633245598	0.745312736849184	-5.50553630654819	3.68046096745468e-08	1.35043493112531e-06
"AFZ31002.1"	594.546924761199	4.09206624113227	0.831585944948025	4.92079774314612	8.61921674197397e-07	2.05015796013852e-05
"ADO76263.1"	115.056489200355	-4.08871195579431	0.805056215506367	-5.07879061988557	3.7984504554937e-07	9.93845036934595e-06
"ACT07852.1"	198.674502592399	-4.08092099910252	0.825486581794694	-4.94365515939723	7.6671274879001e-07	1.85682440442259e-05
"AIT83634.1"	88.7574358298975	-4.07962601628426	0.531989565351363	-7.66862036775062	1.73856164902563e-14	2.56172483821692e-12
"SBV28691.1"	848.233564043113	4.0777319126036	0.337065405616379	12.0977467419025	1.08549886694473e-33	2.02597508526564e-30
"ACU39097.1"	712.051051889516	-4.07590023919211	0.717014076597871	-5.68454702944143	1.3115982703059e-08	5.36051170445021e-07
"ADU20883.1"	127.481990409949	-4.07523472030192	0.845824753841101	-4.81806036273502	1.44960519825152e-06	3.21578027973452e-05
"SDU62105.1"	229.374985059358	-4.072116303434	0.632232576734497	-6.440851758172	1.18804868894143e-10	8.25325337359906e-09
"AAM22493.1"	119.846713444845	-4.06629193725274	0.546530552649195	-7.44019143585336	1.00539495166183e-13	1.29709848233754e-11
"ABP69216.1"	1074.17307899423	-4.06340240626236	0.660388005964927	-6.15305300756503	7.60053874522275e-10	4.34254454512768e-08
"ADB36688.1"	314.311460886934	4.0536886869897	0.657241963221275	6.1677265205675	6.92788274483961e-10	3.99903103761917e-08
"ARU29263.1"	121.020763570691	-4.05249951584279	0.840119874387948	-4.8237158045989	1.40908153300041e-06	3.13233869071685e-05
"AKJ14906.1"	3419.32757506498	-4.05239373259446	0.502697550414006	-8.06129596067663	7.54898136553292e-16	1.52044087992417e-13
"AMS14954.1"	577.831888953558	4.05024038337336	0.608925033822163	6.65145979949353	2.90200122583098e-11	2.28857538924969e-09
"AEK63560.1"	268.322509084062	-4.04693619965753	0.723605125924884	-5.59274119912416	2.23512330829699e-08	8.63096719159759e-07
"AAS02546.1"	3126.04598596675	-4.04552301243084	0.373274949878908	-10.8379172343154	2.27593474312642e-27	2.51604465854865e-24
"AAP95805.1"	97.4577415028084	-4.04408922745814	0.717597060545264	-5.63559893122367	1.74450959066488e-08	6.91774652978101e-07
"EGX49222.1"	396.247116196443	-4.04128651620567	0.914796801067681	-4.41768763455337	9.97624551840916e-06	0.000178121791794249
"AEW01148.1"	132.132860086118	-4.04047676745057	0.770072558695902	-5.24687800107176	1.54698264228822e-07	4.6419427710076e-06
"ADQ45029.1"	74.3619146783655	-4.03985261352754	0.608269541042519	-6.64155007104844	3.10401266968514e-11	2.42737258939959e-09
"ACI28732.1"	383.025216894319	-4.03622029376129	0.606029613462909	-6.66010406768402	2.73633760226873e-11	2.17632123616805e-09
"AJC73971.1"	180.46372523234	-4.03468758482715	0.804443453570355	-5.01550179433996	5.2895230902451e-07	1.33050753310424e-05
"ABQ13629.1"	218.411782872566	-4.03440511884058	0.688847059918928	-5.85675014612881	4.72012422526859e-09	2.14520450991265e-07
"AEI01471.1"	505.448193280408	4.02887960699275	0.747187974621593	5.39205627477228	6.96559446365972e-08	2.33543452221099e-06
"ASL12808.1"	84.8987947586303	-4.02572376162375	0.560560461245396	-7.18160491141278	6.88977838374033e-13	7.68471058291611e-11
"ACO61507.1"	3062.62109124759	-4.01952040288154	0.720392108047714	-5.57962859112182	2.41032698195701e-08	9.24376906669431e-07
"AEY92849.1"	1090.79670072235	-4.0173615259087	0.628180107553762	-6.39523836810589	1.60297091894403e-10	1.08398004460766e-08
"ADB37458.1"	460.267698984568	4.0168182303635	0.818423736028025	4.90799332123226	9.20129872212937e-07	2.16834645643715e-05
"AFC34006.1"	564.700824107185	-4.01397534600531	0.542224765066821	-7.40278866737237	1.33353888521312e-13	1.68931016427269e-11
"AFC46690.1"	86.7325697235058	-4.01049830711552	0.558642541902717	-7.17900626303163	7.02199298572983e-13	7.77026543986135e-11
"ABL98500.1"	400.735902167431	-4.00498511281191	0.690344183764164	-5.80143239706079	6.57508049409698e-09	2.90799294648877e-07
"ARR81159.1"	82.3381306777664	-3.99917815000547	0.544714145347686	-7.34179235872943	2.10752187202456e-13	2.59921508058149e-11
"ADU62934.1"	712.274883436182	-3.99422289270714	0.792359772835669	-5.04092084131525	4.63297090459335e-07	1.18451738305932e-05
"AIE86071.1"	332.006217873239	3.99209953119358	0.660544689130275	6.04364791192235	1.50668119088438e-09	8.01921038403022e-08
"AEB43778.1"	764.344967572873	3.99030069111543	0.517303895687445	7.71364902599993	1.22270430512561e-14	1.86037118077698e-12
"ACX87430.1"	195.12423465937	-3.98614414756205	0.964919287584406	-4.13106484537275	3.61086697407937e-05	0.000538571293587245
"AHF90825.1"	2367.65103721767	-3.98553196026526	0.893897009304994	-4.45860308153846	8.24955217728298e-06	0.000150950629251774
"AHZ47303.1"	962.220285267633	3.97891319914831	0.686678922423633	5.79443036507475	6.85534599006492e-09	3.01764569713613e-07
"ABF88528.1"	643.235248208531	-3.97853244540525	0.653580363044511	-6.08728883296376	1.14838689667119e-09	6.23868183783191e-08
"AJQ53550.1"	582.077334827826	-3.97736356323035	0.564927897101609	-7.04048000397292	1.91578702662166e-12	1.95034085808364e-10
"ACU05595.1"	131.050825779176	-3.97571199662445	0.774548580169982	-5.13294078436235	2.85249673498956e-07	7.7759005445733e-06
"ALE59441.1"	1141.2249037299	3.97355200761374	0.602339621447778	6.59686307545724	4.19948272402754e-11	3.20350731176771e-09
"AAQ58428.1"	2516.62635893441	3.97274113343046	0.490073856314828	8.10641310945249	5.21359715433757e-16	1.08925273084205e-13
"AGF67005.1"	1095.50375253213	-3.96408332636418	0.631125379041931	-6.28097594868042	3.36454194862442e-10	2.10253831235913e-08
"ADE10406.1"	915.886242757505	-3.95884006912279	0.532275094029768	-7.4375827716286	1.02544332241531e-13	1.31689501166693e-11
"ADJ64426.1"	1408.09804815625	-3.95674449342577	0.694318018765191	-5.69874954485934	1.2068937578347e-08	4.96885259475591e-07
"ABN45393.1"	294.181449840793	3.95395963874282	0.488300605140367	8.09738836511623	5.61515913157875e-16	1.1558970224094e-13
"SCF01804.1"	1114.45094271987	-3.93663777498993	0.766846233149629	-5.13354256018338	2.84338694776725e-07	7.75862192881988e-06
"ADU65528.1"	178.82848749855	-3.93248951477494	0.767131861027382	-5.12622368403308	2.95611374430853e-07	7.98736971406694e-06
"ASF96171.1"	143.74856732678	-3.92643655074155	0.720745467784576	-5.44774365742544	5.10128065518773e-08	1.78519316528295e-06
"AAU91727.1"	456.196152670829	-3.91644181437293	0.744394509720556	-5.26124489532191	1.43083306765507e-07	4.33993527216373e-06
"ASL07159.1"	82.0496452718672	-3.91517252194489	0.534439377406258	-7.32575608658555	2.37555520876351e-13	2.89156711411058e-11
"ACB08979.1"	79.6276570556773	-3.91175793894239	0.633406922468233	-6.17574232327494	6.58533161938893e-10	3.82715988288933e-08
"BAS00923.1"	478.531228983083	3.90860401141839	0.515599937352234	7.58069140095378	3.43718279592879e-14	4.90955967116441e-12
"BAD41153.1"	385.264707216942	-3.90658632154851	0.342055634598533	-11.4209091340759	3.28776513184181e-30	4.38306060147825e-27
"ADE53531.1"	124.626556953337	-3.90318008654393	0.866643360649791	-4.50379044456927	6.67520312258565e-06	0.000124835662404748
"ABP84474.1"	2374.44745356991	-3.90174337168603	0.617221725442254	-6.32146149568916	2.59100943948344e-10	1.65990618461736e-08
"AEL27127.1"	79.928516720175	-3.89668080732508	0.774653028366277	-5.03022729484848	4.89898722874421e-07	1.24570432748341e-05
"AQA11669.1"	304.876750968457	-3.89619157387117	0.74539418775781	-5.2270216723733	1.72262315426601e-07	5.08718964418051e-06
"AEG59116.1"	136.230754950935	3.89289551828226	0.864264763846416	4.50428581741191	6.65965258705479e-06	0.0001247949356273
"ADP31492.1"	92.5379512178152	-3.89227195341252	0.814090666690668	-4.78112833455622	1.7431403377323e-06	3.77716384637411e-05
"AQA13293.1"	717.985602699319	-3.88849189111162	0.490520465553079	-7.92727758408044	2.24002212173879e-15	4.01997816155122e-13
"ACZ37689.1"	945.878202391531	-3.88207716213153	0.544859251693014	-7.12491739851887	1.04143124757505e-12	1.10858970369244e-10
"ADJ43732.1"	1102.40133671566	3.88134444759663	0.407265638984541	9.53025268047214	1.56900862062424e-21	7.70630970929757e-19
"AGP33178.1"	913.901132930854	-3.88131445330998	0.790091461619574	-4.91248753068897	8.99281040475211e-07	2.12730654227999e-05
"ABF48404.2"	132.647352198861	-3.87454046605931	0.794834831693975	-4.87464855786676	1.09002332015428e-06	2.51162904288389e-05
"ABA29460.1"	134.498613027708	-3.87052119475163	0.848558771679367	-4.56128829720486	5.08407189610783e-06	9.85690282572263e-05
"ALI97699.1"	957.85087691636	-3.8635224943789	0.740012913074955	-5.22088523877903	1.78069868508034e-07	5.22562268212886e-06
"SDU35040.1"	449.413562890147	3.86309505040398	0.687923852260649	5.61558526820826	1.95898021290041e-08	7.72445211836056e-07
"AJO18143.1"	330.933007109283	-3.86294363061926	0.865726607767076	-4.46208259739498	8.11669259788016e-06	0.000148908863676444
"AEH00519.1"	260.957784278376	-3.85668201502075	0.68844269412372	-5.60203782818802	2.11846306601619e-08	8.2147875107763e-07
"ACI91346.1"	519.493098563784	3.85270908069881	0.736031159055697	5.23443747360058	1.6548807870555e-07	4.90265000152444e-06
"AGT82572.1"	555.903190376306	3.84950361007467	0.405728746557598	9.48787494782105	2.35791929361285e-21	1.13814325075837e-18
"AQS90270.1"	243.449965987306	-3.84801766348811	0.877132571563396	-4.38704226503574	1.14902468630924e-05	0.000201176329693017
"ACO81253.1"	409.870727291727	3.8478359858996	0.753884969107216	5.10400942262635	3.32531705082173e-07	8.83259735814091e-06
"ALL05500.1"	84.3223455071968	-3.8455203110793	0.724594632447062	-5.30713331134184	1.11362732930918e-07	3.52283736851298e-06
"ASL18965.1"	89.7280458534403	-3.84503919159243	0.56062445223034	-6.85849355356452	6.95904713587529e-12	6.1653634055685e-10
"AAW46258.1"	1672.43526203327	-3.84431969740167	0.591856611560189	-6.49535651425382	8.28370060299756e-11	5.93121437548644e-09
"AEI97710.1"	298.742025201695	-3.84311611622197	0.587476745889074	-6.54173317176305	6.08099292472786e-11	4.46833275382365e-09
"ACT93520.1"	602.596143003447	-3.840204746156	0.513970180549259	-7.47164892339111	7.91960706582121e-14	1.04092638222878e-11
"AAW66447.1"	168.696248135378	3.8400036141244	0.63949218941957	6.00477015616054	1.91603134570741e-09	9.86051719750455e-08
"ANY20233.1"	663.281608379281	3.83854694076097	0.635793542894896	6.03741101755029	1.56606468176797e-09	8.27236732656154e-08
"AJX26266.1"	56.9348479572372	-3.83616419366308	0.57137546290105	-6.71391132931344	1.89475475846511e-11	1.56016335935263e-09
"CQR60962.1"	966.915215696793	-3.83372042590882	0.634792756027014	-6.03932604698103	1.5475925052423e-09	8.20575753347792e-08
"ACO76555.1"	693.465238744865	-3.83071858663161	0.47340832607344	-8.09178541155897	5.87964292186701e-16	1.20147191165969e-13
"CAK41095.1"	244.540852963417	-3.82802763132394	0.688187868989857	-5.56247473083597	2.65975554643161e-08	1.00353795522775e-06
"ACX82227.1"	126.189140220417	-3.82696159657586	0.76594250581542	-4.99640843473191	5.84078885912416e-07	1.45349977688924e-05
"ADI00741.1"	124.907014858656	-3.82562559275008	0.693517246082843	-5.51626598236477	3.46278057368094e-08	1.28107177162607e-06
"CCA74348.1"	255.933321093162	-3.8230317281629	0.759515332047536	-5.03351488357266	4.81567408649937e-07	1.22563283386942e-05
"AAD41246.1"	239.11180492169	-3.82112232642532	0.890462870030112	-4.29116412938824	1.77738879946313e-05	0.000290984590324398
"AEI43151.1"	948.332730259814	3.81587097141494	0.528093331821531	7.22575109640754	4.98339758696952e-13	5.69449791203260e-11
"AQT62048.1"	681.872877353188	3.80856444588318	0.877312353033699	4.34117271085192	1.41724264872998e-05	0.000241040418823253
"ABA02174.1"	541.795407625864	3.80758065723976	0.635619017558395	5.99035043329231	2.09389363705339e-09	1.06582993205358e-07
"AKM30777.1"	1264.14931138358	-3.80644037752469	0.728292644778073	-5.2265259093542	1.72724625293065e-07	5.0954674496361e-06
"ACL76949.1"	170.464123818016	-3.80619666263206	0.461107531191264	-8.25446648593834	1.5258228637707e-16	3.55974474117704e-14
"ADK85451.1"	905.276852556708	3.80588887366042	0.743804827114106	5.11678431615847	3.10788665081367e-07	8.32616216996932e-06
"AEI68823.1"	750.254210515787	3.79793727843765	0.425701684635986	8.92159325534555	4.59627529982022e-19	1.62882687713629e-16
"AGY40468.1"	175.902930974343	-3.79597676581509	0.649397337582573	-5.84538393696821	5.05401217656546e-09	2.28213104669559e-07
"AHF91279.1"	915.407164980244	-3.79477468747789	0.539317203429477	-7.03625744431516	1.97471937644093e-12	1.99582107086066e-10
"ABM02010.1"	205.257102442046	-3.78583823225077	0.798924972945685	-4.73866553237428	2.15130252037131e-06	4.60105923302637e-05
"ACI52536.1"	276.996515100184	3.78529884216326	0.527200605370471	7.17999714644348	6.97128739570672e-13	7.74476833056370e-11
"AAZ54496.1"	544.436461735531	-3.78291068530217	0.639244379934514	-5.91778481601934	3.2630648753343e-09	1.5509807173151e-07
"ACK82434.1"	1759.48797405248	-3.77235274121331	0.803849492550725	-4.69285951682711	2.69412503722062e-06	5.61613734490159e-05
"ACA89262.1"	111.971425717948	-3.77125641599298	0.701688909329702	-5.37454186014644	7.67776456823216e-08	2.53176321380716e-06
"AGJ58442.1"	1996.71659394244	3.76847300235564	0.499533628635999	7.54398259962124	4.55831987457814e-14	6.34899120441242e-12
"ADZ70308.1"	2693.11593892299	-3.76838776295128	0.448674780805914	-8.39892930060047	4.5056797431802e-17	1.15725697330342e-14
"ACA83110.1"	121.361032170962	-3.76419181180957	0.733686885835364	-5.13051532538124	2.88950032261369e-07	7.83860959611365e-06
"ADQ03379.1"	298.112252932425	-3.76172540154318	0.599102623629862	-6.27893327983029	3.40903835783408e-10	2.12087639702051e-08
"ABG05513.1"	1204.34165274503	-3.76169141823047	0.670433968164863	-5.61083059160489	2.01357809966191e-08	7.88421433260626e-07
"ANI62343.1"	195.200394484753	-3.7610861455818	0.589716437044453	-6.37778754214763	1.79664514344268e-10	1.20045053546113e-08
"AEA83387.1"	372.870342918879	-3.75999726062892	0.610037645558505	-6.16354955797284	7.11321025782559e-10	4.0975603781499e-08
"AEK40441.1"	1104.86077962699	3.75705463290025	0.399239319752433	9.41053259791644	4.93629208774239e-21	2.22897473045864e-18
"ANH22750.1"	3190.09507334511	-3.7567468342683	0.662091346627765	-5.67406122040798	1.39451258526252e-08	5.65808323724776e-07
"ADJ15508.1"	1545.2086317917	-3.75447901643744	0.636935805416568	-5.89459563194432	3.75600021569458e-09	1.74672727638846e-07
"ALK09211.1"	479.365902107628	3.75118750347827	0.521114403088414	7.19839536433198	6.0925272399153e-13	6.9055219679623e-11
"AGW91096.1"	583.91866210623	3.7425167643026	0.478540219461817	7.8206942950617	5.25327803615145e-15	8.47700242503979e-13
"ABB33033.1"	624.746116233133	-3.7372467239735	0.694162995761433	-5.38381726884488	7.292253536806e-08	2.42872926978482e-06
"ACJ35104.1"	793.19674913711	-3.73645273661429	0.534580438995789	-6.98950515965984	2.75857470490046e-12	2.67228572451188e-10
"ABR42751.1"	162.426171422521	-3.73522820886862	0.65349405874229	-5.71577990480497	1.09202006328834e-08	4.54943358509232e-07
"AHG97584.1"	1590.74967259361	-3.7287819859603	0.789047218849215	-4.72567660956785	2.29350400650417e-06	4.86467818719563e-05
"ABW39337.1"	383.641430146977	-3.7269092087973	0.70642993247801	-5.27569549003122	1.32253540459059e-07	4.05983565646033e-06
"ABS14700.1"	71.0999578419043	-3.72351997652191	0.755254829038567	-4.93015050464744	8.21662900649799e-07	1.9711460639753e-05
"ADW02300.1"	2000.27694313202	3.71936183574914	0.494591486869614	7.52006844939822	5.4747571747201e-14	7.55031043662384e-12
"ABG05606.1"	721.133587765233	-3.71823035482557	0.50486664855482	-7.36477714554725	1.7744304457965e-13	2.20786465602306e-11
"AAI42133.1"	762.650414531478	3.7173326932589	0.570908573884224	6.51125742948248	7.4524298721197e-11	5.3634505578371e-09
"ACB96331.1"	154.263193915872	3.71243243295614	0.657603091101746	5.64539991248573	1.64797722282581e-08	6.58156495438395e-07
"AEI46409.1"	524.226970012887	-3.71197386091708	0.574418801257383	-6.462138517736	1.03233532646997e-10	7.24342350873513e-09
"ACT94248.1"	153.928471827078	3.70526366403005	0.812032315967257	4.56295099489545	5.04395911344166e-06	9.80489191490179e-05
"ADN14620.1"	175.745563269135	-3.70473511855363	0.920728214572445	-4.02370108781122	5.72906231092381e-05	0.000797964320679716
"AOS90464.1"	85.8988953132384	-3.70058881316464	0.570555828789137	-6.48593639121735	8.81823666554553e-11	6.28181561548633e-09
"ABD89093.1"	340.507465856293	-3.69939125271598	0.613722879504416	-6.02778774632494	1.6621914329578e-09	8.71436542267537e-08
"ACH40432.1"	466.917072007356	3.69778967212851	0.723137936067851	5.11353296196254	3.16188551520312e-07	8.45464631171218e-06
"ABM06664.1"	1050.5259130441	3.6960028488419	0.630744295961644	5.85974835207493	4.63569117435031e-09	2.11714209000181e-07
"ADB37909.1"	593.347570314875	-3.6949614903255	0.551552900735258	-6.69919691365935	2.09568041164916e-11	1.7055426978061e-09
"ARR76006.1"	81.6625451179363	-3.69133978700581	0.541617638996712	-6.81539802478298	9.40031347424644e-12	8.12256716126553e-10
"AKN71652.1"	2575.45025191714	-3.68805958931316	0.497392725423267	-7.41478393391204	1.21823249925141e-13	1.55025622950193e-11
"CUU41874.1"	459.718824539505	3.68206439031503	0.523762622824016	7.0300251103489	2.06496372552027e-12	2.0795224625779e-10
"AAT94297.1"	637.683603118381	3.67869542211207	0.71677667670418	5.13227556318814	2.86259976855759e-07	7.78827435573745e-06
"AFY26879.1"	722.813506750208	3.67804927678433	0.689793355626352	5.33210308099382	9.70818003577866e-08	3.13483515895801e-06
"CAK41919.1"	173.77839695105	3.67439905028491	0.680564589067787	5.39904530636537	6.69964549475981e-08	2.257079124805e-06
"ABG93525.1"	291.336101912574	-3.67270360519613	0.518132686436531	-7.08834571016013	1.35724581694351e-12	1.41781544369965e-10
"AEQ08501.1"	22708.8689929495	-3.67031861830406	0.720689974325319	-5.09278434425297	3.52842965756884e-07	9.28401472681364e-06
"ABF40361.1"	699.225467126897	-3.6653061060296	0.757139195244483	-4.84099374203716	1.29191441472429e-06	2.91680935117914e-05
"ADB15271.1"	200.360096144905	-3.66451280179493	0.635239527965491	-5.76871029032375	7.98804906875016e-09	3.4779692337283e-07
"ACF84607.1"	1734.26192918997	3.66079113564775	0.512267092404625	7.14625473688675	8.91775037257252e-13	9.63943395484712e-11
"ACF07998.1"	409.577958353691	3.66059965612507	0.545143551821254	6.71492791925261	1.8815920863637e-11	1.55389534070319e-09
"ABR43910.1"	381.47274767243	-3.6487833580342	0.858150313797729	-4.25191635936899	2.11949023157477e-05	0.000339069991560956
"AFS41012.1"	77.8125772560472	-3.64761420933921	0.694998346760051	-5.24837825347886	1.53443993164844e-07	4.61419767201178e-06
"AEB99159.1"	625.999457869381	-3.64090326784684	0.592970209413902	-6.14011161108001	8.24635200380225e-10	4.67337794936129e-08
"ABG84962.1"	289.073399440422	-3.64010981108499	0.739388042931289	-4.92313859533601	8.51670889839218e-07	2.02922367931394e-05
"ADV47234.1"	124.499740329316	-3.63829999866404	0.700768293014489	-5.191873026979	2.08188970270974e-07	5.97178115953503e-06
"AIS89169.1"	313.682284830994	-3.63702616558999	0.796662570258836	-4.56532828498309	4.9871327837582e-06	9.73638559373044e-05
"ACL23746.1"	226.052338463028	-3.63525661066659	0.7689664847137	-4.72745780594074	2.27348287081866e-06	4.8315952058105e-05
"AOZ94813.1"	268.621110046244	3.63296848067181	0.875791982089585	4.1482093407658	3.35085927228884e-05	0.000504901271189442
"ABA56776.1"	87.201149895974	-3.63152991623566	0.748601721509115	-4.85108411040628	1.22788457038986e-06	2.79271922673594e-05
"AOH48281.1"	307.259171922959	3.62994050345245	0.535984611381418	6.77247149707681	1.26600752685907e-11	1.07729929246038e-09
"AEJ61792.1"	96.2949636765763	-3.62934992729343	0.843823840107394	-4.30107536050596	1.69971238226348e-05	0.000279255562522584
"AJE13522.1"	950.223799552047	-3.62837855912258	0.699443593778839	-5.18752132608688	2.13111526990784e-07	6.09424955018793e-06
"AMS19567.1"	139.959115546663	-3.62698703556682	0.749007495497087	-4.84239084037433	1.28286114146341e-06	2.90104850697977e-05
"AJX84162.1"	54.0801987689816	-3.6232148392637	0.627025189861508	-5.77841990696413	7.54054245301163e-09	3.29851603928928e-07
"AIG77835.1"	2788.86521478127	-3.62031407932653	0.69142288851503	-5.2360344724802	1.64063323045261e-07	4.86894464094382e-06
"ABV42497.1"	141.063355080744	-3.61410948000364	0.636411114665601	-5.67889120211651	1.35570672269664e-08	5.52465289790613e-07
"AEB11328.1"	3104.68375578443	-3.61230028034962	0.678570839489765	-5.32339450817809	1.0184852805168e-07	3.26241577955932e-06
"AAU08003.2"	90.3690463226937	-3.61134451633525	0.689966708918715	-5.23408516621735	1.65803995099236e-07	4.90681675137232e-06
"ABS27515.1"	2332.83952584968	-3.59994397292546	0.46004191682083	-7.82525209399018	5.06640635908532e-15	8.24646002493911e-13
"AAI14325.1"	122.620523417	-3.59965205108023	0.711332075956797	-5.06043825767089	4.18293897619143e-07	1.08030959019793e-05
"ACE85719.1"	122.599661745806	-3.59755229575559	0.781838821259484	-4.60139890464918	4.19662833542802e-06	8.33253949493921e-05
"AEO68473.1"	1525.74022597759	-3.5971132668628	0.728955424565126	-4.93461348340845	8.03096399838789e-07	1.93157103177721e-05
"AIV41319.1"	2391.37958372709	-3.59700266662078	0.694410195652577	-5.17993930552887	2.21958106676643e-07	6.31497881556839e-06
"ADN02583.1"	851.206565485536	-3.59595969945782	0.607846806177195	-5.91589799093154	3.30069741154619e-09	1.56620889379063e-07
"ANY66001.1"	187.813249901352	-3.58809853129835	0.87264319850026	-4.11175900696289	3.92656046618376e-05	0.000576142488528725
"AIQ69158.1"	107.424243339648	-3.58807399473955	0.774398117160304	-4.63337127922897	3.59758484351981e-06	7.23029327201584e-05
"BAC06186.1"	718.073353328388	3.58783830644696	0.508011722129351	7.06251086374227	1.63520526821389e-12	1.69552617366356e-10
"AHF03803.1"	1200.15779617826	-3.58691411856645	0.638982856278137	-5.61347473304532	1.98303569795605e-08	7.80830765119235e-07
"AFS12473.1"	89.0254987877708	-3.58455408675925	0.5264945069049	-6.8083409033681	9.87306900854542e-12	8.50481353733039e-10
"AJP00905.1"	1652.70445227677	-3.58349004386959	0.69195735573364	-5.178772960756	2.23350091174131e-07	6.34169285244521e-06
"AEE52151.1"	183.836002629376	3.58296327322523	0.882051745251674	4.06207832195027	4.86377519308988e-05	0.000695790752712031
"AIV80198.1"	57.316503324079	-3.58276901631147	0.543537787825415	-6.59157301766527	4.35190694406681e-11	3.30178826032777e-09
"ANS66191.1"	2573.29026560276	3.57905699391166	0.442355675549806	8.0909032973596	5.92238619120723e-16	1.20147191165969e-13
"AFC43740.1"	79.1826887775844	-3.5726831567106	0.761656026275727	-4.69067798777877	2.72301234694303e-06	5.66791477063324e-05
"AAY47902.1"	348.281230002336	-3.57114552048052	0.477888560482392	-7.47275791007786	7.85312464845452e-14	1.04092638222878e-11
"AAM42607.1"	353.956103415198	-3.56918916024716	0.4962441866321	-7.1924049820522	6.36598691624307e-13	7.15751685570847e-11
"ACY95484.1"	123.877644141791	-3.56900706293246	0.735715494768785	-4.85106958914071	1.2279744849664e-06	2.79271922673594e-05
"AGS49305.1"	339.425594533458	-3.56746722091367	0.648667244236086	-5.49968763277844	3.80464651604659e-08	1.39053373189609e-06
"AJX59046.1"	55.3016263009437	-3.56578727646388	0.624514936645364	-5.70969094128927	1.13181513695016e-08	4.69426615911952e-07
"ADZ77055.1"	149.823440883599	-3.56554013941801	0.617713298559723	-5.77216023636129	7.82616385501354e-09	3.41279257453207e-07
"AME07261.1"	92.6022908473658	-3.56386892570678	0.618342785859765	-5.76358131315701	8.23475507871402e-09	3.56321797810939e-07
"AFE08339.1"	1293.59382679486	-3.56342228040919	0.672058733242728	-5.30224830680414	1.14385111462797e-07	3.61051173158494e-06
"ABR37861.1"	203.837885085366	-3.56200324094879	0.897098058080813	-3.97058405027548	7.16966568265578e-05	0.000964545701353346
"CDS07261.1"	121.267039764355	-3.56033734045814	0.76769731325375	-4.63768373158462	3.52335367010481e-06	7.09638916174491e-05
"AJX19481.1"	58.1171989265512	-3.56007425448397	0.538900666570796	-6.60617897754313	3.94366081154514e-11	3.03315187033016e-09
"AAN60060.1"	1926.53912411462	-3.55890869153486	0.675054303863955	-5.27203318483263	1.34920674359076e-07	4.12362358008373e-06
"ADB39231.1"	152.013594901084	-3.55886989282369	0.72525088364303	-4.90708797891706	9.24385746524965e-07	2.17654359627527e-05
"ACQ96943.1"	247.634053352849	-3.55661489383191	0.620523375296475	-5.73163725239621	9.94658145140802e-09	4.19374238424125e-07
"ASB50186.1"	138.177138810463	-3.55308652592753	0.8260456865981	-4.30131962865177	1.69783946825127e-05	0.000279143750147864
"ADD02972.1"	85.1371413066214	-3.55105042121082	0.70827484310269	-5.01366165379386	5.34038603837046e-07	1.34209557926588e-05
"ACE84847.1"	527.107355802444	3.54508891543523	0.717969033481141	4.93766269869124	7.9064437928253e-07	1.90653574869886e-05
"ACY47121.1"	696.854036641602	-3.54177736788225	0.688753617268533	-5.14229947993344	2.71396040794643e-07	7.47834995874688e-06
"ABV13340.1"	2737.12616541535	3.54040569941365	0.447643141644643	7.90899127015814	2.59482806427904e-15	4.54030040547226e-13
"ABU56463.1"	555.466252288046	3.54020655824389	0.811974125654381	4.35999922459449	1.30062904899459e-05	0.000224214352559437
"AIW16335.1"	185.078766975511	-3.53127364690013	0.635765716500484	-5.55436311718366	2.78625749403192e-08	1.0470344268848e-06
"ACM36008.1"	208.680650403333	-3.52771532199017	0.683566051401409	-5.16075266575606	2.45958956853894e-07	6.8789879681135e-06
"ACS57135.1"	244.755718344969	-3.52684954878699	0.839784495511404	-4.1997078627169	2.67259581031938e-05	0.000414756054909653
"ABI42569.1"	67.0380992213402	-3.52596442779826	0.737431072241539	-4.78141559329814	1.74065087590279e-06	3.77469108611731e-05
"ABS62331.1"	447.46971430165	3.52433460953534	0.651802261462782	5.40706103355025	6.406731627224e-08	2.17673372130781e-06
"AEW02398.1"	104.910340888114	-3.52351272002971	0.807820942040771	-4.36174966091914	1.29026452785542e-05	0.000222701884844885
"SCG76455.1"	1483.5677968544	-3.52259087132241	0.451842069940629	-7.79606660306171	6.38666868061367e-15	1.0045009909127e-12
"ABK60469.1"	506.059592183234	-3.52238852133941	0.745535989076216	-4.72463914948486	2.30524324756472e-06	4.88551021641348e-05
"AKA83749.1"	140.729152694961	-3.52172315506185	0.74523392057677	-4.72566137668054	2.29367595624312e-06	4.86467818719563e-05
"AIP18234.1"	56.4020733714836	-3.5204926526205	0.579792568694723	-6.07198650466687	1.26337552364957e-09	6.8280813050373e-08
"CBQ70546.1"	1268.77957582092	3.51846334631921	0.503360901798941	6.98994167752148	2.75000539311215e-12	2.67228572451188e-10
"AFM31873.1"	878.660233854964	-3.51836413696278	0.614022947120738	-5.73002060177232	1.00418437713623e-08	4.22754072515879e-07
"AGG71756.1"	138.752690581355	-3.5170604571389	0.727547875087348	-4.83412924093366	1.33729688716274e-06	2.99991695937565e-05
"AIT85581.1"	110.945108493264	-3.51697612499481	0.803617024270881	-4.37643307542638	1.20637208747456e-05	0.000209904244629818
"AJX41288.1"	54.5374304407644	-3.5162648336738	0.58808738981401	-5.97915359957958	2.24299987181092e-09	1.1355532972003e-07
"ADZ78857.1"	152.815084747019	3.5160521602553	0.558637117282535	6.2939823572035	3.09423009388253e-10	1.95544166384504e-08
"ABO90571.1"	720.060011523461	3.51564724904586	0.569373866173668	6.17458485172822	6.63375471630669e-10	3.84510552873131e-08
"AHF92439.1"	2434.36569773326	-3.51501311007045	0.463644269136195	-7.58127155678898	3.42184527584355e-14	4.90955967116441e-12
"BAD40606.1"	790.652288632129	-3.51464064736454	0.756955331632359	-4.64312820121801	3.43173261114325e-06	6.94683920329476e-05
"ACL24721.1"	190.287648497126	-3.51192174813723	0.915803550570188	-3.83479813541963	0.000125667460064955	0.00154238764225274
"AKN73233.1"	522.411796942874	-3.51145894592059	0.617309007798007	-5.68833258799553	1.2828579019005e-08	5.25071488619976e-07
"SCG81265.1"	717.606555988675	3.51039122478406	0.457539679708442	7.67232085099372	1.6891178485291e-14	2.50203932737676e-12
"AIW49305.1"	55.4806996614893	-3.50712313931618	0.564120440965337	-6.21697581692787	5.06827837155835e-10	3.04488243111904e-08
"ABC79625.1"	1087.27933274569	3.50322417579174	0.849970109967819	4.12158514129912	3.76274355831669e-05	0.000555893238304137
"ACV80837.1"	1541.16255386448	-3.50207435447878	0.539826873387491	-6.48740277137885	8.73286586649559e-11	6.23687022444925e-09
"AAY92522.2"	541.414356400323	-3.50180318562135	0.552605703809776	-6.33689294460627	2.34444768040058e-10	1.52285747704164e-08
"AKT29415.1"	123.941688316748	-3.50073315878303	0.747830481791984	-4.68118543442414	2.85220794553333e-06	5.91484545504824e-05
"ADU15260.1"	1399.53927343347	3.49986596755433	0.791992834053267	4.41906266959852	9.91299012530622e-06	0.000177218436493022
"ADI18519.1"	1089.02400772404	3.49984143252063	0.468397685160763	7.47194434003108	7.90184332911352e-14	1.04092638222878e-11
"AGW30394.1"	552.416913999341	-3.49889602293122	0.580500918314344	-6.0273737948448	1.6664528564342e-09	8.72037648013679e-08
"AEN08183.1"	1903.95632537138	-3.49542197598206	0.444689925280829	-7.86035791967772	3.83037372661276e-15	6.45994836447294e-13
"AEI52217.1"	67.9672102220391	-3.49503706547817	0.716310568883244	-4.87922029536304	1.0650604962204e-06	2.46018429473484e-05
"AFE08294.1"	1482.16803491503	-3.49259087462424	0.635657596601815	-5.49445313529706	3.91922983009967e-08	1.4194405992687e-06
"AFU98456.1"	24134.3355742013	-3.49143268452582	0.556737845102239	-6.27123288858629	3.58200377484197e-10	2.21372577661094e-08
"ABA79139.1"	596.2655321723	-3.48971227530229	0.615302648226162	-5.67153787711247	1.4152130267965e-08	5.71721556972508e-07
"AAZ61138.1"	1618.31571984908	3.488959329723	0.678182494792365	5.14457296747418	2.681300224617e-07	7.39563360476625e-06
"AEB51572.1"	956.065385363686	3.48707105238302	0.416587911506766	8.37055266383166	5.73486247750231e-17	1.44642531459599e-14
"ADD69868.1"	143.743353771601	-3.48637727219267	0.557606033980797	-6.2524023409559	4.04186490346406e-10	2.45991412689956e-08
"AJX74857.1"	51.7956639778466	-3.48219936948653	0.594300872923905	-5.85932063729679	4.64764562656701e-09	2.11914473878453e-07
"AEI43954.1"	868.560961165944	3.47899205656218	0.530358280402039	6.5597015925252	5.39155605797585e-11	4.02512009064245e-09
"APO44722.1"	5951.07706610655	3.47345120429402	0.915671727757673	3.7933367373916	0.000148636371202839	0.00175950268422607
"AIV75519.1"	55.046749192269	-3.47344675107689	0.584079213555039	-5.94687616074456	2.73308022117008e-09	1.32839086583121e-07
"AID55365.1"	167.93880555944	-3.4728207805633	0.658788629069917	-5.27152508000366	1.35294795505377e-07	4.1302498922212e-06
"AHE30816.1"	53.4464211850663	-3.47236825501201	0.614147044052847	-5.65396884774913	1.56784639303059e-08	6.27048965989776e-07
"AEH83753.1"	129.860513576644	-3.47111141548409	0.636330072567052	-5.45489136083275	4.90027956503551e-08	1.7278114194299e-06
"AAX08953.1"	191.864052556151	3.47110930594393	0.644106537823809	5.38902976776402	7.08390729383551e-08	2.36659986394056e-06
"ABH00212.1"	877.253180169581	-3.47104394580294	0.756285906278198	-4.58959226529091	4.44112660938575e-06	8.76207051137163e-05
"ABG06350.1"	844.210486210612	-3.46616936588103	0.554301336688741	-6.25322209501977	4.0206971402454e-10	2.45236246488693e-08
"ADU07106.1"	551.524582894065	-3.46462953813169	0.595307035333287	-5.81990356655535	5.8881589276765e-09	2.63354672943322e-07
"SDS12312.1"	258.761738477446	-3.46255629702701	0.670116787554235	-5.16709379817883	2.37761958757109e-07	6.69656317642257e-06
"ABX13985.1"	2943.01836741015	3.46120491966433	0.539031591532568	6.42115411051044	1.35245021674175e-10	9.28019516370146e-09
"AHZ86446.1"	188.013285140597	-3.46087828866554	0.595406365150658	-5.81263233185258	6.14980336894952e-09	2.74593134158072e-07
"ACL56008.1"	1956.64977506991	3.45812764103061	0.34481712998313	10.0288742650338	1.13806700912526e-23	7.77105463109046e-21
"AIV69426.1"	58.718222724727	-3.4559256127865	0.561004198471127	-6.16024910723439	7.2630600954961e-10	4.17529015263879e-08
"ADY53037.1"	621.568721010348	-3.4525551075195	0.949606093068001	-3.63577606833265	0.000277145009216523	0.00298306485122098
"AAO56655.1"	527.500768660445	-3.44994990503542	0.482071742924514	-7.15650721219651	8.27585282806117e-13	9.01520528305060e-11
"ABQ07083.1"	149.230296421232	-3.44876886412877	0.584095034496022	-5.90446530178859	3.5379232133984e-09	1.65909042348914e-07
"APU99311.1"	130.428270000903	3.44867610717602	0.623079929864931	5.53488556102843	3.11431627340229e-08	1.16096402650027e-06
"AGA77933.1"	78.3902879509805	-3.44743947172744	0.769181115395739	-4.48196062373912	7.39603923161705e-06	0.000137034754684547
"AFG36805.1"	339.059997177165	-3.44524303523989	0.521959640588627	-6.60059278022838	4.09517000756315e-11	3.13246938611306e-09
"ACM05489.1"	152.064739996436	-3.44387073964049	0.854517101787643	-4.03019522071113	5.57305478163061e-05	0.000779726345160073
"AJX51042.1"	59.461169049982	-3.43833408449627	0.649594387559072	-5.29304770845731	1.20294521360094e-07	3.75447649943946e-06
"AKH86024.1"	1873.08326135735	-3.43726631162271	0.562405050717173	-6.11172731688583	9.85584861880713e-10	5.42091037194744e-08
"ADO73088.1"	3819.42717142224	-3.43634588932708	0.694479576056819	-4.94808775923733	7.49461190938005e-07	1.81819025142984e-05
"ACP25891.1"	971.319797779516	-3.43618396173978	0.711524016679619	-4.82932955344923	1.3699352045697e-06	3.06087039003458e-05
"ANM30380.1"	297.517539367526	3.43590467981592	0.555329927909377	6.18714120586099	6.1265083007866e-10	3.58823695374104e-08
"CTQ96552.1"	918.105235812634	-3.43030093474455	0.590233586609934	-5.81176844653457	6.18163064211158e-09	2.75574731618719e-07
"ADB66082.1"	179.32802679596	-3.4294962647231	0.841244461349709	-4.07669401973921	4.56805407529763e-05	0.000659552562620074
"CCB73848.1"	340.538368276731	3.42684716911851	0.546519838486167	6.27030700040222	3.60336935652282e-10	2.22058291027531e-08
"ABL89456.1"	852.215418244099	-3.42676194205196	0.562822576346708	-6.08852964693624	1.13952354545246e-09	6.21323919882487e-08
"AFZ67055.1"	375.577307634458	-3.42432558876758	0.666026914715709	-5.14142223551017	2.72666506917909e-07	7.50597003704402e-06
"AGA85278.1"	479.336175454013	-3.42224841818912	0.633642961790924	-5.40090969923583	6.63037975447134e-08	2.24183709669299e-06
"AJD41040.1"	928.95826514965	-3.42154454312901	0.670751006982665	-5.10106508601549	3.37747380345994e-07	8.92877777163971e-06
"AEE54095.1"	245.296120084274	-3.41952571717104	0.770396043822549	-4.43865949804732	9.0520891076418e-06	0.000163455163498406
"AIQ40360.1"	1078.12503287181	-3.41669982703908	0.64510527600035	-5.29634457219542	1.18143808234303e-07	3.70268667585707e-06
"AEB56105.1"	238.376310810236	-3.41222761783628	0.641924922437474	-5.31561791506645	1.0629598810589e-07	3.38166191251419e-06
"ARU29965.1"	227.86639401493	-3.41179646240799	0.697749403093329	-4.88971606035417	1.00981530646918e-06	2.35786399665649e-05
"AIP43018.1"	60.4414574986454	-3.40937407617522	0.595252344346209	-5.72761133754102	1.0185458953407e-08	4.28156319608983e-07
"ADG20624.1"	92.9555221307772	-3.40821364378473	0.643407651782464	-5.29712948601525	1.17637278893676e-07	3.69212248868538e-06
"AGK77845.1"	1446.93376121667	3.40526891788458	0.508269905798689	6.69972563599566	2.08811215589032e-11	1.70433784012552e-09
"ADX74424.1"	1670.94901794531	-3.40387156955707	0.646434224905209	-5.26561162515212	1.39723389660025e-07	4.25184349665442e-06
"AEB09394.1"	174.294385904707	3.40269554659943	0.582311803292732	5.84342533906852	5.11382235518779e-09	2.30171335459546e-07
"AIS01020.1"	2075.28268887921	-3.40183954169138	0.689361544463379	-4.93476836503765	8.02459384896564e-07	1.93157103177721e-05
"ADC71417.1"	567.083383804673	3.40148149060956	0.859788419317384	3.9561843520876	7.61563995597106e-05	0.00101430759375531
"AAS50540.1"	138.895542671499	-3.40087886533059	0.441655920158139	-7.70029045260589	1.35757293861262e-14	2.04336623598919e-12
"AJX05875.1"	53.0392893071472	-3.39666459283109	0.618676620769379	-5.49021003671843	4.01456053435723e-08	1.44834583401888e-06
"ACR73263.1"	83.5055275833396	-3.39594921955601	0.78538083516845	-4.32395223755064	1.53258490700535e-05	0.000255501401408299
"AEI46644.1"	117.042760628957	-3.39449502711357	0.737147864192272	-4.60490383545109	4.12656504034485e-06	8.21089657921068e-05
"AIR99874.1"	8294.61524900603	-3.392404484445	0.514351865130091	-6.59549369688198	4.23843044982396e-11	3.22443203459977e-09
"AHH97336.1"	2112.70977471625	-3.38722092785629	0.38710797859036	-8.7500674622898	2.13225239540238e-18	6.5598393474379e-16
"ACV57659.1"	264.675523366722	-3.38683985170464	0.515584303014174	-6.568935151642	5.06763464924633e-11	3.82408354825607e-09
"ABS24534.1"	3847.4836496621	-3.38358032352718	0.48888175334762	-6.92106076849484	4.48274126126517e-12	4.18329414501265e-10
"ADO73102.1"	981.679547184761	3.38343501855255	0.353885601769109	9.56081570326237	1.16832193927797e-21	6.05710018741224e-19
"ABK05142.1"	1326.80169356264	-3.38222536571601	0.596430473844569	-5.67077893239476	1.42149726718275e-08	5.72989423924048e-07
"ABW39320.1"	610.416223319352	3.37977460006697	0.679097073972513	4.97686520764448	6.46222892312769e-07	1.59117467838068e-05
"AEW93494.1"	333.951501957376	3.37850592747088	0.55053496256972	6.1367690649493	8.42166704526861e-10	4.75162945848388e-08
"ADL59581.1"	272.832739916612	-3.37727688672231	0.710294655712489	-4.75475474799201	1.98687463960857e-06	4.27223828037493e-05
"SDU67740.1"	150.63270834468	-3.37622460014555	0.703967433210611	-4.795995440794	1.61868961623971e-06	3.5459181921946e-05
"ABF79763.1"	269.222856467447	-3.37342863865938	0.58433689598297	-5.77308854164446	7.78315160989783e-09	3.39933092778003e-07
"ADM94922.1"	71.3854168261436	-3.3725810619907	0.7674458102706	-4.39455270568424	1.11001071061497e-05	0.000195691812684993
"ADO75074.1"	1528.92209484548	3.37001065112615	0.406145616807574	8.29754283110439	1.06286785953546e-16	2.54325201671407e-14
"AHV98939.1"	487.559979754864	-3.36871029920857	0.355566723489898	-9.47420013364745	2.6881222341195e-21	1.25427783444016e-18
"AAW45012.1"	77.5840987275943	-3.3677246384407	0.630356222550741	-5.34257379868986	9.16360446988539e-08	2.98307291556874e-06
"ADI06306.1"	3456.53241869256	-3.3665621910016	0.459208132826429	-7.33123381391436	2.28043400315293e-13	2.79657603535972e-11
"ABK10021.1"	278.3904447933	-3.36200729501218	0.59260204176793	-5.67329684687246	1.40075192629967e-08	5.67517379575768e-07
"ABW33678.1"	92.2605592137074	-3.36120950129475	0.807152610969808	-4.16428003281337	3.12336580343566e-05	0.000477041729585296
"AEB22139.1"	113.348330458489	-3.3610101059173	0.864854694871663	-3.88621363316533	0.000101819909975146	0.00129785766305911
"ADX05721.1"	131.667481462365	-3.35851045725794	0.58093488710933	-5.78121667639815	7.4162297386485e-09	3.24921389300788e-07
"ADC56139.1"	244.138277347324	3.35788752617907	0.4665310050299	7.19756562795619	6.12970487801696e-13	6.91964587761947e-11
"AJI94294.1"	100.848980416394	-3.35675035427193	0.657972526759927	-5.10165731508832	3.36691985719888e-07	8.90929001154441e-06
"AGJ55179.1"	406.045451104232	3.35363609454757	0.486561079863054	6.89252846835073	5.48093186806641e-12	4.98195352527231e-10
"AJQ46025.1"	502.601600593838	3.34656068640487	0.385307644977124	8.68542508831756	3.7732864172002e-18	1.08904047975192e-15
"ABQ07258.1"	142.2630134283	-3.34265951246508	0.748576417087337	-4.4653550875556	7.99360627643077e-06	0.00014684317671585
"AIY26194.1"	103.357891168148	-3.34136068641271	0.81536903338707	-4.09797349371068	4.16782993170517e-05	0.000608038388577477
"AKM43426.1"	905.83834285415	3.33024205246395	0.562365207300043	5.92184937694259	3.18341134056103e-09	1.51827570511664e-07
"ACF83226.1"	3918.33556283205	-3.32745613983001	0.68193855002933	-4.87940759425743	1.06404962012083e-06	2.46018429473484e-05
"ADP35390.1"	2278.64604960561	-3.32525816674716	0.421688307668233	-7.88558303912789	3.13070321182257e-15	5.44392342348972e-13
"CDO72503.1"	316.200525278427	3.32094301024762	0.621385836848745	5.34441374957825	9.07101556646785e-08	2.9598152890307e-06
"XP_001390806.1"	110.162419138219	-3.3207873603252	0.844890794905106	-3.93043382689259	8.4792728529905e-05	0.00110824333703232
"AGT82061.1"	330.613541932415	-3.31865247497156	0.422784563219968	-7.84951193510089	4.17659431546209e-15	6.91881268968501e-13
"ADT68316.1"	913.512754092915	-3.3164395619041	0.864180592442482	-3.83766956919347	0.000124207462114876	0.00152848883928267
"AGT90104.1"	145.475961639725	-3.31556201282908	0.655584914122875	-5.05741047636073	4.24987825533233e-07	1.09658609803027e-05
"SCF12533.1"	827.508715765137	-3.31539560049955	0.508674938685005	-6.51770973634027	7.13889640900831e-11	5.15104494501538e-09
"AAO76876.1"	83.565155180117	-3.31472292734044	0.627850137427916	-5.27948108910147	1.29550248399345e-07	3.99437087465645e-06
"ABJ82092.1"	946.12308506031	-3.31467222558625	0.720019487144996	-4.60358682614205	4.1527594659027e-06	8.25714872211732e-05
"ACU63069.1"	81.2129521135926	-3.31210315696885	0.755513697864615	-4.38390881109129	1.16568583555314e-05	0.000203774973957314
"AIY26193.1"	145.863863332378	-3.31004896879134	0.915078951172568	-3.61722774253511	0.000297775283157254	0.00316376350181043
"AFC31541.1"	440.756660627889	3.30914054780496	0.53836937220935	6.14659881973777	7.91620114791757e-10	4.49537459101623e-08
"SHK71458.1"	639.008620460056	3.305036905171	0.510059708895904	6.47970590016846	9.19015755724742e-11	6.49716290335098e-09
"ABR38886.1"	174.559262547967	-3.30482223065161	0.821690423068795	-4.02197973576104	5.77110239539124e-05	0.000802621871144427
"ABC98469.1"	271.629478357201	-3.30445956432033	0.797578666552412	-4.1431142818853	3.42621100471964e-05	0.000515178836288489
"ADL07025.1"	74.5733842907453	3.30177722943798	0.793617601519066	4.16041330625484	3.17672186992756e-05	0.000483082593538794
"AAU42370.1"	161.790934807162	3.30134743142581	0.480717297549602	6.86754449705478	6.53163828576927e-12	5.86088927719219e-10
"ADG76731.1"	1466.60705297265	3.2992290799069	0.618786731339024	5.33177088779445	9.72596004877665e-08	3.1354905439527e-06
"AEH25509.1"	152.062385633962	-3.2888375709144	0.75596057567318	-4.35054112178496	1.3580198344656e-05	0.000232248767780689
"AGZ32472.1"	59.729051935905	-3.28622553118645	0.566758496633409	-5.79828189732821	6.69977634806003e-09	2.95381005732738e-07
"ABS16197.1"	106.520777871158	3.28505716434303	0.657315648431356	4.99768592484086	5.80223859427199e-07	1.4451910292281e-05
"AIM25582.1"	140.38564032025	-3.28446237039107	0.663264949999074	-4.95196130957267	7.34692138514853e-07	1.78545495745328e-05
"ACD19353.1"	672.81015485397	-3.28164348909164	0.404075253124837	-8.12136715553276	4.60961205359857e-16	9.85119840095767e-14
"ABE59843.1"	395.421524556615	-3.27876192448283	0.707514903067858	-4.6341948562013	3.58329357495987e-06	7.20674475032877e-05
"ADO52490.1"	2321.62985814211	-3.27702902008226	0.416288792874642	-7.87200875011085	3.48991746621452e-15	5.95754447464279e-13
"AIV56071.1"	60.3473407207692	-3.27573805836306	0.587989273006838	-5.57108472678713	2.53158169021104e-08	9.62964144010166e-07
"CCA69712.1"	91.9934563210325	-3.27522886025854	0.698531412966882	-4.68873525150089	2.74898764078488e-06	5.71348611666025e-05
"ARI56364.1"	703.146323332761	-3.27351140931289	0.629207152332513	-5.20259726415659	1.96522445546604e-07	5.68959915772775e-06
"CAP71603.1"	96.8678110571165	3.27306754115793	0.748089678203182	4.37523419520963	1.21302173045185e-05	0.000210668463807258
"AKQ74807.1"	80.1303950198175	3.27161974502558	0.524178095882793	6.24142780998067	4.33594542966209e-10	2.62747030841601e-08
"ANR69582.1"	508.013992220106	3.26909127075993	0.560378622657946	5.83371873690367	5.42054654752063e-09	2.43194905680108e-07
"ACT96525.1"	221.805910491706	-3.26858728078339	0.754569696759666	-4.33172349064589	1.47946669404488e-05	0.000248614343136137
"ACK79543.1"	169.427672489883	-3.26723372210645	0.656607286669779	-4.97593278118707	6.4934179611227e-07	1.59744929033033e-05
"ADH64790.1"	284.591152883648	3.2663059825763	0.663104475661846	4.92577882137833	8.40250004702985e-07	2.00885048092782e-05
"ACT51154.1"	198.208581877705	-3.26411651986794	0.686132204437573	-4.75727053584892	1.96228112438498e-06	4.22584787371398e-05
"ASA55983.1"	59.9758140051476	-3.2636475037909	0.681997095992574	-4.78542727376428	1.70623961732714e-06	3.70868667132692e-05
"AIJ17795.1"	820.146144695397	-3.26361901557152	0.52832440742392	-6.17730123710305	6.52065873583856e-10	3.80317420767784e-08
"CDR49015.1"	261.15233207638	3.26274316647623	0.518868785845153	6.28818548250451	3.21198013422288e-10	2.02528369003838e-08
"ABG58512.1"	253.448243296124	-3.25760609900931	0.666709714142834	-4.8860936475142	1.02856289485607e-06	2.39365310094684e-05
"AEO58711.1"	319.219665243548	-3.25759337100691	0.593237603144011	-5.49121187487522	3.99185125371799e-08	1.4430584722606e-06
"ABK13648.1"	275.639741324058	-3.25681896444037	0.567943547386499	-5.73440613847494	9.78545960547616e-09	4.14453444954479e-07
"ACH84098.1"	172.085309055053	-3.25488007133718	0.653868836296408	-4.97787918716729	6.4284758647591e-07	1.58565295427133e-05
"AAM41677.1"	1152.27930185449	-3.2533488329919	0.387607147701291	-8.3934180581703	4.72208807227457e-17	1.20181434246726e-14
"AOS94486.1"	109.611270586338	-3.25330108978151	0.77071381549709	-4.22115320157226	2.43055670218067e-05	0.000381636934572351
"ACO53434.1"	80.1561942611872	-3.25317401353898	0.547430832784638	-5.94262109240529	2.80500300498538e-09	1.35394593323398e-07
"ADT97001.1"	993.771298171273	-3.25147768226773	0.525102576730436	-6.19208098827686	5.93750281674415e-10	3.49950166015935e-08
"ACL64427.1"	2445.53991031781	-3.25087030444896	0.523698351739095	-6.20752441487258	5.3825748806527e-10	3.19937508192682e-08
"ACV69560.1"	92.8121615189681	-3.25024222229518	0.635126654086407	-5.1174709821783	3.09659684863377e-07	8.30386258375009e-06
"ABN76734.1"	628.84799192942	-3.24962277423072	0.619903441743707	-5.24214346203653	1.58721883939954e-07	4.7372898323912e-06
"AAY48779.1"	1160.11107054654	-3.24918655302764	0.385564220263756	-8.42709562314921	3.5435028057838e-17	9.27139294866573e-15
"ACI54250.1"	324.962793190025	-3.2460771689385	0.471299217642019	-6.8875080785814	5.67781498482334e-12	5.1442106250846e-10
"ADL44886.1"	588.932048149342	-3.24204026456568	0.586146070325691	-5.53111319634753	3.18204889571876e-08	1.18306295995408e-06
"AAT75704.1"	145.021484674243	-3.237638873086	0.635309265567824	-5.09616189871287	3.46608737542155e-07	9.13715462921863e-06
"SDP31699.1"	123.1460578661	-3.23714938112363	0.600456921017387	-5.39114342397578	7.0010767311769e-08	2.3445232555745e-06
"ABO91424.1"	611.319378067385	3.23577825475626	0.504176225941597	6.41795088356882	1.38120799728484e-10	9.45435185623136e-09
"ABF07062.1"	898.719940604905	-3.23399583243954	0.597147005874849	-5.41574486788488	6.10340794792556e-08	2.08888763948807e-06
"ADY37152.1"	90.5357784258892	-3.22620705077888	0.745401652939696	-4.32814582320209	1.50369902053863e-05	0.00025193032782166
"AKA36092.1"	483.519402791047	-3.21726548989857	0.609068724199083	-5.28227006587677	1.27592922375011e-07	3.9470623810064e-06
"ACF79171.1"	542.548509520613	3.21584587332618	0.440176708263166	7.30580653850393	2.75608482325477e-13	3.32583408240692e-11
"AFH63886.1"	441.240760399389	3.21547826215235	0.517625329963842	6.21198012542577	5.23210460450831e-10	3.13405692316555e-08
"ABO01157.1"	533.89164997315	-3.21413780824523	0.808598219735972	-3.97495038919913	7.03939283913877e-05	0.000950216209857903
"AMQ85331.1"	339.766693122768	3.21027549642805	0.54131158058347	5.9305501887984	3.01921276664599e-09	1.44736096943529e-07
"AIJ29689.1"	116.125143737833	-3.21010312457845	0.633875706345467	-5.06424696899319	4.10017824295462e-07	1.06089269953565e-05
"AKI30033.1"	77.2692999119401	3.2070440804967	0.517371913133667	6.19872087967043	5.69238781638788e-10	3.36921964709503e-08
"AEO53769.1"	339.516809695947	-3.20703548576906	0.569227779559441	-5.63401084931444	1.76065937165583e-08	6.97191227282554e-07
"ADL56097.1"	124.396263465549	3.20702765810075	0.813394229265578	3.94277158936376	8.05453579332268e-05	0.00106315315450194
"ABD26332.1"	1316.10756302336	3.20223616727888	0.555130683795444	5.76843662358042	8.00102907954389e-09	3.47821133712594e-07
"AGB21164.1"	164.191933839304	3.20035144931935	0.604273334038428	5.29619837422087	1.18238387205894e-07	3.70268667585707e-06
"SCE74500.1"	1523.1866684886	3.19569224740452	0.498243822438371	6.41391243300323	1.41831695705292e-10	9.63767027418778e-09
"AEM82375.1"	1268.63730835499	-3.19515158261825	0.346088111033312	-9.23219111190649	2.65151442752348e-20	1.12472421080223e-17
"AEN11036.1"	965.325971543485	-3.19485528771225	0.65085714368349	-4.9086889784003	9.16872519107328e-07	2.16249056823326e-05
"AIV37171.1"	724.240647182182	3.19469044131767	0.512758793067393	6.23039621067559	4.65256982472387e-10	2.80718415545193e-08
"ANB09419.1"	323.969885802982	3.19338389515718	0.33497406694149	9.53322722655711	1.52468193384361e-21	7.62232061069389e-19
"ADJ43219.1"	654.300060511061	-3.190787448022	0.42686753461597	-7.47488902123367	7.72690353401047e-14	1.0301066254198e-11
"AIC89531.1"	66.6747410472204	-3.19068901374227	0.568787599240917	-5.60963181686881	2.02757511498189e-08	7.92793197193197e-07
"ACV59828.1"	331.433876446484	-3.18867876246215	0.763016326712755	-4.17904394811536	2.92737117622177e-05	0.000449197735877131
"BAB04213.1"	125.274752447097	-3.18760058188743	0.686455137966819	-4.6435672276103	3.42444493571873e-06	6.93710278005655e-05
"ABX43741.1"	249.083140996613	-3.18660153527446	0.822525479988579	-3.87416756416921	0.000106989781042768	0.00135044450409078
"AGB21507.1"	245.303557759616	-3.1863328634836	0.908774525707381	-3.50618637885277	0.000454576790559308	0.0045001173368099
"AEJ61964.1"	962.110029997547	-3.18514490265097	0.557409041898748	-5.71419669081999	1.10223451982695e-08	4.5783616642545e-07
"AAW41592.1"	193.213869273402	-3.18210211197805	0.842280489675995	-3.77796013439908	0.000158118181739935	0.0018583864886613
"AGL17323.1"	711.511462252697	-3.18090331336905	0.556580860808859	-5.71507850404048	1.09653390537025e-08	4.56145070055653e-07
"ADP96206.1"	253.409433820096	-3.17790163210442	0.542190621356711	-5.86122575147543	4.59462820791872e-09	2.10181717824988e-07
"AAZ36583.1"	72.3670348911318	-3.17732930164734	0.469850124845781	-6.76243153641864	1.35694807692289e-11	1.14425055305823e-09
"ABP86021.1"	913.345505514923	3.17665682362772	0.596546138369529	5.32508153067608	1.00907768461961e-07	3.23969482323515e-06
"ABP42962.1"	975.377018919611	-3.17643561686095	0.5176563397848	-6.13618606155091	8.45261538613488e-10	4.75179558936209e-08
"AAS11739.1"	45.7597566000277	-3.1732752409712	0.615643790595058	-5.15440144032644	2.54442341300409e-07	7.07193181093143e-06
"ADM68292.1"	222.20901757549	-3.17237821641922	0.794200366640897	-3.99443056144248	6.48499231949259e-05	0.000886060736830232
"ADO71457.1"	481.522703405947	-3.17044911152672	0.673582151140643	-4.70684846110884	2.51575777166956e-06	5.28365750755147e-05
"AAW28933.1"	115.240597682436	3.16998369873481	0.551515663763015	5.7477673020307	9.04295721248812e-09	3.86513939115752e-07
"ARE35335.1"	62.3105336289455	3.16985005261208	0.647504039625375	4.89549077476962	9.80606922838261e-07	2.29732815161339e-05
"ABG59366.1"	139.304815321066	3.16717986242831	0.731762263852671	4.32815412720705	1.50364233999922e-05	0.00025193032782166
"ACR11203.1"	97.706168309521	-3.16362323337937	0.701195111148279	-4.51175882872117	6.42922663268112e-06	0.000121136803593405
"CCF65281.1"	395.797727424222	3.16301980431505	0.481975036539649	6.5626216391289	5.28698798126393e-11	3.95760736693757e-09
"AEK40013.1"	3044.28849659027	-3.16234073864836	0.451510787217421	-7.00390960343891	2.48916751144763e-12	2.45300598873457e-10
"AMR28544.1"	265.156629002631	-3.159888321056	0.501801296747843	-6.29709078381249	3.03283674773008e-10	1.92097958347175e-08
"AFO74932.1"	327.290434179502	-3.15825742820063	0.420595359755273	-7.50901633826461	5.95732911496443e-14	8.13567736109972e-12
"ABD42832.1"	99.8069340276832	-3.15399348170868	0.788310164657139	-4.00095498334776	6.30873600188873e-05	0.000865357046099347
"ACR17210.1"	115.41222042468	-3.15041612356092	0.794216642938944	-3.96669617990253	7.28757935498942e-05	0.000977121990528179
"ABD83173.1"	117.026920844893	-3.15030309507969	0.79916025505238	-3.9420167296398	8.07993391597783e-05	0.00106600296848122
"AEG56685.1"	134.321242396939	-3.14762973880821	0.689653458852478	-4.56407446146299	5.01702711554409e-06	9.77223286384106e-05
"AGT95925.1"	167.630960024315	3.14373838796268	0.736485162702964	4.26856988730756	1.96730192280039e-05	0.000318361760871212
"ABR40294.1"	191.178998462404	-3.13997771393592	0.553955422591154	-5.66828590511583	1.44233147577167e-08	5.80165402237121e-07
"ACB64707.1"	500.477413165108	3.13981487769278	0.50549644455702	6.21134908366029	5.25316276995188e-10	3.13576854813588e-08
"ADM98059.1"	483.848320152343	-3.13633285067201	0.553080277527208	-5.67066478069764	1.42244481221322e-08	5.72989423924048e-07
"APY85400.1"	4475.94469324667	-3.13395721283395	0.789587579147896	-3.9691065254801	7.2142627410779e-05	0.000969148271109486
"ABE33280.1"	251.122591446453	-3.1337593120129	0.674699993177439	-4.64467073321691	3.4061926243156e-06	6.90512445404342e-05
"ALA68250.1"	372.283635158676	-3.13354529194703	0.54786330239531	-5.71957508058465	1.06790778498191e-08	4.46893069482116e-07
"ACR14738.1"	53.0532990329846	-3.13347194708451	0.725159449607346	-4.32107993460086	1.55267409307238e-05	0.000258280831311078
"AIJ12409.1"	550.56928692538	-3.12713503240267	0.579262510923894	-5.39847646521273	6.7209182289268e-08	2.26152435982013e-06
"ACC76593.1"	105.828476533558	-3.12187842187311	0.790144094337809	-3.95102417931686	7.78174610927262e-05	0.0010310353245395
"AAT94296.1"	555.788420567931	3.11826990209772	0.451859692685424	6.90096937738724	5.16488669591927e-12	4.72536496532535e-10
"ASA26418.1"	83.269423779334	-3.11800895401494	0.771997267174491	-4.03888599946325	5.37056573915542e-05	0.000755549539866307
"ADJ43311.1"	3049.84303866189	-3.11762657103589	0.457316628376699	-6.8172167325345	9.2821180832473e-12	8.04526866435268e-10
"ACM25985.1"	1075.78179939847	-3.11244398034611	0.577678036597718	-5.38785237305733	7.13045820362306e-08	2.3793123703055e-06
"SCF09315.1"	296.63533219567	-3.11142080994572	0.602645097998235	-5.16294054374741	2.43100373260696e-07	6.81947700381407e-06
"ADE53164.1"	180.826422855232	-3.11112839851452	0.654999465821453	-4.74981822254278	2.03599577685013e-06	4.36779599760124e-05
"ABR43077.1"	213.610426532086	3.11109994776792	0.389139566149697	7.99481784530521	1.2976557488525e-15	2.47137213230439e-13
"BAL92354.1"	1502.29090485547	-3.10935530383441	0.370152238634865	-8.40020666983354	4.45693528736957e-17	1.15533666949258e-14
"AFL03844.1"	1227.89759217923	-3.10801056699519	0.39579331068629	-7.85261014544692	4.0746675873772e-15	6.82499484522425e-13
"AIV33082.1"	851.371945588193	-3.10778137263445	0.380479695546528	-8.16806102667417	3.1338538927971e-16	6.85432606115216e-14
"AFZ65995.1"	446.940332934155	3.10685552312689	0.612320799105358	5.07390166668553	3.89740514800645e-07	1.01499306533571e-05
"AEA21271.1"	381.173227331063	3.10583809561415	0.641595046843834	4.84080747021434	1.29312609934455e-06	2.91719244780418e-05
"ACD26501.1"	803.70071099322	3.10358874523135	0.429023868447551	7.23407011470451	4.68729580002207e-13	5.40022770442049e-11
"ADB36615.1"	499.99711323437	-3.10018607104294	0.797498401002305	-3.88738844760891	0.000101328529332239	0.00129297789753208
"ABQ07962.1"	56.5674530085221	-3.0974424243195	0.795909133852621	-3.89170357843016	9.95428151521745e-05	0.00127260116520893
"AEE15635.1"	288.0606106776	-3.09350410385046	0.623080844525969	-4.9648518824294	6.87535218231628e-07	1.67521635940928e-05
"ABJ83974.1"	387.442464598723	-3.09344512649352	0.485168407530727	-6.37602341471009	1.81745151321373e-10	1.21130481505843e-08
"ACR12128.1"	166.604534023954	-3.09225738021551	0.80717035582582	-3.83098481986718	0.000127631380537185	0.00155947042109593
"ACN27961.1"	114.234278229364	-3.09121328717091	0.697595363488488	-4.43124115921955	9.36922328536397e-06	0.000168573762915842
"CUW27228.1"	1243.04505544021	-3.08946336413567	0.485194913004125	-6.36746858083693	1.92173398428457e-10	1.26293109446082e-08
"ADV83487.1"	111.8313123244	-3.08907910920344	0.891026735070724	-3.46687589453558	0.000526544939730536	0.005088419790368
"ACF82824.1"	3910.23611180777	3.08791623486365	0.838667433925315	3.68193172877944	0.000231473403432579	0.00257872240449601
"CAD62686.1"	1332.6912050254	3.08423979477615	0.584152507107309	5.27985373211721	1.29287053116626e-07	3.99065086995928e-06
"ADV27424.1"	1917.76374230518	-3.07978581931448	0.57982902760663	-5.31154128662197	1.08701936723798e-07	3.45036215478395e-06
"ABN67457.1"	218.817840037091	-3.07925590344995	0.551762413590784	-5.58076416153581	2.39464158258205e-08	9.19621203648381e-07
"AMJ64654.1"	617.365783389618	3.07918606107387	0.482958154768485	6.37567878432435	1.82154353171738e-10	1.21130481505843e-08
"ACF87003.1"	701.883931402195	-3.07837935379802	0.567995569500557	-5.41972423570991	5.96910376759588e-08	2.04792927791194e-06
"AII49444.1"	102.903843151501	-3.07774895302348	0.69948648933672	-4.40001200872646	1.0824488776604e-05	0.00019131463875619
"SCF37519.1"	1599.26708969303	-3.07663869879544	0.399005374866922	-7.71077006123432	1.25060810555132e-14	1.89254186610891e-12
"ACG72309.1"	2453.83403083984	-3.07603140189073	0.520860224748502	-5.90567537265107	3.51204949735319e-09	1.64972043167617e-07
"AAH45893.1"	60.3892582696914	-3.07564952135125	0.84698896372683	-3.63127461285695	0.000282024894987402	0.00302512220692234
"CCB65334.1"	354.24977607502	-3.07524266543187	0.814231348926803	-3.77686596012938	0.000158814143829341	0.00186421835247221
"AEI49190.1"	196.638896952657	-3.07035459063307	0.705194054250708	-4.35391446102792	1.33727904281663e-05	0.000229261874358202
"AKK09882.1"	682.823138336803	-3.06713892414696	0.635976868815912	-4.82272087954627	1.41613073675099e-06	3.14401237954645e-05
"ACA14629.1"	1184.60135856159	-3.06632269735864	0.496110107736096	-6.1807301434579	6.38058041447539e-10	3.72924278253973e-08
"ABF91523.1"	377.900700198445	3.06613088033973	0.374844213712627	8.17974712740363	2.84440150324856e-16	6.27022554999579e-14
"ABG11116.1"	534.468853943747	-3.06161428156646	0.791862374879841	-3.86634644944589	0.000110477967625372	0.00138634745927383
"ANS70234.1"	1337.56892144225	3.06141169238748	0.521314032810647	5.87249047542799	4.29296379501371e-09	1.9799969424251e-07
"ABF39947.1"	538.456604491984	3.05890405230077	0.536596223605043	5.70056947428733	1.1940785548597e-08	4.9305933955534e-07
"AHF12972.1"	48.6459055098133	3.05773900892716	0.741426325596516	4.12413061603531	3.72137682325302e-05	0.000551236325628526
"ACT03687.1"	829.885319584978	-3.05674677852576	0.625752436537274	-4.88491390531515	1.03474057547115e-06	2.40203956475044e-05
"CAB69046.2"	1348.49430521239	3.05644361542505	0.568379539117277	5.37746946375281	7.55400197950508e-08	2.50046155704833e-06
"AAK16178.1"	1729.0009501305	3.05271352243282	0.353266040948573	8.64140100824812	5.55278485574107e-18	1.55455764821327e-15
"CAD79663.1"	144.839926326216	-3.0522408920071	0.489790106176324	-6.23173243705395	4.61304888729452e-10	2.78935025159174e-08
"ACX75576.1"	125.94094336523	-3.05163798511861	0.498072664487642	-6.12689312764789	8.9611618933278e-10	4.97771207074613e-08
"AKJ02831.1"	411.606221099776	-3.05091991829045	0.48210099983671	-6.3283833041703	2.47743109763507e-10	1.59811430897215e-08
"SDT81452.1"	1347.97143744645	3.04899235374285	0.426889373810132	7.14234773878197	9.17501260543282e-13	9.8793712654499e-11
"AIQ46041.1"	96.7369951513154	3.04689635869868	0.77116569830689	3.95102682262477	7.78166015082732e-05	0.0010310353245395
"SDE76860.1"	14123.8324438068	-3.04626545545751	0.580151946438117	-5.250806231299	1.51434916770418e-07	4.56358657686181e-06
"CBL17979.1"	250.454893748361	-3.04504712502096	0.598976367292469	-5.08375169922876	3.70051635791381e-07	9.70034231799204e-06
"ACO53432.1"	76.6524449087727	-3.04472942340899	0.484688472338872	-6.28182760096727	3.34615796810193e-10	2.09572793008908e-08
"AAC79665.1"	797.169012596077	-3.04223551083833	0.443561781602517	-6.85865112149028	6.95137707986923e-12	6.1653634055685e-10
"ABZ72749.1"	2679.68363317547	-3.0405932285954	0.580246922411866	-5.24017122909814	1.60427667731533e-07	4.7752280601582e-06
"ADB53806.1"	4191.96696747255	3.04003050602275	0.592914069973159	5.12726997043664	2.93973824828082e-07	7.95177893708888e-06
"AEG96631.1"	94.6316942558703	-3.03983878878218	0.595443429910581	-5.10516807488947	3.30500630614485e-07	8.78698542704951e-06
"ACT01401.1"	168.181237812004	3.03885995382682	0.648562904258461	4.68552847206289	2.79238474815415e-06	5.79507808816335e-05
"ADG65882.1"	416.760931099068	-3.03838266398849	0.584940202077705	-5.19434747893232	2.05439116546336e-07	5.91715381361236e-06
"AIC18336.1"	50.0014817419516	3.03789028970231	0.705282984751099	4.30733529006717	1.65233050022111e-05	0.000272912358018821
"ABU58678.1"	987.878467143365	-3.03326275548813	0.590026499035988	-5.14089241829649	2.73436592951068e-07	7.51239534470863e-06
"ACT60291.1"	86.2746976093303	-3.03229904620737	0.758584224793779	-3.99731361014224	6.40654002367936e-05	0.000876751207640754
"CCV64583.1"	109.935586298157	-3.02244008202868	0.55668602031837	-5.42934431926302	5.65614674098097e-08	1.95252138299017e-06
"ADI07288.1"	3188.94932878109	-3.01841013136868	0.598675580995727	-5.04181267314831	4.61142602839551e-07	1.18063622428612e-05
"ADM72490.1"	58.3294449854605	-3.01618335242609	0.705177032036022	-4.27720021413293	1.8925857392317e-05	0.000307693556071607
"ALV47021.1"	812.180762309111	-3.01522808556449	0.680702476595885	-4.42958295178136	9.4415492371914e-06	0.000169657004136335
"AKD96630.1"	49.8709403119666	3.01521428471758	0.433433400056638	6.9565803750324	3.48631393144962e-12	3.29739340624539e-10
"ABM93480.1"	277.624737314949	-3.01494689230773	0.633873639657108	-4.75638471721061	1.97090705049022e-06	4.24116170526704e-05
"AKT38592.1"	746.870517318338	-3.01244114411186	0.56669759595113	-5.3157824660538	1.06199963405534e-07	3.38166191251419e-06
"SLK16803.1"	97.0578901008396	-3.01230419994979	0.643542289200031	-4.68081779628546	2.8573280514118e-06	5.92107743355476e-05
"ACM29077.1"	120.356820754609	3.01216323115456	0.45927033923324	6.55858428868587	5.43210003734429e-11	4.04460299589071e-09
"ADY52084.1"	111.045955512722	-3.01159432459178	0.692006441078447	-4.35197441211444	1.34917011020944e-05	0.000231017531531641
"ABL94289.1"	544.702358433858	-3.0110500401707	0.79418771765112	-3.791358104953	0.000149825739765056	0.00177208340112485
"ACB60803.1"	136.939294937671	-3.01093743764222	0.545834852612801	-5.51620590592462	3.46396389170216e-08	1.28107177162607e-06
"BAJ64920.1"	97.6202913826552	-3.00834437104466	0.669803007805488	-4.49138677489828	7.07609156189808e-06	0.000131629408217208
"AAU39156.1"	198.454087868685	-3.00418719626234	0.918165483823982	-3.27194525299565	0.00106810256722166	0.00906963890565292
"AAX69221.1"	1308.70185830379	-3.0030091040219	0.788667024040901	-3.80770212584184	0.000140264082579017	0.00167598517109781
"BAK05168.1"	1519.43753980061	-3.00254708268917	0.660032751747102	-4.54908801834675	5.38789052887029e-06	0.000103844635563251
"ABK52376.1"	286.84743210305	3.00182665063411	0.561214511245119	5.34880440631197	8.8537161836459e-08	2.89228282704026e-06
"AEG93719.1"	2826.93650725916	-3.00153369448545	0.769977104096242	-3.89821162021238	9.69057141898174e-05	0.00124619769152877
"AQQ09760.1"	59.4924320144838	-3.00139670597585	0.874569974930926	-3.43185427353929	0.000599469584624639	0.00563368596547546
"AAO79096.1"	118.532260929015	-3.00138271824692	0.858176492411934	-3.49739563456397	0.000469824502349651	0.00461840125273203
"AER38243.1"	52.7212364870553	-3.00003351160876	0.467695999880573	-6.4144946982117	1.41290707547335e-10	9.62426921774989e-09
"ACV07738.1"	9352.20433570964	-2.99858103953407	0.502427273911348	-5.96818921908917	2.39901064185188e-09	1.19506587062785e-07
"AEV88403.1"	1082.05139294377	-2.99739244543868	0.579585772274193	-5.17161150053328	2.32083719421016e-07	6.56304627162704e-06
"ABR74049.1"	359.549760867533	-2.99644572464817	0.761424890673235	-3.93531359606432	8.30881321026066e-05	0.00109054634146487
"ACY95474.1"	93.5286797624265	-2.99406268438278	0.688998256536551	-4.34553013157581	1.38939697070518e-05	0.000236603148368992
"AAO79104.1"	99.8161964921432	2.99400533501807	0.661620051680817	4.52526389944188	6.03201885708873e-06	0.000114257374778793
"ABD82495.1"	144.314761246118	-2.99142581421233	0.683914998871217	-4.37397310945014	1.22005414296163e-05	0.000211496196819528
"ABR07374.1"	159.109814480592	2.99062338640659	0.462900147478746	6.4606231013221	1.04272728984959e-10	7.29804830165731e-09
"BAC74089.1"	524.106115455981	-2.98830139267307	0.5011023960893	-5.9634546072706	2.46960081787238e-09	1.22586781023325e-07
"DAA04516.1"	200.845691265851	-2.98499757013995	0.621607913796179	-4.80205850647956	1.57042790282568e-06	3.44288955109693e-05
"AEH52450.1"	103.457445184145	-2.98487822004801	0.456765950158129	-6.53480895196909	6.36907897237426e-11	4.64345663829661e-09
"AFU99235.1"	754.178138596619	-2.98373289390755	0.578886059662086	-5.15426627417707	2.54625920325007e-07	7.07193181093143e-06
"ABV99424.1"	1237.79890004123	-2.98097861424992	0.561496530297881	-5.30898848594571	1.10235296209156e-07	3.49507061457706e-06
"AEG08294.1"	92.3018307817024	-2.98032502200868	0.542090436565778	-5.49783729978613	3.84477413505159e-08	1.40154032141802e-06
"ACR11184.1"	168.549238167211	-2.98024310803426	0.860600552579152	-3.46298070469825	0.000534226703975108	0.00513959134174815
"ABP61028.1"	139.988262368183	-2.97942914020165	0.58742808904531	-5.07198956904466	3.93677972390204e-07	1.02334340900986e-05
"ADV83775.1"	245.463804106685	2.97764792639611	0.644293884619516	4.62156788614336	3.80850662743007e-06	7.62682056806382e-05
"ADL06311.1"	126.664043966173	2.97499389425759	0.745455925508274	3.99083807970156	6.58402213725928e-05	0.000896092774694753
"ADG11906.1"	622.622460019742	2.97097045006354	0.32399155950064	9.16990076729968	4.73454672072895e-20	1.92099086947142e-17
"ADU31633.1"	69.1489413280654	-2.96961402142147	0.803123431488933	-3.69758110022518	0.000217663690295324	0.00244432919113834
"AMP24478.1"	420.664074720199	-2.96951140463967	0.737349553517775	-4.02727768732295	5.64263771558053e-05	0.000787886710650337
"ACD05045.1"	43.2357784069499	-2.96944631998159	0.683056220964796	-4.34729415945782	1.37827317104723e-05	0.000235424866971558
"AII40305.1"	56.4443198660158	-2.96928289309777	0.771523612092173	-3.84859626660789	0.000118796612037676	0.00147225761425709
"AFN73994.1"	717.91177837641	2.96742669716669	0.61288664014873	4.84172194787372	1.2871879605213e-06	2.90848378876144e-05
"AMH00611.1"	49.1190190926842	-2.96581683182889	0.680555058981653	-4.35793811637633	1.31293492868221e-05	0.000225918415878224
"AGL03912.1"	68.0830466966811	-2.96377694351681	0.85120739620272	-3.48185055338848	0.000497961519951656	0.00485239495738481
"AQZ67968.1"	1593.77750676738	-2.96266964017522	0.424092488814212	-6.98590453336965	2.83026489274363e-12	2.73227917025002e-10
"AEG99244.1"	163.07370201004	-2.9616309693294	0.515696161811618	-5.74297655992885	9.30266084571909e-09	3.96403794576486e-07
"SMS15441.1"	171.640172567994	-2.96058051199155	0.717809620464758	-4.12446479900154	3.71597815791288e-05	0.000550728028104442
"ADB48040.1"	178.937258625373	-2.95823211563217	0.446432796498817	-6.62637722593934	3.44025350355396e-11	2.65325997480707e-09
"AHW94984.1"	81.2218933390824	-2.9559196194997	0.536864996202207	-5.50589001035629	3.67307814925076e-08	1.34949469640977e-06
"ADV89072.1"	58.4634030918479	-2.94942536593549	0.575378045179625	-5.12606518556808	2.95860208368603e-07	7.98736971406694e-06
"ABO18055.1"	153.484588677516	-2.94920308528735	0.737802560669907	-3.99727954672527	6.40746167607152e-05	0.000876751207640754
"ACR14618.1"	146.379412046004	-2.94855619914623	0.653529840395792	-4.51173919979005	6.42982176524505e-06	0.000121136803593405
"ABW19905.1"	109.719853038214	-2.94546030080643	0.789517640569249	-3.73070866242169	0.000190941924814981	0.00218634361027412
"AIS98420.1"	68.9592860394047	-2.94161960463313	0.533507225676079	-5.51373901432245	3.51289410817248e-08	1.29574418250852e-06
"ANZ13601.1"	317.199064353844	-2.94019944850077	0.571203152845005	-5.14737958615328	2.64150459162394e-07	7.31469461395686e-06
"ADK97265.1"	86.0741621349495	-2.93977138386502	0.695806558499596	-4.22498372278094	2.38958049170795e-05	0.000375835367673346
"ADX56344.1"	707.607199977814	-2.93939931144602	0.385479892046867	-7.62529867858489	2.43470004049549e-14	3.53170271159129e-12
"AEB03072.1"	159.706173980805	2.93915492002501	0.478831659348561	6.13818001095344	8.34722460810247e-10	4.72098788138256e-08
"AAK47445.1"	164.711863956775	2.93753840869131	0.514745113973514	5.70678250059594	1.15131747552973e-08	4.7680893557589e-07
"ADP99509.1"	220.149661242916	-2.93695160648384	0.701599697251919	-4.18607878251305	2.83814874437401e-05	0.000437537512376072
"AEF25615.1"	81.0263156052875	-2.93541206702234	0.757900014718616	-3.8730861723392	0.000107465808851113	0.00135523098405214
"ADM09007.1"	356.368705706391	-2.93515832172279	0.546636558977988	-5.36948777668745	7.89605882607271e-08	2.59762706104268e-06
"AEK35544.1"	540.194014056589	2.93440664489085	0.621109236553579	4.72446145089282	2.30725975091506e-06	4.88608502168064e-05
"ADI12151.1"	763.215754136004	-2.9343629408723	0.439246082011667	-6.68045330634129	2.38204271790669e-11	1.9163122968539e-09
"AID53183.1"	230.15907702808	2.93321752504217	0.867491966128836	3.38126189010325	0.000721537375904583	0.00661432887224122
"ADG79625.1"	235.286492954058	-2.93165876903014	0.577554211916595	-5.07598890033461	3.85485796906589e-07	1.00572720719972e-05
"ADU22705.1"	186.306892734819	2.92776833524646	0.629472399532084	4.65114647985011	3.30094752506672e-06	6.72096922994677e-05
"AKM29956.1"	536.143681553614	-2.92465948853685	0.55402222776974	-5.27895694782914	1.29921323341305e-07	4.00140524561404e-06
"ADU48919.1"	613.954433537386	-2.9214844106488	0.495070747701513	-5.90114528925918	3.60986831898247e-09	1.68717651850139e-07
"ACK49434.1"	173.80492964595	2.92117183291156	0.518134477894084	5.63786421776916	1.72172177914535e-08	6.83706708212103e-07
"AGP59587.1"	1055.82784198844	-2.92093536627734	0.626364004352902	-4.66331932546949	3.11149366938778e-06	6.38631794488125e-05
"ACO53524.1"	1569.536146792	2.9202281594549	0.887694797586475	3.28967587440482	0.00100302850721884	0.00862432005162734
"ADI12519.1"	1924.35657686303	-2.9183739761175	0.737104164119612	-3.95924228647272	7.5187929846767e-05	0.00100331805719261
"AEJ47977.1"	162.637766325637	2.91816247791975	0.483281640379966	6.03822333417307	1.55820306524922e-09	8.24639943567433e-08
"AEM77594.1"	45.0459746147212	-2.91645776897524	0.627033591702089	-4.65119860812956	3.30011311598823e-06	6.72096922994677e-05
"ADI10071.1"	3187.3019576347	-2.91372219200552	0.470026188122842	-6.19906351099742	5.68001097276021e-10	3.36901667782616e-08
"ADW68878.1"	394.51744595611	-2.91368672934393	0.672100961184291	-4.33519202860504	1.45632934589263e-05	0.000245771339071794
"ACF88424.1"	439.329913068501	-2.91361868972532	0.405607965026131	-7.18333696809335	6.80301485871844e-13	7.61828815938726e-11
"AAD20440.2"	81.7745968059816	-2.91294879178996	0.566593637708264	-5.14116043302594	2.73046773039849e-07	7.50905447742986e-06
"AIT22661.1"	71.0960016768295	-2.91162793412059	0.530972456636067	-5.48357621517125	4.16812580821143e-08	1.49425668556711e-06
"ACF78280.1"	112.012587363307	-2.91099625524641	0.585364664539802	-4.97296203817658	6.59375767900646e-07	1.61621367179894e-05
"AJF65548.1"	492.977472630848	-2.91096520334074	0.553837177081563	-5.25599458432896	1.47226622401958e-07	4.45575888866164e-06
"AKC83656.1"	1321.07180122406	-2.91038602256328	0.532213570479188	-5.46845511651059	4.53974987632753e-08	1.61492805003387e-06
"ADO77238.1"	53.0625591865662	-2.91021495885713	0.5194928166242	-5.60203118450889	2.11854428589102e-08	8.2147875107763e-07
"ACV54571.1"	2716.6061666885	-2.91009058614572	0.430263661526046	-6.76350537208812	1.34692377196779e-11	1.13922894018158e-09
"ADG87543.1"	638.438994364413	2.90525078446263	0.615845332303692	4.71750069712304	2.38759582804116e-06	5.04476473976153e-05
"ANB10624.1"	387.994770206778	2.90442801492846	0.511549421656481	5.67770755271982	1.36511840466533e-08	5.54685846981287e-07
"ACD96977.1"	530.551365239042	-2.90394871739467	0.556051101406963	-5.22244935770629	1.76571855040099e-07	5.19254795556997e-06
"AHH21332.1"	491.95942296457	2.90322202192371	0.34140807571466	8.50367120299215	1.83687315275684e-17	4.89762864615053e-15
"AEV67023.1"	51.3752753162154	-2.90117924741328	0.600852013754578	-4.8284422470094	1.37605228874688e-06	3.07208611449422e-05
"AEM84668.1"	153.070731866394	-2.90010267825797	0.45532316349358	-6.36932822834273	1.89857916085869e-10	1.2535995798915e-08
"AAV96640.1"	115.039984532329	-2.8998854480785	0.718453320250207	-4.03628929861246	5.43032493805235e-05	0.000763189643402176
"ACL76655.1"	85.3984389315457	-2.89964841626044	0.586771062619577	-4.94170316326656	7.74430606176771e-07	1.87227627379317e-05
"AEB48759.1"	102.204749119721	-2.89912501990258	0.690201586512954	-4.20040329746209	2.66439950965985e-05	0.000413713414711243
"AHI20993.1"	314.679444341033	2.8958177807851	0.678060312817567	4.27073775893477	1.94827392484877e-05	0.000315464874494309
"AGT32307.1"	144.778099296485	2.89575658680013	0.711040366681938	4.07256285647065	4.64986459053374e-05	0.000668606107224358
"ACA16381.1"	162.189090417384	-2.89575370159653	0.652372079116991	-4.43880692367466	9.04589182128476e-06	0.000163455163498406
"ACA19680.1"	395.45981552381	-2.89481059089114	0.556350653068935	-5.20321235343722	1.95872831884227e-07	5.68254487194904e-06
"ABD68845.1"	598.651457121883	-2.88791971865646	0.708325938774832	-4.07710569466311	4.55997678272242e-05	0.000658726057838477
"AEI65732.1"	1557.61215737064	2.88784050677106	0.546781650808238	5.28152417423359	1.28113574220034e-07	3.95879428682568e-06
"ADP96210.1"	76.7192548430893	-2.88598634946517	0.878156976667992	-3.28641282383877	0.0010147217714869	0.00869282457605488
"AGH41235.1"	1333.77715389674	-2.88481723765978	0.493632019912592	-5.84406424480039	5.09423664767812e-09	2.29659016406436e-07
"ARU26673.1"	346.276912823555	-2.88450521360774	0.833988631748447	-3.45868649019881	0.000542816340467863	0.0051936726820705
"ACB76939.1"	390.160459694656	2.88109243050655	0.559981696873256	5.14497607081369	2.6755491327885e-07	7.38704867076399e-06
"AHI74906.1"	72.9190808084366	-2.88086085319061	0.52692006834946	-5.46735838362487	4.56791894111022e-08	1.62288653141271e-06
"AAW47079.1"	63.8214112808428	2.88070782188033	0.812077727800159	3.54733016713054	0.000389156563242509	0.00394168854722767
"ACK73416.1"	52.6732830611349	-2.88050173334265	0.76254096255497	-3.77750425851385	0.000158407797291187	0.00186100910321615
"AIQ50890.1"	156.682962244065	-2.87931036607801	0.7546958054743	-3.81519328077949	0.000136076382228457	0.00163712694321782
"CAN94263.1"	838.99774767486	-2.87383286972241	0.393077622086837	-7.31110780223335	2.64948857073909e-13	3.21104251196587e-11
"ABO03702.1"	83.4550267499847	-2.87060973336767	0.513660854013763	-5.58853124768342	2.28998175418501e-08	8.83062385539443e-07
"CBX91374.1"	106.985978651675	-2.86989021920057	0.812373878693098	-3.53272094841046	0.000411306369457897	0.0041286959911593
"ABC20431.1"	111.687982712953	-2.86767816032021	0.697247345730673	-4.11285633122784	3.90793606787719e-05	0.000574614381072951
"AMV19001.1"	348.258427361318	2.8675395636133	0.42561610286498	6.73738503856134	1.61262437897046e-11	1.34023494048759e-09
"ABV84537.1"	194.955464217979	-2.86203610360215	0.478966897575836	-5.97543612739751	2.29475437544037e-09	1.15339216328238e-07
"ADV24093.1"	181.503667446025	-2.86127056747935	0.751301800459165	-3.80841702459739	0.000139859261057782	0.00167186160229448
"ADW06331.1"	238.134782415823	-2.86032350105972	0.528865599853204	-5.40841284033912	6.35857184823115e-08	2.16402152948241e-06
"ACY17037.1"	496.505552049074	-2.85775720609314	0.562029862843146	-5.0847070503275	3.68193916367521e-07	9.6606906116449e-06
"ACB74648.1"	678.300073733131	-2.85717832753673	0.54930524228057	-5.20144012402737	1.97750182951986e-07	5.71332726720723e-06
"ADY30750.1"	114.161984955688	2.8566314337958	0.801863994795409	3.56248871671144	0.000367355702056532	0.00377135688843955
"ADY33436.1"	194.924629184062	2.85390656537511	0.714032321968836	3.99688708419515	6.41808957461926e-05	0.00087777643249165
"ACU35919.1"	611.102011338338	-2.85354771077771	0.377865768122812	-7.55174972571282	4.29449143154689e-14	6.04163729234105e-12
"ABM33991.1"	1110.45263455002	-2.85140416725656	0.670711695518518	-4.25131123597327	2.12522588424417e-05	0.000339612438944594
"AEA61607.1"	1728.16790861576	-2.85103017035062	0.628578289837661	-4.53568030656442	5.74180998639028e-06	0.000109650554146645
"ABY79073.1"	2354.57315303146	-2.85095403852572	0.592590104675124	-4.81100513834719	1.50173155940287e-06	3.31043123913723e-05
"ADY37532.1"	178.851324576874	-2.84913860634376	0.542200296823515	-5.25477138805615	1.48208452528886e-07	4.47116792780033e-06
"AKP50784.1"	220.6481683437	-2.84903205811771	0.65272520890608	-4.36482614620091	1.27223901086872e-05	0.000220133518839807
"AAO79179.1"	60.0321272589649	-2.8489025034569	0.666891811250914	-4.27191105872646	1.93804878772357e-05	0.000314323283218717
"AEK61665.1"	139.253310861172	-2.84855961637294	0.640825974495807	-4.44513757204387	8.78356413919341e-06	0.000159367894776966
"ANE44867.1"	181.235405611599	2.84827353695092	0.589387415553321	4.83259985162211	1.34761482046919e-06	3.01822596110844e-05
"ADO71774.1"	405.665805384115	-2.84787507735546	0.499810348787902	-5.69791138631261	1.21284058165409e-08	4.97869280410381e-07
"ACK42407.1"	184.867476628993	-2.84735019130891	0.902992481014831	-3.15323798500393	0.0016147010944711	0.0125430554497261
"ADB50953.1"	1462.91848055571	2.84722265544769	0.323291944090124	8.80697062669143	1.28573367603453e-18	4.23475294050148e-16
"BAH32244.1"	45.967483635174	2.84673334187357	0.493943124043969	5.76328164782827	8.24939591150814e-09	3.56404456695342e-07
"ABI67262.1"	590.444878011183	-2.84622669596949	0.522610316149181	-5.44617396178041	5.14648051303089e-08	1.79876240253199e-06
"ABD25176.1"	481.562572932169	2.8453137066959	0.593611315962449	4.79322686442166	1.64119853046542e-06	3.58400889695085e-05
"ARW16988.1"	231.308983551437	-2.84354087881347	0.431559751970491	-6.58898533941113	4.42842507588901e-11	3.35076184931321e-09
"ADB19280.1"	175.7732333383	-2.84148837945844	0.717431713339273	-3.96063949589401	7.47493107191802e-05	0.000998416842983859
"ADV49788.1"	160.358180383422	-2.83958479350958	0.840381861173453	-3.37892204092146	0.000727706407870418	0.00665780019435955
"BAH30925.1"	159.716276775379	-2.83952499436646	0.691441371306533	-4.10667500123829	4.01395375620071e-05	0.00058711938013895
"ADV23067.1"	70.2474038203331	-2.83861476900636	0.63722075331509	-4.45468035094384	8.40182771024204e-06	0.000153336094247677
"AGK75212.1"	692.335590155561	-2.83607165697321	0.352350609427913	-8.04900454572208	8.34701480643207e-16	1.65732642922604e-13
"ADV63033.1"	146.085172284495	-2.83504449596564	0.576988315220118	-4.91352150672945	8.94549148393881e-07	2.12055867556605e-05
"ALJ59332.1"	89.0415963176365	-2.83401608941387	0.637452840230377	-4.4458443206397	8.75473333373107e-06	0.000158947804417078
"AKZ55003.1"	270.160777156635	-2.83389572335017	0.433598143555857	-6.53576535201448	6.32850697192752e-11	4.62592379075934e-09
"AAZ48657.1"	123.980602631733	-2.83276435881589	0.53897833339991	-5.25580377405271	1.47379366013026e-07	4.45575888866164e-06
"ACB73670.1"	947.365988509533	2.83082906226947	0.463051804536362	6.11341762311861	9.75197213671483e-10	5.38493514673508e-08
"ABE62638.1"	1640.23365650366	2.83005196065295	0.474115471646509	5.96911961304435	2.38537194936444e-09	1.19038989473096e-07
"ABE64487.1"	115.225476043454	-2.82986883762287	0.535067902463208	-5.2888032053417	1.23119266471315e-07	3.83409008245933e-06
"CDP27896.1"	65.6357552425938	-2.82978738174197	0.697145650739074	-4.05910497862534	4.92611652010434e-05	0.000703630398453271
"AEX52955.1"	57.3102603347021	-2.82923008318456	0.763755326873084	-3.70436707101972	0.000211919200723596	0.00238940392406677
"ABF65723.1"	291.254330065294	2.82614859591661	0.678771793690321	4.16362114953468	3.13239698552711e-05	0.000478160229044803
"ACO67626.1"	456.438224357028	-2.82368612046542	0.818710369874	-3.4489438809722	0.000562783650741903	0.00536090203680515
"AJY16834.1"	341.037437095231	2.82153595979612	0.443827119794022	6.35728605567317	2.05349378741103e-10	1.34321523533549e-08
"ACV56468.1"	1839.72655376948	-2.82005543294408	0.837808657193143	-3.36598984592966	0.000762695158663538	0.00691464172990428
"ADG20215.1"	797.676167800843	2.81907444746507	0.485171319467178	5.8104721659166	6.22968901013177e-09	2.76835513535951e-07
"AHI81007.1"	73.7543247877732	-2.81426167348222	0.554444461375954	-5.07582250257875	3.8582333923864e-07	1.00572720719972e-05
"ACO78265.1"	217.655761428088	-2.81420721493813	0.511455462715982	-5.50235048814191	3.74761000104927e-08	1.3732734239447e-06
"AEO67457.1"	718.736711367892	-2.81410470257888	0.429798503976362	-6.54749766819488	5.85091342702869e-11	4.328787054771e-09
"ACT16262.1"	58.9456220964767	-2.81248749329001	0.78316304869465	-3.59119023551707	0.00032917125036488	0.00344049199369738
"ADL50891.1"	79.5631406170337	-2.81213931724035	0.564052374388347	-4.98559964451849	6.17699340334111e-07	1.53307719255264e-05
"CCH14568.1"	136.765174706103	-2.81168614430838	0.595629631157305	-4.72052765213391	2.35233625379043e-06	4.97401856201789e-05
"AEK42473.1"	936.334022052512	-2.81097415097999	0.568931043730029	-4.94079938501978	7.7802928460296e-07	1.87935356788132e-05
"AKA04743.1"	283.61157257727	2.81065330736419	0.396300008643174	7.09223630094565	1.3196193170664e-12	1.386826525674e-10
"ADB42387.1"	827.693708564835	-2.8102403149594	0.919577926010701	-3.05601106276087	0.00224302979768545	0.0163530891187505
"SHO77371.1"	194.842769370148	2.80997714466819	0.613523139458517	4.58006709762931	4.64826783467461e-06	9.14496881936406e-05
"AGM02855.1"	448.110401557146	2.80992106178352	0.492706144419673	5.7030363708842	1.17691857330033e-08	4.86691467918995e-07
"ABR44810.1"	187.81316830413	2.80987694834102	0.653263146203956	4.30129414871927	1.69803474246968e-05	0.000279143750147864
"AAN16193.1"	125.144688197462	-2.80787889060695	0.644249636841705	-4.35837093268995	1.310341613724e-05	0.000225610847588052
"ACZ22176.1"	686.619693027362	2.80601041538706	0.512266495481224	5.47763798753046	4.31040847162308e-08	1.54314828096624e-06
"ACR13299.1"	234.837171923845	-2.8053993764678	0.806236631940674	-3.47962281212029	0.000502120169881314	0.00488272187426095
"BAU27076.1"	116.280787496038	-2.80490875258947	0.600034154207295	-4.67458182658792	2.94553179155429e-06	6.09033294212363e-05
"AFK06814.1"	372.599624147998	-2.80420192997106	0.489887987035398	-5.72416961465201	1.03940866872892e-08	4.3561804026549e-07
"ADE53148.1"	184.007692116607	-2.80382629404115	0.544489550065373	-5.14945841238738	2.61239687779977e-07	7.2484304252609e-06
"ABR30877.1"	49.5566759515483	-2.80345937271169	0.579626198454528	-4.83666780450336	1.32033813291177e-06	2.96662811950225e-05
"AAL02787.1"	187.626724430389	-2.8025384116485	0.488797578521566	-5.73353579231132	9.83582980481424e-09	4.15957539600573e-07
"AAI32201.1"	100.698949042621	-2.80117266889588	0.849484454149292	-3.29749727050755	0.000975506227714046	0.0084421243743686
"ADK67719.1"	731.271911133483	-2.79999512819397	0.319626026687965	-8.76022255511584	1.94865254835445e-18	6.12971648805968e-16
"AFN47105.1"	988.745462507053	-2.79937899391599	0.503585227578023	-5.55889815787393	2.7148304169485e-08	1.0215644133453e-06
"CEF78598.1"	74.5130196102934	-2.79800364949083	0.55736141350103	-5.0200885488562	5.16476657026507e-07	1.30146539064933e-05
"ABQ74844.1"	165.33298611168	2.79565004460124	0.470592351144035	5.94070438630137	2.83799977977368e-09	1.36516566726021e-07
"ADI12636.1"	1066.51053788996	-2.79534945583162	0.622693729539305	-4.48912414438434	7.15166118012622e-06	0.000132858597477647
"ABJ06717.1"	1378.30175664547	2.79451987089756	0.532338616756247	5.24951559577941	1.52499689085775e-07	4.59073257596273e-06
"ACG38761.1"	574.843958251493	2.79365519033028	0.365454503341401	7.64433100368856	2.10034464442907e-14	3.07859940656734e-12
"ABO07903.1"	338.272297810926	-2.79219217142155	0.536089161178629	-5.20844735096438	1.90427366863806e-07	5.54755937847983e-06
"AIU18001.1"	149.949354921252	-2.79218896162123	0.690371935527277	-4.04447054976051	5.24414995967845e-05	0.000739996079995756
"AAS50830.2"	120.472682148621	2.78858573705354	0.717482914620595	3.88662319370789	0.000101648351405855	0.00129646799360288
"AGL19301.1"	996.611382175814	-2.78835660445999	0.47491948203025	-5.87121966978474	4.32600603704131e-09	1.988684154565e-07
"CAW41338.1"	154.176252704766	-2.78681886823102	0.438139569653103	-6.3605733452413	2.01002047457494e-10	1.31785792051991e-08
"AFI25187.1"	177.342368687266	-2.78551715485482	0.761842752043258	-3.65628884357576	0.000255893009704162	0.0027897121104664
"AGB28354.1"	842.974004511365	2.78535859364985	0.536379541108545	5.19288746154131	2.07057355748681e-07	5.95360512751942e-06
"CAB61821.1"	256.135371006353	-2.78410302689479	0.373615942266345	-7.45177791398967	9.20906554169398e-14	1.193597217154e-11
"AOW87177.1"	164.030589606006	-2.78377564220718	0.702127563403078	-3.96477191226442	7.34661601280927e-05	0.000984095032988557
"ABN86582.1"	87.1978401826384	-2.7834297639355	0.539199615623149	-5.16215086822477	2.44128406643343e-07	6.84146033271974e-06
"AIJ13978.1"	911.517110837256	-2.78284304939378	0.519405332668165	-5.35774832171711	8.42655085829354e-08	2.75848791222069e-06
"AGP58778.1"	196.753053147987	-2.78242138123404	0.51215049821377	-5.43281982725451	5.54704093120451e-08	1.91959156872684e-06
"AAX69223.1"	1391.00530149924	-2.78070873485741	0.74402468499377	-3.73738773852738	0.000185942066010499	0.0021334565901762
"ABV99044.1"	1990.50585072391	2.78067797619487	0.329022609237045	8.45132795780465	2.88007985366438e-17	7.60667128143282e-15
"ACV12589.1"	628.360485273085	2.77642928233084	0.487144514008108	5.69939556434095	1.20232952553463e-08	4.95735160484059e-07
"AJY30968.1"	71.3552182788803	-2.77615421356682	0.492051488865001	-5.6419994175213	1.68086668474543e-08	6.69381845037454e-07
"AGN37922.1"	91.050011767054	2.77179913997467	0.48470176370237	5.71856623504406	1.07426641399025e-08	4.48214046588243e-07
"ADI11756.1"	827.148308294745	-2.76846003082258	0.459360218184916	-6.02677358906193	1.67265058992562e-09	8.73647871558912e-08
"ALG13481.1"	798.455693494966	2.76300032588283	0.549531783719373	5.0279172337988	4.95835786305434e-07	1.25851483893082e-05
"AIQ12062.1"	80.5674916891686	-2.76233673511043	0.553115137774546	-4.99414415997485	5.90972435905581e-07	1.46934851826045e-05
"ABI13865.1"	150.573074144946	-2.76014910175228	0.496153024540173	-5.56310042513667	2.65023270097955e-08	1.00129439536604e-06
"AIA16533.1"	127.596934178389	-2.75607415181343	0.811874005124395	-3.39470673333253	0.000687021491783528	0.00633526142423309
"AIU24625.1"	143.260256617445	-2.75582600920428	0.662013187098578	-4.16279624471275	3.14373877378796e-05	0.00047963003112244
"ABJ87849.1"	1699.50986162661	-2.7535163855498	0.511928976708869	-5.3787078107042	7.5022351355051e-08	2.48853761674883e-06
"CAW41297.1"	135.284193611252	-2.75253657607912	0.462380439167026	-5.95296933632788	2.63320648674268e-09	1.28770392483413e-07
"ABI93796.1"	102.013949314094	-2.75183368698689	0.55882769874107	-4.92429722647292	8.46640684902138e-07	2.01895678147532e-05
"AAF49203.1"	73.186442343227	-2.7515649655306	0.817021604405376	-3.36779951802275	0.000757706729308033	0.00687386830645097
"AHI66993.1"	75.8503651935769	-2.74818596122687	0.537808778776206	-5.10996857931627	3.22212394388352e-07	8.60749827604609e-06
"ABW67775.1"	189.318496113298	2.74646202293012	0.48795795273204	5.62848091224436	1.81803616204225e-08	7.18894638312639e-07
"ACE91307.1"	188.229088459862	-2.744379392727	0.515932313132395	-5.31926247469356	1.04188736103328e-07	3.32596106721638e-06
"AEO12134.1"	105.053045483866	2.74425005408047	0.753721118864336	3.64093559991439	0.000271649085312962	0.00293267440844913
"ABK75685.1"	143.860203740834	-2.7438878911075	0.725486772584549	-3.78213358919335	0.000155489872900781	0.00183133970623907
"ADU29633.1"	130.709046070318	-2.74119829168621	0.84131711044251	-3.25822244390634	0.00112112487912301	0.00943119354444947
"ACA84857.1"	99.6694931736655	-2.74061627380884	0.689056644470478	-3.97734539794611	6.96889031594569e-05	0.000942953292543674
"ABP43649.1"	639.534604080053	-2.74041286556486	0.553720480525227	-4.94909067290678	7.45610078667715e-07	1.81041628468182e-05
"ACB76628.1"	1413.6823797213	-2.74021158891212	0.405768893925585	-6.75313369243787	1.44685502022061e-11	1.21640099537826e-09
"CBL17517.1"	231.436227537826	2.73982547531273	0.661901828291613	4.13932302073299	3.48332199355063e-05	0.000521492419954243
"ADY34724.1"	56.8288250832363	-2.73884609476797	0.654321838298806	-4.18577821258234	2.84190739735565e-05	0.000437634980728102
"ALV32732.1"	364.388065672524	-2.7388117292646	0.449843969271445	-6.08835933423828	1.14073615809258e-09	6.21323919882487e-08
"ABK43145.1"	89.4942537015864	2.73869448455012	0.704961458892178	3.8848854075709	0.00010237816540427	0.00130340114536514
"ACZ40842.1"	102.122938096845	-2.73757250936238	0.715282623005432	-3.82725991281574	0.000129577669912633	0.00157655647408695
"ABN93419.1"	82.4223702735265	-2.7368190394145	0.508613731198983	-5.38093816885921	7.40986445086831e-08	2.46373592834334e-06
"ACN34619.1"	279.997852663534	-2.73679926295723	0.657684589033583	-4.16126409009939	3.1649083092239e-05	0.000481547679483871
"AJY00848.1"	70.6489795339857	-2.73602076067404	0.52174179323683	-5.24401302740205	1.57121098670778e-07	4.69451683926051e-06
"ADI02567.1"	67.4579638084638	2.73598968005378	0.75318463741207	3.63256171747554	0.000280621428550556	0.00301122173771612
"AIW00656.1"	127.38494317767	2.73465363227004	0.825158173257827	3.31409627983601	0.000919398432385824	0.00805365410296418
"ADF63923.1"	60.8259433431932	-2.73440548557851	0.646906331676635	-4.2268955360068	2.3693759800522e-05	0.000373139205249085
"AKR17307.1"	23.1166460908974	-2.73424669537803	0.562973111755848	-4.8567980215791	1.19299172803574e-06	2.72382665711128e-05
"AIE85386.1"	903.353919575462	2.73153406780564	0.407923381666204	6.6961939191826	2.13917815911807e-11	1.73589657225129e-09
"AKI02378.1"	161.88666306224	-2.73134873594133	0.565817092339727	-4.82726445156835	1.38421258875826e-06	3.08538341042007e-05
"AAY47122.1"	172.436155134761	2.73109716012755	0.34644101052787	7.8832963683087	3.18855594024831e-15	5.51029704340689e-13
"AEA96627.1"	69.8202563442255	2.73075218644103	0.561704505814812	4.86154580953518	1.16472618771262e-06	2.66838578978744e-05
"AAF52614.1"	42.3358294808768	-2.73021056145579	0.458362031143963	-5.95645008955438	2.57775787309617e-09	1.26831123752549e-07
"AKS35647.1"	228.033030246515	-2.72944659383839	0.712961847918657	-3.82832069037977	0.000129020576607794	0.00157046089683121
"AEW98041.1"	2294.73966178047	-2.72859594492547	0.699427934759609	-3.9011823939564	9.57239915760565e-05	0.00123213281294863
"ABA75757.1"	261.363392585301	2.7274241532989	0.47481555772108	5.74417604677786	9.23696498864484e-09	3.94204377777593e-07
"ABO23991.1"	154.821323491573	-2.72712345444432	0.648987595354032	-4.20211953813483	2.64427429179363e-05	0.000411272794850302
"ABF50324.1"	41.8582018213308	-2.72418751960789	0.485710154346224	-5.60866906987914	2.03888459808536e-08	7.96103392022285e-07
"AET59923.1"	121.493844296363	2.72205248929182	0.691978908029824	3.93372176189871	8.36405986952327e-05	0.00109625571211224
"ABG03680.1"	637.598132072873	2.71952576622467	0.506612231097038	5.36806180209211	7.95872838872232e-08	2.61210504068781e-06
"ADV46712.1"	99.08219627229	-2.71840031211738	0.603079474210614	-4.50753247020314	6.55858963277719e-06	0.000123148407350255
"AEL06905.1"	743.576361474054	-2.71511662129508	0.603134969980158	-4.50167335079974	6.74205436031922e-06	0.000125917647679451
"ARE33211.1"	47.1676500681395	2.714512138527	0.461778986284685	5.87837952603048	4.14302165368152e-09	1.91715759035484e-07
"ACB67897.1"	1142.89941905841	2.71359443077577	0.49666652129391	5.46361454705332	4.66535983796523e-08	1.65330903827436e-06
"ABR18059.1"	50.8775183278718	-2.71238451071322	0.597485641700175	-4.5396647574576	5.63437394897665e-06	0.000107893251077668
"AGC59910.1"	918.68504027798	-2.71185972135933	0.509481642183368	-5.3227820137694	1.02192178543684e-07	3.2696825491531e-06
"ANS30396.1"	157.09652781707	2.71171461032589	0.615499518644733	4.40571361663581	1.05436187962355e-05	0.000186704080847191
"ARK10563.1"	52.5488598380913	-2.70919620298188	0.786701035625648	-3.44374302345657	0.000573720722626517	0.00543917553357669
"ABM27928.1"	123.119596414442	-2.7087053636406	0.616499151256998	-4.39368871492807	1.11443359944605e-05	0.000196224421698689
"ADU15254.1"	160.627970594651	-2.70484376449101	0.524016554784573	-5.16175250532493	2.44648604984976e-07	6.84918234515938e-06
"ACU08219.1"	43.9128384626599	-2.70414431214577	0.612827359988816	-4.41257112312204	1.02150221471644e-05	0.000181888443475524
"SDT27359.1"	266.97437044649	-2.70302771590292	0.688085498241331	-3.92833117804627	8.55373651531063e-05	0.00111641215609621
"AEI48680.1"	198.528837414209	2.70243303056679	0.427622429875049	6.31967091005128	2.62120904785689e-10	1.67541937223291e-08
"ABN96267.1"	93.8941781459218	-2.70134404972811	0.383004486079	-7.0530350111119	1.75056780852904e-12	1.79519766914209e-10
"ADT91959.1"	413.5958584181	2.70001880435217	0.729330452191629	3.70205137635299	0.000213863296950766	0.0024064778381968
"AKG42356.1"	887.182505318693	-2.69508236545977	0.34462525134139	-7.82032760214075	5.26860416472683e-15	8.47700242503979e-13
"ANB05725.1"	265.223562947083	-2.69475172021492	0.416166227079894	-6.47518117729815	9.46982425833518e-11	6.66895964133207e-09
"AAU46020.1"	79.1748414674681	-2.69450053259499	0.485939164702857	-5.54493386891881	2.94065291164949e-08	1.10062191062218e-06
"ACF85167.1"	107.173030334766	-2.69389506973084	0.564549099630936	-4.7717639997866	1.82619410650922e-06	3.94491745415371e-05
"ADG14863.1"	284.3552111749	2.69290520301045	0.475391710960036	5.66460277057046	1.47365518913086e-08	5.91066628580339e-07
"ADX05738.1"	150.323337031389	-2.6926810426937	0.840800308843263	-3.20252147195114	0.00136230143958127	0.0110338215493536
"ADE53100.1"	95.1717062138066	2.69070466347436	0.744185455671341	3.61563726214864	0.000299609668161704	0.00317722434464207
"ALC22590.1"	505.93347071222	2.69058888696679	0.466821269432132	5.76363816978557	8.23198007136782e-09	3.56321797810939e-07
"ADZ83524.1"	245.715067637122	-2.68994216513825	0.805364312629227	-3.34003149004275	0.000837688907845592	0.00747760935548179
"AAP46398.1"	46.5849265342989	-2.68954369453912	0.648432013064433	-4.14776513242856	3.3573655895385e-05	0.000505609505350833
"ABB23854.1"	46.7524868399146	-2.68888030499221	0.616368157749123	-4.36245816917533	1.28609181812716e-05	0.000222118609131944
"ADQ81101.1"	96.1251239672853	-2.68861344617963	0.627218995491165	-4.2865625331934	1.81459138876929e-05	0.000296217495743353
"AOR96287.1"	51.3808646359569	-2.68787270686855	0.670310000908633	-4.00989497877852	6.07457600079302e-05	0.000840236312836964
"AJE83012.1"	694.176603865961	-2.68340748055622	0.437797367867464	-6.12933671489907	8.82461889485887e-10	4.93005730803796e-08
"ACU02897.1"	78.1804995645198	-2.68322768741333	0.824409923850853	-3.25472511888244	0.00113502164961089	0.00952665152462376
"CDP31732.1"	98.3632005954265	2.68191985587008	0.637924732477187	4.20413211673995	2.62085827298937e-05	0.000408766285295879
"ABK95005.1"	274.634393926978	-2.68087592817416	0.438493241256633	-6.11383637405976	9.72640357967859e-10	5.38143072364984e-08
"SAM86019.1"	221.520650360549	2.68087045263604	0.96671649153348	2.77317132387328	0.00555128862931651	0.0330949481401927
"ABB25903.1"	427.666918415466	2.67791305684162	0.715127247565566	3.744666513488	0.000180633545314401	0.00208193360832522
"ABN53708.1"	169.936008956438	-2.67518567979846	0.550066094301505	-4.86338952266365	1.1539244388436e-06	2.64580414331412e-05
"APZ48088.1"	226.612942068742	2.67416461934209	0.82210969411282	3.25280754927469	0.00114270861641329	0.00958109326897464
"ACE84509.1"	137.704404201538	-2.67246531690836	0.513437749836988	-5.20504251539129	1.93952196364498e-07	5.63851058091432e-06
"ADV81312.1"	167.370624123339	-2.67154779180194	0.575987165913222	-4.63820715096356	3.51444452564312e-06	7.08728476562428e-05
"ACV81595.1"	952.683855626988	-2.67038434405463	0.531136456100142	-5.02768038869309	4.96448406515149e-07	1.25892840478244e-05
"ARE32110.1"	157.907213285247	-2.67033094732832	0.646714105871427	-4.12907484634207	3.64225832629002e-05	0.000541810117443228
"ADO47831.1"	252.570009595688	-2.67028936665365	0.415785983304252	-6.42226884473799	1.34258032854963e-10	9.2578519404127e-09
"ABY27942.2"	176.742436194284	-2.66951007230656	0.717940279214623	-3.71828987673852	0.000200576031061122	0.00227617615143379
"ACL53972.1"	124.81410465724	-2.66575157669007	0.446140311987257	-5.97514168763618	2.29890290937525e-09	1.1534065564672e-07
"ACV57129.1"	257.005283326179	-2.66542883680835	0.667779716349483	-3.9914791832542	6.56624529754113e-05	0.000894107992947283
"AGJ58960.1"	182.829564530749	-2.6649190765065	0.496396292704262	-5.36853138444806	7.93803790426458e-08	2.60837217333088e-06
"ACB76868.1"	540.431469521768	2.66301949053381	0.471849846741334	5.64378585459977	1.66350964767944e-08	6.6341333470703e-07
"AEW21183.1"	45.7687058737595	-2.66173212620836	0.702376363441571	-3.78960948111373	0.000150884301399329	0.00178309704600068
"AEI04689.1"	81.2993196886477	2.66117279218377	0.521502744752135	5.10289316588084	3.34499854747906e-07	8.86804728553257e-06
"AJC97044.1"	642.166236566989	-2.66109541669164	0.57785372368862	-4.60513674586198	4.1219491170569e-06	8.20754534005156e-05
"AIP27963.1"	65.5981600539307	-2.65958576957972	0.552282710437151	-4.81562380881807	1.46740746099415e-06	3.25269511306353e-05
"ABI65453.1"	757.0902632027	-2.65893444922315	0.611869648820642	-4.34558970909598	1.38901988709939e-05	0.000236603148368992
"AFE64897.1"	61.1843454623698	-2.65857957335963	0.651883843488335	-4.07830259932987	4.53656970906177e-05	0.00065636075232503
"ADX55897.1"	346.956066530819	-2.65779205467246	0.5338862894669	-4.97819874214476	6.41787386662922e-07	1.58443383395195e-05
"ABM18739.1"	193.054484522998	2.65701531540525	0.675884400861808	3.93116827673095	8.45340755037018e-05	0.0011053959967795
"AIR55905.1"	39.6471712988591	2.65479016943464	0.454069696713562	5.84665787796305	5.01547544921728e-09	2.27151619918829e-07
"ACZ90564.1"	246.154425829129	-2.65404545392955	0.449177696268466	-5.90867595603694	3.44868322318383e-09	1.62540968882583e-07
"CCH00413.1"	271.142771014339	-2.65311396161463	0.587500565274069	-4.51593431297713	6.30382041767319e-06	0.000119083506351672
"ACB93939.1"	670.760985337483	-2.65065861207996	0.641718877990174	-4.13056044164022	3.61879932507105e-05	0.000539310617527219
"AEB03941.1"	98.33166937422	-2.64872054335562	0.785362292759057	-3.37260977230063	0.000744593990513181	0.00677907426289659
"ADV42626.1"	182.120935413882	2.64752655676409	0.636121758388638	4.16198081868877	3.15498857936769e-05	0.000480482562889001
"ADQ18247.1"	517.735680308493	-2.64678934857971	0.623700754423257	-4.2436846994473	2.19879238227379e-05	0.000349956745503906
"AMB39257.1"	266.505835359308	-2.6445349854845	0.667551111625493	-3.96154682305155	7.44657750282402e-05	0.000995376357546155
"AKT43732.1"	881.830956830067	2.64375906506192	0.760336833522732	3.4770892958231	0.000506888969658485	0.00492054909658771
"ACO45757.1"	741.814775054441	-2.64346880809087	0.517537827006269	-5.10777892967203	3.25967702183611e-07	8.69123027650703e-06
"ANQ71446.1"	162.544736245967	-2.64248362846952	0.655521633385529	-4.03111582271062	5.55126774358927e-05	0.000778500608272843
"ADK97091.1"	76.3419916034479	2.64215906317333	0.648472997543745	4.07443189335743	4.61268093807452e-05	0.000664967124316859
"APS22769.1"	208.324687428094	2.64214315222696	0.561691925029787	4.70390090099095	2.55237171609943e-06	5.34451746925352e-05
"ACX64945.1"	65.283205097605	-2.64155720764663	0.814777938644041	-3.24205784467205	0.00118669933198457	0.00986426202441806
"ASB73601.1"	54.3389575965348	-2.64040671941707	0.761572985474924	-3.467043566114	0.000526216594289146	0.00508700268429522
"ACZ81467.1"	152.840730439272	-2.64006842582905	0.670238475945195	-3.93899861106292	8.182240386926e-05	0.00107746943495946
"AEN72146.1"	409.307662374786	-2.63847172311276	0.579273410428719	-4.55479515477852	5.24366514211135e-06	0.000101382354501761
"ANS70951.1"	124.105632333797	-2.63762215126137	0.64141582686718	-4.11218750891152	3.91927768948874e-05	0.000575677325261946
"BAW03418.1"	136.271488879969	-2.63692184876175	0.441218495559122	-5.97645356054301	2.28047522411825e-09	1.14827669738156e-07
"ACT23978.1"	166.4120476262	2.63520893773677	0.472363796547339	5.57876991631951	2.42225384380957e-08	9.26412822558643e-07
"ANQ72567.1"	49.5890505196178	2.63352444011526	0.392873632577952	6.70323539616197	2.03854668893907e-11	1.66874716677013e-09
"ADV44431.1"	100.815747676136	2.63346620057904	0.724250713836582	3.63612510180176	0.000276769957668661	0.00298017374418917
"ACJ00670.1"	406.318082316027	-2.63291328505035	0.519134010627949	-5.07174107484415	3.94192490037306e-07	1.02373032941414e-05
"ABQ66886.1"	1693.44065897003	-2.63075973471088	0.444744467221711	-5.91521632892941	3.31439672260935e-09	1.57004823428378e-07
"EMD37281.1"	187.462648910289	-2.62976633474258	0.639525282614948	-4.11206000174029	3.92144344780673e-05	0.000575693396773976
"AGX42001.1"	73.6788953000955	-2.62976227400116	0.617010072678561	-4.26210590466515	2.02509424870763e-05	0.000326769674851982
"CKI53818.1"	141.754477058619	-2.6259490803685	0.663998786500831	-3.954749818455	7.66147803834375e-05	0.00101895838081459
"ADF57309.1"	79.9837438869319	2.62507587282395	0.54785974404985	4.79151078598885	1.65530120029601e-06	3.60636672400679e-05
"ACX95981.1"	63.5995741917277	-2.62408921251184	0.758223709320473	-3.46083771880936	0.000538497321622096	0.00516881761830263
"ABL70597.1"	530.083589563047	-2.62288385906949	0.520728588590295	-5.03694998995562	4.73008298515912e-07	1.20604192397554e-05
"ACB74675.1"	995.689553935521	-2.62266911918719	0.642564795836068	-4.08156365892209	4.47337212668763e-05	0.000648557877052029
"AEI66060.1"	666.671025806622	-2.62125964067082	0.494612675068652	-5.29962084030093	1.16043412155862e-07	3.65438848899381e-06
"ADQ05306.1"	142.291338728249	-2.62081522034341	0.639449404609123	-4.0985497858825	4.15746819775387e-05	0.000606842959667974
"AJY69507.1"	119.307756461201	-2.61981668409012	0.835096287394274	-3.13714325358176	0.00170602749075992	0.0131394623469917
"ACB34020.1"	1612.42903700191	-2.61923412020388	0.556537393361822	-4.70630392754407	2.52248366016411e-06	5.29381203522897e-05
"ACF13239.1"	987.337183388498	-2.61892416345658	0.748950560792824	-3.49679177846431	0.00047088922308651	0.00462561918930875
"ACO32472.1"	510.036132197847	2.61856621315552	0.346363457276474	7.56016882885346	4.02546527439078e-14	5.69176393039618e-12
"ACM19117.1"	74.0967175010435	-2.61556451260416	0.782314654591481	-3.34336637726669	0.000827685441985722	0.00740079260103234
"CDF79007.1"	45.0927884339294	-2.61467469644564	0.774590133984806	-3.37555899788536	0.0007366589568751	0.00671775379696264
"XP_001394039.1"	43.7758871005461	-2.61357169004474	0.646974412036705	-4.03968324159389	5.35234377749329e-05	0.000753614750366536
"ABJ87782.1"	408.351912329623	2.61307948999257	0.516933204061128	5.05496545678186	4.30468674873978e-07	1.10970543478562e-05
"CCK27241.1"	1063.51007240758	-2.61273988853281	0.474448529713489	-5.50689848298318	3.65210718618909e-08	1.34355312463272e-06
"ABX42184.1"	747.427711524101	2.61211774958787	0.569013066083655	4.59061119205274	4.41949938276216e-06	8.73787462710518e-05
"ACO31679.1"	133.205407135107	-2.610631854951	0.612407126086096	-4.26290247736924	2.01788599510848e-05	0.000325794327099521
"ADY41621.1"	55.5917138873717	-2.61001034700163	0.842384677311911	-3.09835923812182	0.00194595387549793	0.0146685311519763
"AEE16529.1"	48.1051374489582	-2.60942132273678	0.576015783090142	-4.5301212212243	5.89498532892704e-06	0.000111964728133407
"ANB19106.1"	1434.15848324284	-2.60912992170354	0.475311287584603	-5.48930772286599	4.03512102353307e-08	1.45388993790002e-06
"ACU63160.1"	76.2585473871011	-2.60906009244237	0.803594927317215	-3.24673539335628	0.00116736867873423	0.00974117839935726
"AFP59701.1"	55.1345303786521	-2.60664882091718	0.756232967615915	-3.44688598955802	0.000567087840972401	0.00538906693681715
"ADD41528.1"	621.390541893498	-2.6060014900693	0.468068215772695	-5.56756772251084	2.58319693822415e-08	9.81264334905337e-07
"AIR96706.1"	1379.66139021097	-2.60541489663055	0.346734203096985	-7.51415601160578	5.72792456339714e-14	7.86073412141502e-12
"AEI48971.1"	61.2727683631866	-2.60367832314551	0.659147144910393	-3.95007145710912	7.81278648259993e-05	0.0010346583271848
"CAM02992.1"	4265.44856367453	-2.60306147264219	0.83729933996407	-3.10887797039693	0.00187799265904113	0.0142328864327329
"ACX62915.1"	190.839846407471	-2.59953815233092	0.708037235004156	-3.67147096764714	0.000241158476309447	0.00265910701172086
"AOS63291.1"	1028.30530151519	-2.59946443914592	0.432261866280965	-6.01363349839494	1.81410402387539e-09	9.4400848052817e-08
"APX66746.1"	1727.04344752545	-2.59830292022833	0.585002055596095	-4.44152784656587	8.93223848615168e-06	0.000161855630199549
"CAP61917.1"	39.2971505818922	-2.5974117181728	0.637815828789109	-4.07235380643339	4.65404117611875e-05	0.000668863125085321
"ACQ73746.2"	89.1321616863034	-2.59733734737513	0.654144321154699	-3.97058762627534	7.16955806303501e-05	0.000964545701353346
"ACL62097.1"	612.020547948406	-2.59676943816342	0.567765311248872	-4.57366694779485	4.79261464089807e-06	9.38279996409666e-05
"AKZ28223.1"	63.0821584337433	-2.59490992906674	0.472567909149146	-5.4910836703636	3.99475037863253e-08	1.4430584722606e-06
"AAS94405.1"	209.941912095622	2.59465048378535	0.551495511288824	4.7047535848873	2.541727612755e-06	5.33020271510778e-05
"SCF38246.1"	1743.65453960626	2.59365943435193	0.396759962162921	6.53709971190818	6.27232340336412e-11	4.59685774870633e-09
"ABS26829.1"	758.565369924489	-2.59363720832336	0.433780195238156	-5.97915081600115	2.2430381959986e-09	1.1355532972003e-07
"AEF35973.1"	190.292260037651	-2.59248224168388	0.37221304961259	-6.96504930276412	3.28288761392105e-12	3.12611298092972e-10
"ACM04860.1"	226.974722516668	-2.59232901624968	0.378684631922473	-6.84561452385635	7.61482717442472e-12	6.70392143318221e-10
"ADO75397.1"	650.063247823042	2.5904620356524	0.583554212481744	4.43911119180455	9.03311420951249e-06	0.000163366321323974
"ABQ66430.1"	553.376474938421	-2.59030221903652	0.612688646336924	-4.22776272177254	2.36026503178668e-05	0.000372270308900844
"AHA85314.1"	61.0716744805108	-2.58887659945261	0.733018450311806	-3.53180277843126	0.000412737056317874	0.0041386055260298
"CCK25639.1"	983.534558600064	-2.58616909109594	0.544317123846804	-4.75121758584212	2.02195412376157e-06	4.3409990528243e-05
"AEB44764.1"	1562.86684447071	-2.58570504433197	0.504809913385978	-5.12213602737817	3.02093827854729e-07	8.12143701246836e-06
"ABQ73958.1"	102.71472545375	-2.5830453941478	0.75211489324419	-3.43437607385493	0.000593919573434766	0.00559279259262688
"ALC14005.1"	364.426518383343	-2.58255519882558	0.555944040540939	-4.64535098948579	3.3949875026515e-06	6.88739638581387e-05
"AKJ27396.1"	580.839786207699	-2.58136703507035	0.643666972360605	-4.01040778215381	6.06139713540961e-05	0.000838827850731229
"ABR39477.1"	46.0354989462588	-2.58133713486542	0.694154111774627	-3.71868017646132	0.000200266421035039	0.00227454239445005
"SEB07332.1"	2181.11209120747	-2.58063816581229	0.514843020456495	-5.01247577081675	5.37341432551959e-07	1.34918482024436e-05
"AEL26048.1"	54.1674631812532	-2.57965028447806	0.582880372575648	-4.4256942004738	9.61326273073244e-06	0.000172521091929221
"ACT93093.1"	141.912926732004	-2.57884607933181	0.588876407515304	-4.37926540513475	1.1908003465801e-05	0.000207452685145342
"ABK51954.1"	319.801589413356	2.57698549614219	0.504381753166203	5.10919651626063	3.23531710979535e-07	8.63450312734324e-06
"ADB40766.1"	90.5300569764538	-2.57558294430907	0.527859005178164	-4.87930094787291	1.06462509104762e-06	2.46018429473484e-05
"AHC15530.1"	52.8388097101113	-2.57170726143029	0.677034868935515	-3.79848569021817	0.000145582832567719	0.00172993929565614
"AEJ61055.1"	218.496908276096	-2.56951172788569	0.475102796818561	-5.4083279346953	6.36158636506652e-08	2.16402152948241e-06
"AJE39239.1"	319.989201430107	-2.56875956817877	0.65098395540361	-3.94596448477158	7.94793948854464e-05	0.00105007321340866
"AFZ45346.1"	168.647236956656	2.56848606006862	0.765622928992857	3.35476637755266	0.000794320362566812	0.0071574234569372
"ACI93107.1"	1815.40619830583	-2.56775673796426	0.66277825604102	-3.87423201434257	0.000106961473045763	0.00135044450409078
"ADE81919.1"	156.7605136211	-2.56708957990694	0.475032243642791	-5.40403228256924	6.51592093652915e-08	2.20847121718002e-06
"ADI05234.1"	223.355538936805	2.56703452082766	0.555182333678273	4.62376838221811	3.7683062735324e-06	7.55171814128942e-05
"ABW29109.1"	74.1130992923431	-2.56587429765853	0.841410233506053	-3.04949262022503	0.00229228264722289	0.0166514647098215
"ADJ45855.1"	859.141911818165	2.5651727547177	0.416863953575254	6.15350099886875	7.5790899283091e-10	4.33914522766752e-08
"AEI49405.1"	111.430569480657	-2.56419038778237	0.669249784046523	-3.83143999282056	0.000127395447680922	0.00155813147805815
"ACL50157.1"	168.23303012227	-2.56352309806393	0.672159439389433	-3.81386163436543	0.000136812085170727	0.00164332452333168
"ABX06931.1"	78.2630766680942	-2.56322268602777	0.767227456615003	-3.34089019355052	0.000835102439571737	0.00746234532341217
"ADW73625.1"	338.253336023289	-2.55974906150069	0.782410921818865	-3.27161724116793	0.00106934240691829	0.00907741359129307
"BAQ02385.1"	146.806183514644	-2.55912731459925	0.477664585378442	-5.35758227202821	8.43429651686281e-08	2.75848791222069e-06
"AFQ98379.1"	44.027159011691	2.55909119891008	0.647390740249434	3.95293142117554	7.71995680951018e-05	0.00102478857676172
"AAM38307.1"	260.222198628911	-2.55879685094057	0.501803471238708	-5.09920117655653	3.41089883551538e-07	9.00863432066873e-06
"AKU15931.1"	209.871531651859	-2.5576741242518	0.601621272694019	-4.25130267219227	2.12530716184787e-05	0.000339612438944594
"AJX21510.1"	75.3857364609673	-2.55696421459121	0.65404860296175	-3.90944067919788	9.25100686299757e-05	0.0011968169507231
"AKM46981.1"	79.6836124134594	-2.55427072730175	0.574708486945375	-4.44446321104099	8.81115831148341e-06	0.000159765018191897
"ACE83992.1"	673.94136678235	2.55262760540496	0.889685540537051	2.8691346426335	0.00411596545892244	0.0263806247683133
"AGJ54248.1"	231.036960783163	-2.55251515913931	0.526670489006116	-4.84651259643611	1.25650613685054e-06	2.84654408077678e-05
"AGK80319.1"	1884.10035355386	2.55211434344823	0.420035219097892	6.07595322346872	1.23253337194264e-09	6.67427548953696e-08
"AKD95553.1"	159.786058057581	-2.55069462101745	0.657722320980153	-3.87807215850048	0.000105287491493033	0.00133558160935158
"ACF53147.1"	405.94326964136	-2.55064367496193	0.545928772929204	-4.67211805173107	2.98109527330498e-06	6.14571010835392e-05
"ABI67011.1"	356.25742744312	-2.55012610333052	0.716317321735666	-3.56005086844955	0.000370782962857688	0.00379679584058662
"AHM02722.1"	619.947172907783	-2.54985980868769	0.470255270865429	-5.42228863058798	5.88407715207537e-08	2.02123464968714e-06
"ABP37202.1"	91.5558820147861	2.54887222947471	0.659908213100593	3.86246477748592	0.000112248753207075	0.00140416268757161
"AEM71347.1"	140.357752726174	2.54711228327668	0.787502026920267	3.23441997125751	0.00121890075315775	0.0100780701374496
"ABB36195.1"	268.645110263349	-2.54585820534293	0.473686119158035	-5.37456788868571	7.67665562483877e-08	2.53176321380716e-06
"ABZ71531.1"	1358.27688779713	-2.5457668874046	0.546370261766382	-4.65941700262802	3.17106221957237e-06	6.49429831010592e-05
"AGK51140.1"	147.150222725234	-2.54519411608458	0.581832807456165	-4.37444242309478	1.21743249397155e-05	0.000211172491333504
"AJX85920.1"	71.4372997416051	-2.54472648446648	0.70744713265167	-3.5970553374473	0.000321840033107546	0.00337588368935139
"ACN62224.1"	68.8760761594675	-2.54453739690824	0.559860452548403	-4.54494934465523	5.49484670424433e-06	0.000105655033195072
"ACX96162.1"	64.0994356415033	-2.54382302901959	0.553578392252312	-4.59523540770745	4.32260983387825e-06	8.55840063007464e-05
"ALU68007.1"	156.35191134764	-2.54347178962658	0.662525012858669	-3.83905775670565	0.000123507377328104	0.0015212109703817
"ACQ94216.1"	46.6251317809226	-2.54218306864882	0.752103969704818	-3.38009526747553	0.000724607087525557	0.00663595028536653
"ABD80204.1"	44.1598882769129	-2.54193944114719	0.438390074307413	-5.79835080701372	6.69702448077642e-09	2.95381005732738e-07
"ABQ29348.1"	691.977262009278	2.54172249659764	0.382408131711257	6.64662251093763	2.99894847469085e-11	2.358386558917e-09
"SDL02652.1"	79.4836851717562	2.53982470812244	0.712933564757814	3.5624984341777	0.000367342100168612	0.00377135688843955
"ACB75035.1"	684.116565660852	-2.5395644124557	0.479789171347948	-5.29308405465028	1.20270605652617e-07	3.75447649943946e-06
"ABL89695.1"	87.2345206503481	-2.53788549424597	0.387625481428439	-6.54726176641847	5.86015964337122e-11	4.328787054771e-09
"EAA26599.1"	148.944833180802	2.53750628236472	0.52917461411573	4.79521544434815	1.62500089345039e-06	3.55140710484287e-05
"ABU57255.1"	488.424051810334	-2.53626111679198	0.603607623506526	-4.20183744873554	2.64757220958952e-05	0.000411328699110256
"ACO53433.1"	88.5741257071725	-2.53383793724289	0.478136261445308	-5.29940550750871	1.1618034409663e-07	3.65458979025759e-06
"ADG72756.1"	192.405051288295	-2.5329820688918	0.959787699432133	-2.63910661742222	0.00831248337719477	0.045257931666267
"ABJ83595.1"	895.912118100643	-2.5320328078759	0.417186416845429	-6.06930788164667	1.28462663929479e-09	6.92955826468151e-08
"AAZ03639.1"	128.469248355201	2.53192283461835	0.525953625667997	4.81396592979588	1.47964044630023e-06	3.27462560747993e-05
"AMY52263.1"	115.066186113305	-2.53076521298203	0.517705403406401	-4.88842727220942	1.01644734525118e-06	2.37137165647101e-05
"AGW13874.1"	453.634858397089	-2.52940997195457	0.393617410915276	-6.42606221628498	1.30951823044438e-10	9.07457237116851e-09
"CAP68427.1"	407.781065228098	-2.52930582411181	0.454395629187239	-5.56630755589767	2.60193839446144e-08	9.87044272240412e-07
"ABR79321.1"	320.480427534663	2.52890755267353	0.590789047754962	4.28055929994564	1.86424202969428e-05	0.000303614426197331
"ABG83674.1"	144.107110273391	-2.52838883900383	0.420673177674241	-6.01034002924178	1.85134610767089e-09	9.59820104265818e-08
"ACL24959.1"	165.68004363536	-2.52691003416329	0.770055277287027	-3.28146577095843	0.0010326905777758	0.00881306195249149
"ACF94698.1"	80.2489979774553	-2.52617143932519	0.570151375702355	-4.43070305006852	9.39263575281701e-06	0.000168886467909997
"ACK85576.1"	1828.94483181413	2.52614192765186	0.319346886164879	7.91033837213496	2.56690238954908e-15	4.51968549042869e-13
"ABC81214.1"	1382.88156801736	-2.52581277946704	0.433996784890375	-5.8198882282159	5.88869928784539e-09	2.63354672943322e-07
"ABF39965.1"	270.124685096674	-2.52513049625703	0.634003368880971	-3.9828345087723	6.80981766758993e-05	0.00092412823762408
"AFI61839.1"	112.979316554654	-2.52451358164139	0.708690047735881	-3.56222524883296	0.000367724667053742	0.00377244046242292
"ACF12295.1"	215.440211059755	2.52368706493278	0.636651544196724	3.96400053991381	7.37040853470856e-05	0.000986338228191687
"ACR11434.1"	68.9634363063828	-2.52351891983489	0.670778899551607	-3.76207260174966	0.000168511112796412	0.00196241144502843
"AIQ23051.1"	48.1566644689752	-2.52339538473764	0.536732907838165	-4.70139868058638	2.58385465213438e-06	5.4026753573964e-05
"AIR23084.1"	53.2099523541432	2.5227156665151	0.458966978778713	5.496507991115	3.87385548305599e-08	1.4084734818654e-06
"ACE86114.1"	113.985200120961	2.52192075135479	0.821313960841501	3.07059282027896	0.00213634271695601	0.0157558089314807
"ACL39169.1"	240.248601980919	-2.52126506066454	0.621427602243059	-4.05721447126578	4.96614741292519e-05	0.000708625193538499
"AGX06818.1"	42.7782797878571	-2.5212613472918	0.727982381352267	-3.46335489961778	0.000533484239359056	0.00513421270714889
"ACZ22552.1"	1253.11338381564	-2.52069906042759	0.47899766650445	-5.26244538689037	1.42151896310401e-07	4.31636061725161e-06
"ACA21244.1"	453.499878240012	-2.52047487122137	0.680063365012792	-3.70623533172377	0.000210362847862684	0.00237472511643697
"SCG17578.1"	585.156971191856	-2.51993721667586	0.580977872414501	-4.33740652841593	1.44173814610436e-05	0.000244327488730857
"AIU31877.1"	57.7336909969012	2.51812649385105	0.687084714612012	3.66494325997779	0.00024739342382593	0.0027086532238681
"AGZ42058.1"	3130.44045876126	2.51685433717428	0.644942909490298	3.90244516241502	9.52258166509319e-05	0.0012262842515913
"AIQ64402.1"	102.108554835822	-2.51617284528965	0.685943034996867	-3.66819504960953	0.000244268811480083	0.00268388918610534
"ADZ82256.1"	325.897473767329	2.51559527891262	0.713410046555883	3.52615622818478	0.000421638164267653	0.00421577930244186
"AKJ07842.1"	558.292124537039	-2.51314192443211	0.489714763564677	-5.13184839709289	2.86910555529027e-07	7.79839603164141e-06
"AFC41554.1"	120.271992265753	-2.51197741503474	0.487937857759755	-5.14815027177408	2.63067710126429e-07	7.29192436900941e-06
"ADJ45261.1"	57.0397227729806	-2.51130337991087	0.549109845140159	-4.57340803873196	4.79854341979547e-06	9.38784217893739e-05
"APP77854.1"	124.246049646583	-2.51061483930872	0.522241598815424	-4.80738195693991	1.52919656035048e-06	3.36451091584668e-05
"ADO50273.1"	283.549500561854	-2.50831986587155	0.478054211521378	-5.24693602821523	1.54649567420473e-07	4.6419427710076e-06
"APS23301.1"	100.905529888847	-2.50813438524237	0.715704986751611	-3.50442491203828	0.000457594591590617	0.00451880712034247
"CDZ96713.1"	40.7843552028	2.50726891665711	0.698194009947923	3.59107766742961	0.000329313473992949	0.00344049199369738
"ADO57373.2"	2099.13568808189	2.50712600700301	0.83930026332146	2.9871621832707	0.00281580299766003	0.0196048795629173
"CCT67729.1"	59.4534355612354	2.50706535356437	0.730012665779696	3.43427651475976	0.000594137774460018	0.00559296608398879
"ACU20569.1"	499.615137182592	-2.50692517702087	0.741790232202357	-3.37956078172919	0.000726017518193926	0.00664451992133284
"ACR14581.1"	272.878943805528	2.506307844348	0.819837352687083	3.05707935376861	0.002235050980321	0.0163119101264511
"AKR78724.1"	85.1115642799117	-2.50489258587082	0.599473934694033	-4.17848456939049	2.93457902421051e-05	0.000449679662626148
"AEL69550.1"	101.808928127515	-2.50420261280052	0.672205132212584	-3.72535479542957	0.000195040699809018	0.00222780882572553
"AHY11898.1"	1711.90056506797	-2.50362713613042	0.351762659771503	-7.11737606759264	1.10001051538565e-12	1.16651115108851e-10
"ACL38730.1"	644.947335612413	-2.50198553697895	0.513806957373624	-4.86950497861706	1.11878164947628e-06	2.57154442189966e-05
"AEK46516.1"	584.615336680329	-2.50184608398689	0.416239155204163	-6.01059764009887	1.84840642501136e-09	9.59820104265818e-08
"AHF24999.1"	51.5354884244012	-2.5018183977791	0.653809462685687	-3.82652521959876	0.000129964839921822	0.00157920818509172
"ABB83813.1"	133.711271628045	-2.50048884495296	0.816423765553696	-3.06273402423206	0.00219324905369153	0.016073874478311
"ADN75669.1"	215.263263893034	-2.49873958538473	0.473008006781298	-5.28265811479182	1.27322864215153e-07	3.9430651621321e-06
"AIW14860.1"	172.001374477154	2.49818335689173	0.716361112035458	3.48732408127715	0.000487879770441269	0.00476410256479727
"ADI30926.1"	46.660942959496	-2.49689424509054	0.748464108048978	-3.33602402338196	0.00084985819519344	0.00756281946364766
"AJT65903.1"	352.199856776718	2.49581954240655	0.421420652149715	5.92239495068666	3.17286486062783e-09	1.51582806549722e-07
"AIW22006.1"	49.8407737082566	-2.49539822435344	0.706932366244367	-3.52989669663937	0.000415721953928163	0.00416406147483823
"AHC24364.1"	352.563043646042	2.49335330104655	0.550298266571924	4.53091251146195	5.8729457975193e-06	0.00011177361695945
"ADG87604.1"	497.479926223489	2.492912135434	0.39427425513402	6.322787001618	2.56887291043629e-10	1.64949922019666e-08
"APO97428.1"	123.495641180674	-2.49260182126675	0.495634588642865	-5.02911192717994	4.92756706542242e-07	1.25183455139352e-05
"AAT81216.1"	468.303728735772	-2.49105652248459	0.533508215094511	-4.66919993358171	3.02374998822515e-06	6.22447828458465e-05
"ADL46835.1"	1338.05288316963	-2.49095638886517	0.591050493275839	-4.21445615426068	2.50380786096957e-05	0.000391601144557007
"ADU51527.1"	982.331819735574	2.49063717606099	0.623639594474961	3.99371239114131	6.50467585263283e-05	0.000888316610586872
"ADG88849.1"	1132.57556082621	-2.49016370471218	0.542747754616013	-4.58806818367022	4.47366536127053e-06	8.82005179254434e-05
"ADM71096.1"	51.8561883679718	-2.48901119471718	0.582662764056478	-4.27178695509692	1.93912791087458e-05	0.000314323283218717
"AAS53900.1"	136.201201752594	-2.4885065584016	0.639344802060601	-3.89227620273313	9.93080932776957e-05	0.00127096608718307
"AAW84081.1"	1361.78907948645	2.48826632959516	0.395945787223285	6.28436116733313	3.29204573453209e-10	2.07110364907776e-08
"APZ46074.1"	159.294181574829	-2.48695238522634	0.71266496643852	-3.48965152258664	0.000483650783844984	0.00472775396107687
"ABG06589.1"	93.4756952277906	-2.48518011005145	0.374364050632312	-6.63840479836112	3.17096044591825e-11	2.4728191822821e-09
"BAT88119.1"	91.9994811449097	-2.48504962255525	0.798771198100176	-3.11109067085264	0.0018639769587108	0.0141419780314546
"AEN08184.1"	660.127075860185	-2.48494873295994	0.455775548515291	-5.45213261451776	4.97693176821717e-08	1.74604237823318e-06
"AIE86527.1"	616.16949410734	-2.48485910660165	0.546827025409588	-4.54414100096904	5.51597274354756e-06	0.000105770666389286
"ADX58138.1"	840.150463986464	-2.48265256065143	0.727217953566003	-3.41390438516739	0.000640390455661928	0.00596618009873921
"ACL55246.1"	169.249427804479	-2.48237537514878	0.608352904502452	-4.08048577852853	4.49416790513609e-05	0.000651235634949223
"AIG56439.1"	589.121621496586	-2.48232225192276	0.546200463565389	-4.54470916359006	5.50111572758927e-06	0.000105702975915984
"CCH30819.1"	366.790900204744	2.48126420582361	0.491955628859131	5.04367479558631	4.56675198825409e-07	1.17186790708672e-05
"ADY61762.1"	68.7009113657711	-2.48062790873465	0.798239830245907	-3.10762231442456	0.00188598923259858	0.0142896223425791
"AHD09250.1"	314.849728956919	-2.4780308667015	0.561824224522614	-4.41068711269454	1.03043120945032e-05	0.000183045381597534
"ACU69326.1"	2323.33455065105	2.47695126768363	0.441834141875566	5.6060657901381	2.06977314079277e-08	8.04796789578255e-07
"AGQ97139.1"	39.5491052656324	2.47693784847472	0.516796353734843	4.7928702100433	1.64411996299318e-06	3.58759021698809e-05
"BAL88285.1"	703.43585394178	-2.47649196993574	0.475359241082384	-5.2097272039917	1.89118487785162e-07	5.5151679000348e-06
"AMP12429.1"	1005.22444242601	-2.47616029120078	0.529201868977884	-4.67904676146234	2.88211712292181e-06	5.96802891814489e-05
"ABQ06135.1"	37.2927366309246	-2.47585990534749	0.674923199922775	-3.66835797855338	0.000244113232762382	0.00268323284821973
"AEB47949.1"	2500.86052894829	2.47326811194159	0.464818542941236	5.3209325434641	1.03236680243058e-07	3.2993311644802e-06
"ACG73646.1"	1214.65444759422	-2.47258624201715	0.372747860259045	-6.63340157150414	3.28037753573381e-11	2.55104026362233e-09
"SDN08490.1"	105.593266497114	-2.47247871170189	0.510006238159086	-4.84793817547512	1.24751263577816e-06	2.83255180464276e-05
"ADY53898.1"	60.4492035156269	-2.47227188875916	0.764523070925599	-3.23374399384182	0.00122178921856249	0.0100989698738929
"AGT88375.1"	572.890381002358	-2.47209231980022	0.410071409086584	-6.0284434979427	1.65546252445048e-09	8.70619773171761e-08
"AAQ14342.1"	200.462559435662	-2.47161517713172	0.552448295217687	-4.47393031805412	7.67947773221927e-06	0.000141536970764457
"ADH68351.1"	272.143091834814	-2.47109282978102	0.435191870020762	-5.67816864240395	1.3614445683419e-08	5.53997124059592e-07
"AET61195.1"	115.657420559643	2.47037922857615	0.689141030393712	3.58472231317414	0.000337437033207437	0.00351315997830993
"ACV67389.1"	287.086788209527	2.46984652058906	0.462726802815626	5.33759122134357	9.41895176096631e-08	3.05908321925769e-06
"AEG96155.1"	180.874257902442	-2.46949831122565	0.428336539634926	-5.76532255065239	8.15018152762732e-09	3.53755786120084e-07
"AAZ62020.1"	619.588803803356	2.46913412722657	0.453648130345236	5.44283986213611	5.24377842914717e-08	1.82593060823886e-06
"AAM39347.1"	180.439860307538	2.46874262663001	0.380760831148661	6.48370952228048	8.94944485539796e-11	6.35910299928227e-09
"ADI11234.1"	3615.18633255731	-2.46544309884461	0.718749803220996	-3.43018264185396	0.000603175097060651	0.00566090848719745
"ACB81620.1"	525.720916475643	-2.46351458979352	0.448063319654562	-5.49813939621924	3.83819474155437e-08	1.40096610149356e-06
"ACU04943.1"	35.0027532528173	-2.46331451947413	0.724715249462657	-3.39901019234873	0.000676301960062542	0.00625288958847785
"ACT02698.1"	146.659115379897	-2.46252184906141	0.542481841985371	-4.53936271866555	5.64245019344901e-06	0.000107974050318386
"ABR40337.1"	84.4412296499769	-2.46244030148117	0.504854003935297	-4.87752950810856	1.07422781938641e-06	2.47931426476027e-05
"ADE53403.1"	80.4289322710803	-2.46201718774684	0.607385111364474	-4.05346977013643	5.04635235120906e-05	0.000716418257730471
"ABB07599.1"	979.794694472317	-2.46175898028859	0.545043559132492	-4.51662796310592	6.28321540556354e-06	0.00011877440816621
"ABO57793.1"	609.649434964525	2.46011611021369	0.610293868665101	4.03103527091746	5.55317086269777e-05	0.000778500608272843
"AIG77294.1"	1184.50895085366	-2.45898087833219	0.694664582760476	-3.53981034783813	0.000400414666719971	0.00404255644049488
"APC36453.1"	303.855725550274	-2.45807221960642	0.391615545883767	-6.27674831973088	3.45727033518278e-10	2.14611397569351e-08
"ABP55699.1"	894.550511015532	-2.45724232959713	0.580244226962265	-4.23484149503986	2.28712972344889e-05	0.000362163369556986
"BAX91287.1"	280.44954714605	-2.45692728481239	0.550021891321248	-4.46696272199353	7.93379481115588e-06	0.00014603189975879
"CAP73493.1"	91.4523847465485	-2.45605554692745	0.661423989539575	-3.71328464913578	0.000204586558204992	0.00231980772924542
"AEB47930.1"	444.156071127015	2.45554097760158	0.339567976272558	7.23136794157118	4.78152918375741e-13	5.4862168454292e-11
"APA94863.1"	138.231819703905	-2.45435696899723	0.475986946573945	-5.1563535232703	2.51805288960693e-07	7.02145504954538e-06
"ADD17685.1"	57.9333702328107	-2.45409197569373	0.626536408906015	-3.91691837985726	8.96880975538309e-05	0.00116515451467149
"AOZ92378.1"	143.526991150331	-2.45216662791853	0.63394312951529	-3.86811768082958	0.000109678733354046	0.00137879021956887
"ACI94790.1"	88.7441851602842	2.45211752197455	0.540977280002757	4.53275509456156	5.82193019050944e-06	0.000110953545005788
"ADU10559.1"	1399.25901150256	-2.45027149782982	0.566512805796165	-4.32518289570924	1.52405360468808e-05	0.00025473077442894
"ALU72339.1"	53.0190800057694	2.44987576375426	0.467175358525161	5.24401751729447	1.57117273129923e-07	4.69451683926051e-06
"AOE77056.1"	161.743406024958	-2.44887488382768	0.581652572487639	-4.21020210287081	2.55142344918275e-05	0.000398380651886895
"AEO60271.1"	210.334255924071	-2.44856680120598	0.580035090227898	-4.22141150157645	2.42777270355013e-05	0.000381413718342252
"ABJ84212.1"	253.506911936957	-2.44730699329566	0.490775658816381	-4.98661037753564	6.14478074309361e-07	1.52643550739706e-05
"ADI01429.1"	47.0692666197925	-2.44594282533261	0.828463833178985	-2.9523833478005	0.00315331188769301	0.0214584636868871
"ABK67007.1"	43.1926072668613	2.44541154394507	0.54629951542434	4.47632017766955	7.59405729643164e-06	0.000140188496535665
"ABQ29367.1"	600.840575434929	-2.44483469474926	0.411396852024377	-5.94276471178344	2.80254564803157e-09	1.35394593323398e-07
"ACT24861.1"	97.4849781596469	-2.4430369215284	0.809077571769571	-3.01953361058461	0.00253164201193824	0.0180529418660782
"AAZ21551.1"	541.199978917171	2.44208330048841	0.815265434592194	2.99544565103508	0.00274044132846816	0.019199548406355
"ADJ49538.1"	569.164711782537	-2.44176076475212	0.439793609555128	-5.55206058410462	2.82321707499645e-08	1.05808280095851e-06
"AMO04966.1"	349.179991629971	2.44167774607732	0.565981602440725	4.31405850569681	1.60284498970468e-05	0.000265994358813113
"AEV69543.1"	75.5046736575719	-2.44068630625499	0.679317469340989	-3.59285078981219	0.000327079897685739	0.00342571223928542
"ADO76495.1"	120.495257799998	-2.44044158091348	0.682117572962508	-3.57774330650124	0.000346573559902712	0.00359225227065396
"ADZ44382.1"	385.955487612258	-2.43961064728632	0.709532867490772	-3.43833352768264	0.000585306298012293	0.00552282949752347
"ABG84510.1"	60.8339962150487	-2.43825907465258	0.554918164672832	-4.39390748019598	1.11331212159235e-05	0.000196150321938951
"ADN18843.1"	85.881476450222	2.43645737239112	0.552435362717336	4.4103935714879	1.03182909933143e-05	0.000183177472827411
"AEI09999.1"	88.9133337601095	2.43610445989199	0.590400600278653	4.12618899564501	3.68824201614558e-05	0.000547777312912528
"AEE17747.1"	66.7787922153519	-2.43541393608669	0.558926133854053	-4.3573091121959	1.31671247716928e-05	0.000226429253752034
"AAZ60122.1"	146.999827617359	2.43492942875285	0.503056218427717	4.84027299446398	1.29660889626404e-06	2.92228928165108e-05
"ADB40029.1"	72.7184707915634	-2.43468631612317	0.610612974290694	-3.98728231897033	6.68344781035011e-05	0.000907859315373904
"ACL57267.1"	168.323155055359	-2.43164447148328	0.515050826829451	-4.72117380424762	2.34487455249484e-06	4.96198850881675e-05
"AIA04549.1"	304.370540160814	2.42924936963338	0.382553053906349	6.35009796635441	2.15177851423273e-10	1.40422357306432e-08
"ABF39392.1"	148.981072407417	-2.42678980991028	0.588216220410531	-4.12567645315282	3.69646639031359e-05	0.00054841692137371
"BAU95303.1"	51.4640558210849	2.42646416929709	0.719761905381909	3.37120393723755	0.00074840433018864	0.00680491316270256
"AJO19972.1"	93.3397978193775	2.42533481898074	0.488469952049816	4.9651668619596	6.86420264793676e-07	1.67521635940928e-05
"AMY21896.1"	68.2096439561433	-2.42502646985727	0.697008641214332	-3.47919139945292	0.000502929245355177	0.00488889137255678
"AIQ52957.1"	139.56005826894	-2.4241452349717	0.535226581900277	-4.52919439532501	5.92090054869405e-06	0.000112380699499145
"ADB80099.1"	211.499929857752	-2.42400341353727	0.463286055587899	-5.23219592798076	1.67508060545153e-07	4.95201231575723e-06
"AAR00925.1"	92.1715685741335	-2.42362656914771	0.516923319850358	-4.68856110002798	2.75132770541639e-06	5.71410759946864e-05
"ADE19838.1"	139.131074527123	-2.42328483275175	0.494263056651685	-4.90282411387966	9.44685643254562e-07	2.21688342569612e-05
"ADV82154.1"	775.273272136283	-2.42292427001407	0.663900366448097	-3.64952994826143	0.000262720610627016	0.00285054385603127
"SDR97418.1"	2870.72436223267	-2.42182146280687	0.732584648133385	-3.30585887784795	0.000946857633017847	0.00825030385744402
"CTQ97099.1"	142.468691360894	-2.42141053698209	0.466071278420771	-5.19536527800374	2.04318256315939e-07	5.89093089991866e-06
"AQT81775.1"	185.407393768344	-2.42108460166338	0.471245766811393	-5.13762620732968	2.78230606423187e-07	7.61421706493015e-06
"AGL19711.1"	1497.09591705003	2.42105222131698	0.406572013712355	5.95479309854771	2.60401053665551e-09	1.27898033305627e-07
"ACV49028.1"	987.203523184637	-2.42083445667428	0.635029123967321	-3.81216288404255	0.000137756043918109	0.00165307252701731
"ACR19258.1"	35.9531973158342	-2.42061581914586	0.689740800333152	-3.50945720185999	0.000449022316462638	0.0044482762815598
"AAS58467.1"	92.2920890984677	2.42047442851096	0.80238897845417	3.01658484040258	0.00255639668584278	0.0181831508172903
"APA97425.1"	278.517283364071	-2.42041895088739	0.494959898380782	-4.89013142035462	1.00768677431444e-06	2.35485800782197e-05
"AOX15702.1"	129.25335186032	2.41973036706287	0.502503701554576	4.81534834385706	1.46943327451384e-06	3.25460869883619e-05
"ADW21732.1"	84.6841066857725	-2.41955060960617	0.701884053023376	-3.44722265619787	0.000566381593667204	0.00538418305477319
"ACF44803.1"	67.366809456945	-2.41816306274544	0.65507549198114	-3.69142654907178	0.000222999797868164	0.00249424783904
"ABY70643.1"	96.7669958243255	-2.41734674852959	0.478458775910152	-5.05236160405079	4.36380536432265e-07	1.12184660219997e-05
"ABE46523.1"	274.192163021737	-2.41690942052927	0.705570646278948	-3.42546764562218	0.000613742027904276	0.0057457274152544
"ADW03210.1"	599.711890396663	-2.41592643115068	0.276934704496248	-8.72381247971545	2.68988414636442e-18	7.94558749386811e-16
"AIM59209.1"	363.802749279408	-2.41559976458328	0.889834211945754	-2.71466272273484	0.00663432986031734	0.0380916117246604
"CBG74048.1"	557.11260607416	2.41505948259047	0.355882055027853	6.78612323513041	1.15186770306394e-11	9.86167835320429e-10
"ALC19479.1"	686.291355881367	-2.41461202879634	0.514586697532465	-4.69233277963622	2.70107291737485e-06	5.62643135378171e-05
"ACX76164.1"	81.3311412893135	-2.41320440926232	0.541595958669767	-4.45572824285742	8.36088892742723e-06	0.000152887946709505
"ADV84543.1"	168.879629662551	-2.41270039634602	0.572746147614497	-4.21251265747483	2.52545558118967e-05	0.000394546062784521
"ACS44814.1"	117.175804506799	-2.4119062741349	0.669923415528909	-3.60027164034964	0.000317884908302426	0.00334316524899877
"ACV78168.1"	367.120468562406	-2.41142742256102	0.484892292669538	-4.97311971960842	6.58839449410934e-07	1.61621367179894e-05
"SMQ50187.1"	61.0429318061696	-2.4110922174149	0.654001199631262	-3.68667858525997	0.000227200019121627	0.00253818634367251
"ACF50724.1"	699.924245638052	2.41062956246044	0.440383194308426	5.47393632094901	4.4014728403966e-08	1.56972781706679e-06
"ABZ81609.1"	215.239902687034	2.41026767188765	0.459612187372576	5.24413350669881	1.57018477430326e-07	4.69451683926051e-06
"ACT92767.1"	35.8961883811374	-2.40992024245006	0.706455848679796	-3.41128217276939	0.000646581407967577	0.0060158501487073
"ADT87593.1"	67.573268555035	-2.40878693471769	0.628389942019239	-3.8332678065747	0.000126452157942575	0.00154930180033275
"ABG62057.1"	213.170700384995	-2.40825358376339	0.84185438739352	-2.86065336218016	0.00422769019598411	0.0269593674636357
"AEB47278.1"	5290.44712653935	-2.40799521602596	0.469637111081648	-5.12735292677355	2.93844364786402e-07	7.95177893708888e-06
"AGE97206.1"	101.148599316376	-2.40488912672598	0.695134977985312	-3.45960022569429	0.00054097790709578	0.00518274640484626
"ABF78419.1"	151.127368278343	-2.40404329009912	0.542359124120172	-4.43256724776046	9.31176456408258e-06	0.000167755573189225
"AEY93037.1"	645.826553946951	-2.40275450265673	0.379925389223907	-6.3242799002324	2.5441619928315e-10	1.6373875666968e-08
"ADW01927.1"	383.347731212418	-2.40243610151578	0.428470903494804	-5.60699940630837	2.05864366872053e-08	8.02585585096567e-07
"ACU37894.1"	648.906249157757	-2.40157980256179	0.526203785059678	-4.56397287657181	5.0194566574523e-06	9.77223286384106e-05
"ADG99208.1"	1317.33398424171	-2.40137959382224	0.387842762218669	-6.19163183576007	5.9544503824911e-10	3.50211749807187e-08
"ACD04208.1"	207.449332037807	-2.40078727651925	0.898012447931538	-2.67344543168546	0.00750764894169162	0.0418860382167395
"ADT70774.1"	1599.96140034621	-2.40023888723033	0.631513467543738	-3.80077228846128	0.000144245814441825	0.00171769707405927
"ACF10675.1"	136.311810521984	-2.40013244671372	0.467845257790125	-5.13018440766245	2.89458470731341e-07	7.84480091635492e-06
"ADZ63875.1"	75.6753991616464	-2.39951448522302	0.772674904513833	-3.10546449898331	0.00189980424665532	0.0143748431592871
"AMO04965.1"	346.055570249124	-2.39877071396296	0.517115535038588	-4.6387519837012	3.50519384921736e-06	7.07508341764162e-05
"ADO69655.1"	4288.02763093573	2.39814981706126	0.491012233263506	4.88409382618024	1.0390559167005e-06	2.408063695691e-05
"ABL02608.1"	684.712350399241	-2.39813103996437	0.856703780224852	-2.7992534821487	0.00512209107152371	0.0310051776904837
"ADB42249.1"	307.99210606012	2.39613523418608	0.441809357201568	5.42345967809118	5.84564064866305e-08	2.01049822604387e-06
"ALJ60391.1"	54.1973217493379	-2.39596262178779	0.594968851049172	-4.02703875599996	5.64837251833953e-05	0.000788294302210537
"ABZ69338.1"	275.894228941961	-2.39499385952594	0.455710308902807	-5.25551828154218	1.47608188988587e-07	4.45786284673623e-06
"ABU78811.1"	105.081801489872	-2.39298806900282	0.614416468562857	-3.89473295629609	9.8306973330638e-05	0.00126074302581976
"ADD78030.1"	389.081376643382	2.39295601170014	0.473424310346896	5.05456935649698	4.31362982683658e-07	1.11098786230098e-05
"ADL01575.1"	1131.05400220775	-2.39211697315756	0.624483599998168	-3.8305521124407	0.000127856050461618	0.00156103706442366
"ACB22369.1"	267.24135455232	-2.39195163278103	0.575272777024057	-4.1579433762794	3.21125592077174e-05	0.00048701148839613
"ACC72808.1"	186.704183778771	-2.39143797022487	0.420896803736959	-5.68176795117553	1.33309453633618e-08	5.44042487452882e-07
"AKQ46366.1"	68.8575231075274	-2.39118010945263	0.477899027988574	-5.00352578559712	5.62911324326292e-07	1.40682687569537e-05
"AGL16460.1"	283.094738648018	-2.38986660682589	0.483765323683856	-4.94013623925572	7.80680049066479e-07	1.88413091841941e-05
"AOS44231.1"	296.575529991101	-2.38935522220273	0.436450210564336	-5.47451957718902	4.38700142555767e-08	1.56656239681011e-06
"ACS89078.1"	175.119357777752	2.38714157791545	0.688247190490453	3.46843635673158	0.000523496507002344	0.00506420463373795
"AEA81809.1"	52.1316949341684	-2.38699771909401	0.742536826783017	-3.21465230140232	0.0013060261172702	0.0106382040090475
"AGF67194.1"	655.820070989939	-2.3868270775722	0.385561639849071	-6.1905200903973	5.99660237219789e-10	3.51951530423589e-08
"ABP88726.1"	58.7451720686605	-2.38624642376195	0.787533657297782	-3.03002468738891	0.00244533749681423	0.0175247198793415
"AEC16039.1"	65.08408341211	-2.38564970553698	0.753234037528082	-3.16720910988843	0.00153909602990442	0.0120696169336706
"ACA90533.1"	4110.64508623271	-2.38469514250045	0.636500390330925	-3.74657294594999	0.000179266890525117	0.00206873696089909
"AAO13754.1"	314.698649364728	2.3841599791265	0.622010731866363	3.83298849518682	0.000126595876295999	0.00155038414382449
"ACT02154.1"	52.4287232214376	-2.38269707954975	0.755455541853748	-3.15398716078387	0.00161056171301991	0.0125143729441314
"ABK01657.1"	2114.43655337806	-2.38051046296032	0.744986309554276	-3.19537477726883	0.00139649368894204	0.0112474790896494
"AGL12188.1"	283.928166311792	-2.38016376308376	0.475692601737103	-5.00357532236582	5.62766622489045e-07	1.40682687569537e-05
"ABO55400.1"	773.9552282795	-2.3794820831324	0.488549341466821	-4.87050514895433	1.11313300379331e-06	2.56066323534902e-05
"ACR11078.1"	191.538180886003	2.37808631754188	0.468021094167282	5.08115199758901	3.75152778048633e-07	9.82486171585549e-06
"ADB37463.1"	46.1828480061009	-2.37574149781544	0.607872801760178	-3.90828721228546	9.29527646889572e-05	0.00120198872989933
"ABD07627.1"	501.781612313583	-2.37525374401388	0.387673375531216	-6.12694575880831	8.9581993690002e-10	4.97771207074613e-08
"AKH18093.1"	1194.11923075086	-2.37491402417925	0.591768660307235	-4.01324737769358	5.98890917065775e-05	0.000829616532121397
"AAY88924.1"	417.608311815716	2.37471654859278	0.33424583580845	7.10470047547185	1.20583767396469e-12	1.27391062340813e-10
"ACX75652.1"	265.540609499964	-2.37443415251732	0.418561325833717	-5.67284650054032	1.40444064876248e-08	5.68189601195873e-07
"ADV43394.1"	50.1493875119885	-2.37414103954639	0.842267256595794	-2.81875024934722	0.00482110139015099	0.0297294172948606
"ARI46383.1"	68.1384569078713	-2.37331214816642	0.552853321102555	-4.29284234638101	1.76400262824129e-05	0.000288970260855724
"AAU90816.1"	987.655860832084	-2.37259955898859	0.32666079013031	-7.26319053487296	3.78064792367016e-13	4.50395826685403e-11
"ACG39534.1"	128.610340431275	-2.37195850751767	0.593075939762486	-3.99941786285848	6.34984802999676e-05	0.000870143639000437
"ABS14367.1"	114.756074842912	-2.3714888704941	0.611702804500414	-3.87686447249646	0.000105811257967022	0.00133979736682259
"ACL74812.1"	8147.30402336506	-2.36891415587702	0.433143305043796	-5.46912333237494	4.5226697065062e-08	1.6108989962258e-06
"AJK69903.1"	1034.70946161922	-2.36806364563516	0.593176515851739	-3.99217363188236	6.54704053515366e-05	0.000893230735000788
"AIA04037.1"	173.375108383669	-2.36701392473942	0.591195463645358	-4.00377551976503	6.23395212044429e-05	0.000858041905427524
"ACX67825.1"	99.4075147934913	2.36640661644787	0.52167051177049	4.53620927971672	5.72743478997714e-06	0.000109450692409693
"ACL98482.1"	70.5977579017822	-2.36575826319369	0.58391427987542	-4.05155062092065	5.08793150819827e-05	0.000721955045633648
"CAD74167.1"	109.106423848567	-2.36536171416966	0.682319889011925	-3.4666462934196	0.000526994869379166	0.00508925435085862
"ABM15659.1"	531.773168812861	-2.36520811486106	0.385555688954963	-6.13454342036006	8.54041164353428e-10	4.78390257128744e-08
"ACM39672.1"	45.0891303188705	-2.36448188376804	0.558857824404517	-4.23091845638465	2.32739039244341e-05	0.00036812215495393
"ACE94861.1"	162.330273717857	-2.36417037366567	0.674435957749967	-3.50540380669047	0.000455915218113066	0.00450699238922789
"ADW03442.1"	108.695362260102	2.36269432836266	0.439235868448835	5.37910152170981	7.48584886630048e-08	2.48604774449523e-06
"AFI34524.1"	62.158391450992	-2.36057498998287	0.785667935650582	-3.00454541017786	0.00265978051445016	0.0187470330520007
"ANP50964.1"	369.505745031442	-2.35850341131533	0.461848587743706	-5.10665935526068	3.27904092259421e-07	8.72623856168701e-06
"AFK03766.1"	37.4361201500118	-2.35703838075222	0.683158134735849	-3.45020905249646	0.000560152599551158	0.00533765560824854
"ADR19199.1"	2213.23285820355	2.35628044414398	0.878086644006553	2.68342590133553	0.00728721217326007	0.0409911175412073
"AAS95367.1"	57.6500136779968	-2.35559997302097	0.59500999361383	-3.95892505723154	7.52878545463639e-05	0.00100417283272034
"ABR06540.1"	98.8601316489465	-2.35410755297644	0.763592730555454	-3.08293604532354	0.00204969199765456	0.0152452649219811
"ABQ07554.1"	46.453919135949	-2.35395904342641	0.641486878916223	-3.66953576260729	0.000242991343809685	0.00267300025984123
"AAW30398.1"	1815.83354579055	2.35367191346375	0.56690462715715	4.151795206306	3.29877394686501e-05	0.000498394362743836
"ADB18815.1"	245.887966667554	2.35219950403176	0.629718477891388	3.73531917295502	0.000187477254350799	0.00215018976354157
"AAW68437.2"	1982.7960534913	-2.35206227422806	0.627561546257403	-3.74793880895839	0.000178293735513093	0.00205920438095072
"ADP88278.1"	207.893730076309	2.35192420664832	0.545528444945212	4.31127694337648	1.62314458785575e-05	0.00026904414376323
"AFV87937.1"	593.545716859874	-2.35104050542192	0.630356454965697	-3.72970005605774	0.000191707844268548	0.00219421619302627
"AKA50811.1"	139.124074128036	-2.34661613802521	0.815576613287958	-2.87724794923304	0.00401160245775194	0.0258776088495907
"ADP12622.1"	49.2817857221591	-2.34550738430161	0.6691850883903	-3.50502039718733	0.00045657230198708	0.00451030281101987
"SCF32826.1"	688.860937121247	-2.34455982813062	0.569461933135486	-4.11714935047785	3.83587510763206e-05	0.000564908782289675
"AFU98524.1"	3211.6346000181	-2.34436536542847	0.822609728288896	-2.84991203581432	0.00437313217604945	0.0276428558141071
"ABO68688.1"	183.895899771797	-2.34422375055869	0.650273945499764	-3.60497874285436	0.000312178479559589	0.00329553118919693
"ADU21934.1"	49.2592214594778	-2.34334378520427	0.541838715489171	-4.32479946193713	1.52670681807951e-05	0.000254869911025367
"ADV83524.1"	112.135939516813	-2.3427856667997	0.555758860278911	-4.21547155473862	2.492568097738e-05	0.000390061131717569
"AEI77617.1"	688.719004334312	2.34244310975981	0.398393163983668	5.87972716784828	4.10943263598005e-09	1.90476284895526e-07
"AEV69573.1"	42.7883211518758	-2.34170250385516	0.686802571342894	-3.40957154437624	0.000650650094906987	0.00604788832282731
"ABI40007.1"	73.3031408002386	-2.34128722916064	0.55182998333203	-4.24276914970007	2.20778511487194e-05	0.000350988938534666
"ABQ04263.1"	69.4952676736586	2.34127453334443	0.738317146670318	3.17109597671296	0.00151864958370734	0.0119528011654402
"AEB14317.1"	82.08009449208	2.33911463359672	0.762489583860759	3.06773322955172	0.00215689073458568	0.015865557804903
"AEW97906.1"	4111.40532296143	-2.33884777076007	0.45127998842999	-5.18269772807111	2.18699317895309e-07	6.22859217069895e-06
"ACL17063.1"	83.6979420943888	-2.33855206626537	0.581163904651932	-4.02391140872035	5.7239456349593e-05	0.000797964320679716
"AEE52526.1"	63.3445388111901	2.33843522417771	0.803990155958621	2.90853713425076	0.00363124048258695	0.0239901692903751
"CCA73365.1"	73.6607994693	2.3364906208989	0.779138257705331	2.99881387904142	0.00271032820484376	0.0190409908212813
"AHY57694.1"	841.375666822549	-2.33562532943274	0.606297352063441	-3.85227697512416	0.000117024546369319	0.00145415854423234
"ABW98683.1"	471.65881234027	-2.33544629283043	0.63350966165983	-3.68652040240622	0.000227341223409441	0.00253818634367251
"ADQ79765.1"	9739.48608542223	-2.333277551736	0.380354675622819	-6.134478425736	8.54390372068767e-10	4.78390257128744e-08
"CBG87545.1"	180.695999067684	-2.33085911834953	0.754431219070128	-3.08955814583391	0.00200454464911457	0.0150131706786012
"AAW46263.2"	126.336744780765	-2.33018017385071	0.561519857341492	-4.14977341118962	3.32804553846771e-05	0.000501733779725052
"AEB51588.1"	74.8398582655095	2.33000363235845	0.707429509038075	3.29361950920971	0.000989062855402221	0.00852256192669762
"AEF20032.1"	362.676757999497	-2.32922381727181	0.350167397969193	-6.65174379676755	2.89640579167552e-11	2.28857538924969e-09
"ADV43668.1"	93.1608028084139	-2.32864614665563	0.578890845323639	-4.02259971023338	5.75592738423499e-05	0.000800909259687091
"APU09020.1"	360.459771841917	-2.32852485564309	0.869558290541477	-2.67782491521426	0.00741019422174602	0.0414911594864003
"ADO70169.1"	201.887310848746	-2.32735935954806	0.527153112707295	-4.41495896248333	1.01029153914213e-05	0.000180268463542532
"AAO79250.1"	70.8236990438174	-2.32735581341977	0.772944215009008	-3.01102688684027	0.00260365796862567	0.018444334131995
"AAT88806.1"	549.918322132428	-2.32557607952591	0.500478769194611	-4.64670276277317	3.372826032938e-06	6.85236847736809e-05
"AHH96695.1"	666.601742219175	-2.32218850349053	0.476150378581115	-4.8770065255654	1.07707873615923e-06	2.48384648249701e-05
"AAS04288.1"	242.611572348297	-2.32165249170329	0.510261007531839	-4.54993122624292	5.36634519751797e-06	0.000103539765782021
"ADY28134.1"	355.922296107431	-2.32119444236446	0.885507135461356	-2.62131647437838	0.00875909087109051	0.0471757422137456
"AIQ43288.1"	72.4402794009347	-2.32038307646507	0.538525581794774	-4.30877038140287	1.64164695746627e-05	0.00027162853558644
"AAF31275.1"	70.1376724626528	-2.32032166692763	0.789605832074593	-2.93858223011255	0.00329717179981885	0.0222000052207139
"SDT85547.1"	195.995351233701	-2.3188224444063	0.655280140957564	-3.53867346112121	0.000402142972298818	0.0040556176702009
"ABF52968.1"	570.631205442945	2.3177825933092	0.255158764642585	9.08368794054889	1.04956894274296e-19	3.97077461095025e-17
"ACE84782.1"	211.898726255843	-2.3162558171544	0.635604388416117	-3.64417845340299	0.000268247260136341	0.00290516452409169
"ABJ83972.1"	225.88283973509	2.31614179595893	0.588359318304956	3.93661105365282	8.2640385631785e-05	0.00108568758148637
"ASA26394.1"	48.3403384582842	-2.31572140646465	0.646222010872165	-3.58347652587579	0.000339051247070462	0.00352341451855406
"ABN01327.1"	135.118432322824	-2.31533354759833	0.519002468646108	-4.46112241746789	8.15314972155993e-06	0.000149479750887224
"ARE78888.1"	358.305295339724	-2.31526797976058	0.451861227071932	-5.12384741386986	2.99363275115871e-07	8.06638522631753e-06
"AGC65030.1"	42.0016099855245	-2.31525539706034	0.495398406471885	-4.67352209214611	2.96077840899843e-06	6.11282834353394e-05
"ABK11575.1"	149.121314196739	-2.31516316052102	0.557484993805573	-4.15287081490207	3.28330109776397e-05	0.000496324500718143
"ANC38995.1"	57.9996351753936	-2.3144634750531	0.689312018804386	-3.35764271028894	0.000786101522224416	0.00710051600347145
"AIQ68833.1"	48.0081174136518	-2.31363910011408	0.654156387293546	-3.53682872330628	0.000404962195328582	0.00407817324475503
"SBT38907.1"	728.413009458889	-2.3126909773866	0.462239617396842	-5.00322968942124	5.63776999042016e-07	1.40682687569537e-05
"ABY32954.1"	313.889595965057	-2.31229694444716	0.695184957595213	-3.32616078524752	0.000880511211635873	0.00776766474484779
"ACB63782.1"	562.12442659258	-2.31140442988838	0.522189099171101	-4.42637434132079	9.58301641129129e-06	0.0001720886000324
"AFE09577.1"	575.04518396013	2.31076128396303	0.241231690945249	9.57901208961595	9.7977594088663e-22	5.27496293097348e-19
"AGN70393.1"	95.375505063364	-2.30920546859322	0.605869142900174	-3.81139309643582	0.000138185815205903	0.0016575193155546
"ANN18316.1"	513.049296025387	-2.30809431810788	0.545664709870504	-4.22987647241404	2.33819670093522e-05	0.000369413966362203
"ADX72107.1"	247.548423422669	-2.30805196700548	0.551382715565562	-4.18593456386835	2.83995162084285e-05	0.000437574494095302
"ACE85531.1"	91.3655493208826	-2.30752930106518	0.780438902104234	-2.95670717444194	0.00310943262185659	0.021237295848133
"ADB37457.1"	94.9254462249925	-2.30696238275261	0.566248317431169	-4.07411785913702	4.61890873705069e-05	0.000665522228525327
"AAN58216.1"	102.995610366761	-2.30624045001728	0.601109531285246	-3.83663929781025	0.000124729460756386	0.00153221850958131
"AAT90349.1"	189.025506452423	-2.30579926116978	0.533747108751665	-4.32002201672365	1.560136345325e-05	0.000259214107559162
"ADZ98864.1"	127.217255032014	-2.30502449166908	0.568206297804293	-4.05666832728946	4.97776912292619e-05	0.00070988320704598
"ABL99401.1"	86.5919207863517	-2.30433628164107	0.717965438159343	-3.20953650296695	0.00132949164283122	0.0108136107009596
"ACZ77292.1"	466.14334854594	2.30387058983234	0.773464902631541	2.97863624062829	0.00289534280228245	0.0200192682372684
"ADQ16524.1"	88.1017363693506	-2.30146523584649	0.784386735009367	-2.93409504919663	0.00334521750089531	0.0224408427113035
"AGT84100.1"	56.9244680706256	-2.29982560078729	0.506740755107187	-4.53846582815473	5.66649759592929e-06	0.000108360154846746
"ABQ24722.1"	67.0857577543486	-2.2996010726096	0.517775321615461	-4.44131069328456	8.94125867136215e-06	0.000161914280571446
"AAR92278.1"	106.840845738391	-2.29946366562987	0.709997851045824	-3.23869102173024	0.00120079580650488	0.00995778418214181
"AEK42021.1"	54.8585892840938	-2.29933329127428	0.503756475602732	-4.56437465845611	5.00985407243644e-06	9.76712218746035e-05
"ABB51613.1"	620.524647416989	-2.29923175611191	0.547063870743233	-4.20285798253907	2.63565959961362e-05	0.000410388910738503
"ABR16205.1"	130.756825247109	2.29886527029809	0.550820240384729	4.17353085771214	2.99915018207757e-05	0.000458820811461441
"ADX57121.1"	305.600192040617	2.29869330752754	0.428827283015591	5.36041758202208	8.30298009517117e-08	2.72189965742871e-06
"ACD61555.1"	212.297222339548	-2.29751940878287	0.609944294241294	-3.76676924511729	0.000165373721479767	0.00192988858130369
"ADY40389.1"	915.375304909418	2.29697266056177	0.804208511708007	2.85619043708376	0.0042875788098496	0.0272435443396617
"AAF63208.1"	64.8917889046694	-2.29687557282247	0.704676127531648	-3.25947691866334	0.00111617862325932	0.00940765848554237
"AEB45932.1"	684.994968476534	-2.29342933688559	0.323756776179795	-7.08380335370018	1.40250890452487e-12	1.4596520182557e-10
"ACX51987.1"	81.6307040442356	-2.29318309314757	0.670937907260977	-3.41787677865633	0.000631116727127412	0.0058856575258691
"AEE50540.1"	70.7751631519485	-2.29263344151586	0.685323543798806	-3.34533004485385	0.000821847098967098	0.00736269804245852
"AKF80916.1"	468.499022642344	-2.29261814897882	0.511213745297067	-4.4846567019566	7.30314190095312e-06	0.000135582732532549
"ACR35387.1"	336.773246356566	2.29091042119898	0.362723979445903	6.31585048415761	2.68679719768831e-10	1.7134299395554e-08
"CAG22026.1"	67.1748576688251	-2.29049616380312	0.666007599409181	-3.43914418669551	0.000583556336153347	0.00551189041395044
"AEL05117.1"	312.435320208107	-2.29037391076239	0.46206018912563	-4.9568735083984	7.16365812337039e-07	1.74394585062502e-05
"ADW03246.1"	380.566929486267	2.28979057491767	0.453968852707797	5.04393762096169	4.56048028232227e-07	1.17133216498986e-05
"AFR05469.1"	274.464662830665	2.28933154979744	0.471078708174056	4.85976443017579	1.17525511116923e-06	2.69030597647537e-05
"ACA94570.1"	146.607475582965	-2.28870975880089	0.547273322838315	-4.18202324741684	2.88926418491075e-05	0.000443950823933926
"SHI28306.1"	1448.1315918901	-2.28684135175641	0.684658355450609	-3.34012041706746	0.000837420709627112	0.00747760935548179
"SHI28350.1"	409.815108676208	-2.28662291148067	0.450329015888529	-5.07767172623556	3.8208811441932e-07	9.98780471641764e-06
"ABM50755.1"	132.154261988642	-2.28549647783195	0.552719529381964	-4.13500221421076	3.54951213074995e-05	0.000530834089810232
"AIJ31779.1"	218.471980324385	-2.28389451586764	0.63351132607591	-3.60513604391972	0.000311989449486982	0.00329477805652114
"SMD46306.1"	61.5936177962443	-2.2838232495061	0.704384406596203	-3.24229671770025	0.00118570503162301	0.00986426202441806
"AAS90590.1"	95.9469032067426	-2.28040351421931	0.79326508116545	-2.87470552828189	0.00404404470631032	0.0260448759139323
"APU38636.1"	419.282659387677	-2.2799909519283	0.559774669723796	-4.07305131018752	4.64011968205905e-05	0.000667547742132195
"AKA04277.1"	175.497605275625	-2.2794985014149	0.571753026931116	-3.98685865057875	6.69538865054288e-05	0.000909040255386025
"AAW77794.1"	213.963640727692	-2.27906160697297	0.607217693250588	-3.75328590109517	0.000174531603348737	0.00201908544105424
"ACL56723.1"	2882.71110159627	2.27884430977757	0.577182300197025	3.94822278680353	7.87335173417411e-05	0.00104218607635905
"ACN82553.1"	54.4892206098433	-2.27740968073141	0.579102985343878	-3.93265056193599	8.40143246118878e-05	0.00109960964555138
"AAL99398.1"	84.6636487208848	-2.27733080172255	0.593981972975977	-3.83400659503627	0.000126072758808734	0.00154668402962721
"AAV31355.1"	188.6342685674	2.2770909436206	0.650362726220429	3.5012629903529	0.000463058644026906	0.00456150239203985
"AIO66794.1"	85.7545154395162	-2.27654475900266	0.620029301893744	-3.6716728581205	0.000240968011179858	0.00265805375925583
"AJE44325.1"	2814.95302351401	-2.27596405913723	0.653118834178316	-3.48476255779792	0.000492573934995225	0.00480658762081781
"AEG56620.1"	37.5591865404654	-2.27540843671377	0.572132975049359	-3.97706221445716	6.97719150598866e-05	0.000943184226951513
"ACU95685.1"	341.941033239972	-2.27416651932985	0.580208150848625	-3.91957009911633	8.87070581194401e-05	0.00115455267276236
"ADV19959.1"	94.1514325502659	-2.2723738604705	0.762814531851813	-2.97893362748881	0.00289253426814894	0.0200047898644016
"ABS55266.1"	155.817659757576	-2.27121785332293	0.528840706236706	-4.29471072581607	1.74921265273835e-05	0.000286883171798845
"ACG28518.1"	407.980020595628	-2.27046005676804	0.582755502627893	-3.89607656475069	9.7763494900626e-05	0.00125492288089772
"ACM32038.1"	98.7185970751747	-2.27036120626511	0.70512162073414	-3.21981504963826	0.00128273325225796	0.0104942723933997
"AAC46463.1"	127.116209584746	2.27032037628073	0.549504764878581	4.13157541369524	3.60285449296981e-05	0.000537662656637435
"ACR14353.1"	273.104213980579	-2.27002122038837	0.57519974812376	-3.94649202784413	7.93045610718714e-05	0.00104826113756741
"AEO59465.1"	486.688049999782	-2.26927100229552	0.372357111204547	-6.09434044365261	1.09889574734853e-09	6.02048636844803e-08
"ACU73788.1"	288.682309694699	-2.26788056760025	0.516211356698977	-4.39331784969377	1.11633726666124e-05	0.000196289245657673
"AJP00870.1"	335.629521140748	-2.26665768982197	0.619445631369086	-3.65917132196452	0.000253032144756347	0.00276386444950957
"ACX75579.1"	206.238880916207	2.26612397497719	0.379095923154889	5.9777060014737	2.26301666903116e-09	1.14359954271113e-07
"ABN82531.1"	126.908242210149	-2.2654380197489	0.503517288755139	-4.49922588626462	6.82013586644714e-06	0.000127121520450768
"AAK46522.1"	101.818621154253	-2.26352130722641	0.770560007026928	-2.93750166967505	0.00330868390237447	0.0222456067509215
"AIS14663.1"	48.649093532173	2.26051831176819	0.65284325281098	3.46257436533955	0.000535034038848292	0.00514559015856983
"ADK85463.1"	1130.88907022538	2.25973569581085	0.484130495246963	4.66761692972496	3.0471334018449e-06	6.26340284273493e-05
"ADG10480.1"	631.921498476575	-2.25905557116954	0.45813622276436	-4.93096912865473	8.18226655272186e-07	1.96458605840481e-05
"ABD01176.1"	80.5290000676291	-2.25889589857707	0.521813633973276	-4.32893230745434	1.49833975590656e-05	0.000251339793321087
"ADY36919.1"	109.552979431357	2.25882053099471	0.501523223300674	4.50392010987794	6.67112937099071e-06	0.000124835662404748
"ANA11091.1"	374.865889600527	2.2571431783732	0.453008517729543	4.9825623361033	6.2747766770499e-07	1.55321527719442e-05
"ADO49173.1"	686.901266433553	-2.25603198895856	0.616447236330152	-3.65973250588196	0.000252478668627179	0.00275893552181363
"AEU38011.1"	1123.42741063146	-2.25601975058447	0.470977890184037	-4.79007570759409	1.66718398394604e-06	3.62943101201815e-05
"SMD46304.1"	36.4671835944588	-2.25548330986702	0.69053919998028	-3.26626397159123	0.00108976612053624	0.00922282113377647
"ACS39314.1"	405.419546357089	-2.25508881010514	0.391730565666751	-5.75673436732421	8.57566928738869e-09	3.67663763200205e-07
"AGJ57461.1"	193.199840170562	2.25463928526437	0.468983401251822	4.80750337697716	1.52826838317416e-06	3.36451091584668e-05
"AEE50254.1"	103.231967748264	-2.25382196042077	0.459573767849955	-4.90415710836789	9.38293697441823e-07	2.20373073436085e-05
"ABZ00834.1"	115.098602064618	2.25349426956397	0.395486903951894	5.69802500928849	1.21203274946114e-08	4.97869280410381e-07
"AEB09197.1"	136.808391648171	2.25337771131475	0.754932933898488	2.9848713841086	0.00283697581751558	0.0197179679709946
"AGL16685.1"	2009.52959843596	-2.25334575612306	0.58916682734543	-3.82463107482783	0.000130968054390066	0.00158795220905339
"ADZ00354.1"	37.6445358637245	-2.25291703869733	0.609735849258185	-3.69490664102868	0.000219967595308033	0.00246612272831022
"AHM10329.1"	40.3050457484342	2.2522546787771	0.555400677867916	4.05518892670982	5.00937977009692e-05	0.000712614817294885
"ARK10560.1"	112.142569752034	-2.25046130730782	0.615623782607271	-3.65557889556628	0.00025660227504135	0.00279526742881621
"CDR49038.1"	751.546275695181	-2.24941488788775	0.642678002403349	-3.50006516401039	0.00046514443603173	0.00457882687452332
"ABK51955.1"	336.512875909133	2.24880065457162	0.412318548874614	5.45403708057646	4.92389272844301e-08	1.73177513599862e-06
"ACE98942.1"	381.925859897238	-2.24874072437585	0.528760735855338	-4.2528511893725	2.11065841897103e-05	0.000338236938165501
"AEH89749.1"	249.172571387083	-2.24822091315954	0.600105695223347	-3.74637489871312	0.000179408409823847	0.00206951703396309
"ABV52273.1"	96.0722519023411	-2.24803862716625	0.807468628515301	-2.78405692528233	0.00536836114275847	0.0322308896746014
"ADG96633.1"	231.806516862509	2.24783406478844	0.430746738538402	5.21845869899267	1.80418197948879e-07	5.27793925786502e-06
"AAN53365.1"	49.3628836349363	2.24697354700059	0.649345083098994	3.46036892475866	0.000539435781307954	0.00517193292243065
"ADU73187.1"	208.817287508117	-2.24692395134079	0.511694064562114	-4.3911471853081	1.12754179204408e-05	0.000197786090288634
"ADX73085.1"	140.721679751479	-2.24652071879044	0.705934347802695	-3.18233660932211	0.00146091919449332	0.0115863424646268
"ACR76878.1"	146.18359816712	-2.24633609629064	0.764989457436058	-2.93642752126216	0.0033201639661819	0.0222904821096471
"APZ78831.1"	64.4759408246305	-2.24617748422678	0.547900108220802	-4.09961131696214	4.13844581260365e-05	0.000604696915290459
"AKU90669.1"	839.330969870884	-2.2453184157557	0.323007306970484	-6.95129295004114	3.61953350988033e-12	3.41186734486901e-10
"AFK20873.1"	73.3545000109439	-2.24476146754688	0.489092870597827	-4.58964258629055	4.44005614522573e-06	8.76207051137163e-05
"AGJ57253.1"	102.52529205893	2.24456348380878	0.453230805465746	4.95236302727092	7.33176618518325e-07	1.78331994891738e-05
"AAH93489.1"	82.7395424457041	2.24420997616846	0.631836206978418	3.55188568078549	0.000382480996931723	0.00388672885303104
"ACC70060.1"	319.682467100413	2.24219884032537	0.382838248153092	5.85677855110429	4.71931732950816e-09	2.14520450991265e-07
"ACG42119.1"	480.474573625167	2.24185024095327	0.377109404707477	5.94482718534231	2.7674866798531e-09	1.34278261852976e-07
"SDS47394.1"	110.558170031991	2.24169185344555	0.703633706367219	3.18587900659158	0.0014431493812783	0.0114844826828502
"AKC39128.1"	50.8710438619178	2.24124096531619	0.651711538573963	3.43900764780127	0.000583850739827238	0.00551281123514447
"ADP72269.1"	742.434492338623	-2.23976354042092	0.590899920769373	-3.79042789091031	0.000150387988454896	0.00177798231620915
"AEB46634.1"	1001.21084657393	2.23888308180361	0.436124885321544	5.13358250619644	2.84278323349433e-07	7.75862192881988e-06
"EAA64722.1"	163.377780550213	2.23820346193605	0.739209503842276	3.02783372007837	0.00246313579137182	0.0176317948389786
"AEL04966.1"	188.578504388047	2.23787231701973	0.381117800221091	5.87186511813805	4.30919291019733e-09	1.98421323542573e-07
"SCG15869.1"	1762.96089756766	2.237785060093	0.38988604665546	5.7395874494337	9.49074655295268e-09	4.03191108492357e-07
"CAZ94916.1"	123.339245309646	-2.23731579455435	0.570108255813511	-3.92437010294095	8.69569637516942e-05	0.00113388316590239
"ADR34882.1"	49.9184961351938	-2.23639183893913	0.640616048833069	-3.49100189265144	0.000481212844406823	0.00470826084464759
"ABI77169.1"	161.3296883389	-2.23594981151779	0.592223264977474	-3.77551836232378	0.000159675260665607	0.00187197177453699
"ARF53866.1"	554.833211172287	-2.23551049901813	0.35599904912307	-6.2795406463159	3.39574813228303e-10	2.11731324524267e-08
"ADZ44606.1"	32.5082394396931	-2.23469872482786	0.683257448955529	-3.2706540239612	0.00107299093491458	0.00910554094048386
"ADQ69076.1"	192.774381309065	-2.23458052231165	0.424093262266004	-5.26907810412242	1.37110619539353e-07	4.1768758483392e-06
"ABE64437.1"	120.439074306809	-2.23436473628131	0.59686628728907	-3.7434929461834	0.000181479699443823	0.00209082537680216
"ACE82950.1"	34.0697335231044	-2.23308171385425	0.632535908572581	-3.53036354709657	0.000414989014049187	0.00415820774420939
"ABP59240.1"	73.0982386006765	2.23168249416823	0.544390574571738	4.09941427792694	4.14197045198559e-05	0.000604896216869007
"ABZ00178.1"	358.464050476309	-2.23023466961189	0.526494823560095	-4.23600493264362	2.2753178028504e-05	0.000360701003446205
"AEI66438.1"	695.872761958679	-2.2293978974415	0.418144332793673	-5.33164680852331	9.73260923951598e-08	3.1354905439527e-06
"AGK95776.1"	132.483470044135	2.22894422153	0.731418725376656	3.04742570048665	0.00230810578407013	0.0167446824386699
"APY00961.1"	1469.83071534218	2.22838260928615	0.696723491560504	3.19837444305929	0.00138204700900823	0.0111600196320146
"ANI42603.1"	516.061768005872	-2.22623544255041	0.320832675578935	-6.93892989089476	3.95081126487889e-12	3.71164134803857e-10
"ABP67988.1"	55.2679087038793	-2.22610766582527	0.625963063608362	-3.55629236810377	0.000376125486805907	0.00383802199243972
"ADL68114.1"	295.606776834537	-2.22381550638018	0.50009718400111	-4.44676670359983	8.71724204019925e-06	0.000158369830082685
"AFZ66118.1"	81.8950284016167	-2.22341574630534	0.666262375748988	-3.33714738702731	0.000846430494055301	0.00753471164119943
"ALF95043.1"	68.9463445499805	-2.22286157501316	0.592462418631919	-3.7519030829771	0.00017549731092106	0.00202858080782246
"ACU62970.1"	106.448515015979	-2.22273929719918	0.668185767066324	-3.3265289486158	0.000879348853993854	0.00776600962662837
"AIJ46113.1"	228.17498883578	-2.22190970344439	0.461691412289342	-4.81254284637187	1.4902190994467e-06	3.28764175792827e-05
"ABB30002.1"	87.2599239010534	2.22160859275502	0.595066962597469	3.73337579195742	0.000188930384047699	0.00216419600319123
"ACH83319.1"	53.6867637055516	-2.22114109303981	0.62205953367894	-3.5706246312209	0.000356130952210868	0.00367634297127414
"ABQ32575.1"	290.484955857212	-2.22103059618847	0.623227660816689	-3.56375484566585	0.000365587416487646	0.00375733675183119
"AEL24539.1"	75.8219859087275	-2.22081717185419	0.554657427211704	-4.0039438090974	6.22951672196966e-05	0.000858041905427524
"ABL03018.1"	383.426296178508	-2.22024999826463	0.550375541474157	-4.03406370914991	5.48204441109639e-05	0.000770071828063495
"ACS21754.1"	2159.74654743345	2.21973109512733	0.697902410416837	3.18057519503557	0.00146982988142334	0.0116372616969253
"AEG91752.1"	2046.2619187045	2.2191226271607	0.326633349630219	6.7939254508854	1.09122789675535e-11	9.37117061274932e-10
"ACO85337.1"	476.960306057885	-2.21882434975379	0.725319360778913	-3.05909985274765	0.00222003141303908	0.0162276760938491
"ADY38062.1"	63.7488937420561	-2.21819187835918	0.508093307480182	-4.3657175674287	1.26706112254614e-05	0.000219508930611396
"AGX43051.1"	52.7001775120166	-2.21789117569411	0.584679064633854	-3.79334802603721	0.000148629611099876	0.00175950268422607
"AIQ54317.1"	90.064467999457	-2.21665494536697	0.752563337882736	-2.94547293733881	0.00322461355287656	0.0218478588014453
"AIP65163.1"	75.5680640323202	-2.21613998920126	0.505661139708937	-4.38265829657563	1.17239921871928e-05	0.000204628980843297
"AEW81879.1"	79.2150796944039	2.21578738079394	0.330408857523872	6.70619848813784	1.99759965313144e-11	1.64002345715741e-09
"ACE85953.1"	45.4294950870445	-2.2145702996333	0.663540948379787	-3.33750359347191	0.000845346287482314	0.00752984876371456
"API76751.1"	58.7147563095816	-2.21374600277236	0.491836853032638	-4.5009762670742	6.76420590707114e-06	0.000126247139049576
"AEK42492.1"	738.173430783841	-2.21369879960925	0.494713640848267	-4.47470742026338	7.65160157848173e-06	0.000141116098676663
"ABF10146.1"	793.390626193172	-2.21237651000071	0.475356552732657	-4.65414118577421	3.2533383431067e-06	6.64335961003759e-05
"AIR01824.2"	220.137406580889	-2.21224884323208	0.418679392062357	-5.28387325761331	1.26480771936348e-07	3.92567149792681e-06
"ADG94278.1"	49.4673184022448	-2.2107799882387	0.770465357327024	-2.86940868556188	0.00411240056786007	0.0263689832426758
"AKR39031.1"	236.591722639272	-2.21010275976887	0.602024928504598	-3.67111502385568	0.000241494620662918	0.00266071759153052
"ABR38332.1"	54.682206790046	-2.20980678384488	0.669584289229208	-3.3002667765528	0.00096592960721543	0.00837856967505697
"AEY92764.1"	440.635842343417	-2.20927248960337	0.509715441937684	-4.33432520938509	1.4620790229581e-05	0.000246283780545938
"ADO68467.1"	764.083009201088	-2.20856994653697	0.590279250042357	-3.74156798901282	0.000182875687575252	0.00210344607615314
"AAM82669.1"	170.943094762365	-2.20773925566356	0.600956286612136	-3.67371022626219	0.000239053823484736	0.00264079334724067
"ACA57450.1"	40.425922824723	-2.20765047865695	0.574058824852111	-3.84568685835583	0.000120215210525035	0.00148786252602073
"ABC27349.1"	504.638031232405	2.20752473902862	0.406088900471087	5.43606273519853	5.44707831127501e-08	1.88967043869213e-06
"ACR10922.1"	41.5713672299663	-2.20639181622798	0.456998905819411	-4.82800240467067	1.37909428826053e-06	3.0764241987364e-05
"ABQ91050.1"	315.826995118312	2.20626001401983	0.410776497760599	5.37094995952187	7.83229430517594e-08	2.5796813102083e-06
"AGF58045.1"	63.5110247533105	-2.2061529396196	0.690771122960054	-3.19375385897129	0.00140435801765546	0.011284847032802
"ABA50272.1"	250.776813355819	-2.20607747264097	0.477361454055579	-4.62139842649322	3.81161943637053e-06	7.62759812298994e-05
"ABU72648.1"	42.6230991552236	-2.20510229167354	0.569043511721596	-3.87510312700372	0.000106579552995888	0.00134708856238053
"AJE20009.1"	1832.07989675414	-2.20424915347925	0.508379895300063	-4.33583069247503	1.45210684302836e-05	0.000245342083146783
"ACH39610.1"	221.52574901715	-2.20376480976413	0.383883411468889	-5.74071383113863	9.4278292035463e-09	4.0112690939587e-07
"CBL17490.1"	37.0197581046375	-2.20357626985161	0.669071464891255	-3.29348415749543	0.0009895391796313	0.00852404273014088
"ABA87784.1"	67.805689970286	-2.20326227137256	0.716193050007197	-3.07635248813211	0.00209549959918053	0.0155156153005856
"AGM09002.1"	427.766433462778	2.20045126811356	0.519588362118632	4.2349895196674	2.28562365461647e-05	0.000362129710439404
"ADV42267.1"	431.5662201898	2.19915357934847	0.568858711196932	3.86590472477998	0.000110678141682204	0.00138823712120743
"ADM99550.1"	967.604887748508	2.19906597173094	0.816833375147453	2.69218427973021	0.00709857103117603	0.0401802657882742
"SDT02564.1"	364.592155121003	-2.19737004278841	0.542598326036746	-4.0497176960321	5.12794556117864e-05	0.000726528157544318
"SCM59414.1"	57.6574158042414	-2.19375033581704	0.735697591374196	-2.98186423543861	0.00286499018500067	0.019853530994871
"AIQ43152.1"	169.496708927091	-2.19288637304085	0.448869090710469	-4.88535837825223	1.03240892651957e-06	2.39861579309892e-05
"ABD42753.1"	54.8740297806484	-2.19090782413326	0.612774799421823	-3.57538826041878	0.00034970851717532	0.00361938619106849
"AEI40705.1"	962.068289432864	-2.19024441448191	0.312737462772459	-7.00346033079985	2.49716640516271e-12	2.45300598873457e-10
"ADL48285.1"	525.79769925445	-2.18914109227101	0.514793091031944	-4.25246789517455	2.11427534745956e-05	0.00033842911736694
"ADT72499.1"	98.4172132628853	-2.18886901392071	0.819195313398679	-2.67197453173838	0.00754063713039584	0.0420282056744101
"AHZ24258.1"	69.5241047861682	-2.18886440224915	0.490842300651506	-4.4594045772824	8.21876536214672e-06	0.00015048564753346
"AIZ79691.1"	220.705974113278	-2.18859778209994	0.669436964341793	-3.26931122522017	0.00107809648153069	0.00914063873317176
"ALQ07772.1"	181.64323491323	2.18846158024531	0.684092220604212	3.199073917713	0.00137869814829278	0.0111426193301399
"AOT62485.1"	780.278896128203	-2.1881865461482	0.440732615606545	-4.96488453239788	6.87419564004598e-07	1.67521635940928e-05
"AKZ58808.1"	159.975076193677	-2.18807580557071	0.599512052173338	-3.64976116433114	0.000262484249638075	0.00284936372736237
"AEK35441.1"	193.912842604606	2.18736178702351	0.429842584035979	5.08875078519539	3.6042990329657e-07	9.4747376269397e-06
"ABR30599.1"	46.3837865218035	-2.18586659455652	0.54132527102825	-4.03799104077379	5.39109115804816e-05	0.00075805619317286
"ADG66282.1"	73.6052804558013	-2.18515144907072	0.770376648951966	-2.8364715519914	0.00456150418692375	0.0285116926137793
"ACU39141.1"	481.38643593732	2.18407240881382	0.397042092243228	5.5008586028603	3.77946220023407e-08	1.38313495108174e-06
"AAR98545.1"	384.187498684762	2.18363598263117	0.436718505752286	5.0000995008665	5.7300735758252e-07	1.42848744282104e-05
"AFU19641.1"	223.696012532628	-2.18334517117987	0.672300768687954	-3.2475720285741	0.00116394199322938	0.00972969940321036
"ADB38559.1"	47.4920179117399	-2.18272101747789	0.73235722397942	-2.98040484344185	0.00287867658944194	0.019923715648459
"BAA81753.1"	106.566632592118	2.18238140444741	0.468433295560588	4.6588947137835	3.17911742309563e-06	6.50603591937026e-05
"AEH89752.1"	413.097289829178	-2.18207536884015	0.478227941195729	-4.56283537800874	5.0467385517122e-06	9.80489191490179e-05
"AOW19208.1"	548.58317506924	2.18201403435362	0.76771642324167	2.84221356779122	0.00448014686174181	0.0281413936597091
"ACY21787.1"	529.611023359556	-2.18191934250747	0.50704031771439	-4.30324624349994	1.68313601931787e-05	0.000277509281488946
"ADB46573.1"	119.016198378875	2.1819117341989	0.7117937751148	3.06537063188983	0.00217400405662558	0.015962081712376
"CBG75160.1"	453.090456924198	-2.18179295504132	0.452104798658967	-4.82585666312976	1.39402744940202e-06	3.10478858181853e-05
"AEW99815.1"	510.772022789632	2.18065045411311	0.332128041583527	6.56569208584787	5.17917407964838e-11	3.88976651200761e-09
"ADU31612.1"	37.239763773629	-2.1805838464886	0.686117773813078	-3.17814802314489	0.00148219059014118	0.0117218665993199
"AKG43946.1"	248.079461351668	2.18035180148502	0.462736134205533	4.71186847171217	2.45455791142424e-06	5.17063982605215e-05
"AAT83312.1"	170.092118891211	2.17760587182809	0.374811456420057	5.80987009475937	6.25213363273679e-09	2.77392604092075e-07
"ADM72121.1"	68.7732848645253	-2.17753647200418	0.651157678991596	-3.34410011930809	0.000825499404839282	0.00738596399420918
"AGL14274.1"	568.01481136696	-2.17751173431199	0.479003979647769	-4.54591574774224	5.46969143978927e-06	0.00010531601206901
"ADP76980.1"	127.838438732959	-2.17719881237738	0.775667055983205	-2.80687286585563	0.00500249805820127	0.0305053225086915
"AOH83331.1"	784.879080038209	-2.17664430072799	0.428030234176261	-5.08525829937438	3.67126088518969e-07	9.64170916902164e-06
"ABK99935.1"	130.525788798978	2.17527104180755	0.546930429795313	3.97723535445201	6.97211500059082e-05	0.000942953292543674
"AIX51156.1"	161.730009444706	-2.17490802686701	0.442976806355099	-4.90975598646482	9.11897913261227e-07	2.15438767760855e-05
"ADN30030.1"	45.1476521994021	2.17432187013558	0.46644500633257	4.66147528779699	3.1395076971395e-06	6.43909578674854e-05
"ADI01878.1"	100.639861296028	-2.17412994960885	0.610584216931001	-3.56073722399303	0.000369815035489345	0.00379104420855354
"ADY34773.1"	33.0015401905159	-2.17296840278234	0.638421273296231	-3.40365914118603	0.000664896686701735	0.00616372438440456
"AIJ11852.1"	230.545412503837	2.1726006226208	0.42916418786308	5.06239962248188	4.14012057417288e-07	1.07023837114076e-05
"ADM98906.1"	744.384630046762	2.16986098616201	0.449840714025496	4.82362071397349	1.40975380422318e-06	3.13233869071685e-05
"ABV92875.1"	234.975353607566	2.16930036969019	0.358884526089681	6.04456367435609	1.4981487966443e-09	8.00423162420877e-08
"ACB77600.1"	397.381193990198	-2.16890170184196	0.313541617490671	-6.91742843964404	4.59915570173341e-12	4.27767319022354e-10
"AIM03351.1"	36.1013223704604	-2.1679433975817	0.565829473921691	-3.83144303628435	0.000127393871526203	0.00155813147805815
"ABG82227.1"	64.6945084980081	-2.16689900770492	0.659642927593233	-3.28495753848381	0.00101997741911733	0.00872183501087625
"ABL06864.1"	42.7802679494975	-2.16671238910829	0.527579560260905	-4.10689221553007	4.01018242724499e-05	0.000586874371318091
"ABB12770.1"	1506.39428344367	2.16609729549268	0.515343922125022	4.20320722239388	2.63159467036203e-05	0.000409983997726518
"ADK97378.1"	229.972225328387	-2.16591779317393	0.62585699490863	-3.46072315368168	0.000538726524325649	0.00516881761830263
"AGF55629.1"	85.6906444069376	-2.16549404670033	0.774613805271179	-2.79557894781159	0.00518068466944065	0.0313122728855053
"SDU02937.1"	199.90312048373	2.16540194144592	0.55933749486299	3.87136918467505	0.00010822573307625	0.00136358578902011
"AMY07609.1"	341.189682138247	2.16509279663312	0.450376616167598	4.8072939822156	1.5298694084415e-06	3.36451091584668e-05
"ACX53183.1"	119.262530525994	-2.16419634520429	0.504352331980826	-4.29104062373319	1.77837774698188e-05	0.000290984590324398
"AGH83358.1"	164.966590609264	-2.16343467711947	0.492203307576862	-4.39540865292058	1.10564552574494e-05	0.000195045067036896
"AHY53709.1"	655.844616738677	-2.1630328622618	0.564854036036693	-3.8293660384172	0.000128473795281779	0.00156726613225561
"AEI08853.1"	56.5824376907738	-2.16270477203035	0.677299154170969	-3.19313077347269	0.00140739193800788	0.0112951002258776
"AIV33079.1"	779.603947919726	-2.16249512486329	0.433855681653548	-4.98436511565643	6.21655941890788e-07	1.54016634948447e-05
"ADY52739.1"	84.3531378322103	-2.16020045524042	0.712282504641974	-3.03278606614974	0.00242307313322011	0.0174028618362314
"AFE07636.1"	844.387336260897	-2.16017431179965	0.633007215008368	-3.41255875222701	0.000643560527815757	0.00599172615122379
"ACT94088.1"	89.4413910273976	2.15939312110443	0.55074360781518	3.92086824152316	8.82304972931019e-05	0.00114888418707799
"ABX81281.1"	40.3027105284651	-2.1592349219868	0.587569587136623	-3.67485821127895	0.000237981539864464	0.00263029261351975
"ABO59942.1"	101.172512475949	-2.15858205412884	0.658619889880286	-3.27743222956901	0.00104755874371389	0.00891683021861175
"ABQ92384.1"	148.747203480877	-2.1582017999962	0.449309078200244	-4.80337902060895	1.56010166311527e-06	3.42293151728646e-05
"AGA28338.1"	85.4186717544338	-2.15777524855368	0.647363879084784	-3.33317214362385	0.000858617998994417	0.00762277547873806
"AFM19830.1"	3578.46292324489	-2.15768593148753	0.451160026705598	-4.78252904461219	1.73103365641179e-06	3.75674560038018e-05
"AJX33488.1"	80.8894621534173	-2.15745277696827	0.564811341533068	-3.8197759469778	0.000133572950748225	0.00161603644301958
"AGG87693.1"	1039.61199974482	-2.15651679993951	0.416504146361915	-5.17765985951466	2.24686395681189e-07	6.37317156382023e-06
"AIS01329.1"	525.841747424263	2.15630125932428	0.393230163812391	5.48356015830221	4.16850432714642e-08	1.49425668556711e-06
"ADP85981.1"	57.362337067218	-2.15589847826202	0.625595542180627	-3.4461538372656	0.000568626556007971	0.00539636239389802
"ADY36266.1"	213.104482838918	2.15566414399719	0.576015177812299	3.7423738592868	0.000182290042543164	0.00209929742124164
"AAM77272.1"	107.541407142878	-2.15506848507729	0.653966089494043	-3.29538261952483	0.000982877552088135	0.00848493368740654
"AIF53118.1"	70.5835472583726	-2.15405079887468	0.648761552650533	-3.32025039103234	0.000899367442082087	0.00790043643192033
"AHI00070.1"	633.601973032762	-2.15360840126435	0.203912235559175	-10.561447651038	4.49672780802607e-26	3.81486035495448e-23
"ABY35094.1"	41.1752626936103	-2.15339810310426	0.711794035478247	-3.02531068788377	0.00248377841131472	0.0177523258624373
"AHD25589.1"	62.4823689761514	-2.15263065516147	0.641782310532221	-3.35414457493589	0.000796107554699798	0.00717111554098312
"ABS06081.1"	1290.47796596222	-2.15095719471497	0.545237702453269	-3.94498983661044	7.98033633034173e-05	0.00105385611275588
"AAK88222.2"	137.883413976467	-2.14991325399654	0.4873837389083	-4.41113045505411	1.02832337071406e-05	0.000182903056458137
"AIX49461.1"	144.71293264658	-2.14867630688921	0.563146262880745	-3.81548533394818	0.000135915528918786	0.00163589473242061
"ABS52052.1"	74.176044091403	-2.14857035107912	0.805385134750239	-2.66775516256011	0.00763598814322467	0.0424245136054213
"ACN30267.1"	125.405102662496	-2.14792247841999	0.712959607046101	-3.01268466992002	0.00258947830993034	0.0183531733581797
"SCY41802.1"	1318.66374656361	-2.1473709749253	0.556962030287519	-3.85550694329517	0.00011549005247778	0.0014382826998078
"AEB15412.1"	73.9545805891394	-2.14540870288419	0.604779893017148	-3.5474206858649	0.000389022865104038	0.00394168854722767
"CCD53425.1"	123.598507417018	-2.14438908770448	0.497968277454441	-4.30627649348741	1.66025516007636e-05	0.000274059572296567
"AIQ71967.1"	83.6200098980271	2.14014160073764	0.704302486621011	3.03866824467037	0.00237626376870137	0.0171281875562728
"AEO61106.1"	78.9626959874361	2.13888337926953	0.415634931671436	5.1460626051526	2.66010677795634e-07	7.35166331250402e-06
"ABX61078.1"	55.6397256629117	-2.13807402872933	0.627081733393509	-3.40956196755875	0.000650672940004138	0.00604788832282731
"AAM52060.1"	42.4171200926427	-2.13778666015036	0.591790260692477	-3.61240595215078	0.000303369148395856	0.00321465657777835
"ACO33063.1"	220.570974827258	2.1370132853802	0.505725966910276	4.22563487976748	2.38268056668531e-05	0.000374960793394727
"ADU15200.1"	80.2985550908897	-2.13676023280644	0.556918113103373	-3.83675837171025	0.000124669025099964	0.00153221850958131
"AEL05761.1"	516.649878962133	2.13672058620496	0.359177571191106	5.94892542738447	2.69908565939149e-09	1.31414960209259e-07
"ALE80806.1"	640.363602300044	-2.13666847656011	0.38199898623523	-5.59338781921367	2.22681124164701e-08	8.61074689518643e-07
"ADV82522.1"	38.5255450047599	-2.13624277460693	0.682510002372729	-3.12998017198332	0.00174818102610122	0.0133977760763016
"AFV00461.1"	194.487736989188	-2.13460278817658	0.359145242886878	-5.94356414418364	2.78890546069958e-09	1.35083386293677e-07
"ACY56120.1"	73.3434877697583	-2.13358466126868	0.607598896474949	-3.51150187014312	0.00044558232778473	0.00441732395490839
"AGL16687.1"	1592.64739139802	2.13317245349214	0.597860919058268	3.56800785181317	0.000359705727749938	0.00370914237719604
"ADZ83921.1"	68.0145786971525	-2.13299620158947	0.641194217904476	-3.32659924563955	0.000879127075514315	0.00776600962662837
"ASK78888.1"	60.3836794460264	-2.13287858553213	0.76088172306566	-2.80316706378302	0.00506034491242252	0.0307575805836259
"ACF79049.1"	383.892632807535	-2.13154598403179	0.604676397410716	-3.52510201019798	0.000423319743481153	0.00422806262522239
"ACZ43748.1"	93.2094054378169	-2.13097917312478	0.753787466958649	-2.82702919129548	0.00469820448707028	0.0291319895503919
"ADW72053.1"	111.541900812922	2.13051863246613	0.620626481818331	3.43285163440669	0.000597268834315998	0.00561544076992212
"AAZ67432.1"	101.619533399936	-2.12947706480849	0.727661945146545	-2.9264647945546	0.00342838306244041	0.0228907732449515
"AGZ32627.1"	34.6715689925254	2.12717919882467	0.432502181954647	4.91830859490953	8.72952173302309e-07	2.07343356875764e-05
"AIQ40299.1"	165.572254802378	-2.12493097092173	0.490159704036237	-4.33518086742732	1.45640324160633e-05	0.000245771339071794
"AEJ60508.1"	190.727099018413	-2.12419375097826	0.409619786603844	-5.18576939017018	2.15124874766995e-07	6.13928235879387e-06
"ADJ43143.1"	322.967608622227	-2.12319467139024	0.30514992653054	-6.95787377545952	3.45446500995455e-12	3.27834584470127e-10
"ADU98515.1"	161.887771220676	-2.1231335865603	0.466723021512074	-4.54902262948556	5.38956477616099e-06	0.000103844635563251
"ACD26198.1"	85.1595033038169	-2.12291183256272	0.578427443506233	-3.67014369113322	0.00024241416066368	0.0026694263049499
"ABR39054.1"	40.4236086012355	-2.12174391633103	0.752532769733288	-2.81947046250626	0.00481029579120772	0.0296758574197116
"AQU47380.1"	33.7227830271301	-2.12129933038801	0.489647637587755	-4.33229769235398	1.47561234575322e-05	0.000248115574965209
"AAQ58251.1"	241.206580895894	2.12079081096796	0.529976133319474	4.00167229736274	6.28963697410533e-05	0.000863349596450767
"AFC85570.1"	238.031946329918	-2.12047323267401	0.601470026850444	-3.52548445976223	0.000422708977066449	0.00422497698034712
"ALJ59767.1"	35.3840585504484	-2.12042126979925	0.690721999709249	-3.06986207286262	0.00214157646893437	0.0157819359895463
"ADK16855.1"	114.039161815481	-2.12007021352619	0.628002192477572	-3.37589619737181	0.000735756726157317	0.00671171238367555
"AKK82275.1"	165.837930403195	-2.11966371664722	0.523666637670437	-4.04773488354476	5.17156751859048e-05	0.000731597798132689
"ABA04321.1"	160.516279714897	-2.11911009680244	0.438477395104248	-4.83288333780268	1.34569653516405e-06	3.01634269002825e-05
"AIQ60570.1"	2301.47904667175	-2.11905525912639	0.367822897865091	-5.76107488529333	8.35799449410842e-09	3.59432279350321e-07
"ACI61688.1"	37.7198945112408	-2.11899393087295	0.586799232861685	-3.61110548924732	0.000304894607417791	0.00322837724253725
"ACA53785.1"	167.142534763005	-2.11847183627397	0.660089522935209	-3.20937049092038	0.00133025959574255	0.0108167143893141
"ALD43762.1"	79.4467934699403	-2.11819243226463	0.665109837112539	-3.18472576117714	0.00144891244288264	0.0115139803437247
"AAT63265.1"	34.8931991346232	-2.11816967225647	0.519731268941291	-4.0755094004085	4.59137273610345e-05	0.000662236327253747
"AEI48682.1"	41.7204420464927	-2.1168949009255	0.506020014933239	-4.18342128463988	2.87154546066062e-05	0.000441470547592832
"SDJ09020.1"	251.881153587871	-2.11661762518405	0.526024778547248	-4.02379832948103	5.72669608250817e-05	0.000797964320679716
"AAW61625.1"	172.849337847613	2.11636107784185	0.605419186985051	3.49569541788259	0.000472828084638422	0.00464140780418558
"AEF82526.1"	47.6788966687765	-2.1161130834981	0.657535373978689	-3.21824979649944	0.0012897544061221	0.0105415534917847
"AFO76797.1"	141.205269451039	-2.11406662535879	0.556462728530611	-3.79911630549125	0.000145212938890687	0.00172627661876165
"ACY13005.1"	1229.20457480798	-2.11205818269034	0.557448858510107	-3.78879273039546	0.000151381145212551	0.00178821373053611
"AAP85354.1"	658.047367055859	-2.11119849925222	0.446591842402226	-4.72735571679061	2.27462583271119e-06	4.8315952058105e-05
"ACJ30110.1"	311.993889976194	-2.10992550214538	0.806210380346436	-2.61709046866741	0.00886828334547728	0.0476172728308366
"ARE33212.1"	51.0057238745015	2.10986433345263	0.431861638172242	4.88550995726817	1.03161491912855e-06	2.39861579309892e-05
"AQQ14203.1"	250.402743587333	-2.10928634015096	0.49497226548641	-4.26142329020832	2.0312907860315e-05	0.000327580742198951
"ABF52322.1"	605.757467030611	-2.1086304095223	0.44112505761758	-4.78011931788812	1.75191189456978e-06	3.79030335397029e-05
"ABB32237.1"	107.483657473419	-2.10859113569087	0.593690441400327	-3.55166765144032	0.000382798039126315	0.00388853915216992
"ACD05322.1"	76.4664317582283	-2.10783724472888	0.601722376111345	-3.50300625074119	0.000460038667530295	0.00453334830558892
"AEE50026.1"	27.6672632838229	-2.10762561415568	0.589159848683114	-3.57734088442489	0.000347107381535689	0.00359645383178132
"AAH93324.1"	169.520358880974	-2.10696417135268	0.633592440822659	-3.32542504550243	0.00088283834237265	0.00777964816904775
"CAE28480.1"	155.136148771307	2.10686050063141	0.49194481410229	4.28271716711975	1.84624791382769e-05	0.000300858885887777
"ACZ40905.1"	206.956161157457	-2.10599235624518	0.450567114940523	-4.67409246350165	2.95256297464414e-06	6.10036553786991e-05
"AEA66195.1"	138.1816491041	-2.10204240929581	0.575814258960952	-3.65055636706342	0.000261672873424589	0.00284276048288506
"AHB89703.1"	351.800716389267	-2.10068077059611	0.33737011776532	-6.22663555536765	4.76557911408688e-10	2.86918608339734e-08
"ABF72529.1"	178.039446912919	2.09889731623014	0.397138862719783	5.28504639877338	1.25672900369533e-07	3.9049262139239e-06
"ABM37250.1"	358.840206740829	-2.09870384937193	0.362710529236346	-5.78616742610301	7.2010443835611e-09	3.1648420496417e-07
"ADN75992.1"	57.767380976586	2.0966691279747	0.610403545550536	3.43489015301126	0.000592794066313496	0.00558407223435822
"ACU52526.1"	61.9579826475983	-2.09617916622264	0.742154747179531	-2.82445025675429	0.00473617993003725	0.0293025620599609
"AEY93102.1"	158.898320112713	-2.09606165719141	0.512259474000499	-4.09179676233643	4.2804372041324e-05	0.000623167550529852
"AGT81986.1"	316.774980748503	-2.09491486262466	0.31593910137622	-6.63075527371979	3.33973552420947e-11	2.58346936047797e-09
"ABM78667.1"	81.8565055296755	-2.09098737335923	0.498049290833043	-4.19835428309077	2.68861771878199e-05	0.000416780407835108
"ABB09584.1"	979.258544500196	-2.09098302609973	0.500513182038483	-4.17767823333564	2.9449987193438e-05	0.000451029453756833
"ABQ79734.1"	156.938956973382	-2.09056562314757	0.656380186724719	-3.18499196872367	0.00144758025590722	0.0115066600921006
"ACO34222.1"	212.486923666338	-2.09048310164267	0.514516325786149	-4.06300635543204	4.84447100494841e-05	0.000693383488008873
"AGF66919.1"	424.695937473403	-2.08967884798389	0.515415093656773	-4.05436098729281	5.02715346024454e-05	0.000714780031858843
"ADB82653.1"	74.9844404582115	-2.08965546755501	0.500039880218767	-4.17897761802677	2.92822498919761e-05	0.000449197735877131
"ACT00457.1"	168.806163759715	-2.08852251622031	0.407048771801935	-5.13089010679182	2.8837524090067e-07	7.83060450461218e-06
"ACG41348.1"	263.307785255658	-2.08831921992638	0.656676763632432	-3.18013265518147	0.00147207647185549	0.0116517537195551
"ADU14973.1"	241.016851129365	-2.08777885454488	0.396920861094579	-5.25993733054862	1.4410450648562e-07	4.36617939780457e-06
"ACG31574.1"	675.021262976309	-2.08756487183745	0.538316857136177	-3.87794817153454	0.000105341151016377	0.001335657094137
"ABP58797.1"	154.366284007189	-2.08658002832288	0.708202351605911	-2.94630485706716	0.00321595269198921	0.0217999543740751
"CCA66963.1"	98.6843307745446	-2.08645842970244	0.616484737914286	-3.38444457970107	0.000713224156438215	0.00655529333015242
"ABW00657.1"	367.987639444304	-2.08554529868589	0.523775511892901	-3.98175411284277	6.84085306550922e-05	0.000926991880067745
"ABK91972.1"	3034.63301872681	-2.08550482210454	0.591668071061937	-3.52478851590121	0.000423821003811291	0.00423155949454383
"AEL08359.1"	196.063010868686	-2.08546904703648	0.555627907024333	-3.75335547525899	0.000174483147690152	0.00201908544105424
"ACV08397.1"	68.5357416406795	-2.08378590041123	0.778707688835121	-2.67595393019477	0.00745168874196237	0.0416733613337916
"ABM07147.1"	173.928315592478	-2.08227009569982	0.410141798069444	-5.07695169207615	3.83538335508569e-07	1.00163612321809e-05
"ABC19678.1"	84.2116156674061	-2.07939620708729	0.523262762052394	-3.97390442792312	7.07039430588549e-05	0.00095362950966925
"AGK46399.1"	97.8134852754177	-2.07886154027888	0.537068092768428	-3.87075971980194	0.000108496694228522	0.00136577043688027
"ADY36941.1"	365.705517544356	2.07833544017379	0.561286709208947	3.7028053685841	0.000213228466240638	0.00240152108421221
"ADW69122.1"	893.98270527424	-2.07814495855384	0.571467710036949	-3.63650460394249	0.000276362705984543	0.00297807941368101
"AEI96593.1"	98.921938861886	-2.07739665008557	0.400395551569256	-5.18836096441057	2.12153070148322e-07	6.07304432706791e-06
"ACU86403.1"	1398.18336618452	-2.07686578979084	0.515992888057995	-4.02498917690008	5.6977935956928e-05	0.000794795363751946
"AGJ54224.1"	216.140778322223	-2.07658582626273	0.372088130872722	-5.58089778728538	2.39280236559397e-08	9.19621203648381e-07
"ACF78828.1"	123.386574568955	-2.07647908329847	0.468322589841643	-4.43386487933586	9.25586486937351e-06	0.000166855887239524
"ABM55881.1"	263.203528680417	-2.07488616269731	0.504705527125272	-4.11108270304776	3.9380809997021e-05	0.000577530202554532
"CAD77331.1"	86.5141360442905	-2.0741398118571	0.396872501492946	-5.22621195485867	1.73018014847379e-07	5.09874983543917e-06
"AJA66761.1"	82.480990715362	-2.07368121469934	0.340498698044473	-6.09012964398616	1.12819288514722e-09	6.16892343995733e-08
"ACZ37643.1"	1001.41430270442	2.07340137155806	0.522984044312549	3.96455951975265	7.35315987653361e-05	0.000984500544731874
"ADM96987.1"	279.784114682219	2.07287793240973	0.591635324378539	3.50364125838345	0.000458943171555212	0.00452664291832645
"ABN84368.1"	112.229119803939	2.07270486004044	0.427448481071212	4.84901678641159	1.24074922444299e-06	2.81948176034951e-05
"CDR88947.1"	90.4442713201468	-2.07140558642547	0.73871765427011	-2.80405588583384	0.00504641571362226	0.0306995772095977
"AAW75017.1"	197.130672034443	2.07057450236845	0.487548675472975	4.24690827097369	2.16740643437643e-05	0.000345550743375869
"APU68904.1"	41.2477285955344	-2.06996856884374	0.558284265842013	-3.70773223515761	0.000209123606575087	0.00236168797485927
"AEV99313.1"	94.3567812418175	-2.06990709447078	0.562833537887491	-3.67765414662363	0.000235388826506462	0.00261194831029525
"AAI66514.1"	63.0895685906404	-2.06958448296145	0.698123095254983	-2.9644979474652	0.00303177265557546	0.0208288361387707
"AEA60721.1"	313.884726475977	-2.0691853408702	0.485743946408549	-4.25982733530528	2.04584883664348e-05	0.000329738537885267
"ARC62484.1"	45.4549311477253	-2.06840106040503	0.594232468815786	-3.48079441792711	0.000499929047638745	0.0048681786496328
"AIW16245.1"	49.4645603272498	-2.06787497801244	0.587275952513895	-3.52113000568249	0.000429711883469227	0.00427969188530932
"AGT88011.1"	125.381791614743	2.06748682695161	0.395871658997275	5.22261894723271	1.7641016701351e-07	5.19254795556997e-06
"ACU04991.1"	40.8709253427	-2.06602968929002	0.692241680026878	-2.98454968676518	0.00283996073280459	0.0197269717002484
"AKC80346.1"	342.278747197044	2.06586278436873	0.510738568161888	4.04485369453031	5.23558100292407e-05	0.000739159484406769
"AEB46474.1"	709.91827249993	-2.06539642863264	0.567134019138941	-3.64181367883461	0.000270723990563614	0.00292632773738183
"ABY60376.1"	61.3361679038597	-2.06487861664734	0.764201914319958	-2.70200660055245	0.00689223941279111	0.0392744015063098
"AEM23896.1"	157.754632717201	-2.06483304874973	0.570572996250381	-3.6188762214811	0.000295885110392382	0.00314726426692444
"AEA20265.1"	41.237794155522	-2.06382541393562	0.614673957996019	-3.35759370815737	0.000786240877652575	0.00710051600347145
"AFY62890.1"	49.6873986397813	-2.06295777780692	0.390824424971703	-5.27847710121057	1.30261940538819e-07	4.00748712892832e-06
"ACL44866.1"	58.8452456597583	2.06254544298968	0.74086297930127	2.78397693043716	0.00536968532582945	0.0322319276119042
"AGF67259.1"	160.072012097189	-2.06163771584811	0.515371107596587	-4.00029742734799	6.32629214664858e-05	0.000867340229860792
"ARU28369.1"	113.599342453634	-2.06045847874318	0.74589280031063	-2.76240564044203	0.00573771440337732	0.0339532979152297
"ADB30602.1"	489.754369376951	-2.05961678574804	0.530934773077708	-3.87922752508543	0.000104788706377901	0.00133166800896765
"ACB74572.1"	223.832708477884	-2.05859319862492	0.388405372469285	-5.30011514912223	1.15729667465668e-07	3.64861235401898e-06
"AIE86402.1"	143.147796478839	2.05801243535723	0.553105820949262	3.72082946410723	0.000198569500946472	0.00226073678263417
"AEK39840.1"	316.699260791769	-2.05645114996316	0.30321022325405	-6.7822619168092	1.18308732629691e-11	1.00980831667708e-09
"AMG30447.1"	45.6756346796408	-2.05429174499992	0.597833677786716	-3.43622619690021	0.000589878256271561	0.00556109173067386
"ACF88167.1"	404.748360200721	2.05424340309317	0.534929371533163	3.84021426455888	0.000122926974370206	0.00151472868594555
"AGC49241.1"	913.481675345514	-2.05356904910091	0.71183827296688	-2.88488147812258	0.00391561044863677	0.0254047346743998
"SBT38533.1"	244.400933213066	-2.05354820227933	0.473991848784771	-4.33245467732042	1.47456024677702e-05	0.000248087672288278
"AGS70034.1"	486.507353323354	2.05349427907477	0.597607908590975	3.43618993248675	0.000589957223892748	0.00556109173067386
"AEO71031.1"	71.9733511251676	2.0527964754831	0.653790764156043	3.13983706718921	0.00169041823203199	0.0130407077711535
"AJF71802.1"	260.076077454961	-2.05274351657914	0.768659917826774	-2.67054840375032	0.00757274523900642	0.0421256887996041
"AIU15342.1"	36.1452494912973	-2.05272051960395	0.503942381419305	-4.07332384671172	4.63469085556214e-05	0.000667242756187054
"BAX91148.1"	413.413049336434	-2.05150875356591	0.570327420366713	-3.59707192799325	0.000321819513855918	0.00337588368935139
"AKC82243.1"	381.204443951812	2.05148608204214	0.458185753091015	4.47741132979886	7.55535918498993e-06	0.000139679180949986
"AQS60669.1"	27.5737066896972	-2.05039801714576	0.611190238980618	-3.35476237409409	0.000794331857433344	0.0071574234569372
"AAH49554.1"	3427.17975059191	-2.04968588718521	0.644610587619254	-3.17972730599312	0.0014741370369401	0.0116647655415984
"ABU74770.1"	52.715428576385	-2.04856810379717	0.537048669391726	-3.81449246698149	0.000136463099304436	0.00164036965570072
"ACX76458.1"	442.592506136691	2.04763438288478	0.581902084018862	3.51886415106636	0.000433398572039922	0.00431203597780474
"AIY82906.1"	132.028085948096	-2.04663310299088	0.610908757004859	-3.35014530324468	0.000807691790248796	0.00725678413344201
"ACF78471.1"	126.091420759569	-2.04653537021793	0.47172441763576	-4.3384130515757	1.4351524096481e-05	0.000243358733255652
"ACZ77342.1"	159.491013013053	-2.04629301624278	0.608979639757725	-3.3601993936232	0.000778862383372994	0.00704752142369435
"AEM85607.1"	497.84387902438	2.0451995079514	0.434151986787574	4.71079154349717	2.46756530266087e-06	5.19413219648824e-05
"AHH15392.1"	314.858384208125	2.04343597203053	0.456397499247918	4.47731632052727	7.55872121514603e-06	0.000139679180949986
"SDT74959.1"	534.724497283475	-2.04221205017444	0.484137337217676	-4.21824943705226	2.46206366017327e-05	0.000385934682140038
"AEW79636.1"	84.0634834895342	2.04071930507633	0.365910435761977	5.57710058426377	2.44560474642742e-08	9.32794965680953e-07
"CEK26566.1"	225.81325809389	-2.03998027519711	0.670727350747307	-3.04144489250993	0.0023544565948615	0.0170148081646212
"ADU10229.1"	354.821344145356	2.03958095864881	0.393762332296254	5.17972591932509	2.22212146234656e-07	6.31578806699029e-06
"ADJ49175.1"	132.257076844145	2.03870894088724	0.399570457841651	5.10225143244993	3.35636425165746e-07	8.88976098291411e-06
"ADB32112.1"	728.820001084924	-2.03851678698072	0.44687393678957	-4.56172674026554	5.07346484884408e-06	9.84315467139563e-05
"AQT70881.1"	1319.28972423121	-2.03589289472887	0.526316560105832	-3.86819083617565	0.000109645840992661	0.00137879021956887
"AIY84741.1"	115.73852244507	-2.03554193753145	0.512354676300424	-3.97291570017386	7.09981812976034e-05	0.000956988485126483
"AEB75171.1"	31.0670559197789	-2.03546000064657	0.536297941082915	-3.79539029468674	0.00014741136906435	0.00174869859674812
"ARS68658.1"	33.2603701305248	-2.03537947123335	0.567313316964892	-3.58775197120801	0.000333541347173928	0.00348036658795427
"AIS00826.1"	692.526327323932	-2.03439889466736	0.418697595391702	-4.85887408253236	1.18055181576453e-06	2.70022292762613e-05
"AOW17699.1"	44.6176076439804	-2.03439431081246	0.644623627509095	-3.15594127176754	0.00159981068802759	0.012444651298144
"ACZ30555.1"	895.666768480038	-2.03429103038808	0.244582159716136	-8.31741379971906	8.99034358316202e-17	2.169772922019e-14
"CDP26593.1"	246.013823385811	-2.03086351251425	0.608412826021105	-3.33796959179129	0.000843929845634741	0.00752317184976326
"AOS64562.1"	703.602848348316	-2.03061439394537	0.686528498953515	-2.95780058226375	0.00309842499566461	0.0211899765987471
"ACK80441.1"	56.5553735643722	-2.03043357057459	0.670577282302517	-3.02788899081523	0.00246268534666543	0.0176317948389786
"ADB38811.1"	32.0213617371209	-2.0300859868697	0.631289195231561	-3.21577812863573	0.00130091367073296	0.0106089074063035
"ADL42951.1"	92.8444592476889	2.02970577326936	0.478946504377805	4.23785486420062	2.25665564760394e-05	0.000358148137813605
"ABP56833.1"	353.979035871868	2.02889385597956	0.407841379761623	4.97471310332811	6.53443441722935e-07	1.60471952583116e-05
"ABR37939.1"	23.6525243193625	-2.02859802738746	0.587614156763112	-3.45226200567061	0.000555907641944401	0.00530081414982134
"AFE56688.1"	116.73108913576	2.02820143720442	0.601578733862507	3.37146465298418	0.000747696327981276	0.00680068433988427
"ABX03818.1"	45.1082591548642	-2.02790810805099	0.686520692466031	-2.95389218461369	0.00313793612594235	0.0213798149870728
"AGT85672.1"	167.390215628833	-2.02789046988606	0.366109902867512	-5.53902108083624	3.04167033251533e-08	1.13691058249798e-06
"ABE42150.1"	621.248807563002	2.02784254970346	0.411722961667175	4.92525979481977	8.42483458141271e-07	2.01247157799684e-05
"AIQ60350.1"	226.540718691487	2.02732728085459	0.384534835470142	5.27215506594072	1.34831081373213e-07	4.12362358008373e-06
"AOW24972.1"	2987.4244065922	-2.0272462037107	0.567501286022837	-3.57223191143415	0.000353951750362856	0.00365924416660211
"ACG41293.1"	124.355392999902	-2.02620109490653	0.593823509207389	-3.41212677418416	0.000644581282176732	0.00599923456642945
"ABI35749.1"	42.5897804475956	-2.02592520408165	0.736640114041905	-2.75022384128053	0.00595545669352482	0.0349829973965423
"ADL06023.1"	543.327529370599	-2.02571309954944	0.437808515896573	-4.62693854961009	3.71110565027543e-06	7.44775009212264e-05
"CCM72193.1"	32.277077819564	-2.02482078972502	0.584831210518114	-3.46223107335738	0.000535716993888077	0.0051503890662399
"ACF53044.1"	281.838747342672	-2.02393634944504	0.395633365433927	-5.11568670965151	3.12601550017308e-07	8.36672370390491e-06
"AID59415.1"	56.4624168259157	2.0237852759209	0.386079291520605	5.24189025510809	1.58939897215221e-07	4.73874479492792e-06
"ADN65120.1"	75.7778778948441	-2.02295647100542	0.743493065334985	-2.72088142489126	0.00651081111572185	0.0375384261953784
"ABA04971.1"	221.961415409689	-2.02228170487648	0.543183991185315	-3.72301418615732	0.000196858456351119	0.00224683233938639
"AGM05993.1"	173.190634473415	-2.02201489327858	0.515595629008252	-3.92170681735206	8.79239348652328e-05	0.0011459583242491
"AEE48069.1"	134.69557697103	2.02181226391205	0.597779557947703	3.38220375225498	0.000719067891157855	0.00659601070801288
"ABX57602.1"	208.636723260155	2.02002200161797	0.432056342794836	4.67536707955979	2.93428281314178e-06	6.07155814018604e-05
"CAP91879.1"	88.3087777946408	-2.01975613666981	0.54257669420395	-3.72252652619576	0.000197239179647191	0.0022492497244003
"AFR27174.1"	94.2137492927048	-2.01939044817723	0.554635751408138	-3.64093090474297	0.000271654039836855	0.00293267440844913
"ADU10177.1"	93.5255871066033	-2.01832795123215	0.522414039975326	-3.8634642195441	0.000111790274280553	0.00140050400772823
"AEE72811.1"	161.867887300157	2.01666683972311	0.354220158615756	5.69325824821482	1.24637647810368e-08	5.1088661611992e-07
"ABG84084.1"	83.7817990201888	-2.01596952990306	0.544641692775787	-3.70146016480779	0.000214362313927497	0.00241112388136368
"AGA06507.1"	57.6418333302535	-2.01572410731546	0.526937540451057	-3.82535680716543	0.000130582818377164	0.00158465391559908
"ACX47327.1"	53.6943733066055	2.01423628426391	0.768808558043054	2.61994519076505	0.00879439001285334	0.0473203426484417
"AEE26659.1"	960.901063906381	-2.01393300586705	0.750979535693646	-2.68174152576191	0.00732400238720456	0.0411237005279139
"AGS21259.1"	534.451095888946	-2.01376420253861	0.334849759301564	-6.01393355258476	1.81074756577025e-09	9.4400848052817e-08
"ABB08094.1"	351.417077081528	-2.01345685157511	0.561462807201297	-3.58609123480773	0.000335671562604089	0.00349868245222043
"AGY92378.1"	598.519012147757	-2.01164373760619	0.71744502280886	-2.80389949564418	0.00504886407092121	0.0307077989418879
"ADV42628.1"	119.566660446538	-2.01009114257154	0.500356141734464	-4.01732081393794	5.88635631692862e-05	0.000817432695678243
"ACS99503.1"	433.454557926528	-2.0089624934262	0.533369413161906	-3.76654986928613	0.000165519034216628	0.00193077953413696
"SDR76565.1"	96.3592969709576	-2.00859593116415	0.634468544360408	-3.16579277100169	0.00154660933807857	0.0120968693517468
"ACX75523.1"	48.2255541761043	-2.00840933768789	0.562955700578259	-3.56761524152768	0.000360244957571596	0.00371333498975493
"AIQ52172.1"	51.422843197846	2.00819311736109	0.60966474008185	3.2939302297382	0.000987970183342264	0.00851576762710899
"SDT71786.1"	377.650905743889	2.00771924889149	0.390811321611058	5.13731086554756	2.78697725824484e-07	7.61955227752173e-06
"AEG77303.1"	107.640400274309	-2.0068651511497	0.65748574862912	-3.05233254916031	0.00227070383435388	0.0165118505315769
"AAU37719.1"	48.3931487682436	-2.006788681309	0.585454808047524	-3.42774310454736	0.000608621099237446	0.00570628141133675
"ABX15612.1"	665.134264451681	-2.00667050859876	0.485438988138299	-4.13372340836181	3.56932999950668e-05	0.000533512881293053
"SDU21735.1"	206.459183164779	2.00643708232037	0.44482714301164	4.51059948531032	6.46446746486024e-06	0.000121707620138687
"AIY84110.1"	82.3929298876619	-2.00641247542046	0.53240537893315	-3.76858039909546	0.000164178605605711	0.00191771751841682
"ACZ76758.1"	38.0865679028344	-2.00548153669624	0.651945904911601	-3.0761471490003	0.00209694330761209	0.0155156153005856
"ACZ90636.1"	244.636532311035	-2.00405746119917	0.367247167198131	-5.45697187125742	4.84323042854317e-08	1.70984967310838e-06
"AFC29158.1"	43.2819062234194	-2.00391465350762	0.531207424039265	-3.7723769714474	0.000161699703524666	0.00189411920496927
"CDR06394.1"	295.598155090098	-2.00311108422706	0.276856959028549	-7.2351841588367	4.64897858154255e-13	5.37821505656468e-11
"AFL88076.1"	272.364459809462	-2.0016661599345	0.539635049017204	-3.7092960577338	0.000207836290058514	0.00235094334403157
"ABI25100.1"	36.9117943175675	-2.00096458077834	0.698485176142733	-2.86472018179159	0.00417377877330266	0.0266900663630382
"ACQ55094.1"	373.383644660924	-2.00037929399578	0.732759985401412	-2.7299243051597	0.00633488692348346	0.03676440595146
"AAC79667.1"	42.4618832337042	1.99995052288526	0.608452603306583	3.28694546135015	0.00101280446760383	0.00868171276026843
"ADP77078.1"	52.2498002034897	-1.99970949320599	0.590212862892147	-3.38811574421992	0.000703745599757574	0.00647455202458529
"AJP43907.1"	45.5066496805703	-1.99942445244748	0.600544808562843	-3.32935098919975	0.00087048629732689	0.00770231807204919
"SDT43147.1"	2364.9524376014	-1.9990107258925	0.439904248075484	-4.5441950939048	5.51455660206551e-06	0.000105770666389286
"ABG84474.1"	84.6032419184172	-1.99876688687745	0.616221745651085	-3.24358382511412	0.00118036072844475	0.00982323987917338
"AEG53201.1"	47.9851050776815	-1.99829726828343	0.512443459057631	-3.89954683382678	9.63728951059626e-05	0.00123991524420337
"ADB43097.3"	51.8235473652632	-1.99823448161554	0.566832610908611	-3.52526379597753	0.000423061273437908	0.00422698908321473
"APE48627.1"	158.730729466396	1.9981914544283	0.687084839888258	2.9082164798648	0.00363496614519443	0.0239989160633402
"AHX59757.1"	267.272602226718	-1.99785625609643	0.543209571522348	-3.67787380936132	0.000235186256938677	0.00261163639476678
"ABD82250.1"	122.624325524653	-1.99777383141848	0.67062191829499	-2.97898678363761	0.00289203252127379	0.0200047898644016
"ADP78715.1"	618.757280878571	1.99734994604083	0.438304052631323	4.55699629982862	5.18903378866548e-06	0.000100395431891831
"AFP69367.1"	94.570657827218	-1.9964670532681	0.612233106709298	-3.26095898994901	0.00111036098210568	0.0093716207582245
"AGR56827.1"	91.125804491131	-1.99514176209757	0.65617301083705	-3.0405727287571	0.00236128655482567	0.0170509616685322
"ACU18220.1"	342.634855081168	1.99493745733113	0.732947023559433	2.72180306789848	0.00649268207671375	0.037505972306147
"ADX74082.1"	141.431125380556	1.99446268122563	0.518679348937183	3.84527104329957	0.000120419257539453	0.00148907134897285
"AEK46136.1"	130.054314090551	1.99435371232263	0.358568765970568	5.56198392496442	2.66724866848875e-08	1.00501068267848e-06
"ACM36022.1"	147.334328325264	-1.99315302837335	0.383828476815929	-5.19282218168819	2.07129996935416e-07	5.95360512751942e-06
"AHE50829.1"	229.12220700447	-1.99296721746754	0.42393112675684	-4.70115802232818	2.58690218638045e-06	5.40469504551545e-05
"ADV42433.1"	128.112082956987	-1.99292568178975	0.502877812681729	-3.9630415809398	7.40008867344641e-05	0.000989836992364097
"AIG74281.1"	1760.8065173278	-1.9925956844279	0.548886414327527	-3.63025141890084	0.000283145281227891	0.00303365300162879
"BAV43807.1"	42.4726887419242	-1.99248271463575	0.499144303547489	-3.99179696227102	6.55745060983215e-05	0.0008933449502329
"AEE44519.1"	1065.56031237825	-1.99229314091682	0.511340025383042	-3.89621981855303	9.7705717571362e-05	0.00125475654547149
"ABC24401.1"	480.153002584218	1.99170449685985	0.387664722396462	5.13769858796423	2.78123494902636e-07	7.61421706493015e-06
"ADL48027.1"	773.461081999273	1.99109756984638	0.467782592666862	4.25645930622385	2.07689818032071e-05	0.000333973816520727
"AKS31237.1"	178.239249438163	-1.99073274955092	0.568140116610671	-3.50394681056311	0.000458416910065952	0.00452373627571604
"CAP65640.1"	63.9516451397439	-1.99061631652461	0.58526622122979	-3.40121511257189	0.000670870139430021	0.00620471768202275
"ABO07303.1"	154.230193112076	-1.98983428662113	0.453318814398947	-4.38948092030869	1.13621546273554e-05	0.000199058123246209
"CDR14872.1"	42.1010666891692	1.98898622893768	0.559266435186326	3.55641980959402	0.000375943162504341	0.00383802199243972
"CCK29817.1"	52.3247513288301	1.98858716496705	0.613663868420763	3.24051531677201	0.00119313862068492	0.0099030859249022
"ADH87039.1"	191.483589784915	1.98759727031511	0.366150358093809	5.42836358446462	5.68730906255188e-08	1.96086089304436e-06
"SCE78484.1"	222.631806906354	-1.9874915446945	0.517719832871373	-3.83893260119376	0.000123570342327225	0.00152131719603913
"AEB66648.2"	55.9068911766936	-1.98724598960101	0.590668827966681	-3.36439963565016	0.000767103786316436	0.00694786075759138
"AIQ46626.1"	53.9879796219841	1.98659683563305	0.570849881679616	3.48006875255517	0.000501285124499397	0.0048779903877251
"ABB26736.1"	49.0279046882403	-1.98216789453903	0.67145797572098	-2.9520356689645	0.00315686462139528	0.0214722016376536
"ABY22736.1"	171.826226008323	-1.98071996612768	0.593756704049873	-3.33591175075188	0.000850201477503655	0.00756347015068075
"ACE84681.1"	24.218136135771	-1.98055570742717	0.507000508514315	-3.90641759557771	9.36745684622221e-05	0.00120908862087062
"AEI40530.1"	82.6481024212239	-1.97870957585685	0.523971450711894	-3.77636906203282	0.000159131152497623	0.00186715664095703
"ABR89018.1"	83.4611644600662	-1.97850121754643	0.39515997099806	-5.00683612398621	5.53319967055202e-07	1.38681699173477e-05
"ACX77383.1"	99.1636832659679	-1.97678933633792	0.598344988744426	-3.30376183226008	0.000953968395608616	0.00829934717323145
"ADL54707.1"	332.820225060148	-1.97649787395472	0.599162760583563	-3.29876621843066	0.000971107496067251	0.00841446160937751
"ADZ26076.1"	41.4231968523961	-1.97597015275307	0.601678289058524	-3.2840974798093	0.00102309528602001	0.00874315495342372
"ADQ45007.1"	47.1689770940256	-1.97596282786377	0.661242411727058	-2.98825785040447	0.00280572734200848	0.0195472082277189
"ACE84037.1"	77.6176226630945	-1.97561813933526	0.406763196740383	-4.85692450833057	1.19223021589295e-06	2.72382665711128e-05
"AHF93523.1"	45.9328585509088	-1.97495168207746	0.633505093431553	-3.1174992948827	0.00182392383041823	0.013879470387711
"ADW74906.1"	87.395421829636	-1.97486871354391	0.531087700542056	-3.71853596219279	0.000200380768427876	0.00227488239777243
"AGP52124.1"	416.464326286998	1.97479122888533	0.474062824235399	4.16567410041149	3.10433908439318e-05	0.000474394525145586
"AAQ66044.1"	126.961461362659	-1.97439945429456	0.757615521021564	-2.60607049289631	0.00915876100744441	0.0488118547809658
"AEA66686.1"	205.932252367459	-1.97435548723579	0.454595776366776	-4.34310125583491	1.40485343898531e-05	0.000239089829044577
"AEK43640.1"	324.955080734323	-1.97396309147541	0.362587258885882	-5.4441049515661	5.20665166207663e-08	1.81752393929548e-06
"ABW75910.1"	111.24060839023	-1.97361492456736	0.628469382443351	-3.14035174934757	0.00168745090416239	0.0130214651358683
"ADB38141.1"	98.2156987968803	-1.97299402978001	0.50099871833528	-3.93812191044297	8.21218700502766e-05	0.00108039655729678
"AJE42988.1"	175.907515179795	-1.97216552174236	0.594313153184098	-3.31839453859681	0.000905365037803107	0.00795062722657961
"ABB32573.1"	710.645699914701	1.97167381303738	0.624135351282616	3.15904844836225	0.00158285174841699	0.0123401608322701
"AFU97572.1"	107.601778435645	-1.97046407668427	0.638545031362141	-3.08586549092848	0.00202960613708865	0.015152227577049
"AAY90310.1"	161.117606406554	-1.96998947404325	0.515974124906996	-3.81800051387914	0.000134537645491986	0.00162444190009168
"AEO36293.1"	47.5199602509516	1.96937624117741	0.574693904547702	3.42682639504825	0.000610679355752925	0.00572174673482559
"ACZ26277.1"	35.7960738067222	-1.96886784067371	0.589498547443179	-3.33990278553399	0.000838077213515947	0.00747760935548179
"ABV79901.1"	58.7973750075359	-1.96815855025494	0.519721716137631	-3.78694691628728	0.0001525096655662	0.00180078473099592
"XP_003716025.1"	156.356606859641	-1.96757173028516	0.457656728322992	-4.29923042428547	1.71392206836771e-05	0.000281424998393094
"AHI23792.1"	339.648366012415	-1.96750517184846	0.406955526216422	-4.83469333895254	1.33351044819322e-06	2.99382185305672e-05
"AHY49890.1"	89.1062385092465	-1.96690043632651	0.31977876876725	-6.15081621556343	7.70852027839009e-10	4.38633605109368e-08
"ADY37533.1"	416.456539168945	1.96523506988564	0.682320593089135	2.88022242006246	0.0039739471232164	0.0256701946611828
"AEB76153.1"	46.8264957689612	-1.9651206795889	0.552310751446294	-3.55799823639679	0.000373691822095665	0.00382099205675319
"ABF39669.1"	430.648495253448	1.96500071227352	0.378888529212343	5.18622381194407	2.14600888833665e-07	6.13057804468089e-06
"AEI42402.1"	163.692999939385	-1.9644699062025	0.539065212509867	-3.64421569155984	0.000268208429414516	0.00290516452409169
"ACX63618.1"	109.223784900464	1.9642194032811	0.581085308475927	3.38025996291811	0.000724172993330971	0.00663448096337955
"ASG41286.1"	42.0269229424441	-1.96349330209804	0.612539942883742	-3.20549431087583	0.00134830712119951	0.0109412191782903
"AJI78973.1"	42.2858271854756	-1.96273626551048	0.624364708022607	-3.14357336391828	0.00166898573771047	0.0129126113007364
"AKN74150.1"	700.072764867625	-1.96269955761917	0.362444027867185	-5.41517974283848	6.12271683628375e-08	2.09038512864146e-06
"ACU74303.1"	1143.39587527417	1.96196505363918	0.369569855760697	5.30877998585899	1.10361453919869e-07	3.49511228952563e-06
"AGR67806.1"	45.6206149467427	-1.96154289432307	0.52461524007289	-3.73901241231677	0.000184744606183976	0.00212058630370094
"SBT38933.1"	307.815204230917	-1.96063507186894	0.362862122170746	-5.40325085500755	6.54438340096891e-08	2.21543600596766e-06
"AFH49458.1"	49.1186674603528	-1.96037462878063	0.665584360193092	-2.9453435898222	0.00322596205770289	0.0218478588014453
"AIG55859.1"	193.300037466893	-1.96013160664218	0.473113166098825	-4.14305021947485	3.42716860133398e-05	0.000515178836288489
"ADL47171.1"	357.042515311747	1.95936408802086	0.393320585150451	4.9815955787602	6.30621231148459e-07	1.55961766671663e-05
"AEH10787.1"	194.153985677318	-1.95914131227136	0.550091648858593	-3.56148164826073	0.000368767887954825	0.00378169442900487
"AAR06265.1"	40.5823955801544	-1.95891975959364	0.632935538925271	-3.09497514220784	0.00196829392403551	0.0147891456514488
"ABZ09097.1"	39.8609005915676	-1.95593265764812	0.503849569582726	-3.88197743081921	0.000103610495370498	0.0013184906492693
"AKQ65141.1"	189.99234308189	-1.95524498532944	0.395367693220896	-4.94538380058541	7.59939903076391e-07	1.84201537026205e-05
"AAO77608.1"	90.3064863454016	-1.95402332061098	0.726213502692142	-2.69070089356261	0.00713020907533966	0.0403023083531616
"AGK80288.1"	1306.67831812861	-1.95346647834043	0.326181143439397	-5.98890070021284	2.11264093776186e-09	1.07342097447515e-07
"CAG33918.4"	442.389708439986	1.95307961309958	0.557091003342659	3.50585380374248	0.000455145142742989	0.00450415108385745
"AAT74604.1"	36.0050395209968	-1.95202586610913	0.639336436594699	-3.05320603422232	0.00226410429556705	0.0164724178426963
"AKA06207.1"	785.19124720507	1.95163439774099	0.322618522665434	6.0493563159884	1.45425698940888e-09	7.79949783055382e-08
"ABI15082.1"	36.0466922981337	1.95088272212474	0.563723970312138	3.46070563762709	0.000538761575521374	0.00516881761830263
"AEV69156.1"	80.8610201827574	-1.95030655323336	0.539058788587862	-3.61798489241305	0.000296905722837653	0.00315572232975055
"AHD22791.1"	101.972471916849	1.9488175999257	0.43014330188688	4.5306240766204	5.88097032298123e-06	0.000111786986836624
"AEO46770.1"	130.705399406931	1.94860426492721	0.377923572589708	5.15608024017784	2.52172869057676e-07	7.02470810163055e-06
"AAF46205.1"	55.3328365285591	-1.94847361936638	0.657227805301299	-2.96468530949192	0.00302992697217814	0.0208212654671329
"AEG48978.1"	833.320866220546	-1.94844544038144	0.373137046025196	-5.22179574806912	1.77196352949825e-07	5.20544501278416e-06
"ABI63231.1"	44.5135824082959	1.94795780982573	0.588994042050916	3.30726233332142	0.000942126188204019	0.00821674914796253
"ACL75999.1"	82.8268070836791	-1.9462868279922	0.499977418013784	-3.89274946801407	9.91144936889564e-05	0.00126935469593597
"ABQ06340.1"	37.7193032649661	-1.94615526102864	0.619364818874707	-3.14217921606286	0.00167695356887205	0.012960001475972
"ACC75753.1"	217.592553985587	-1.9452070061866	0.625983015764323	-3.10744374399921	0.0018871289848987	0.0142905228729305
"AIV37300.1"	804.828746972979	-1.94397866936878	0.539519759513337	-3.6031649167443	0.000314365931086404	0.0033148732981902
"SIS04669.1"	476.795157352214	1.94380689634071	0.510952609471056	3.80428020194077	0.000142217126368286	0.0016964255090782
"CAK97337.1"	39.2838198598554	-1.94322881604769	0.596407291683739	-3.25822444350352	0.00112111697883136	0.00943119354444947
"ALJ48955.1"	37.0513811464645	-1.94212099069267	0.589419056924484	-3.29497488735165	0.000984304756719148	0.00849201724779947
"AJR04350.1"	193.920923251049	-1.94130525779087	0.693066972242639	-2.80103559329795	0.00509389003267333	0.0308943989070023
"AKF84494.1"	483.387658038111	-1.9396259123785	0.439741984239061	-4.41082721663449	1.02976465000901e-05	0.000183043118359696
"ACU62549.1"	58.3331304025476	-1.9392114635709	0.58159000372337	-3.33432736318706	0.000855059598290395	0.00760249712609002
"ACV59084.1"	66.8030691543862	1.93910756050516	0.621014272863659	3.12248469195954	0.0017933143124107	0.0136859105768961
"ACC43771.1"	49.0789937479625	-1.93870856778957	0.582874243546382	-3.32611809366268	0.000880646088732208	0.00776766474484779
"AIA22720.1"	71.9492520753423	-1.93867821486824	0.683164975891749	-2.83778923581035	0.00454271680419547	0.0284259945575003
"AKA18929.1"	71.9378098547619	-1.93799600609938	0.601054133990475	-3.22432855295874	0.00126268439445264	0.0103587011623621
"ABF09594.1"	81.8709830874052	-1.93772141757775	0.540175687774171	-3.58720590621592	0.000334240381261862	0.00348636129426494
"ANU60490.1"	76.0407996827264	-1.93739005480712	0.581987061973	-3.32892289433232	0.000871825369759407	0.00770929344655223
"ACO69312.1"	1315.32285501605	1.93738822128099	0.585665006144593	3.30801431015101	0.000939600082777478	0.00819727139839149
"AEK35597.1"	166.397193341315	-1.93676334064	0.475678470272113	-4.07158082965595	4.66951530163695e-05	0.000670482211401707
"ADG56569.1"	144.179177048691	-1.93557866238153	0.480341729644891	-4.02958673570266	5.58749967129563e-05	0.000781356847140822
"ACV58698.1"	45.6378349897087	-1.93447367354651	0.724319642763954	-2.67074584111055	0.00756829280015875	0.0421236431875237
"SMQ46255.1"	220.843117161308	-1.93444168350925	0.570556562623611	-3.39044682023117	0.000697787911889899	0.00642607578331237
"AET58457.1"	56.4786786126934	-1.93411873645905	0.722834172228222	-2.67574335963794	0.00745637177721182	0.0416751333341374
"ACT02733.1"	1678.01475100373	1.93256120955254	0.468931729451841	4.12119950128266	3.7690485770077e-05	0.000556531033554364
"AAS51685.1"	32.4585714086314	-1.93236427902821	0.668221987861298	-2.89179990202494	0.00383041818879333	0.0249910015412393
"AJW79649.1"	424.669931424932	-1.93197623789507	0.377076819934753	-5.12356139586985	2.99817958184186e-07	8.07086880511967e-06
"ACU62820.1"	34.0714564012371	-1.93115550082192	0.615065134884629	-3.13975771230173	0.00169087616835574	0.0130407077711535
"ADC71175.1"	180.609391099506	-1.9311054673985	0.559261854368695	-3.45295401843268	0.000554483510349929	0.00529083856706088
"ADY33796.1"	60.6869212321828	-1.92941928109421	0.669586930906905	-2.88150677983059	0.0039577871989645	0.0256071667257246
"ACF92878.1"	39.1813981038467	-1.92919792566513	0.591269598751039	-3.26280588371234	0.00110315052778693	0.00931919196618068
"ARE36351.1"	27.4954922672638	-1.92853499488012	0.593551810976329	-3.24914347697447	0.00115753077947519	0.00968506625887247
"YP_758410.1"	276.531545085037	-1.9284964234478	0.443654085933592	-4.34684697964544	1.38108498129631e-05	0.000235761311807143
"AEL09279.1"	164.541444147069	-1.92842158883999	0.472780487850094	-4.07889419804365	4.52504232797816e-05	0.000655031463361305
"ADZ77081.1"	37.4463483883846	-1.92816440665453	0.594729920316808	-3.24208408016099	0.00118659009006179	0.00986426202441806
"ACT17679.1"	223.933545105925	-1.92715288686383	0.421272523459765	-4.57459905297595	4.77132833482642e-06	9.35297002094103e-05
"ABX46791.1"	123.350449567482	-1.9265861005642	0.643712348748325	-2.99293015631963	0.00276312975421076	0.0193053607683764
"CBG74050.1"	438.181015982161	-1.92615964487401	0.521313885051982	-3.69481746046712	0.000220044812663199	0.00246612272831022
"ADB75269.1"	5156.73343400027	-1.92521078904109	0.445270677465982	-4.32368643719678	1.53443348655269e-05	0.000255550267040625
"AEG68447.1"	205.642050648738	-1.92520521214112	0.438578987544881	-4.38964306730292	1.13536862408673e-05	0.000199034314338962
"ADJ43156.1"	815.271343449703	-1.9247659395245	0.336569676224796	-5.71877407707681	1.07295340909219e-08	4.48214046588243e-07
"ACG27904.1"	565.566759303579	-1.92268124632748	0.402161235592264	-4.78087164093761	1.7453678085362e-06	3.77906551954984e-05
"ACM52598.1"	44.552724996906	-1.9225773470475	0.511434531124402	-3.75918564360655	0.000170467317447137	0.00198107223713161
"AKK66903.1"	754.684897465865	-1.92255712810855	0.522542589319089	-3.67923527652316	0.000233934377409631	0.00259993125445019
"AAY93713.1"	286.111382053812	-1.92206855646558	0.560517432223999	-3.4290968415367	0.000605593403340548	0.00567983382618746
"AIV33730.1"	231.913528578652	-1.92090303733262	0.406261932251241	-4.72823783091913	2.26476811279325e-06	4.81796717976899e-05
"ADL42950.1"	91.9200420531074	1.92031675505632	0.527163259215015	3.64273632786135	0.000269755121312631	0.00291810833704344
"AEG04154.1"	50.6551411823983	-1.91936158770562	0.451899643381791	-4.24731821725302	2.16344573894609e-05	0.000345115822834955
"AEA65144.1"	1668.87813195936	-1.91850248827808	0.360867752934781	-5.31635889512356	1.05864246541417e-07	3.37559845805639e-06
"AIF98912.1"	41.5400594157342	-1.91752860516315	0.539421959902053	-3.55478409798395	0.000378289581988559	0.00385268089117341
"ADO71038.1"	113.5965997017	1.91585518644526	0.489360228776112	3.91502021166863	9.03966349957984e-05	0.00117327037243504
"AEE63287.1"	35.8215025490762	1.9156730812006	0.639121285976665	2.99735452915356	0.00272333798301907	0.0191084135770932
"ABQ06885.1"	36.1874657466493	-1.91551264219775	0.679992909243448	-2.81695973025502	0.00484806038642386	0.0298390829939479
"AEM83078.1"	109.460863017372	-1.91423735895533	0.481360645048604	-3.97672177533758	6.98718346077507e-05	0.000944079093474222
"ACB22822.1"	476.15852550527	-1.91323279575379	0.332069476122967	-5.76154369287862	8.33480800933057e-09	3.58986592352644e-07
"AAT11125.1"	48.3542320650023	-1.91277343061603	0.46427121034344	-4.1199484008519	3.78957255416301e-05	0.000558971934806889
"AEE48594.1"	30.5415879454484	-1.91206561025264	0.623571524610985	-3.06631322115852	0.00216716160406601	0.0159243717237354
"ANI84478.1"	41.5975659116237	-1.91157951065803	0.48164441100901	-3.96886056801409	7.22171205764283e-05	0.000969683696718315
"AAM77714.2"	60.2484986788351	-1.91102417597545	0.640511840020432	-2.98358914944412	0.00284889028852703	0.0197693302933687
"ACY71074.1"	84.1637019219985	-1.91102026327065	0.62387627481075	-3.06313982504039	0.00219027692085445	0.0160562955423517
"ACK43012.1"	33.7254931982545	-1.91097418870912	0.543128715407862	-3.51845544987265	0.000434066690117746	0.00431692044637173
"ADX71906.1"	832.137242652759	-1.91075161439249	0.438756425126706	-4.35492566026969	1.3311208408904e-05	0.000228485953780305
"APU40413.1"	125.798827774478	1.91065566851663	0.320219945992448	5.96669786635243	2.42103105864464e-09	1.20389317083154e-07
"AEO54195.1"	101.891617133719	-1.91058441693066	0.666136178919834	-2.86815891013268	0.00412868106726377	0.0264414517576411
"ADE83440.1"	81.1892395775978	-1.91052486065264	0.61034363037847	-3.13024461231443	0.00174660796649953	0.0133930530348181
"SMY19941.1"	219.587036667622	-1.91007603130593	0.532859665375091	-3.58457611904513	0.000337626089407344	0.00351382156098439
"ACL02318.1"	97.9293271919554	1.90890100422476	0.541007288259618	3.52842012603113	0.000418048087930841	0.00418586347271525
"ABE02800.1"	87.6422818685101	1.90881933711795	0.387495369865246	4.92604424610739	8.39110044822026e-07	2.00783972776388e-05
"ACB74105.1"	598.807913754901	1.90827110715834	0.350270678830756	5.44798986180735	5.0942261243582e-08	1.78495562675259e-06
"ACD94117.1"	604.331981988602	1.90772608881477	0.545488555575116	3.49727976749838	0.000470028625192374	0.00461878602698691
"AEV97065.1"	137.740538941855	1.90708433314205	0.614269233946536	3.10463918384693	0.00190511270106122	0.0144065094412581
"AEH79267.1"	52.0940478446224	-1.9069229137542	0.432462086014005	-4.40945686436995	1.03630196795509e-05	0.000183854942299562
"ABI38943.1"	52.3142230935854	-1.90667714123576	0.719858076975242	-2.64868479249047	0.0080805658888939	0.0443314761170828
"ABR90824.1"	109.813000437227	-1.90615728516234	0.4051780324574	-4.70449316711845	2.54497389551568e-06	5.33301565710007e-05
"ABL83981.1"	876.225589844141	1.90567245624373	0.460360206111568	4.1395247263876	3.48026089658404e-05	0.00052131291632299
"ADU49005.1"	159.617466638524	-1.90550188586313	0.458114544794902	-4.15944419908393	3.19022945065243e-05	0.000484610220838119
"AIO30349.1"	617.330606966842	1.90365566697896	0.427686547284812	4.45105341532112	8.54500818508577e-06	0.000155543595025787
"AFE08202.1"	1171.17378744947	-1.9023771890001	0.360615934713609	-5.27535531814732	1.32499111485999e-07	4.06291908561012e-06
"AFC45479.1"	58.6775603983933	-1.90105657476604	0.427301781324938	-4.44897881977327	8.62795230043565e-06	0.000156849449742205
"CAN95067.1"	634.699340014496	-1.9009045495157	0.291153332741153	-6.52887786520954	6.62642563125857e-11	4.80604694229831e-09
"ABA49877.1"	123.190231485224	1.90075984159683	0.399384786140152	4.75921944840887	1.94343049159441e-06	4.18847421421686e-05
"SCM59413.1"	28.3072601344116	-1.90043487060956	0.583013961027879	-3.25967300552977	0.00111540730025173	0.00940765848554237
"ABV97421.1"	450.808545349871	-1.89970269319142	0.363885210831093	-5.22060978750033	1.78334947471379e-07	5.22792166430232e-06
"AIL99361.1"	61.350098622186	-1.89917960648917	0.530401493107688	-3.58064528695356	0.000342746696233989	0.00355785558315416
"ACL16117.1"	286.883626053568	-1.89859948377999	0.536625097989402	-3.53803705956646	0.000403113475679489	0.00406101650418243
"ABU59093.1"	226.441587082215	-1.8975765233034	0.499475208153775	-3.79914056258662	0.000145198728340427	0.00172627661876165
"ADU00703.1"	38.003693343094	1.89651664207409	0.68320516251663	2.77591087732439	0.00550472956092098	0.0329014536267173
"ACY16659.1"	2321.14448685488	-1.89651619859106	0.453808389084381	-4.17911225135686	2.92649221176672e-05	0.000449197735877131
"ABG84150.1"	55.123428250129	-1.8955074071113	0.584972009452504	-3.24033864267347	0.0011938782042053	0.00990628755332885
"ACS38806.1"	358.036493198267	-1.89530200615913	0.726724269366978	-2.60800703382324	0.00910710829915994	0.0486198710799545
"AEY01109.1"	156.624114249817	-1.89508868900561	0.453511780768895	-4.17869781859389	2.93182922434697e-05	0.000449504331680273
"AKE49856.1"	133.556472018173	-1.89429286189553	0.581847405376191	-3.25565233150912	0.00113132190022879	0.00950550150551528
"ACU19724.1"	38.1528796781208	1.89378543850153	0.462458865089815	4.09503543225134	4.22103828374021e-05	0.00061548014474787
"ALV38081.1"	91.3102862576339	1.89370124398871	0.641207875667063	2.95333434889372	0.00314361275506995	0.0214132804600823
"AAU12275.2"	34.2176987952285	-1.8935696994049	0.684651251261683	-2.7657434291041	0.00567931991535003	0.0336646708342451
"AFU41400.1"	86.2667945256203	1.89346746923845	0.363042904825403	5.21554737490067	1.83275209346119e-07	5.35592146226926e-06
"AAK78587.1"	50.2556193640949	-1.89341561785204	0.436962773072592	-4.33312797915966	1.4700559465375e-05	0.000247478570530751
"SMY26845.1"	102.592011040678	-1.8932455412946	0.498187005518339	-3.80027082264976	0.000144538037512918	0.00171971393889148
"ABA76698.1"	185.20935513469	-1.89305397422182	0.439274954397534	-4.30949671787719	1.63626486832015e-05	0.00027105840978397
"ADH85075.1"	79.1456277531621	1.89238430801128	0.669703665722073	2.82570397157812	0.00471768410494037	0.0292268829833836
"ADW22537.1"	114.372527823902	1.89154741236248	0.417504815303889	4.53060023028879	5.88163421954374e-06	0.000111786986836624
"ACR36760.1"	514.731996801231	-1.89119092719556	0.39149194280983	-4.83072758438408	1.36035021961365e-06	3.04188216839486e-05
"ABQ06141.1"	59.4340143700434	-1.89111495752626	0.712316493098433	-2.65488020542708	0.00793365774329751	0.0437053683946
"ADV24576.1"	56.6225413230052	-1.89044418379261	0.578633325640153	-3.26708487054592	0.00108661099571487	0.00920725225061544
"AEK62363.1"	106.713426952194	-1.89037365126235	0.612018207549215	-3.08875394219434	0.00200997834131215	0.0150337573185613
"AIF99772.1"	32.4853048426975	-1.89035715715868	0.631433638336641	-2.99375427976623	0.00275567776959735	0.0192581015570762
"AIA02758.1"	155.494754528183	-1.88781977079223	0.426985719844302	-4.42127144551956	9.81218158820596e-06	0.000175752933936925
"ACD86466.1"	74.3245119253697	-1.88774653076366	0.528995602832161	-3.56854862433063	0.000358964240488286	0.00370286030829406
"ADP11558.1"	93.7199440841492	-1.88706725205789	0.554260293722739	-3.40465891825523	0.00066246741363804	0.00614527425851907
"AEB84918.1"	236.199537996898	1.88706133977511	0.430816150869311	4.38020101142298	1.18569880500132e-05	0.00020669255133759
"ANY71981.1"	57.8277260318622	-1.88626736417473	0.471680621433555	-3.99903510651317	6.36012464883963e-05	0.000871125487616998
"BAJ32041.1"	553.027157520562	-1.88547655975793	0.418063258854392	-4.51002693928342	6.48193937895048e-06	0.000121954552992673
"AFK87257.1"	27.478330580557	-1.88495472266377	0.583547453475661	-3.23016527865354	0.0012371867535589	0.0101991402687382
"AMY53372.1"	340.728181546371	-1.8846234057647	0.636906740421922	-2.95902568799354	0.00308613374818093	0.0211400539305293
"AFE10035.1"	1144.29798756421	-1.884382447303	0.375574508730831	-5.01733318821569	5.23936585332193e-07	1.31907631681296e-05
"ABK53232.1"	356.52125119508	-1.88341283772812	0.399610543823627	-4.71312097950894	2.43951261968445e-06	5.14281591119622e-05
"AGG74115.1"	59.3209188857506	-1.8825779359121	0.529354547493242	-3.5563649067096	0.000376021699242079	0.00383802199243972
"ADU95215.1"	91.2988144736825	-1.88237431232631	0.566018501077506	-3.32564096181116	0.00088215481278772	0.00777607246184037
"AAT74603.1"	40.9896011710974	-1.88208443571624	0.69340482441306	-2.71426498555062	0.00664230112473718	0.0381295596243884
"AFC28172.1"	126.213837383676	-1.88032336620596	0.534961213326042	-3.51487793762716	0.000439956156085425	0.00436618665216858
"ANY07514.1"	616.050456038534	1.88012410282202	0.445917916767421	4.21630087539775	2.48342373214432e-05	0.000388847487724343
"AJX12013.1"	130.716349048374	-1.87989297041776	0.439373910176818	-4.27857213838945	1.88096031176968e-05	0.000305981202140058
"AGJ58510.1"	415.90922478591	1.87984297353548	0.39197397049531	4.79583624177916	1.61997584520743e-06	3.545961201128e-05
"ACE83184.1"	57.5215935035944	-1.87949197828277	0.463383969951878	-4.05601423475646	4.99172185928788e-05	0.000710825255201544
"AAZ34296.1"	109.283680805204	-1.87944597494993	0.489045593804161	-3.8430894762392	0.000121495148562885	0.00150029373049163
"AII86928.1"	142.07537041444	-1.87913751900044	0.634098400205858	-2.96347935650112	0.00304182464093155	0.0208774019729148
"AFC29355.1"	734.620028219844	1.8783796377464	0.514701319058882	3.64945565164077	0.000262796602815285	0.00285054385603127
"ABC21385.1"	441.954582211693	-1.87816707960094	0.43421655884588	-4.32541560504506	1.52244549037302e-05	0.000254686460920227
"ARU28396.1"	180.555095974954	-1.87566964584994	0.533670741197759	-3.51465707421064	0.000440322185290224	0.00436827069432498
"SDS06699.1"	43.7190417690949	-1.87550678228422	0.5132355316397	-3.65428086456192	0.000257903826632082	0.00280617004679042
"ACM25096.1"	161.857766533295	-1.87550484220057	0.421326378329179	-4.45142990960621	8.53003754827428e-06	0.000155473262500968
"ACB76390.1"	572.665367811795	1.87519599075653	0.502034845465647	3.73519090894427	0.000187572836831643	0.00215040505320994
"ADP99733.1"	144.373253443557	-1.87481744870283	0.632953712008879	-2.96201351399379	0.00305634369078831	0.0209616359547549
"ADJ46833.1"	327.745292750927	-1.87424243067276	0.345499474250532	-5.42473309037132	5.80412042394987e-08	1.99867349801846e-06
"ADO73975.1"	388.565506240638	-1.8741511741247	0.486959287689218	-3.84868144320271	0.000118755319570101	0.00147225761425709
"ADI04829.1"	337.312863784193	-1.87406394986358	0.404242382874239	-4.63599075519651	3.5523184324311e-06	7.14958352511438e-05
"ACU72618.1"	796.84212489062	1.87399441298469	0.449089496572858	4.17287517807859	3.00779741796497e-05	0.000459892389477593
"ABX04818.1"	104.312238683828	-1.87390727834232	0.416198252586736	-4.50243908208576	6.71780135317296e-06	0.000125548442378792
"ACS31329.1"	1162.52724494747	1.87367089220796	0.433254263464161	4.32464501843949	1.52777675098557e-05	0.000254896531111991
"AFY18325.1"	50.5342128695522	-1.87362527977432	0.505297143075444	-3.70796729300838	0.000208929633244874	0.00236044956106679
"ADL35665.1"	65.9131074586613	-1.8733336365793	0.59841748532324	-3.13047944374053	0.00174521213069998	0.0133860161126238
"ABC20131.1"	109.084741564123	1.87129285224253	0.508359762520539	3.68104045639711	0.000232284141074017	0.00258569654612652
"APA08244.1"	66.4863257132813	1.87066874160726	0.438272097828626	4.26828162430438	1.96984537666209e-05	0.000318589203726355
"AEB43376.1"	519.608304747205	1.86982974010499	0.385002787228785	4.8566654635512	1.19379029442618e-06	2.72382665711128e-05
"AHJ98355.1"	137.039243326119	-1.86862491454987	0.48740318713304	-3.83383811160803	0.000126159187615603	0.0015467156093478
"AAR06266.1"	45.7102411346642	-1.8678282489545	0.539156983007289	-3.46434954535172	0.000531515369665287	0.00512583682023747
"AAH82097.1"	36.4570181885233	-1.8677595623408	0.580108479404884	-3.2196729209283	0.0012833693303386	0.0104964089313933
"KEZ92913.1"	56.4702129060327	-1.86757614322971	0.612726007095564	-3.04797922987204	0.00230385850552322	0.0167182018456786
"ADB35747.1"	1102.45012320376	-1.86749255386881	0.496128492123322	-3.76413083206801	0.000167129370096724	0.0019487521221274
"APU96737.1"	43.9903255941764	-1.86733893129151	0.644005314710772	-2.8995706846459	0.00373674081071046	0.0245054569540057
"ADG34144.1"	50.2303085489051	-1.86683128622768	0.586579423460446	-3.18257206366797	0.00145973185165591	0.0115802360212408
"ADW02858.1"	854.937572947649	-1.86395891697265	0.658166345063806	-2.83204835821853	0.0046250853291978	0.028799797347914
"ADJ47357.1"	1057.33993810782	-1.86323042794268	0.432392000096547	-4.30912326668081	1.63903000471009e-05	0.000271355907817053
"ACE84401.1"	234.328788602536	-1.86308503326977	0.310236918887809	-6.00536209535887	1.90905368265895e-09	9.8427010865046e-08
"CAP65625.1"	124.368761690401	1.86273600052771	0.549755164597404	3.38830104832544	0.000703270281706016	0.0064723059850893
"ACT93491.1"	268.909947856671	-1.86261909344878	0.393358659927048	-4.73516737573342	2.18874393915076e-06	4.66332384478421e-05
"ALJ91322.1"	160.633964680888	1.86233014690698	0.526317934453745	3.53841285845571	0.000402540123475165	0.004058161071952
"ABA39290.1"	185.13683492978	-1.8602516149141	0.5946074127377	-3.12853754437588	0.00175678565554811	0.0134526726511829
"BAB04833.1"	42.0052024491828	-1.85990304590522	0.70998488867799	-2.61963750998758	0.00880232766966202	0.0473448540710582
"ADQ78500.1"	26.3169480757928	-1.85812677653965	0.587580731820713	-3.16233442642333	0.00156509710410912	0.0122187558635357
"CDU24419.1"	62.579023801669	1.85791736935295	0.458992153171666	4.04781945947142	5.16969968641473e-05	0.000731597798132689
"ADU14926.1"	155.757414808507	-1.85691673717025	0.452539723760579	-4.1033231773321	4.0725773604376e-05	0.000595383163356716
"ADN76372.1"	263.118165930989	-1.85615236613824	0.584093575250446	-3.17783390331312	0.00148379727015469	0.0117312590723668
"AOD24295.1"	116.502475427223	1.85553925538318	0.402908031958195	4.60536675420683	4.11739556445231e-06	8.20431361013572e-05
"ABK50302.1"	36.7318328872307	-1.85488668795393	0.405150190019785	-4.5782693273903	4.68838796759284e-06	9.21742342280402e-05
"ADU09300.1"	807.826834907542	1.85476612237787	0.44978720905887	4.12365244058132	3.72911461266339e-05	0.000552090389720382
"AKA22314.1"	560.638466772385	-1.85454857907585	0.405123660326657	-4.5777345553713	4.70038613353389e-06	9.22805120577944e-05
"ACB76044.1"	114.387047965591	-1.85376027209301	0.554449010599179	-3.34342786560246	0.000827502043873482	0.00740079260103234
"ACG46665.1"	391.670372954379	-1.85270969844451	0.477781214980108	-3.87773658811941	0.000105432780446501	0.00133621372629255
"AKZ55789.1"	393.318474907491	-1.85261540631062	0.503094597491423	-3.68243947668749	0.000231012723397403	0.00257666621682618
"ADD67621.1"	23.7717093521303	-1.85188353405569	0.577505610365021	-3.20669358153107	0.00134269931903815	0.0109115268899251
"ADO84203.1"	47.090781069179	-1.85166379790156	0.58213345676132	-3.1808235317778	0.00146857056367173	0.0116345884770411
"ACB24811.1"	1067.72377540428	-1.85095934394706	0.36514882482864	-5.06905463769652	3.99796459953996e-07	1.03732175096127e-05
"ABL06590.1"	125.255889737534	-1.85088495088991	0.385146462272983	-4.8056652006271	1.54237818922892e-06	3.38935791096176e-05
"AKT27959.1"	47.4247701911811	-1.84965878885329	0.576853009175281	-3.20646466159155	0.001343768086596	0.0109115678324898
"AAY36243.1"	96.8951880986429	-1.84936588023116	0.589111465049043	-3.13924611886005	0.00169383118078009	0.0130599002305479
"ACR02050.1"	868.774025137103	1.84829443372763	0.293069567987589	6.30667471351342	2.85094124652396e-10	1.80986283758923e-08
"ADU01353.1"	582.257474559245	-1.84745151056851	0.570566556555753	-3.2379246370848	0.00120402610411489	0.00997866039396109
"CBX96935.1"	39.0300631912952	1.84688871950794	0.536871799506835	3.44009262770828	0.000581515129239898	0.0054963192296422
"ADM12267.1"	32.7143972816413	-1.84634388751353	0.496355653283913	-3.71980025874196	0.000199380393413658	0.00226628237677985
"AOT58297.1"	1584.09948153913	-1.84568519277687	0.629951114078848	-2.92988638566937	0.00339085957161317	0.0226726784253361
"AAT88693.1"	38.2567247229851	-1.84494641723272	0.648818702083025	-2.8435469127347	0.00446144409998058	0.0280364958525379
"ADY65346.1"	51.6722542838991	-1.84449386096548	0.43067987890109	-4.28274909353051	1.84598293069572e-05	0.000300858885887777
"ACB00100.1"	47.3395151594883	-1.84383339182172	0.665502323212779	-2.77058896341703	0.00559550123319997	0.0333230488246472
"AEG45248.1"	1606.71177268859	1.84363395885691	0.313495776248409	5.88088930868418	4.08068004921223e-09	1.89457244871883e-07
"AJE39172.1"	506.084559197896	-1.84328362631108	0.467804438656703	-3.94028673948469	8.13842727021349e-05	0.00107270908595526
"AMY22644.1"	350.516358658722	-1.84273439638961	0.58146249295631	-3.16913716484214	0.00152892222255414	0.0120133894309924
"AJZ68823.1"	138.517873569785	-1.84254020643489	0.28431624435046	-6.48060124262089	9.13578269915641e-11	6.47507272014133e-09
"ACU40147.1"	668.439990099205	-1.8419589029729	0.454353756237803	-4.05401931355189	5.03450570979996e-05	0.000715099045416335
"AGB72392.1"	682.375871431579	1.84148215528373	0.372551868486584	4.94288798701877	7.69737137820486e-07	1.86253767592241e-05
"ACS46949.1"	48.8926158827417	-1.84010138356111	0.55130444242352	-3.33772275708875	0.000844679846456384	0.00752630712329501
"ADW03701.1"	294.286742258454	1.84001869178324	0.398462671960468	4.61779439145504	3.87840245156831e-06	7.73911297463338e-05
"ACG33724.1"	382.305661668014	-1.83977234049102	0.688797907835948	-2.67099002415844	0.00756278943888586	0.0421097559926509
"ABA48523.1"	70.7517683123816	1.83950480654093	0.300128525260851	6.12905689301661	8.84015133817351e-10	4.93005730803796e-08
"AQH03897.1"	124.121567688688	-1.83899168059348	0.557156101503051	-3.30067583507099	0.000964522534415326	0.00837295282898961
"ABB92850.1"	362.39278662937	-1.83864489219029	0.427131944248273	-4.30462979168229	1.67265206816308e-05	0.000275943236890357
"SDN74908.1"	99.2117689699369	1.8385480174976	0.585788003137226	3.13858940034814	0.00169763141209702	0.013085597195228
"ABL69750.1"	400.149086714114	1.83852736134875	0.440183453875637	4.17672982744185	2.95729928516086e-05	0.000452665668602314
"AAO79256.1"	147.1806270199	-1.83848925760868	0.519910917420146	-3.53616205393698	0.000405985567544669	0.00408700897122637
"ACA72153.1"	138.4332742182	1.83778710008119	0.42211444429354	4.35376501544967	1.33819146809683e-05	0.000229277896822759
"AFK82658.1"	31.1220142313008	-1.83762885676075	0.579827108493805	-3.169270339109	0.00152822179126688	0.0120112569534833
"ACD04834.1"	324.753362586391	-1.83758773720428	0.44594901312844	-4.12062294815535	3.77849363729653e-05	0.000557631564943351
"AEK42231.1"	536.641978690876	1.83504866761838	0.528396472440865	3.47286320656455	0.000514937739260692	0.00499175794610192
"AGZ44920.1"	1506.76098063241	1.83465130811614	0.387290031137697	4.73715087043861	2.16743809538216e-06	4.62849709521885e-05
"ACN64823.1"	444.716330914461	-1.83376597255329	0.495897457164861	-3.69787331243292	0.000217413342532541	0.00244249756723154
"ADB73293.1"	1449.31746426702	1.83338969141005	0.262745047572769	6.97782777771398	2.99778816751662e-12	2.87418073759573e-10
"AHF94509.1"	584.597938091972	-1.83324717078746	0.271505117138288	-6.75216434264742	1.45655750764312e-11	1.22089173604721e-09
"AAQ55313.1"	224.536482493051	-1.83242120574764	0.57330718104456	-3.1962292926612	0.00139236414027246	0.0112239062686633
"CAJ50449.1"	95.0640153605385	-1.83219817658276	0.472721947402094	-3.87584749693101	0.00010625422043334	0.0013435831776205
"ACE93355.1"	498.326679932094	-1.8315190404589	0.417823470308454	-4.38347572745687	1.16800667947814e-05	0.000203989488450841
"ADT98034.1"	124.509730523776	-1.83081689679878	0.606941883257218	-3.0164616206308	0.00255743590744741	0.0181859221907284
"BAS98176.1"	325.875638952312	1.8302496187362	0.354764864798488	5.15904983932333	2.48206238461041e-07	6.9349120278995e-06
"ABR38820.1"	45.2395594185512	-1.83008450690359	0.699273509458898	-2.61712260245596	0.00886744849829161	0.0476172728308366
"ACI53593.1"	284.960178335703	-1.82971479785339	0.411151500359183	-4.45022040842597	8.57822053954891e-06	0.000156046694103451
"ABK19021.1"	77.4402349128563	-1.82945008325674	0.653469084226496	-2.79959699305781	0.00511664422555206	0.0309908028356025
"AGN89526.1"	40.8936392062507	-1.8292043441297	0.625227541597008	-2.92566181498881	0.00343724366600786	0.022933525661
"ADR20168.1"	37.6977167401887	-1.82776676412781	0.61490997811785	-2.97241357136916	0.00295468385294123	0.0203792385185865
"ABN54011.1"	66.3798486201747	-1.82759386483365	0.620939148929953	-2.94327369756455	0.00324761161827201	0.0219560818317177
"ADU32412.1"	218.504246481664	1.82746269586094	0.572156541700339	3.19399073971971	0.00140320618374158	0.0112845572779591
"AMW20892.1"	38.563459496623	-1.82723597629275	0.48579354558382	-3.76134263804761	0.000169003732221742	0.0019665122557273
"AEB80431.1"	92.1276227787487	-1.82684719907127	0.467735420471063	-3.90572772365929	9.39422420689211e-05	0.00121198479675646
"ABJ88348.1"	128.305041081003	-1.82680191435996	0.572230580243924	-3.19242273557147	0.00141084684232346	0.0113077778979924
"ADU14366.1"	214.676713851246	-1.82671108540294	0.460289283772134	-3.96861528131351	7.22914830434336e-05	0.000970216854882055
"AGF65529.1"	204.395568829836	1.82659055711784	0.413960809659612	4.41247218213673	1.02196928699457e-05	0.000181888443475524
"AEJ54248.1"	43.1415242510948	-1.82631124750895	0.693039808972705	-2.63521838697275	0.00840831654100798	0.045690844309406
"AJY10880.1"	454.115258165223	-1.82575068202422	0.543704533935163	-3.3579831840099	0.000785133893923627	0.00709509635064101
"AEV84546.1"	1788.80798450238	-1.82546153993077	0.428150383593271	-4.26359898269972	2.01160328625629e-05	0.000325154997702258
"ADH69383.1"	677.835882025199	1.82511050257351	0.455892146799605	4.00338219332339	6.24433021204479e-05	0.000859048003029022
"AEH56390.1"	64.2277167548193	-1.82488856751815	0.596779219738873	-3.05789562900104	0.002228971947597	0.0162760299021715
"ADI15213.1"	550.648297192233	-1.82437708661041	0.593507726330573	-3.07388936263698	0.00211287773373417	0.015599189091145
"AHI00240.1"	309.811666456161	1.82373913075152	0.347646705741661	5.24595545026322	1.55474470553906e-07	4.66023905527533e-06
"AEB60126.1"	185.759573793488	-1.82320046320652	0.441082762539035	-4.13346568501455	3.57333668224564e-05	0.000533826754301755
"AIT18865.1"	279.307986840396	1.82313193595206	0.30774388856424	5.92418567419086	3.13848693346186e-09	1.50196718272134e-07
"ABQ71963.1"	35.5037228828708	-1.82278618758473	0.461218184867487	-3.95211257359343	7.74642813621525e-05	0.00102732829039073
"ACZ87792.1"	523.945684441614	-1.81996357686055	0.35154786411905	-5.17700080875538	2.25481239415085e-07	6.38924370310194e-06
"XP_003711481.1"	195.938766835351	-1.81989586946569	0.511890668028853	-3.55524330317175	0.000377629476294068	0.00384860386542727
"AAT01328.1"	250.634444813515	1.81941238928983	0.540224882241215	3.36787965363922	0.000757486534510816	0.00687386830645097
"AHI30867.1"	42.8219540536126	-1.81925187491078	0.549445133090202	-3.31107105213381	0.000929396069929792	0.00811583667303633
"ACV36542.1"	80.1637541863882	-1.81918351691845	0.555207593385018	-3.27658255865552	0.00105071589245668	0.00893826864941271
"AJY09756.1"	220.191544308006	-1.81884502239776	0.42707553934576	-4.25883679778068	2.05493427051409e-05	0.000330821965711975
"ABS06082.1"	735.799517465272	-1.81851550897866	0.451179941350977	-4.03057703215582	5.56400898989183e-05	0.000779239598204161
"ADZ19661.1"	42.9018343372786	-1.81808923090221	0.407023210474839	-4.46679497412741	7.94001576149114e-06	0.000146050381904537
"ABK48155.1"	59.3833041535196	-1.81741820665234	0.663358300510856	-2.73972332184996	0.00614909241940562	0.0358795313409087
"ACX76205.1"	33.8702057591765	-1.81669583084289	0.598583295856126	-3.03499252889199	0.00240541645431595	0.01730712902982
"ABO97678.1"	696.083982748696	-1.81619302814155	0.390018249918041	-4.65668729225674	3.21337953030844e-06	6.56655279784781e-05
"ACV78212.1"	4003.81191028665	-1.81559784391132	0.415893815898324	-4.36553219717791	1.26813620110116e-05	0.000219559314075622
"ALC92679.1"	67.7348107359353	-1.81555863560343	0.645606383771669	-2.81217577960867	0.00492076038780401	0.0301711799861938
"AEI47500.1"	35.5483709475153	-1.81430344196335	0.624850852150849	-2.90357840710019	0.00368924580406039	0.0242850048272924
"ACA94827.1"	134.817653469848	1.81308523308366	0.419176257140603	4.32535288484982	1.52287875260916e-05	0.000254686460920227
"ADG16905.1"	555.177616314643	1.81304848412779	0.41680010174404	4.3499233242539	1.36185142387092e-05	0.000232761858746584
"ADY51371.1"	27.6412790190182	-1.81185026009534	0.645380764741861	-2.80741286242091	0.0049941189123683	0.0304674990347926
"AAQ06261.1"	397.658694103407	-1.81067142945436	0.359095909851266	-5.04230591265805	4.59955188529477e-07	1.17920379652667e-05
"AEJ62146.1"	86.268129743194	-1.81021008928949	0.559890382904884	-3.23315088910361	0.0012243287729185	0.0101169741223808
"ABY89704.1"	52.6190601450404	-1.81010207992574	0.604518737152273	-2.99428614645205	0.00275087821514893	0.019234162465362
"ADG89012.1"	537.138445031494	-1.80996775412856	0.395666319931946	-4.57448021969592	4.77403706241061e-06	9.35297002094103e-05
"ALW84995.1"	179.486289627932	-1.80940414043695	0.469500913649659	-3.85388843308433	0.000116256586962771	0.00144682881546242
"ADL47224.1"	90.1369336189637	-1.80903970428502	0.556685038027424	-3.24966467698725	0.0011554115995257	0.00967022515405726
"AAW66417.1"	43.392629406761	1.8080914880331	0.557725785340674	3.24190047431403	0.00118735480130346	0.00986678094903288
"ANN17816.1"	280.211488999184	-1.80763486313363	0.477672123291226	-3.78425864728881	0.000154167432077363	0.00181882487502649
"ACT02701.1"	80.6557789342837	1.80598617074246	0.548056740245925	3.29525400952478	0.00098332752487433	0.00848620141380448
"ADD78865.1"	48.2554409648978	1.8047697705485	0.584190854213498	3.08934958076035	0.00200595254621377	0.0150181508589241
"CAI56705.1"	39.3578700840364	-1.80470658302411	0.56594454921872	-3.18883994114881	0.00142844946186548	0.0114031568675181
"ACU84387.1"	248.311910465246	-1.80457672921432	0.430097984022705	-4.19573398679091	2.71989326537578e-05	0.000421162233724891
"AHF89581.1"	1228.34313144516	-1.80443236221481	0.332161857174484	-5.43238882863946	5.56045956493293e-08	1.9218595799983e-06
"ACY23309.1"	135.493335310883	-1.80325910223027	0.630698726558414	-2.85914498681528	0.00424784587563246	0.0270524779650151
"CAP91580.1"	50.4491750001097	-1.80304692018833	0.64476770522901	-2.79642870690604	0.00516708095274039	0.0312367951528655
"AOW10587.1"	77.0763953822008	-1.80299054266822	0.60263389991507	-2.99185051309313	0.00277292008256529	0.0193586752743822
"ACU59305.1"	40.7054406350687	-1.80285635938633	0.683553354481251	-2.63747715897689	0.00835252503108653	0.0454317642841069
"AGT23621.1"	47.4158499634168	-1.80277584536983	0.637641652186855	-2.82725546423611	0.0046948857518121	0.029130767178132
"ADO47230.1"	56.8804682112339	-1.80244939439438	0.534605387544998	-3.37155112235502	0.000747461648313546	0.00680068433988427
"ADI25735.1"	102.77752985241	-1.80210576476153	0.570580717827893	-3.15837130217413	0.00158653343871044	0.0123654204204169
"ALI29574.1"	94.2019795019759	-1.80038550840413	0.521024568432035	-3.45547142589108	0.000549331414291432	0.00524525316320018
"AKE05711.1"	215.139093943758	-1.79934640208074	0.427392796726573	-4.21005317792449	2.55310587036817e-05	0.000398421136827354
"AEW01335.1"	62.8495724050242	-1.797916723909	0.459863529651797	-3.90967451859111	9.24205650901744e-05	0.00119621180779682
"ACB73620.1"	455.084637598873	1.79781556520675	0.302010610733855	5.95282252116321	2.63557061340891e-09	1.28770392483413e-07
"ACQ98238.1"	140.016998251672	-1.79717793435839	0.460009327336466	-3.90682933488407	9.35151550387922e-05	0.0012087028072327
"ABV39536.1"	244.01358437073	-1.79621446188898	0.390784409671643	-4.59643326968508	4.29784531207811e-06	8.51539117883501e-05
"ADV81053.1"	211.120008942873	-1.79614448491385	0.326756266317619	-5.49689377086935	3.86539386319718e-08	1.40722453308281e-06
"ANQ86403.1"	179.253534031358	-1.79606295783119	0.419985071462559	-4.27649238001858	1.89861052447443e-05	0.000308493907389357
"AGT91331.1"	53.8699645527792	1.79593453691113	0.418664380839468	4.28967597699638	1.78933984715208e-05	0.00029243641775172
"ADI28114.1"	463.714741204615	-1.79562001958697	0.658969198430207	-2.72489218595419	0.00643224873544433	0.0372445161525335
"ACN58869.1"	894.10712863714	-1.79435950833193	0.408452202436928	-4.39307095818394	1.11760629225008e-05	0.000196289245657673
"AGF67811.1"	103.808862451173	-1.79407410438065	0.456682847971548	-3.92849022543632	8.54808244476538e-05	0.00111619457147226
"XP_003719393.1"	129.525690786593	1.79405811620417	0.468514183935692	3.82925037857641	0.00012853418487137	0.00156726613225561
"AMY12511.1"	3243.19982926983	-1.79308277334524	0.413289946907064	-4.33855889010638	1.43420056301326e-05	0.00024334472098254
"AAU08001.1"	60.9891383252773	-1.79302246056946	0.538222427198206	-3.3313781997218	0.000864171079749376	0.00766339358525928
"AKT42101.1"	236.480450228399	-1.79297507097624	0.377611769286524	-4.74819700234441	2.05238073927312e-06	4.39952443320451e-05
"ADG82712.1"	1072.5605632642	-1.79267815574314	0.495767714992729	-3.61596389101181	0.000299232088478962	0.00317485086171311
"ABV93606.1"	276.479622458543	-1.79260426872439	0.67099579994906	-2.67155810641509	0.00754999996614769	0.0420636416024419
"ACT92883.1"	287.039792287109	-1.79241276007014	0.395380268877978	-4.53338950159729	5.80446372501683e-06	0.000110696026189081
"AIY06268.1"	88.1557521673696	-1.79207283176087	0.551109605514274	-3.25175394119393	0.00114695267441534	0.00961092100357131
"ACS84147.1"	184.137709396485	1.7909055389716	0.49197198042016	3.6402592225722	0.000272363697874149	0.00293818844033623
"ADG20687.1"	57.3922799673939	-1.79077631316634	0.59168520786611	-3.02656934694161	0.00247346077303817	0.0176921328058193
"ACN82436.1"	70.9301508215712	1.79054955482067	0.606865239740257	2.95048956105484	0.00317270765573484	0.0215485501043068
"AIG56331.1"	68.6706115216286	-1.79049037480509	0.549797974123141	-3.25663327090409	0.00112741990999133	0.00947845279282804
"AEB46680.1"	1179.43306594914	1.79045838626598	0.326291366186501	5.48729930304865	4.08125292945415e-08	1.468621555437e-06
"ADD77509.1"	825.49547721325	-1.78977214386181	0.664652093769801	-2.6927954649334	0.00708557221985498	0.0401398451726594
"BAQ09944.1"	127.286916191017	1.78969695633391	0.435533878905205	4.10920262008698	3.97027615574574e-05	0.000581338134185448
"ACB74660.1"	1034.58427931474	-1.78940636805737	0.368609474427263	-4.85447741363054	1.20704625639656e-06	2.74959047958324e-05
"ADW18105.1"	69.95401081026	-1.78914664921011	0.670871214110019	-2.66690031049194	0.00765543759028327	0.0425072651284353
"ACR11610.1"	83.4493078145944	-1.7888285622438	0.449622983484554	-3.97850783423143	6.9349126673531e-05	0.0009388288928202
"ACB54933.1"	94.3261366587737	1.78852341816398	0.617871653593	2.89465200056273	0.00379579085811326	0.0248229294239054
"ADQ02916.1"	289.963605374392	1.78785395328174	0.417076678024269	4.28663132580554	1.8140297977534e-05	0.000296217495743353
"ADI05686.1"	271.077932043703	-1.78727706997129	0.377314295971251	-4.73683899352561	2.17077489490456e-06	4.6320894784869e-05
"ACD05066.1"	43.2679001964768	-1.78681921890414	0.66748425142284	-2.67694588313549	0.00742966342603032	0.0415835380398131
"ADV83491.1"	160.999674894044	-1.78649483296822	0.562794049959096	-3.17433141501418	0.00150182104481533	0.0118570169121969
"ABG84247.1"	64.6086059636416	-1.78638461141793	0.626378254121436	-2.851926291604	0.00434551756870538	0.0275117842273803
"ADQ05621.1"	41.2824694065604	-1.78603028966752	0.578610979065427	-3.08675492565371	0.00202354353134587	0.0151150279358482
"AIQ56098.1"	31.0968850435062	-1.78559938900807	0.587254757505955	-3.04058735358983	0.00236117187760693	0.0170509616685322
"ACZ31816.1"	728.109445464622	-1.78481870244903	0.411722742066785	-4.33500149515549	1.45759131673581e-05	0.000245823653634553
"CAN36314.1"	39.3978476677944	-1.78238359844962	0.546947127896535	-3.25878591831054	0.00111890065991783	0.00942664546345456
"ADH90247.1"	388.431063758602	-1.78176598923888	0.484794477663201	-3.67530174400362	0.000237568464856368	0.00262779931511469
"AJG20058.1"	193.76875860575	-1.78148269503696	0.535783294068209	-3.32500605143945	0.000884166159384574	0.0077839986786574
"ADU73490.1"	70.430323711622	-1.78147046803932	0.625331644527019	-2.84884106478694	0.00438787942631937	0.0276923066770147
"AJI57197.1"	129.814100812587	-1.78131141651617	0.668269096871309	-2.66556006383638	0.00768602004124336	0.0426601540592088
"ABN77273.1"	191.066066055635	-1.78127107071281	0.411849734679648	-4.32505091231477	1.52496638216515e-05	0.000254731257965964
"ADZ27558.1"	88.7846596268132	-1.7805198228675	0.519689168949381	-3.42612455531265	0.000612259548541847	0.00573463309500754
"ABQ92220.1"	229.886391662891	-1.7804088351314	0.556430249031949	-3.19969814406904	0.00137571587349988	0.0111238960935377
"AGJ57836.1"	356.408936542802	-1.78039693826929	0.442920842689808	-4.01967296787649	5.82789820564919e-05	0.000810118362290739
"ADJ19283.1"	177.66973155877	1.78034061575667	0.525885145862728	3.38541719568058	0.000710701481480109	0.00653425243859347
"ACA88628.1"	38.7692177903136	-1.77946040158645	0.620343574445008	-2.86850783161323	0.00412412988319697	0.0264208558832912
"CDI55378.1"	129.332098592915	-1.77941306101666	0.555469288629442	-3.20344094163543	0.00135795888954424	0.0110058089580628
"AIV36787.1"	187.600767069203	-1.77894410085224	0.389730873188569	-4.56454498022668	5.00578869477149e-06	9.76599723336743e-05
"BAR63064.1"	102.274689791636	-1.77867056891969	0.534818270231696	-3.3257475817891	0.00088181746525919	0.00777554701020355
"ADJ45461.1"	548.740567735656	1.77852827563975	0.516180880440951	3.44555240814118	0.000569893446715385	0.00540655267171939
"AKH85728.1"	242.922031225411	-1.77839487080305	0.60644734476005	-2.93248026587815	0.00336266292335699	0.0225379725167111
"AGF71922.1"	244.376602942978	-1.77835591975025	0.404518055418273	-4.39623373031254	1.1014532883784e-05	0.00019442803443532
"AKC82215.1"	1007.20220306523	-1.77825971450071	0.300891398713458	-5.90997191047712	3.42166072927093e-09	1.61539314969088e-07
"ADY53937.1"	30.2248993898374	-1.77733613140016	0.646032521466626	-2.75115582008974	0.00593853880270759	0.0349055915012811
"AAQ20039.2"	227.872104752766	-1.777018650347	0.502859425161107	-3.53382786805214	0.000409587732430579	0.00411961260360918
"ADR58854.1"	104.716310250629	-1.77680573116004	0.513966661021037	-3.45704471887392	0.000546134212497467	0.00521828444132392
"APO85524.1"	239.329626093695	1.77656370677797	0.530451147509932	3.34915611949865	0.000810581075703424	0.00728040673576935
"AEW75101.1"	58.3680904794179	-1.77637894672114	0.631600812350023	-2.81250263138784	0.00491576212922215	0.0301537415796896
"CDR17364.1"	314.14729274711	1.77562383381325	0.410432159471284	4.3262297869168	1.51683189110395e-05	0.000253978622149199
"ACF42340.2"	251.056928183856	1.77556728089084	0.426581823242592	4.16231349801582	3.15039424691244e-05	0.00048012214118977
"AJJ62984.1"	169.163551662587	-1.77520490789576	0.678862982674373	-2.614967899564	0.00892358417304409	0.0478499640889758
"ADD68700.1"	20808.017920332	-1.77444415073008	0.588945092180938	-3.01291949672097	0.00258747546488088	0.0183436219586743
"AIJ12155.1"	672.740969334165	1.7738640312057	0.356295403546433	4.97863293646035	6.40349543561665e-07	1.58227941937797e-05
"AIT07692.1"	283.874083873508	-1.77385913589817	0.476803432747114	-3.7203153628279	0.000198974164023935	0.0022644230471602
"AAH83617.1"	69.6188856660482	-1.77352834364302	0.608068403810592	-2.91665926486038	0.00353802042865686	0.0234827927739871
"ACM06262.1"	537.265988689478	1.77269521848689	0.325683671960086	5.44299690499726	5.23915575828994e-08	1.82593060823886e-06
"ABQ07205.1"	28.1229972064887	-1.77240165696528	0.654016568149158	-2.71002562210482	0.00672780107023542	0.038523461348015
"ABR77797.1"	46.4313867097725	-1.77219527903461	0.635997429607167	-2.78648182608101	0.00532836058290876	0.032038827937954
"SDU83103.1"	101.80268005838	1.77164467498299	0.622448858439366	2.84624937609324	0.00442375363776033	0.0278308779421883
"AAW84048.1"	48.6370715570708	1.77047090890346	0.596108273659994	2.97004921275978	0.0029775204536062	0.0205064360686738
"ADW16514.1"	77.6553640196805	-1.77033210073845	0.509551176911329	-3.47429695181828	0.000512193851871986	0.00496859981878313
"ABG37634.1"	73.8446875291786	-1.76955448381316	0.428679087598416	-4.12792350969747	3.66053829463105e-05	0.000544240202318061
"ABJ83655.1"	949.291931543253	1.76925568956074	0.606525515338816	2.91703422991595	0.00353376989707176	0.0234768443375465
"AJY42656.1"	111.283294784395	-1.76891538835968	0.519655568094207	-3.40401507646119	0.000664030882010408	0.00615773718872586
"ABE96866.1"	217.955145468703	-1.76743749689588	0.60289450535348	-2.93158667262961	0.00337235248764794	0.0225761957278736
"ABJ62941.1"	31.4340684868129	-1.76736941463063	0.434077592417971	-4.071551827372	4.67009684323949e-05	0.000670482211401707
"AAL95458.1"	131.17783986717	-1.76609992145059	0.562064491892553	-3.14216597370148	0.00167702941908437	0.012960001475972
"AJY03392.1"	277.627581694198	-1.76608634253933	0.466842973255691	-3.78304150156298	0.000154923570632294	0.0018269756880462
"BAT74094.1"	85.0726262010451	-1.76516458142937	0.610333750482572	-2.89213005185067	0.00382639520229976	0.0249738709310903
"CCA87435.1"	44.0937319371142	-1.76396755656537	0.509259659931072	-3.46378811312902	0.000532625873063358	0.00513124361399923
"ADG09381.1"	882.942438612828	-1.76357269415884	0.430790126511389	-4.09380945761349	4.2434307297702e-05	0.000618101387672459
"AFY52524.1"	41.397559889363	-1.76176742254771	0.640467434401394	-2.75075254090683	0.00594585406816979	0.0349412532519902
"AKC82987.1"	2591.96945824913	-1.76131873060962	0.485579617299161	-3.62725013130955	0.000286455763210793	0.00306560227326046
"ABN78773.1"	138.776976504218	-1.76052541507373	0.294556626704226	-5.97686575505747	2.27471495336754e-09	1.14743999701762e-07
"AEG96860.1"	345.651561663096	1.75982674954976	0.377124559766609	4.66643368609794	3.06472492784908e-06	6.2949405047735e-05
"ACB61996.1"	72.0541476070063	-1.75945770134417	0.599273461181776	-2.93598468030687	0.0033249074235134	0.0223169763195112
"AIY02028.1"	94.8740573641973	-1.75900090519458	0.550109808182423	-3.19754507014947	0.00138602750126505	0.0111857094048476
"AEJ19163.1"	50.2952319416985	-1.75885265531451	0.673591937868122	-2.61115455283086	0.00902371025214424	0.0483094317661533
"ACD04679.1"	75.7634023157945	-1.75857145916917	0.518647604763826	-3.39068655290515	0.000697177876380546	0.00642257052555109
"ACF50262.1"	301.311382862608	-1.75771700261409	0.460618255191785	-3.81599509529262	0.000135635198200044	0.00163454191978945
"ADV46072.1"	216.779999600234	1.75739187367348	0.607032113632768	2.89505585323388	0.00379091074106657	0.024796807735257
"ABC25063.1"	45.1280833453736	-1.75712266805822	0.495335453564049	-3.54733878912832	0.00038914382651442	0.00394168854722767
"ACT01197.1"	115.320059992193	-1.75692712310723	0.395940972565836	-4.43734608146696	9.10748015534425e-06	0.000164286736101171
"AGA31222.1"	289.310189576998	-1.75646863941663	0.543610172079268	-3.23111805045566	0.00123307001332523	0.0101771898859237
"AAM39018.1"	278.896642462753	-1.75636568960387	0.480664024117531	-3.65404024740242	0.000258145775494687	0.00280771139500748
"AEW67720.1"	44.8755957186038	-1.75511903102527	0.660828840190417	-2.65593588578781	0.00790886493275267	0.043611696406804
"ACK49668.1"	417.22467500316	1.75501345284339	0.350622832270733	5.00541690761387	5.57412543655666e-07	1.39582482756565e-05
"ADD03073.1"	43.0764007321777	-1.75479204242	0.520617759790602	-3.37059581510588	0.000750058172998471	0.00681331233331123
"ANS68960.1"	179.981077566347	-1.75423746523242	0.380716879785854	-4.60772179636255	4.07104852455631e-06	8.11774034853835e-05
"ABM17898.1"	67.2280904885336	-1.75342342319004	0.619808160866419	-2.82897763194818	0.00466969625835188	0.0290259361564874
"ADV17660.1"	25.544566515159	-1.75258439904105	0.48998701511143	-3.57679763950987	0.000347829227721912	0.00360259972597212
"ALQ32033.1"	89.4975689638499	1.75186688502957	0.45651204248105	3.83750421020338	0.000124291104147977	0.00152884611235798
"ADQ04491.1"	47.1214884670647	-1.75141005464955	0.671760059555578	-2.60719587259808	0.00912871239608789	0.0486795109030241
"ABR80190.1"	66.9224082141879	1.75139775747454	0.436813063291693	4.0094903395895	6.08499423025243e-05	0.000840846488006649
"ARU28397.1"	70.6556298446382	-1.75133963244459	0.397236097912662	-4.40881289904739	1.03938769971061e-05	0.000184285611406575
"ADJ44866.1"	54.9315044015897	-1.7503136820005	0.543221879659298	-3.22209717159824	0.00127255968896418	0.0104262748177469
"AEB11326.1"	274.345360924821	1.74998297225336	0.46972936303847	3.72551326349603	0.000194918202668688	0.00222731836812759
"CBH46348.1"	197.622908438726	-1.74882292445817	0.468976623504417	-3.72901939416538	0.000192226358716267	0.0021992517934698
"AHM60779.1"	29.0530949870408	-1.74848112993005	0.55476519785092	-3.15174985147485	0.00162295245804595	0.0125966667633641
"ACF51483.1"	716.599430400502	-1.74839311118467	0.532032734207433	-3.28625101195934	0.00101530490118139	0.00869515938007777
"ABQ26767.1"	36.8549467451231	-1.74811865268522	0.671449136511031	-2.60350122984558	0.00922769365687874	0.0491418131287763
"ACO31611.1"	308.69117057881	-1.74771291386397	0.333793715529375	-5.2359071862459	1.6417644452961e-07	4.86894464094382e-06
"ACB37751.1"	368.594934129702	-1.74705501564127	0.42779047157502	-4.08390352690429	4.42854222337986e-05	0.000642391026350997
"ACJ75408.1"	39.0235268039887	-1.74693157746578	0.526794506801994	-3.31615374668741	0.00091265604344787	0.00800461108783414
"ALJ05485.1"	67.3969112792301	-1.74476917468765	0.64104387599786	-2.72176248774191	0.00649347934590279	0.037505972306147
"ACX75538.1"	44.205698454886	-1.74404404839659	0.647204234619821	-2.69473522437792	0.00704445845367877	0.0399547526072104
"AGT83912.1"	1174.01595665994	1.74386886599572	0.645073813641089	2.70336328822981	0.00686416783344965	0.0391463114005411
"AFU47408.1"	233.508416657616	-1.74318642221876	0.510598033742356	-3.41400927348333	0.000640143968615703	0.00596586902309095
"AAZ62215.1"	180.944469948071	-1.74312584762	0.503777159220262	-3.46011290054908	0.000539948948846736	0.00517508071616338
"ADU95654.1"	447.920085799034	-1.74193689522253	0.646097925707624	-2.69608804782141	0.00701591189739936	0.0398089723306835
"ADU14365.1"	207.128589424088	1.74184497673496	0.415535227534443	4.19181061271293	2.76736971154012e-05	0.00042804023449877
"ABC21102.1"	134.470602723329	1.74135281320854	0.326387037958502	5.3352388749885	9.54188558842119e-08	3.08469548421986e-06
"AGL14804.1"	99.2540012065416	-1.74054480079408	0.448773553181551	-3.87844780169108	0.00010512507670158	0.00133496176117758
"CDR44461.1"	209.275441341679	-1.73927869764989	0.452583980814085	-3.84299659594969	0.000121541155191993	0.00150029373049163
"AEV70393.1"	53.020730328608	-1.73910654702033	0.594762907414108	-2.92403330022977	0.00345527780463779	0.023042867417494
"AEG00846.1"	53.5894358162324	-1.73876495491722	0.473075540194202	-3.67544886003501	0.000237431600034521	0.00262779931511469
"AIG76506.1"	446.745103171824	-1.73862348110246	0.248368768827604	-7.00016950323277	2.55653019495044e-12	2.50253913768645e-10
"ABD26857.1"	510.138588616755	-1.73841316598358	0.368725222774635	-4.71465757862218	2.4211756938542e-06	5.11185782240891e-05
"ACR68033.1"	43.0059799340367	-1.73814195923594	0.539276830514917	-3.22309778741339	0.00126812253715571	0.0103960054319799
"CAV27792.1"	156.306799312403	-1.73746640110303	0.39206685749827	-4.43155642430372	9.35553240150389e-06	0.000168435681744375
"ABL99150.1"	155.821279711356	-1.737016774872	0.358362471251788	-4.84709453198172	1.25282739228278e-06	2.84231407409632e-05
"ACT50524.1"	63.8430239820818	-1.73686792173277	0.528023559511902	-3.28937580614454	0.00100409858200574	0.00863087009574233
"ACK51945.1"	200.65898154619	-1.73664003230977	0.333719635707169	-5.20388927259177	1.95160316844747e-07	5.66774712695595e-06
"AEL89178.1"	27.6570896987906	-1.73643427895053	0.614300920990445	-2.82668350252651	0.00470327878987825	0.029150540846011
"ABA49363.1"	156.042119714302	-1.73550132349441	0.461242930288172	-3.76266216678946	0.000168114228420353	0.00195860421924935
"AIJ07606.1"	117.014085463392	-1.73496807235878	0.410462837080436	-4.22685786781421	2.36977249225916e-05	0.000373139205249085
"ACK52558.1"	189.561915706958	-1.73425855410581	0.345323299404074	-5.02213015194349	5.11015344325887e-07	1.28886356574302e-05
"ABP42909.1"	152.461291154998	-1.733719966246	0.470639626449358	-3.68375263962725	0.000229825276868927	0.0025644433843055
"AMB84431.1"	80.9884358062942	-1.73336307865007	0.54642812450585	-3.17217032014522	0.00151304241636354	0.0119210902729801
"ACI09385.1"	62.3540919956381	1.73329510883859	0.463234970100001	3.74171904263708	0.000182765778796212	0.00210304592814581
"AIY03302.1"	171.79449301302	-1.73287918852804	0.595865701027056	-2.90817072629148	0.00363549803631325	0.0239989160633402
"AHW63278.1"	86.5097084873073	-1.73164930086666	0.552768575199058	-3.13268405361697	0.00173215787546902	0.0133041129990756
"ACB34341.1"	1220.74664932178	1.73157211046984	0.34167745424087	5.06785592370151	4.02321736370448e-07	1.04290734550251e-05
"AKQ64576.1"	1012.48937499475	-1.73156774490586	0.425987613037477	-4.06483121083974	4.80672351121104e-05	0.000688684910030012
"CRX78957.1"	267.985718589641	-1.73113469101608	0.552190719524545	-3.1350303976616	0.00171836304683162	0.0132090312627947
"AIQ46685.1"	128.919835611164	1.7309983751879	0.448731438634837	3.85753755175717	0.000114535087039976	0.00142765997184825
"AEI10800.1"	2170.31453265549	-1.73031617151586	0.493779394658989	-3.50422919674653	0.00045793104877481	0.0045205351345203
"ACU38080.1"	515.248945507382	1.72926642638718	0.365693544819769	4.72873106699064	2.25927404208788e-06	4.80993430283591e-05
"ACF01950.1"	161.385297258749	1.72910387080163	0.463851480619135	3.72771014656174	0.000193227424825296	0.00220980187312459
"ABG85709.1"	51.2159839206141	-1.72883949183235	0.59990529231153	-2.88185404261205	0.00395342816930923	0.0255957491155872
"ADU28083.1"	294.171917345813	1.72828491790316	0.526110884208651	3.2850202681185	0.00101975035740091	0.00872183501087625
"ACT01030.1"	40.4482685613004	-1.7278164452424	0.475385380607844	-3.63455948736403	0.000278456004664675	0.00299487295681608
"CDN55071.1"	158.950479778094	-1.72741445822225	0.382244861489224	-4.51913062085977	6.20940786579072e-06	0.000117458501763971
"ABQ24723.1"	45.4683909537037	1.72600225583643	0.44883586517188	3.8455087700611	0.000120302561319816	0.00148828568568695
"AEF98595.1"	39.436149583148	-1.72578747783158	0.656706220970014	-2.62794446393767	0.00859025388339112	0.046472028544815
"AQU67257.1"	1515.68097982207	1.72574363813363	0.479474586375879	3.59923901530988	0.000319149753055644	0.00335520709220647
"ADU10156.1"	332.456916131365	1.7256680770334	0.37844393591606	4.55990415821104	5.1176972408671e-06	9.91522850901837e-05
"AEG49477.1"	402.955249977824	-1.72471016782192	0.336038794298096	-5.13247338428418	2.8595917599785e-07	7.78765864906207e-06
"AEY91371.1"	208.296707059143	1.72433097159322	0.406208060682961	4.24494523494706	2.18646815405415e-05	0.000348299013958526
"ACA15606.1"	500.876489652439	-1.72426993510947	0.34641773349146	-4.97742975722108	6.44341534203217e-07	1.58793887249589e-05
"ADW67276.1"	280.513443622675	1.72328173566257	0.517117207714777	3.33247803390265	0.000860762651123938	0.00763800671342814
"ACV50538.1"	48.1360373000844	-1.72307155924241	0.652169237300553	-2.64206199969583	0.00824029699887523	0.044952867639426
"AIF91556.1"	201.340440039714	-1.72303375992921	0.407327783687482	-4.23009141269673	2.33596367625935e-05	0.00036926956002573
"AKM08589.1"	97.3736739942019	-1.72299862203213	0.399895889787313	-4.3086179829168	1.64277835631001e-05	0.000271655185252541
"CBL01779.1"	111.623556794571	1.72274046741291	0.431816823553022	3.98951678917479	6.62080331167095e-05	0.000900660881989989
"ACU69412.1"	1018.24158559923	-1.72172318970367	0.393496217182527	-4.37545042244976	1.21181983650546e-05	0.000210590367118603
"ACT01491.1"	127.500626020192	-1.72162892267914	0.481966184262458	-3.57209484585253	0.000354137100717488	0.00365980888582015
"SCV08373.1"	35.5984133926297	-1.72110245861425	0.650242865530965	-2.64686096510856	0.00812427477394208	0.0445015058836397
"ADP10935.1"	43.8897296525947	-1.72060665188207	0.612257819028543	-2.81026488908238	0.0049500740727507	0.0303069715257586
"AAM22492.1"	79.2887479154901	-1.7204889807483	0.522077379130214	-3.29546739530192	0.000982581048062942	0.00848493368740654
"ARK09315.1"	35.5614551672906	-1.72014492832786	0.580846240812275	-2.96144626144494	0.0030619792219524	0.0209951433499337
"ASI26440.1"	56.3526496250621	-1.71961752921243	0.516729152095175	-3.32788951859968	0.000875065622362602	0.00773364717843001
"ADJ62504.1"	253.125926516663	-1.71943168229233	0.413828776305773	-4.15493503772649	3.25379974741031e-05	0.000492662940662515
"ADK13091.1"	53.7039289172269	-1.71942633637109	0.515770249282123	-3.33370592577661	0.000856972096816251	0.00761160876347328
"ABJ85006.1"	368.312596555109	-1.71905377062118	0.365889866289651	-4.69828199412421	2.62359029334487e-06	5.47725830369e-05
"APC37660.1"	52.1300170348666	-1.71824662333316	0.47002183474492	-3.65567404813363	0.000256507107107503	0.00279526742881621
"AEK41830.1"	2311.6657327219	1.71815143026614	0.645003739625232	2.66378522280264	0.00772668779304965	0.0428349210800432
"ADO71618.1"	337.733184899833	1.71795886542581	0.532431336328573	3.22662989235786	0.00125257364465275	0.0102966967427536
"EAA30607.1"	30.1936574054204	-1.71713082636672	0.529849389077385	-3.24079042415566	0.00119198782377063	0.00989646830198177
"ACZ98653.1"	41.8824721260632	-1.71645184039019	0.590054462024723	-2.90897188456186	0.00362619469286597	0.0239658729008919
"AFK20875.1"	109.632206630423	1.71506414273575	0.520668566473573	3.29396520775524	0.000987847250535508	0.00851576762710899
"AJY04208.1"	140.707528668541	1.71494726478609	0.354317655044867	4.84014059239846	1.29747305939859e-06	2.92228928165108e-05
"AKQ70091.1"	398.697457465971	-1.71478954103256	0.466322809488003	-3.67725855596749	0.000235754047042764	0.0026149644615726
"AAK90467.1"	72.2871795204688	-1.71402693741921	0.653494100637531	-2.62286520375173	0.00871937625970389	0.0470251700571508
"AQT91856.1"	86.8269729320904	-1.71395973971417	0.450621969780751	-3.80354233626935	0.000142641602404036	0.00170076418266754
"AKC81756.1"	539.688076090442	-1.71388265594925	0.370305461295125	-4.62829430048111	3.68689822708997e-06	7.40447652551009e-05
"ABQ07233.1"	42.9942434092231	-1.71373839699884	0.563258338672507	-3.04254420988741	0.00234587355335663	0.0169760108479218
"ABE49640.1"	246.392202076274	1.71337707617432	0.483342537158217	3.5448505861868	0.00039283569939496	0.00397607673183705
"AGJ56975.1"	153.037032531311	1.71319676084968	0.376418285566671	4.55131120495538	5.33126235764303e-06	0.00010300484538618
"ACT94257.1"	206.430389550383	1.71318438128349	0.53646127508535	3.1934912375752	0.00140563603460675	0.0112886363811963
"ADO69646.1"	204.37769635642	-1.7126436229779	0.480687012837285	-3.56290804045009	0.000366769187544543	0.00376809914660442
"AKE06995.1"	458.050576876133	-1.71202931254617	0.540626719936012	-3.16674934740333	0.00154153125703328	0.0120751844073597
"ADV84584.1"	263.434415264921	1.71063959544714	0.432276862888837	3.95727771321188	7.58087773607369e-05	0.00101063930047199
"AAZ55656.1"	278.44962621247	-1.71053574457232	0.657409109264703	-2.60193496023429	0.00926994307256303	0.0493292769928672
"ADC92551.1"	326.183540319152	1.70959845892075	0.341413154281602	5.00741824818693	5.51649694590498e-07	1.38386961019315e-05
"ABB39916.1"	72.5791439459179	-1.70956168007081	0.616934386198364	-2.77105915688273	0.00558742746783142	0.0332820466785975
"AJE44151.1"	649.62995021655	-1.70838540198124	0.465222524823466	-3.6721897819318	0.000240480984087554	0.00265372709125548
"AKF07337.1"	1350.91062470852	1.70718710256125	0.410486191585681	4.15893917397441	3.19729018748843e-05	0.00048515629316491
"ABF65133.1"	70.374783628654	-1.70669047719536	0.602340524061531	-2.83343127187805	0.00460512094936961	0.0286947889543058
"ADN77115.1"	113.989345956104	-1.7064438278525	0.482132749433402	-3.53936510195148	0.000401090705251881	0.00404646320152492
"ADG20346.1"	333.247751866183	1.70628498141961	0.346928893383763	4.91825562517262	8.73188376041313e-07	2.07343356875764e-05
"ACN33727.1"	371.466811863646	-1.70587059526858	0.544579665107506	-3.13245371534728	0.00173351757497667	0.0133109045609015
"ADW13957.1"	285.167132383577	-1.70559275146292	0.469380132769814	-3.63371313011952	0.000279371469983091	0.00299923302642832
"BAE61530.1"	49.6409830632798	-1.705522234084	0.542224961476949	-3.14541445941254	0.00165851687942008	0.0128442153682558
"ADC60281.1"	64.3498845976022	1.70552197074297	0.484418611587371	3.52076061890813	0.000430310894677236	0.00428413364416213
"ACL41774.1"	156.085380935349	-1.7051137927672	0.420924952010338	-4.05087364059453	5.10267588056552e-05	0.000723313994695253
"ABP37598.1"	49.7054023356651	-1.70457936314773	0.556400080196458	-3.06358576106939	0.00218701509073276	0.0160407845114368
"ACL52974.1"	1230.33830713869	-1.70351844384632	0.403020235997998	-4.22688066674345	2.36953249301278e-05	0.000373139205249085
"CDP31201.1"	87.4068146525004	-1.70327747803858	0.580008253978215	-2.93664351559823	0.00331785259618232	0.0222876218444631
"ABM08514.1"	95.2875026617246	-1.70284588022475	0.531577363508756	-3.20338298264783	0.00135823224568178	0.0110058089580628
"CBQ71635.1"	280.258860683038	-1.70277286948269	0.470793997622152	-3.61681091535346	0.00029825501212996	0.00316765831547434
"ABF91899.1"	128.418403772988	-1.70167245387609	0.487649539996081	-3.48953974998063	0.000483853091904682	0.00472808068445496
"ALU72338.1"	51.9576681214028	1.70126338952223	0.419385528059657	4.05656198341738	4.9800350715756e-05	0.00070988320704598
"ADU47661.1"	448.4107417051	1.70000512453402	0.466610747830426	3.64330468691181	0.000269159908962409	0.00291279505655647
"ABM15574.1"	118.814709837623	1.6997537275826	0.394586329912458	4.30768528641047	1.64971885810168e-05	0.000272641848591587
"ADW70812.1"	48.9650802432788	-1.69960366115356	0.651086998420451	-2.61040946183357	0.00904339066346633	0.0483904367382269
"AII65940.1"	36.5881252893271	-1.69918891725881	0.58460385548905	-2.9065646784648	0.00365421345371168	0.024094055546423
"APZ93951.1"	102.81546103385	-1.69886245872908	0.520789094466444	-3.26209299845187	0.00110592855532225	0.00933984188078487
"AAO78192.1"	48.1719350545933	1.69874007145057	0.559418052678821	3.0366200434827	0.00239246822573513	0.0172228183203087
"SCG56773.1"	426.784236469052	-1.69843148309858	0.378253311303696	-4.49019594103414	7.11576851986566e-06	0.000132279585313519
"CUU17781.1"	97.2126150460482	-1.69819881776599	0.344671306065229	-4.92700955339929	8.34976738410069e-07	1.9996585772907e-05
"CQR60176.1"	120.502178142177	-1.69767165793971	0.496299301183741	-3.42066098801779	0.000624691503264739	0.00583676928249475
"ADG97357.1"	264.517350362569	1.69761620059114	0.376076032748309	4.5140239014574	6.36090434865041e-06	0.000120080834891987
"ABJ85860.1"	428.035056971402	-1.69749764974621	0.336942836906544	-5.03793956663645	4.70569959124516e-07	1.20201428609945e-05
"ABB12104.1"	958.840361464794	1.69736895030546	0.471331024952603	3.60122474533932	0.000316721632036507	0.00333343564304288
"AGS34784.1"	296.230399060016	-1.69717612205162	0.551222027170658	-3.07893378420122	0.00207742849394686	0.0154269729752085
"ASI30561.1"	60.4006744124991	-1.69712317465748	0.527967193841712	-3.21444815975875	0.00130695511977426	0.0106426746751601
"ABI44367.1"	242.341322693853	-1.69710538839404	0.457617432979129	-3.70856804415368	0.000208434651764625	0.00235580803827309
"ABN90504.1"	126.068525884114	1.69645800008711	0.408757340715133	4.15028142887685	3.32066732539203e-05	0.000500891176948682
"ADI28303.1"	147.757850577695	-1.6964493969229	0.583050578136399	-2.90960932127921	0.00361880801659954	0.0239282355296932
"ADY66710.1"	48.7511688574121	-1.69624857045397	0.433341292928639	-3.91434787806686	9.06488654723759e-05	0.00117599890535896
"ABZ71539.1"	476.103456441381	1.69495777793757	0.359535720868063	4.71429590874937	2.42547971786184e-06	5.1170859217227e-05
"ACK53731.1"	97.4510978541394	-1.69487183811719	0.485021739645005	-3.49442447540123	0.000475085005429468	0.00466029425788485
"AEU38397.1"	109.611243725791	-1.69322069488206	0.422643246876349	-4.00626463902175	6.16865329738063e-05	0.000850727180854523
"AJY23252.1"	1258.50116063964	-1.69293746211967	0.443413735508781	-3.81796351025789	0.000134557821342785	0.00162444190009168
"ABQ89270.1"	61.2335770627253	-1.69195003334133	0.533042702230288	-3.17413600498063	0.00150283253930105	0.0118583144786562
"ABY99089.1"	390.025806969246	1.6912513313895	0.342749565754224	4.93436462178407	8.04120966647994e-07	1.93237515727702e-05
"ARJ04338.1"	917.520577559027	1.69036562245266	0.467415600060399	3.61640822906689	0.000298719153611388	0.00317138468885264
"AKN71916.1"	290.340169367633	1.68999001461396	0.314275206122345	5.37742075000362	7.55604542528534e-08	2.50046155704833e-06
"CCT74463.1"	34.1811969978187	-1.68910682680751	0.64161318824158	-2.63259368379992	0.00847356503345407	0.0459151625014376
"BAL09801.1"	78.6888164232323	-1.6889713599212	0.343082981097329	-4.92292376182324	8.52606748654105e-07	2.0297260659286e-05
"ANE78740.1"	228.252314044525	1.68888832419747	0.500249926886606	3.37608909752085	0.000735241052840922	0.00671138197435098
"BAL54944.1"	727.186219921481	-1.68842407933991	0.582066195962028	-2.9007423744121	0.00372279809286279	0.0244385127909604
"ABQ06884.1"	51.5601589773554	-1.68824211959876	0.630514151008082	-2.67756420200808	0.00741596383797302	0.0415151616892407
"AIR63688.1"	39.7152232386192	-1.68777240934246	0.426664038316257	-3.95574095253706	7.62978027162387e-05	0.00101522494526797
"ABV43929.1"	65.1517980179411	1.68714732457974	0.544524642851485	3.09838562263176	0.00194578061691781	0.0146685311519763
"ABN75677.1"	162.211059010896	1.68683545914392	0.30062666145226	5.61106407194624	2.01086289567486e-08	7.88421433260626e-07
"AQZ96722.1"	51.3737490640275	-1.68678258551872	0.465593403105766	-3.62286616233594	0.00029135659447929	0.00310735970249226
"AQA16591.1"	290.208003037766	-1.68654702563456	0.308856458506343	-5.46061764028134	4.74480958844586e-08	1.67721829846124e-06
"AKT94824.1"	137.311182244674	-1.68529936740202	0.607525438557676	-2.77403917670193	0.00553650104452603	0.0330208528424693
"AOH36637.1"	248.72807353424	-1.68529541820768	0.266869449605365	-6.31505562251441	2.70064324436424e-10	1.7183456424823e-08
"ABB22039.1"	130.110922561348	-1.68515695752491	0.522202525323769	-3.22701801658293	0.00125087583709643	0.0102910315987532
"ALB61501.1"	130.117967176287	-1.68515129685276	0.473579831408918	-3.55832572480835	0.000373226300583703	0.00381762641985435
"AGH98149.1"	21.9780472819509	-1.68468796243059	0.527931069981795	-3.19111349610221	0.00141725594415145	0.0113403188913427
"AKG42238.1"	301.942490867092	-1.68459003889612	0.347590570455578	-4.84647796022825	1.25672541928851e-06	2.84654408077678e-05
"ACO31903.1"	173.726112773271	-1.68450799777294	0.436634515067223	-3.85793596164426	0.000114348596797504	0.00142660575576779
"AGL50935.1"	31.7689579049914	-1.68449476649558	0.558780730054653	-3.01458993822286	0.0025732690433707	0.0182753019122796
"ADU26293.1"	675.559035513395	-1.68425510446471	0.613888404538284	-2.74358514025276	0.00607722865426325	0.0355416948829651
"ACZ24646.1"	101.04905854904	-1.68420582632383	0.618961538935293	-2.72101854538639	0.00650811102787769	0.0375379446972703
"AKT42624.1"	271.949150801275	-1.68404461432791	0.448395570786578	-3.75571197408071	0.000172849390839564	0.00200459467520482
"AFC86860.1"	124.706740207788	-1.68380753967952	0.516720966607327	-3.25863986270002	0.00111947679752108	0.00942866198056567
"ADL53059.1"	25.5429598245657	-1.68297121189968	0.605841665003685	-2.77790602580865	0.00547104386677965	0.0327630682554788
"AJQ50263.1"	123.836241182261	1.68149940498316	0.375030822857784	4.48362988452499	7.33839007240057e-06	0.000136146831323344
"AGM06774.1"	420.133058327265	1.68141943485481	0.279941649990297	6.00632108481566	1.8978018161428e-09	9.80274163186969e-08
"ADQ41743.1"	32.5565378694768	-1.68122766052241	0.609220969201865	-2.75963524815137	0.00578659292301922	0.0341919492344547
"ACZ86332.1"	544.33732964853	-1.68095695709215	0.346154589258352	-4.85608745125597	1.19727841555659e-06	2.72956079168747e-05
"AHZ24256.1"	105.33255593023	1.68040601740223	0.543221445266444	3.09340883362586	0.00197871337561041	0.0148431982373864
"ACZ89281.1"	94.7764991930581	1.68034004260838	0.488300775664249	3.44119879867601	0.000579142858794909	0.00547944693302544
"AHN22616.1"	31.186703404	-1.6803031994304	0.568326676794129	-2.95657984754265	0.00311071677056692	0.0212408845631199
"AAL90890.1"	87.535836107558	-1.67960469379834	0.565721434844969	-2.96896067630638	0.00298808832708682	0.0205741566170985
"ABC91024.1"	146.418173010307	-1.67908888342365	0.405285627666381	-4.1429766288328	3.42826893843926e-05	0.000515178836288489
"ALA82637.1"	158.962953372125	-1.67822923431828	0.626282807294948	-2.67966678115741	0.00736954806457413	0.041328387982736
"ACL17281.1"	218.963309906429	-1.67799076131732	0.532012756663811	-3.15404234259307	0.00161025720642171	0.0125143729441314
"ABX07205.1"	35.3819046889226	-1.67762475924277	0.561750360724716	-2.98642399993917	0.00282260988233117	0.0196425021789071
"AKC82125.1"	286.984173833651	-1.67715649462348	0.371943320078585	-4.50917224234361	6.50810554567589e-06	0.000122364622469269
"AKV86538.1"	328.31381990462	1.6756962569789	0.326089493208672	5.13876187941629	2.76554579310147e-07	7.58317532063357e-06
"AFJ88920.1"	268.522224105981	-1.67542875510617	0.463346701103598	-3.61592896014074	0.000299272446923164	0.00317485086171311
"AIQ38854.1"	171.471061499735	1.67443984649128	0.385722344309449	4.34104964670636	1.41803675454314e-05	0.000241040418823253
"AAP44580.1"	157.516859035119	-1.67341787608829	0.437432899565231	-3.82554187796921	0.000130484749399526	0.00158465391559908
"AEJ49057.1"	33.5542496620327	-1.67200830084044	0.460650243485073	-3.62966985144907	0.000283783948713968	0.0030381703358303
"ADU21576.1"	80.313784455212	-1.67135617956026	0.572181961723078	-2.92102214219951	0.00348885030758118	0.0232501435874894
"ADB50348.1"	912.56765348441	-1.67011357239653	0.251337662802093	-6.64489974871613	3.03423525704934e-11	2.37945238813315e-09
"AAN70495.1"	161.418246273494	1.67006710432725	0.612809005420941	2.72526527768644	0.00642498418832542	0.0372178475763208
"ADJ22196.1"	245.420473307613	-1.66825568125949	0.424164243958354	-3.93304175215506	8.38776615483185e-05	0.00109884839153333
"AEI40472.1"	61.0978036825882	1.66802218084556	0.580008329876142	2.8758590091314	0.00402929645584436	0.0259710145659445
"AAP44579.1"	153.022418616953	-1.6680183280842	0.435862820629355	-3.82693418464942	0.000129749188435248	0.00157727237491672
"AMO91515.1"	35.5097874159875	1.66745336748081	0.550253128822975	3.0303387298271	0.00244279604317138	0.017517550723521
"ABL97352.1"	51.1891585515669	-1.66627903232508	0.544231726831206	-3.06170873577512	0.00220077486332695	0.0161205895012301
"AEB50198.1"	99.9609650912709	-1.66626878103042	0.524525143511065	-3.17671860280473	0.00148951485271331	0.011766494869233
"ABX42145.1"	126.232399823912	-1.665537010317	0.620379979906244	-2.68470463951578	0.00725939273606341	0.040865113849198
"AHY57523.1"	182.949457078204	1.66546718760178	0.579512418291881	2.87391112775593	0.00405423028056884	0.0260744844784758
"ACE91324.1"	201.619660536775	-1.66543848997936	0.320110285232361	-5.20270221486464	1.96411456906567e-07	5.68959915772775e-06
"ADE53400.1"	50.0987030084213	-1.66514340233473	0.432530796582179	-3.84976842225467	0.000118229553736332	0.00146717845141948
"ADB18335.1"	206.277796283045	-1.66414903233807	0.459637627869025	-3.62056744582338	0.000293957608088598	0.00312795028356077
"ADV49810.1"	36.9048319698426	-1.66386887547574	0.556194281574763	-2.99152459957841	0.0027758817236023	0.0193702853275099
"ABP72040.1"	216.554900823251	-1.66382437440102	0.455184854489236	-3.65527182636162	0.000256909619715418	0.00279752692086848
"ACU86700.1"	782.77184555129	-1.66367367749978	0.533591415394692	-3.11787939142383	0.00182157330107385	0.0138653524026274
"AID55382.1"	28.3183818579796	-1.66332133973779	0.633741191233026	-2.62460664187155	0.00867491221621768	0.0468433579873909
"AKH61141.1"	130.615891346344	-1.66324914532649	0.462972971441944	-3.59254048923472	0.000327469752511213	0.00342851278657589
"ADH70683.1"	121.434539143701	1.66309856265063	0.468893664984857	3.5468565409267	0.000389856819825204	0.00394735317462077
"AEU37165.1"	250.055363744133	-1.66309052291651	0.305662750852335	-5.44093291799216	5.30022711564233e-08	1.84100692716529e-06
"ADV00102.1"	240.18020598034	1.66258188548176	0.434703256226316	3.82463637359134	0.000130965237803096	0.00158795220905339
"ABE35741.1"	288.914200428733	1.66221583107106	0.450008353730485	3.69374438783546	0.000220975934551379	0.00247457690548016
"AEK41616.1"	55.7890400841726	-1.66126752162109	0.562865398475599	-2.9514472307594	0.00316288585335179	0.0214974878248208
"BAF11826.1"	226.073353917675	-1.66073443906943	0.482932288075092	-3.43885567413376	0.000584178586395116	0.0055140471020626
"ADG17356.1"	181.659925154674	1.66002711402329	0.342603539314034	4.8453297281955	1.26401577109272e-06	2.86074256487566e-05
"ABQ27375.1"	64.1206715092461	1.65929784241858	0.428275938753141	3.87436624912754	0.000106902536731054	0.00135044450409078
"AAF16405.1"	293.726973335005	-1.65918657048738	0.392301412761456	-4.22936679939073	2.34349983942964e-05	0.000370042986489973
"ACX52748.1"	23.0876951780814	-1.6588586695954	0.466128414210569	-3.55880186451373	0.000372550439737499	0.00381210603468239
"AEE44547.1"	799.739516406099	1.65861596638535	0.501988883246217	3.30408903810691	0.000952855643276412	0.00829224326675985
"ASI22127.1"	60.2775959623148	-1.65673455075262	0.474156934324816	-3.49406373885844	0.00047572742455908	0.00466496146338214
"AJT42975.1"	1655.58187201389	-1.65649969227927	0.407611867188145	-4.06391429107894	4.82565518562417e-05	0.000691043696044677
"ACZ31697.1"	2032.33484368426	-1.65604215373716	0.417644387611392	-3.96519671486179	7.33354426526944e-05	0.000982814290332614
"APC33297.1"	119.20648957793	1.65585209484043	0.447229257259454	3.70246818150318	0.000213512144967727	0.00240349256554744
"AMW14809.1"	259.508134728557	-1.65560546385369	0.511060641778679	-3.23954796849856	0.00119719327357867	0.0099308512258099
"AJE17843.1"	169.205885289644	-1.65513735474677	0.46541591023435	-3.55625434874661	0.000376179895244127	0.00383802199243972
"SCG44401.1"	144.585132459065	1.65355618609206	0.620907557131296	2.66312781524481	0.00774180014773627	0.0429081821081736
"AGX44364.1"	42.8063603265224	-1.65342168905228	0.618444722143238	-2.67351572396365	0.00750607572652754	0.041885608140296
"SMS10326.1"	48.5663614048361	-1.65300136603416	0.251767090640837	-6.56559744097883	5.18246502707115e-11	3.88976651200761e-09
"AIQ11936.1"	97.6875248725513	1.65200501847275	0.577249330908148	2.86185696547065	0.00421166930425606	0.026877112797345
"AAG13536.1"	261.434588595105	-1.65171257784478	0.536936383546648	-3.07617928018707	0.0020967173378997	0.0155156153005856
"ACD05243.1"	57.2249920287495	-1.65166757720182	0.580969354435625	-2.84295129268275	0.00446979007166195	0.0280826397769856
"AAC53246.1"	44.672518418414	-1.65158286696307	0.358856590073943	-4.60234788114872	4.17754664314372e-06	8.30053909307676e-05
"APO94143.1"	70.4223550244118	-1.65142763844267	0.477147426193047	-3.46104274651274	0.00053808736333859	0.00516785379898016
"AEV98176.1"	68.2072278097872	-1.65076099200928	0.535361028773615	-3.08345378779397	0.00204612886095283	0.0152309023108842
"ABQ07082.1"	25.9876900486082	-1.65067196784403	0.576190593637477	-2.8648020048772	0.00417270052259547	0.026689267496135
"AIQ67798.1"	79.1187564993732	-1.65061097940492	0.43504474238361	-3.7941177506507	0.000148169350684832	0.00175571185460473
"ACF82787.1"	299.587578594391	1.65019934879872	0.361735863878014	4.56189035587361	5.06951200548662e-06	9.84230638735113e-05
"ABF41905.1"	249.343273607837	-1.64971830229428	0.46581238387863	-3.54159391074524	0.000397717255061547	0.00401677210414974
"AAC44386.1"	95.0141667024688	1.64864136142035	0.58152240205434	2.8350435952187	0.00458194326394296	0.0285947578282094
"AOL06217.1"	127.724457034419	1.64798076667755	0.372629098170901	4.42257669829567	9.75307094515309e-06	0.000174917984740875
"ACY47437.1"	832.246758090573	-1.64792102214743	0.561163242848926	-2.93661611509198	0.00331814572966575	0.0222876218444631
"AII76920.1"	69.661122326908	-1.64769730159539	0.565684712433702	-2.91274850703783	0.00358263009203312	0.0237226376671143
"ADY57893.1"	107.315996160925	-1.64638761690609	0.406913768055831	-4.04603566198379	5.20923005976589e-05	0.00073581031661557
"AGL16802.1"	1956.0230805322	-1.64627709034198	0.38909228833224	-4.23107098163881	2.32581256182545e-05	0.000368080545397768
"ADO73399.1"	198.966746102976	1.64605217169265	0.308405139331307	5.33730460932549	9.43384769854027e-08	3.06037080148706e-06
"ABR38701.1"	26.3865706906509	-1.64603305247164	0.615850523277972	-2.6727801475435	0.00752255334954415	0.0419524708314418
"ACI06818.1"	50.9075047029434	-1.64576924468055	0.477995592675615	-3.44306363886796	0.000575163951645142	0.00544916750939336
"AAI25833.1"	59.5873385358626	1.64565009281116	0.632279875319864	2.60272413696331	0.00924863385892613	0.04924396225076
"AAB00965.1"	50.1575603460625	-1.64520060721822	0.504748958937608	-3.25944328975146	0.00111631095474253	0.00940765848554237
"ADV26288.1"	416.61237396265	-1.64459415403485	0.397915140678434	-4.13302733650916	3.58016125590181e-05	0.000534561037441212
"ABF54744.1"	910.84280799361	1.64402441767107	0.452864236208638	3.63028096772396	0.000283112867192307	0.00303365300162879
"AGM08151.1"	326.237537561011	-1.64297751876247	0.268814926127984	-6.11192816718906	9.84344925635905e-10	5.42091037194744e-08
"ADY50881.1"	59.5834600261101	1.6429001746884	0.616918001767803	2.66307705396926	0.00774296813868028	0.0429081821081736
"ADJ22317.1"	392.707033983036	1.6425116107346	0.310048571990923	5.2975945032983	1.17338180686764e-07	3.68686835747097e-06
"ADU37741.1"	975.227606965323	-1.64114609019936	0.311333855312468	-5.27133834690813	1.35432540400738e-07	4.1302498922212e-06
"AJE37728.1"	34.6104542749288	-1.64110214723828	0.373094144300131	-4.39862745719782	1.08937641787698e-05	0.000192417553280026
"ANT60669.1"	280.035351618318	1.64053538571709	0.294139086367053	5.57741375340335	2.44120749839393e-08	9.32388064461617e-07
"ACY53394.1"	30.5997196317558	-1.63972957031072	0.507723829980444	-3.22956984385365	0.001239765951435	0.0102143871619701
"ADC84229.1"	195.36381734377	1.63909491800493	0.611182785222958	2.68184078091629	0.00732182983934785	0.0411197488831259
"AAM42433.1"	89.0896296103054	-1.63895224496385	0.425331926293163	-3.85334874634873	0.000116513250190822	0.00144909149371046
"AFM61610.1"	85.1966157129555	-1.63883955311847	0.497040053141496	-3.29719816896111	0.000976545728752864	0.00844850872131186
"ABR38111.1"	58.2039037246751	-1.63875858641457	0.568745431797002	-2.88135692138532	0.00395966965071477	0.0256099283799505
"AHV95828.1"	727.771214900726	-1.63854385020163	0.473818045224424	-3.45817105683582	0.00054385595708341	0.00520006536014589
"AKD96631.1"	56.7537918089937	1.63797273252496	0.427829124766093	3.82856761661677	0.000128891221512526	0.00157025180046331
"ADO70899.1"	155.162251040774	-1.63786242224365	0.506358504556125	-3.23459052727751	0.00121817296090535	0.0100750281280668
"ALD62807.1"	93.3670630456995	1.63763789356158	0.444228630440553	3.68647534477345	0.000227381459848931	0.00253818634367251
"AHF24951.1"	44.1445943586853	-1.63745523330579	0.441223801137794	-3.71116705192069	0.000206305893893204	0.00233740987674389
"AAK44469.1"	33.8116428249462	-1.6372035334199	0.430090256467306	-3.80665106637763	0.000140861264432072	0.00168096843948861
"SDT72854.1"	527.932348375964	1.63707877478341	0.406465353391486	4.02759733670746	5.63497415147649e-05	0.00078760227830622
"AAX70245.1"	49.2229518335893	-1.63699066226029	0.626932087573517	-2.61111322056605	0.00902480097646028	0.0483094317661533
"ABF40678.1"	55.5435476525328	-1.63591162625052	0.594209673389208	-2.75308817663593	0.00590359932107343	0.0347512965922565
"ABM40799.1"	124.00425550237	1.63439802545019	0.424263785718449	3.85231565942519	0.000117006054995766	0.00145415854423234
"SDS85544.1"	324.785567197495	1.63437727557738	0.303577281329569	5.38372722892617	7.2959041144772e-08	2.42872926978482e-06
"AEK40045.1"	250.603696830454	-1.63265566223991	0.492922713101658	-3.31219401915285	0.000925673241421043	0.00809342538001983
"ACK46663.1"	59.2857322524873	-1.63226364534629	0.541091559760387	-3.01661265252244	0.00255616217500109	0.0181831508172903
"AEB56610.1"	327.81984760748	1.63114336174416	0.566067575802555	2.8815346991595	0.00395743657922196	0.0256071667257246
"ADU14953.1"	348.633770240479	-1.6308128633193	0.50843558600077	-3.20751125259912	0.00133888822579785	0.0108837150898481
"CTQ92707.1"	195.313607362714	1.63032294079006	0.425791314570788	3.82892483946856	0.000128704302584791	0.00156865722906566
"ADR30609.1"	39.4390907124568	-1.630306649814	0.435236790638589	-3.74579237068168	0.000179825278029595	0.00207347136891126
"ADB73474.1"	546.293373285441	-1.6288936870136	0.409037967426343	-3.98225547927142	6.8264342336632e-05	0.000925485970003074
"ADU74104.1"	45.9020786485724	-1.62805336925153	0.568857657684349	-2.86196968127115	0.00421017179336051	0.0268756854363211
"AEA71005.1"	250.220955290179	-1.6279186751081	0.552947118039402	-2.94407660696425	0.00323919810587138	0.0219150773736045
"ACB74631.1"	941.018433518249	-1.6264643751689	0.481167451496304	-3.38024604555239	0.00072420966652693	0.00663448096337955
"CDP29676.1"	417.71214986839	-1.62629839102875	0.513012187909497	-3.17009698669314	0.00152388063770687	0.011987233024232
"ALO98205.1"	88.3997782069188	-1.62526614696223	0.500788979968566	-3.24541116512636	0.00117281150564068	0.00977220814410668
"ABG04203.1"	394.093846572214	1.62481532854553	0.39247288510574	4.13994288575573	3.47392302131208e-05	0.000520642124757243
"AAS54808.1"	23.6430251113383	-1.62475412863034	0.58647154264668	-2.77038868978707	0.00559894335839761	0.0333301994808487
"ADV23625.1"	94.8751134103183	1.62439353573613	0.509083097548591	3.19082197691917	0.00141868666290635	0.0113478719470646
"ADG16281.1"	251.394862049378	-1.62432638596157	0.253463863077967	-6.40851270171765	1.46946039512805e-10	9.9610201506065e-09
"BAH40183.1"	631.059974969709	-1.62422366288958	0.50506186880301	-3.21589049424573	0.00130040442702388	0.0106089074063035
"BAI98324.1"	134.774732252249	-1.62421635081703	0.374174549432248	-4.3407985745731	1.41965818392455e-05	0.000241169602652619
"AGL02936.1"	67.3595467669181	-1.62400004812268	0.526110693941292	-3.08680296147696	0.00202321658082272	0.0151150279358482
"ADU21435.1"	27.1670327598048	-1.62373633808901	0.559435750306967	-2.90245365477278	0.0037025193912878	0.0243359173412294
"ABG83307.1"	61.0424865495615	-1.62267027701952	0.559992260002651	-2.89766554454134	0.00375951270593927	0.0246144335162478
"ACY16636.1"	864.03262958669	-1.62255614774011	0.363153216859529	-4.46796578527274	7.89669320845093e-06	0.000145444620436705
"AIQ16995.1"	166.76439908848	-1.62253073145156	0.338804644158867	-4.78898609987988	1.67626090358244e-06	3.64635588630101e-05
"ADQ45027.1"	61.6250051934596	-1.62206936715328	0.56188729446045	-2.88682335967547	0.0038915263850071	0.0252953732701785
"ACD16420.1"	562.172138786259	-1.62180372792844	0.306341292912702	-5.29410747244773	1.19599084566226e-07	3.74111281733638e-06
"CBL17515.1"	129.825967728634	1.62162863794949	0.456649623333449	3.55114414879383	0.000383560281218049	0.00389486892745031
"AKL67969.1"	427.013125327433	1.62156780681337	0.329755140985712	4.91749060216662	8.76606638665059e-07	2.07978639458195e-05
"ADU23081.1"	50.3558779056524	-1.6210263091569	0.510680421999816	-3.17424800192846	0.00150225273646202	0.01185708136735
"ACT02248.1"	189.103306708989	1.62062820014823	0.509153460815524	3.18298572998488	0.00145764797984602	0.0115702616511962
"ABE63096.1"	218.741491484564	-1.6203264872351	0.269911714303465	-6.00317215359294	1.93499260386585e-09	9.93982622712444e-08
"ADY44330.1"	99.4268251735595	-1.61996343150919	0.514413751063129	-3.14914488223001	0.00163748990709725	0.0127000103425012
"AQT81431.1"	292.230398832892	-1.61942833458526	0.497985412245672	-3.2519593842768	0.00114612398362678	0.00960685240886689
"ADU10146.1"	225.132097936598	1.61918943182199	0.202691250505652	7.98845252462854	1.3664306809221e-15	2.5674223720198e-13
"ACU73431.1"	1714.08184360622	-1.61893977292966	0.419253144012836	-3.86148511000812	0.000112699881812695	0.00140854727286973
"AKL65907.1"	270.363648768828	1.61797061309678	0.350148808295351	4.62080856700224	3.8224736115513e-06	7.64385508778501e-05
"CEF86032.1"	141.096647188095	-1.61679516710536	0.41885535002359	-3.8600322689308	0.000113372052698245	0.00141505304830141
"ABA73348.1"	212.276841597751	-1.61581028376984	0.372361713594381	-4.3393566652504	1.42900435676764e-05	0.000242610102923388
"ALC24884.1"	2027.23161917496	1.61550178523159	0.486130448553409	3.32318576225555	0.000889956284472907	0.00782758911093418
"AGL12187.1"	461.915310229925	-1.615107748842	0.299105724906639	-5.39978881830541	6.67193898820465e-08	2.25316771910467e-06
"APL95873.1"	146.352090826612	-1.61503906735083	0.346488435894132	-4.66116297123491	3.14427620430375e-06	6.44415494990394e-05
"ACG38167.1"	159.063790192002	-1.61481858980784	0.431757794749458	-3.74010292216007	0.000183944919977814	0.00211400738082877
"ACM23866.1"	29.6716309960784	-1.61379316550628	0.587988151375382	-2.74460150554294	0.00605844150761425	0.0354553084533616
"ADJ41444.1"	34.6272388800272	-1.61332565105948	0.593760694156754	-2.71713110506699	0.00658505172246612	0.0379019547742931
"AAQ22499.1"	630.342901739721	-1.61285814810388	0.552675745745685	-2.91827198953297	0.0035197718537578	0.0234005064872485
"CQR60821.1"	286.72287624867	-1.6118976119409	0.466001209785532	-3.45899877101767	0.000542187378592923	0.00518942832515811
"ACS62711.1"	342.219899634364	1.61179105363756	0.384815791876217	4.18847429773884	2.8083610911275e-05	0.000433661760105933
"ANG85144.1"	978.779433743705	1.6117449324971	0.32975325569604	4.88773015779644	1.02005211239386e-06	2.37582187508973e-05
"ADB36671.1"	48.2104458885727	-1.61155125664594	0.479051877608969	-3.36404329462076	0.000768094929658532	0.00695458785598974
"ABD26051.1"	498.622991283448	1.61129275118243	0.458861359454236	3.5115023699073	0.00044558148998699	0.00441732395490839
"AEB48885.1"	168.682857861974	-1.61032023687949	0.551655644905694	-2.91906781295562	0.00351079841306835	0.0233630407350277
"ACY23691.1"	502.587721755903	-1.60982517481065	0.491508037086807	-3.27527741835549	0.0010555825945372	0.00897663621429503
"AAO76734.1"	80.8080023202896	1.60982194227001	0.592018955061428	2.7192067559779	0.00654386900447097	0.0376854572899619
"AIO34806.1"	476.831736543343	-1.60974954814652	0.515996263544656	-3.11969225724288	0.00181040073259648	0.0137990685842012
"ACB25689.1"	394.647605630755	1.60906225005382	0.302044743805296	5.32723142201427	9.97210755518799e-08	3.20895543810394e-06
"ADL47477.1"	115.270027510341	1.60897677625251	0.420419790337262	3.82707192485345	0.000129676632551299	0.00157707515417297
"AHL74776.1"	27.0985826844589	1.60835984528475	0.464671233741789	3.46128558967026	0.000537602168253817	0.00516673886111702
"AEB25287.1"	74.1701213882785	-1.60826761541827	0.571316509783045	-2.81502037465888	0.00487741415019324	0.0299776260260834
"AEO64596.1"	455.398874166747	1.60817631441796	0.439014521899775	3.66315061164446	0.000249131953356277	0.00272639255257572
"AAQ56280.1"	29.275773871849	-1.60801208819389	0.523276748735814	-3.07296682315562	0.00211942049310732	0.0156433683430088
"SCE68159.1"	1078.61623392834	-1.60773393572237	0.257037489609187	-6.25486164748513	3.97868463574817e-10	2.43203613673375e-08
"ADQ45037.1"	58.2698795316625	-1.60773353991189	0.427402976059755	-3.76163393791416	0.000168806984932724	0.00196503964664305
"SEH66333.1"	201.930183890536	-1.60757037536793	0.406385803663892	-3.95577394897755	7.62872713810757e-05	0.00101522494526797
"ACR14279.1"	65.3411806468693	-1.60728557935004	0.57107354131703	-2.81449841931612	0.00488534179131203	0.0300065881504106
"AEG70580.1"	395.226110074323	1.60725477496739	0.311086539414906	5.16658412154487	2.38410926841198e-07	6.70809277170471e-06
"ACU77333.1"	395.998493755354	1.60658583565622	0.471408832740102	3.40805204331411	0.000654284146101285	0.00607540263822607
"ABG82927.1"	29.8291079879949	-1.60532285301076	0.466283250118112	-3.44280617543976	0.000575711768624826	0.00545066847291871
"ABJ85019.1"	286.981016570621	-1.60489269203758	0.467203096588991	-3.43510713810496	0.000592319602781923	0.00558148084802515
"ACB36631.1"	320.882119004067	1.60444141533192	0.407742925416244	3.93493379117253	8.32196341537506e-05	0.00109124912307653
"ABE35904.1"	246.129301437936	-1.60433935050089	0.370609046522932	-4.32892657519524	1.49837875072473e-05	0.000251339793321087
"AGE85050.1"	23.7358410794244	-1.60424770505644	0.572601123073188	-2.80168452420479	0.0050836559260567	0.0308456938244221
"AEJ41120.1"	184.383060915256	1.60390483416424	0.482611713438446	3.32338563176794	0.000889318809673029	0.0078259851364171
"SDS76534.1"	169.848829444314	-1.60383469328077	0.553370504750974	-2.89830173366851	0.00375189443011164	0.0245760497111384
"AEJ45412.1"	33.9598662722346	-1.60361262697748	0.437521126119491	-3.66522330293034	0.000247122865085334	0.00270674950349335
"ADH69945.1"	888.936438361023	1.60308008550593	0.343430558283716	4.66784346016637	3.04377659318359e-06	6.26109988999028e-05
"ADU69676.1"	212.214802765416	-1.60303756500886	0.562285194840455	-2.85093326254786	0.00435911176526507	0.0275729084908181
"ADR37300.1"	599.056454569151	1.60207926575487	0.310179966870508	5.16499915168181	2.40440013298465e-07	6.75839218102792e-06
"ADX05710.1"	69.8225493660486	-1.60177928975938	0.565476335049391	-2.83261949347442	0.00461683067599351	0.02875479234819
"ABF42886.1"	159.196933843228	1.60168272233759	0.536666306592825	2.98450396952683	0.00284038515944069	0.0197269717002484
"ALR12880.1"	116.989368183208	-1.60139884958111	0.414546887056065	-3.86301019156979	0.000111998333345671	0.00140165638817407
"AKQ63746.1"	370.242731845894	1.60118864361694	0.381060264957481	4.20193022170811	2.64648716583769e-05	0.000411328699110256
"AOX61292.1"	416.82061461978	1.60080512392433	0.346610952691453	4.61844933489261	3.86618349704991e-06	7.7202334652931e-05
"ACB65064.1"	902.157126167745	-1.60070107273775	0.386586230012421	-4.14060550652909	3.4639023833781e-05	0.000519418377745331
"APG61542.1"	32.3172565802528	-1.59881241545499	0.562101650685858	-2.84434748324289	0.00445024855854526	0.0279787016943708
"ABK48599.1"	30.2353319794886	-1.59828439578462	0.59494804977587	-2.6864268172435	0.00722207671833986	0.040706514960065
"ACU74082.1"	653.053561444468	-1.59790951125021	0.515777859134826	-3.098057590007	0.00194793570844391	0.0146745169346537
"ABR04583.1"	38.5135610205555	-1.59785200049564	0.420221987881753	-3.8023997948086	0.000143301233417078	0.00170790180108323
"ADE12794.1"	232.288996719791	-1.59759334756631	0.504019702434962	-3.16970416007191	0.00152594215493485	0.0119967078263286
"ADV81258.1"	139.437488263973	-1.59748507867613	0.434632659632247	-3.67548329209268	0.000237399577926875	0.00262779931511469
"AIS01080.1"	885.613416366916	-1.59722691495632	0.316076815914612	-5.05328715848559	4.34270214237229e-07	1.11744751082587e-05
"AEV85795.1"	275.953464029315	-1.5957502499351	0.355133348608015	-4.49338327754862	7.010045146784e-06	0.000130487515910482
"AFV76928.1"	32.2797218781409	1.59563634638527	0.544579600982531	2.93003326512125	0.00338925719395894	0.0226673780224736
"ACS15389.1"	385.009902008525	-1.59544408090317	0.442424899631439	-3.60613537400868	0.000310791046462814	0.00328336080632941
"AIL06115.1"	285.680088624913	-1.59520213715339	0.363085115835563	-4.39346607057238	1.1155760703757e-05	0.000196289245657673
"AIK78704.1"	39.1827798460529	-1.59503670547312	0.605020511915959	-2.63633492428548	0.00838069662361318	0.0455672912555204
"ACU70252.1"	642.056379872121	-1.59440179503973	0.373050790053429	-4.27395367481027	1.92036951382365e-05	0.000311667622660909
"AEF43770.1"	40.7740531962855	-1.59316742344278	0.441298178976307	-3.6101835433323	0.000305980409243012	0.00323864935242623
"ADV61569.1"	71.2407210038966	-1.59275605833407	0.527065434496961	-3.02193229547337	0.00251166718732	0.0179333421515457
"ACZ00554.1"	86.3411005474686	-1.59158325425585	0.605783656795724	-2.62731296297178	0.00860621398388924	0.0465493753270794
"ALN60014.1"	603.644088993448	-1.59096337863206	0.293781448672991	-5.41546576823836	6.11293668890632e-08	2.08959432896974e-06
"AJD45107.1"	36.0361139929385	-1.59091667040945	0.567314417114537	-2.80429444839625	0.00504268297913413	0.030696880340039
"BAD98308.1"	73.6737490970007	-1.59074563314175	0.531191439376216	-2.99467482949232	0.00274737557782435	0.0192336900917156
"AEI44103.1"	678.724852181616	-1.59042717471868	0.519048143115961	-3.06412265569624	0.00218309384539073	0.0160162199411842
"ABA73759.1"	159.514898200632	-1.58911658103875	0.515615953736306	-3.08197713729285	0.00205630630328717	0.0152903755873119
"ANQ72568.1"	50.7671821801572	1.5888940937643	0.396828948366779	4.0039772811527	6.22863489574693e-05	0.000858041905427524
"AGP35992.1"	358.807066790156	-1.58826694722214	0.474439165431629	-3.34767250038724	0.00081493253002369	0.00731479676516294
"APZ45418.1"	28.4727667300074	-1.58756456248364	0.575381211746824	-2.75915259322404	0.00579514678837288	0.0342352668257622
"AMQ22747.1"	95.7438928714806	-1.5872243176376	0.545330675388319	-2.91057222575527	0.00360767573662713	0.0238602622070903
"AMN42854.1"	273.369656004925	-1.5872174157016	0.373241532836054	-4.25252089080554	2.11377490666006e-05	0.00033842911736694
"AEB51612.1"	182.559606290655	-1.58599075532484	0.562549916643373	-2.8192889349058	0.00481301724283633	0.0296861050298405
"AIR96696.1"	364.889367403644	-1.58594084488287	0.384375966807212	-4.1260145842529	3.69103870927553e-05	0.00054790201328143
"AGZ43959.1"	715.965258724783	1.58590203878656	0.352793777294347	4.49526647252451	6.94828774774792e-06	0.000129423994534897
"ACU05015.1"	40.6008252675162	-1.58575880244491	0.418058327482472	-3.7931520512802	0.00014874700992267	0.0017600681698204
"AEB64748.1"	74.3640278673808	-1.58537069788553	0.550416700621574	-2.88030994716405	0.00397284395031536	0.0256701946611828
"ADB42043.1"	31.6503407069154	1.58509693679429	0.580894772333182	2.72871613291974	0.00635814095607152	0.0368687891893493
"BAC19517.1"	155.798378962497	-1.58495386173334	0.588627713498617	-2.69262527975939	0.00708918960411067	0.0401433964718209
"SMY19315.1"	22.8848651361138	-1.58467301323413	0.564324490815528	-2.80808832334044	0.00498365562819466	0.0304634111281523
"AHL27899.1"	547.237700341188	-1.58459710571118	0.433169444777357	-3.65814607843737	0.000254046246154509	0.00277065785248992
"AKJ09136.1"	1067.94369601317	-1.58412830346867	0.360586313011245	-4.39320142309246	1.1169355294174e-05	0.000196289245657673
"ACU38496.1"	235.134413665113	-1.58395113753349	0.446864215587878	-3.54459158348515	0.000393221869773303	0.00397854697006628
"ADJ43344.1"	244.587586007337	-1.58375661561988	0.506987908369453	-3.12385480891147	0.0017849851236096	0.0136350459810571
"AAF52672.2"	30.0151220941578	-1.5831981008304	0.528123277933434	-2.99778132678703	0.00271952728667029	0.0190864592423217
"ACE83962.1"	72.9628139573565	-1.58313876208369	0.543186499717356	-2.91453996538476	0.0035621319639834	0.0236148345876579
"ABN90274.1"	69.8626802414689	1.58285267141241	0.311985496900308	5.07348157891518	3.90602303155139e-07	1.01629201478915e-05
"SDN65010.1"	107.568437997477	1.58247397457152	0.496173921483561	3.18935338205587	0.00142591450927834	0.0113959185274783
"AOE87584.1"	255.189891255676	1.58153087396096	0.371557939812786	4.2564852059354	2.07665771210755e-05	0.000333973816520727
"ADQ45448.1"	33.574397099061	-1.58145071165233	0.557634382886437	-2.83599928588764	0.00456825481563436	0.0285411430079223
"ABN52453.1"	49.0123967144388	-1.58073485743696	0.551943663138758	-2.86394239667095	0.00418404092210966	0.0267373681021187
"ANY73736.1"	381.138095306249	-1.58069722448899	0.374726557603157	-4.21826847448315	2.46185583714502e-05	0.000385934682140038
"AFU01490.1"	58.7204996115219	-1.58037122111418	0.448705750556331	-3.52206589542198	0.000428197693426635	0.004269167601557
"ACU37207.1"	381.440317768157	-1.57986850294885	0.278950432509395	-5.66361732705197	1.48214745507071e-08	5.93622319773386e-07
"APG11294.1"	107.358704479462	-1.57980436107178	0.330262769372603	-4.78347699945992	1.722886143934e-06	3.74196435109204e-05
"ACT93814.1"	56.5183614336654	-1.5795363498461	0.505608502866724	-3.12403043242027	0.00178392005154915	0.0136306293021752
"AFR06815.1"	434.064317299182	1.57891779321487	0.411146607920895	3.84027926485691	0.000122894429876933	0.00151472868594555
"ADW07592.1"	115.275459851266	-1.57886811598811	0.48929835074062	-3.22680040428968	0.0012518274967145	0.0102955824318505
"AQS74898.1"	43.827007930292	-1.57859009104512	0.50127971727637	-3.14912021500124	0.00163762813746354	0.0127000103425012
"AAY48076.1"	87.2833143047535	-1.57812740041401	0.41063934989024	-3.84309833150628	0.000121490763118419	0.00150029373049163
"AAZ96255.1"	693.01085753769	1.57779332193185	0.4445004632868	3.54958757582629	0.000385835105495747	0.00391654808319758
"APW40088.1"	476.829169924297	-1.57764569938955	0.536805336038587	-2.9389530868526	0.00329322917437196	0.0221857105595457
"AIG75894.1"	1228.52644916857	1.57719144837057	0.606852877463635	2.59896839405705	0.00935043820302112	0.0497009432184886
"ADU14240.1"	100.464942460185	-1.57709963354323	0.458783338246284	-3.43756954987021	0.000586959960084686	0.00553656706284733
"CCA69124.1"	79.3108291468332	-1.57709518192162	0.389509562709914	-4.0489254511478	5.14533298496872e-05	0.000728622874290259
"ACC79430.1"	62.1531399960597	-1.57706935275148	0.405818786495101	-3.88614180819969	0.000101850024494244	0.00129785766305911
"ADB29673.1"	373.98969241081	-1.57704587945366	0.448244917163889	-3.51826829277141	0.000434372963219069	0.00431843234313957
"ACI93557.1"	58.9296613301549	1.57671167407437	0.484423309699565	3.25482205852611	0.00113463431965545	0.00952665152462376
"AFQ48552.1"	142.126936355819	1.57619645443859	0.406122267287597	3.88108848344039	0.000103989994909917	0.00132211802792827
"ACD20174.1"	264.948645052154	-1.5760088954153	0.371580270712071	-4.24136860763663	2.22160931467785e-05	0.000352986233676056
"AER04697.1"	107.698324691252	1.5756706267327	0.436686058925474	3.60824577411484	0.000308274388565927	0.00326046459474563
"ADP69457.1"	220.461013643775	-1.57488095684065	0.551687456225612	-2.8546615281327	0.00430827170121803	0.0273313874420471
"ABS01506.1"	805.988991793106	-1.57484636881884	0.255881647368407	-6.15458898680391	7.52724502835353e-10	4.31829409454478e-08
"AHG42456.1"	33.9875096238597	-1.57329917743335	0.587765979351434	-2.67674420212174	0.00743413681498183	0.0416002586992267
"AEN08269.1"	303.574474063744	1.57121747734558	0.326409806581662	4.81363441190757	1.48209835226918e-06	3.2774743657289e-05
"ADG09479.1"	509.975925010595	-1.57114882034553	0.396791285857662	-3.95963539609874	7.50642774259818e-05	0.00100214568946962
"AAW77212.1"	222.025851845058	-1.57104561214261	0.382003517159364	-4.11264698248107	3.91148276674008e-05	0.000574833971326275
"AFC31669.1"	447.254958789171	-1.5708782427514	0.534456960301371	-2.93920438769402	0.00329056000441023	0.0221821617826797
"ABM51236.1"	140.737496691287	-1.57065318647003	0.496614788351579	-3.16271932151583	0.00156302949814527	0.0122060178047629
"CBH50342.1"	583.18276174206	-1.57040748844279	0.487296306823344	-3.22269523994588	0.00126990588206502	0.0104075775978608
"ABO54290.1"	71.709541194533	-1.57035669245833	0.44479062713494	-3.53055257160786	0.000414692595170402	0.00415672534707861
"CAK42001.1"	56.1905025309744	-1.57011072995532	0.520918500226376	-3.01411973134568	0.00257726073037211	0.0182943690181282
"AEE95353.1"	31.9913150433452	-1.5699256909761	0.520584183197544	-3.01569994181012	0.00256386840043686	0.0182224066358544
"AGP31694.1"	317.417558969885	-1.56980105011749	0.524232736055428	-2.99447352702429	0.00274918911648775	0.019234162465362
"AEI51716.1"	42.5883204179508	-1.56912752582284	0.59425469018711	-2.64049666200998	0.00827846081554479	0.0451045002609565
"SHM61746.1"	81.1093947451027	-1.56910228165575	0.4552999635576	-3.4463044305894	0.000568309746935125	0.00539550503271169
"ABV91817.1"	38.1554747020155	-1.56881249729145	0.543618812557501	-2.88586866578594	0.0039033500499614	0.0253545679811414
"ADG80706.1"	701.735212867776	-1.56839549180425	0.398110858098312	-3.93959486384302	8.16193239782534e-05	0.00107530098545656
"ADF54995.1"	34.2859103377053	-1.5683936899791	0.535881669818907	-2.92675375612142	0.00342519956173868	0.0228858918688392
"ABE45326.1"	264.044001701367	-1.5683099975642	0.368696006147318	-4.25366690014417	2.10298062009108e-05	0.000337586269725171
"AKR78793.1"	115.768631953934	-1.56796433987114	0.444570404455939	-3.52692020016492	0.000420423455742836	0.00420513578670112
"ADL05173.1"	91.0853535666462	-1.56762947489971	0.457368980081861	-3.42749408720095	0.000609179569791052	0.00570960536855383
"ADQ78735.1"	52.5325286268561	-1.56752842979856	0.53739817552055	-2.91688453962497	0.00353546619987482	0.0234802996381776
"ABE39645.1"	1043.46694209324	-1.56702303591419	0.46825711672444	-3.34650127023344	0.000818383046111643	0.0073410611210963
"SHI14302.1"	373.494536325989	-1.56626510483861	0.420699321808127	-3.72300363620018	0.000196866685544892	0.00224683233938639
"CAK16207.1"	199.227707830341	-1.56601351475107	0.317247307666015	-4.93625470385302	7.96370894141812e-07	1.91869187197884e-05
"ABM43768.1"	103.566357263321	-1.56596848934064	0.487635102451743	-3.21135308239137	0.00132111503852592	0.0107517257612127
"ABC28014.1"	276.133545049613	-1.56581319430725	0.364025518378667	-4.30138304941154	1.69735351438529e-05	0.000279143750147864
"AEE23247.1"	93.7537656922541	-1.56534652110784	0.492614215968081	-3.17763164433174	0.00148483264634981	0.011736130651386
"AAZ32298.1"	130.21026802134	1.56524871000824	0.399489770227347	3.91811962823847	8.92424163850807e-05	0.00116044156484752
"AGL19174.1"	2204.68716164105	-1.56519877973864	0.406790774075982	-3.84767521656302	0.000119243990292257	0.00147649480416719
"AAR34935.1"	85.401476298511	-1.56511441232198	0.541168633427315	-2.89210112273107	0.00382674755981478	0.0249738709310903
"ADY37835.1"	50.3354129807674	-1.56472164802777	0.529036201861533	-2.95768350544243	0.00309960193815349	0.0211908317119769
"AGZ41147.1"	1235.53746626993	-1.56354615064923	0.442462811833898	-3.53373460736446	0.000409732272631749	0.00411961260360918
"AIQ23384.1"	61.2174990316762	-1.56241862173058	0.581379101483554	-2.68743513095607	0.00720030864209584	0.0406165304743331
"AEV84670.1"	545.917207104595	-1.56086494328107	0.372202309322895	-4.19359285040594	2.74570614025471e-05	0.000424924207311061
"ABH10634.1"	57.7900868530691	1.56062421302115	0.543116694918792	2.8734602114459	0.00406002215399681	0.0261003002211915
"AKJ10596.1"	1206.42886530894	-1.56048478201283	0.369433386995815	-4.22399500679266	2.40009368994413e-05	0.000377276939605142
"ABW81206.1"	47.0440477595544	-1.5587037233796	0.524594993574314	-2.97125161786127	0.00296588675132304	0.0204363685675707
"ABQ39466.1"	165.978141357937	-1.5576199526927	0.408980368248786	-3.80854455034669	0.000139787163564189	0.00167171355452501
"ABI66681.1"	575.815312154667	-1.55735434516634	0.400292603426187	-3.89053989965495	0.000100021428064303	0.00127746345806945
"ARQ46010.1"	82.9178612075458	-1.55622705054976	0.559303786856338	-2.78243610560335	0.00539524876599253	0.0323506927506376
"ACD03242.1"	640.885713162148	1.55562786727623	0.280149041527706	5.55285807437746	2.81036246837708e-08	1.0546770464435e-06
"AFP43760.1"	99.1728740649443	1.55519822395658	0.507235327067798	3.06602900264616	0.00216922272377656	0.0159353343938202
"AHH96905.1"	924.068789362454	-1.55504990968313	0.380603936459447	-4.08574310646631	4.39359697144413e-05	0.000637652362947382
"ANA99330.1"	40.3361932936883	-1.55412340896649	0.524193018291493	-2.96479227066369	0.00302887376865663	0.0208191382340562
"AEE46296.1"	744.270852781541	1.55402282204131	0.242006699252359	6.42140414642326	1.3502302412876e-10	9.28019516370146e-09
"ADY62275.1"	64.3701799287866	-1.55400328699364	0.552356428568492	-2.81340671823275	0.00490196062890801	0.0300888598480396
"ALC25167.1"	356.821088752341	1.55394391506323	0.467856612791261	3.32141060439929	0.000895636686370676	0.00787260429250658
"ALC10404.1"	418.917466279965	1.55371367509075	0.334359682996894	4.64683319820345	3.37069498057274e-06	6.85236847736809e-05
"ADX05705.1"	60.9595548894274	-1.55295357957975	0.472175441453395	-3.28893339899177	0.00100567817994499	0.00864179445234497
"AJG20133.1"	412.307438302684	-1.5529314708607	0.435501832206227	-3.56584371412087	0.000362687471948978	0.00373301414142779
"ABY34307.1"	43.908024795593	-1.55242103539478	0.501104424000008	-3.09799906175796	0.00194832045456879	0.0146745169346537
"BAQ81745.1"	139.346222904797	-1.55192251758702	0.376863920080691	-4.11799176014181	3.82188357829972e-05	0.000563144487674099
"AHH96052.1"	408.822194645101	1.55080001627829	0.330097590354805	4.69800465556691	2.62715445060004e-06	5.48061222049172e-05
"AJY24876.1"	217.299939599285	-1.55021830292148	0.46909056788725	-3.30473134410601	0.000950674802921192	0.00827583699707142
"ACE83242.1"	56.2812794495606	-1.54954086803297	0.51897176200668	-2.985790329018	0.00282846502608364	0.0196734675454006
"ABO05906.1"	143.571420613952	-1.54946276644674	0.496234931718672	-3.12243791681553	0.00179359929656493	0.0136859105768961
"ACU95603.1"	282.141364395794	1.54881685368712	0.336852820784954	4.59790376722384	4.26763018694919e-06	8.46151378993127e-05
"ACT93371.1"	29.1609369177502	-1.54844555537932	0.564238434462332	-2.74431066868893	0.00606381217152482	0.0354706405252839
"AHD24914.1"	41.5586536372448	1.5482641583906	0.513347973015331	3.01601299659629	0.00256122281660879	0.018208225996389
"AAF48125.2"	236.008945873971	-1.54820193818973	0.551424204592823	-2.80764232925345	0.00499056211131522	0.0304674990347926
"ABM35351.1"	418.615381061531	-1.54659958726047	0.394423379802289	-3.92116610337786	8.81214909634954e-05	0.00114799872546022
"AEI43152.1"	84.395918359765	-1.5463398814544	0.529404796722979	-2.92090266470243	0.00349018850836802	0.0232535262923063
"AKM46908.1"	117.511447435435	-1.54619543364529	0.426702185691022	-3.62359389170063	0.000290537667020617	0.00310098838197072
"ABG39332.1"	52.884505216084	-1.54594482509004	0.578004605356092	-2.67462371539	0.00748131673645171	0.0417890948431169
"ADV82366.1"	62.5474714723529	-1.54591157387982	0.484667523737151	-3.1896330951983	0.00142453525951124	0.0113881465234942
"ALV47837.1"	352.951756111318	1.54589582497499	0.352553334036384	4.38485663226051	1.16062192290665e-05	0.000203079820960591
"AAO14609.1"	27.2200710178187	-1.54492154608466	0.505074821838792	-3.05879738859318	0.00222227390587465	0.0162355898405184
"CDS06551.1"	41.265404253196	-1.54483409270691	0.543029717919891	-2.84484263333598	0.00444333690344236	0.0279415228995445
"AMB44279.1"	206.736744706085	-1.54359845036398	0.389651803267465	-3.96148160336993	7.44861219123873e-05	0.000995376357546155
"AHE72721.1"	52.3977130489641	-1.54316356399905	0.571586675737992	-2.69978925244649	0.00693834122899123	0.0394808538713086
"AAO78220.1"	48.5497706124303	-1.54301518229895	0.522314107468798	-2.95419013240252	0.00313490798960918	0.0213643826867328
"ADU09944.1"	125.697398228715	1.54272749768266	0.398276159027277	3.87351204111869	0.000107278103713144	0.00135347354283604
"AAT77161.1"	337.780568068405	-1.54264317511968	0.514122741586932	-3.00053479516981	0.00269505960180908	0.01894706418088
"AGZ42188.1"	520.04361540677	1.54254439333047	0.285704354948151	5.39909303661265	6.6978635141147e-08	2.257079124805e-06
"ABA99884.1"	225.00319788865	1.54240826865766	0.40473409525257	3.81091755488289	0.000138451940136299	0.00165928960447596
"ASF12024.1"	194.115588002299	-1.54225837404989	0.54413838853308	-2.83431275306195	0.00459243624053181	0.0286347093518772
"ACS17846.1"	220.855206844771	1.54214841307397	0.373369671529341	4.13035265225814	3.62207187082356e-05	0.000539380447316896
"AKK07133.1"	32.1663952901198	-1.54154180688097	0.487834924897147	-3.15996606271267	0.00157787516737071	0.0123082176611062
"DAA04511.1"	34.3330864906928	-1.54129130289521	0.533808745018804	-2.88734742035918	0.00388504985293607	0.0252591397312583
"AGZ62514.1"	143.815785234649	1.54125845359744	0.544036799596862	2.8330040444682	0.00461128025469125	0.0287266137094651
"ADO69829.1"	166.101279594813	1.53900198985699	0.411564892199576	3.73939084461727	0.00018446672690005	0.00211913438091662
"ADV83203.1"	144.267324094072	-1.53867875014196	0.42439449364842	-3.62558603650651	0.000288306886396858	0.00308305561175189
"ACV74784.1"	59.4725156122363	-1.53858707214141	0.571844217708928	-2.69057030655254	0.00713300032229702	0.0403041011101622
"ADH61505.1"	42.3079195135749	-1.53848903601906	0.5011238899557	-3.0700772141497	0.00214003436632017	0.0157747240967613
"ADH90167.1"	110.950205685184	-1.53819755960712	0.481299467377645	-3.195926162121	0.00139382776463751	0.0112324703796176
"AAU48598.1"	143.926409968792	-1.53818410648567	0.502422944690178	-3.06153236579233	0.00220207183546488	0.0161216535318187
"ANI17130.1"	117.847083189237	-1.53787232995872	0.466768808229539	-3.29471957604	0.000985199411964673	0.00849711729432008
"ADY64245.1"	540.353398881475	-1.53709793875581	0.514317537830844	-2.98861661462797	0.00280243534110515	0.0195312371943191
"ABP51332.1"	110.392142584713	1.5370265505904	0.530263706393656	2.89860786634593	0.00374823353692854	0.0245693154061933
"ADG11196.1"	1478.60482174126	1.53673498285383	0.335829837894766	4.57593343250034	4.74101291475643e-06	9.30128924747869e-05
"AEI95396.1"	158.602657237974	1.53663565930974	0.527342995304909	2.91392067969209	0.00356920582388542	0.0236561283725133
"ABP45811.1"	47.4791654934991	-1.53640688457038	0.443589706368424	-3.46357650439777	0.000533044992252711	0.00513214869482175
"AKQ54629.1"	63.9223996526348	-1.53606063455328	0.369504629706086	-4.15708088901377	3.22339883921699e-05	0.000488323992980081
"ADV83489.1"	397.739838928453	-1.53519388345091	0.545565331546647	-2.81395058424758	0.00489367503878171	0.0300445891196783
"ADY37542.1"	50.3251725556069	-1.53480670333383	0.467726045592545	-3.28142235780228	0.00103284955944151	0.00881306195249149
"AEY93653.1"	97.5088551883926	-1.53433846123758	0.432532947054926	-3.54733314926582	0.000389152157879961	0.00394168854722767
"ADE82139.1"	58.7355648521621	-1.53416910219054	0.539945748320687	-2.84133935115156	0.00449244798237076	0.0281996802050341
"ABN99209.1"	189.367545786312	-1.53338599754972	0.385416024733924	-3.97852164711705	6.9345098649047e-05	0.0009388288928202
"ACQ96008.1"	72.7196424521237	1.53308904316614	0.267464019622519	5.73194497461693	9.92854847432597e-09	4.19245313857059e-07
"ADI12260.1"	432.361636179784	1.53246985475428	0.237838848424204	6.44331178404046	1.16894210695363e-10	8.14072219559048e-09
"AAM22973.1"	92.5941807870842	-1.53209665559748	0.464239815215397	-3.3002267478644	0.000966067399310041	0.00837856967505697
"AAN67925.1"	50.7656448709706	-1.53170490131706	0.533922343031173	-2.86877843062587	0.00412060343908508	0.0264043062212465
"AJP01442.1"	340.166025265094	1.53073633146974	0.330917105983925	4.62573950935041	3.73264185528698e-06	7.4856046834251e-05
"AIT09475.1"	26.3332181524207	-1.5304631722558	0.54469992800133	-2.80973632192597	0.00495821030246982	0.0303277377382445
"AEJ44642.1"	408.230259611186	-1.53036660058954	0.404650370377251	-3.78194785578177	0.0001556059622686	0.00183193629927322
"CAJ81036.1"	290.331906085014	-1.53013363740826	0.369465661278182	-4.14147726777827	3.45076077972502e-05	0.000517725073897007
"AEW72886.1"	72.7159025417225	-1.53010644032997	0.575666510666992	-2.65797369132543	0.0078612029481064	0.0434001652011806
"ABP36535.1"	35.9467074455109	1.52875793525126	0.558699800109782	2.73627793486031	0.00621385187039076	0.0362045779320416
"ADG19017.1"	311.015929896633	-1.5286438622703	0.415439260109439	-3.67958450019291	0.000233614272741172	0.00259740475760995
"ACE84354.1"	60.2694057160227	-1.52824158087358	0.501677550075429	-3.04626264548573	0.00231705337969262	0.0167965371356485
"ADU08611.1"	251.595698366839	-1.52761722370754	0.513005157784676	-2.97778141316219	0.00290342969552749	0.0200702266064167
"AAK85912.1"	132.198682531462	1.52741030721688	0.545903349220974	2.79795005727032	0.00514280639724399	0.0311102004963792
"AGN80783.1"	137.977042289248	1.52605528347252	0.370847750226383	4.11504527812545	3.87103419742781e-05	0.000569786926346945
"ACZ43662.1"	340.591872800178	1.52556719409016	0.312370353644881	4.88384117215075	1.04038889505275e-06	2.40915860263827e-05
"AAN01252.1"	281.568604594194	-1.52479192342141	0.540997506996922	-2.81848234733194	0.00482512641485515	0.0297476853358918
"AAP57754.1"	49.890484102499	-1.52468892476215	0.523621398010408	-2.91181554183131	0.00359334765218393	0.0237711155176137
"ALO12284.1"	443.166580542508	-1.52382102658809	0.400267354470183	-3.80700801494318	0.000140658188467361	0.00167926082913954
"ADU68845.1"	77.8805603401633	1.52320051481249	0.4881068574685	3.1206292054825	0.00180465110255404	0.0137627382912293
"ABL78333.1"	208.18356857993	1.52314016123164	0.430803795005456	3.53557739948031	0.000406885030373597	0.00409459141277471
"AEA81136.1"	38.915069697652	-1.52270193675431	0.569076964596397	-2.67573989369653	0.00745644888093636	0.0416751333341374
"CBK62766.1"	343.422534831921	-1.52262539350708	0.415167605378961	-3.66749566627974	0.000244937700652319	0.00268912779116169
"AJK76609.1"	30.1260515333915	-1.52259140099235	0.405118768938657	-3.75838277002391	0.000171015129463614	0.0019857899479317
"ACX81318.1"	74.3995925682749	-1.5214094228242	0.402204842089511	-3.78267306509853	0.000155153145149081	0.00182814286683235
"AAW64926.1"	107.718209149733	-1.5211686516395	0.366178210645268	-4.15417577402803	3.26462155218652e-05	0.000493767395867174
"ADE81110.1"	58.3002116129823	-1.52113786376908	0.56176515846661	-2.70778249744282	0.00677343969922337	0.0387312035278548
"ACA92469.1"	48.4014428062903	-1.5203821294125	0.493927021321001	-3.07815135391108	0.00208289096642027	0.0154552386684076
"ADI13044.1"	613.061710935284	1.51999996599686	0.258590013228944	5.87803042745939	4.15176617021783e-09	1.91803375744915e-07
"ACR13391.1"	115.707807346684	-1.5193970460362	0.560723016536606	-2.70971050095464	0.00673419579494775	0.0385385415934908
"AFU01680.1"	239.760008857253	-1.51921149348903	0.432121954268147	-3.51570078419645	0.000438594980024133	0.00435422165275022
"CDI51845.1"	37.6903728255236	-1.5190585829099	0.505487485475859	-3.00513588675669	0.00265462222473392	0.0187153875103628
"AIG56285.1"	437.923352794271	-1.51904424777061	0.454222134937394	-3.34427613920661	0.000824975786077341	0.00738363878101702
"AOY58145.1"	50.7096219403712	-1.51851675234442	0.417862072403782	-3.63401431388363	0.000279045370731465	0.00299923302642832
"AGF61642.1"	147.254576748806	-1.51841513102048	0.413846356728873	-3.66903104577831	0.000243471514308068	0.00267723036707332
"CAQ47359.1"	460.107917477071	1.51775572196374	0.50814195422519	2.9868734697925	0.00281846347537371	0.0196185239822383
"AKU15638.1"	559.798036285087	1.51743899295294	0.372088897001278	4.07816251756561	4.53930329623163e-05	0.000656417020048041
"ADI04056.1"	785.981101730221	-1.5173411293607	0.29520517041755	-5.1399544500339	2.74805078145084e-07	7.54259114485271e-06
"AIJ11657.1"	327.993543309762	-1.51717292789033	0.346812727249003	-4.37461721755395	1.216457443412e-05	0.000211134175981168
"AEH22532.1"	65.9644843016233	-1.517067270527	0.534364038311009	-2.83901453271832	0.00452530958654085	0.0283535691174882
"BAH32245.1"	52.2487075673201	1.51655467899104	0.419119980629176	3.61842610489343	0.000296400102997176	0.00315154473357727
"ABJ85391.1"	500.123551581392	1.51638272821403	0.357718951718952	4.23903380273072	2.2448385859067e-05	0.000356474764895314
"AEO60460.1"	86.9999983634007	-1.5160537145923	0.461279404583835	-3.28662779982575	0.00101394753110323	0.00868885065220876
"ABU68675.1"	629.891926194324	-1.51574440734583	0.475750476537429	-3.18600712368721	0.00144251045314487	0.0114826621115279
"ABK53805.1"	203.384318245078	-1.51561308100951	0.378538041734673	-4.00385935866347	6.23174210638712e-05	0.000858041905427524
"ACT23267.1"	31.785780287798	-1.51546600885371	0.417059850618995	-3.63368952107108	0.000279397047182636	0.00299923302642832
"ABO28816.1"	437.300530833679	-1.51502139941751	0.465489863048326	-3.25468183022543	0.00113519465231265	0.00952665152462376
"ADW04738.1"	68.1472266552833	1.51302437019358	0.49257583747023	3.07165771257512	0.00212873675211183	0.0157079900137382
"ABK70327.1"	44.0849317286774	-1.51235426612891	0.357682077720871	-4.22820812204387	2.35559847276958e-05	0.000371743713887582
"AAY38262.1"	183.289902650752	-1.51221935874085	0.408132825391125	-3.70521375557492	0.000211212535877638	0.00238239571089056
"AEA21008.1"	114.980458374726	-1.51196538491787	0.448563945569607	-3.37067969873929	0.000749829842300656	0.00681331233331123
"AGZ42271.1"	421.59324181345	-1.51171130648538	0.401137934825952	-3.76855733462677	0.000164193773812156	0.00191771751841682
"ADI84396.1"	93.3531586443963	-1.51132466256984	0.51993104042514	-2.90677906311201	0.00365171015387084	0.0240832220183199
"AFH61331.1"	45.7233898801557	-1.51105169871313	0.554911678362424	-2.72304901416443	0.00646824606679224	0.0374142596871727
"ACO32413.1"	226.06215204723	-1.51030847088995	0.503792911410392	-2.99787558872508	0.00271868631861065	0.0190864592423217
"AEJ96395.1"	67.3037177430221	1.50991992323715	0.385516790174422	3.91661261382159	8.98018765826602e-05	0.0011660915291318
"ABN92580.1"	146.259572735794	-1.50978684315564	0.457735269159324	-3.29838433889639	0.000972429322546355	0.00842330795606675
"AGK75001.1"	481.494991346618	-1.50920784016036	0.377607314987171	-3.99676537042625	6.42138897592188e-05	0.000877798856298384
"AMP26136.1"	170.529439617416	-1.50891138319231	0.414954702214709	-3.63632795372338	0.000276552203114661	0.00297897478968759
"AEI47112.1"	126.475248274479	-1.50854942358846	0.395837118759685	-3.81103578238277	0.000138385732018341	0.00165920640410513
"AEI12791.1"	1021.7045758743	1.50853388357602	0.363986991317085	4.14447197169713	3.40597609729872e-05	0.000512654337741801
"ANQ71524.1"	90.9073987096141	1.50773233048639	0.518495795684404	2.90789692613846	0.00363868247735072	0.0240142750202524
"ACU03006.1"	38.2988447838326	-1.50736753289823	0.486674064009205	-3.09728346828386	0.00195303018352293	0.0146953772148833
"ADG75254.1"	1452.71589028922	-1.5066286835515	0.471243519864216	-3.19713400830556	0.00138800426755502	0.0111952081459148
"AGB21969.1"	99.3988707515616	-1.50617597694795	0.467133419126622	-3.22429506277667	0.001262832085553	0.0103587011623621
"AAY91004.1"	556.708394820417	-1.50614755158313	0.470698786054639	-3.19981184614378	0.00137517329674179	0.0111237652746556
"ADY26805.1"	165.78869557881	-1.5059683349114	0.505161946501317	-2.98115949814022	0.00287159188645344	0.0198894325712891
"AEE46883.1"	1095.66393321197	1.50534381743258	0.353948598838337	4.25300120518383	2.10924440997852e-05	0.000338203931854288
"AJP01434.1"	194.663246283642	-1.50529737331007	0.496051600192595	-3.03455804340844	0.00240888397808434	0.0173276248331062
"ABG73453.1"	965.956645787696	-1.50523628509804	0.474877010779112	-3.16973921864202	0.00152575806650714	0.0119967078263286
"ABR44729.1"	61.4641009149636	-1.5045754841936	0.525192782699255	-2.86480609360386	0.00417264664868104	0.026689267496135
"AFH59871.1"	50.8106889507766	1.50403976352796	0.430795246059527	3.49131003019502	0.00048065814561418	0.00470507183378132
"ABR90554.1"	90.2887688850662	-1.50376423544127	0.469807565677628	-3.20080889560028	0.0013704239068343	0.0110917570672834
"ADL02235.1"	987.11004355655	-1.50358667413361	0.307222928271995	-4.89412259231654	9.87452740762841e-07	2.31089230957038e-05
"CUM37124.1"	449.771240348797	-1.50299713538325	0.410514125780191	-3.66125558414529	0.000250982226675425	0.0027436542046096
"ABX02976.1"	42.9215969847734	-1.50255144318017	0.452829421518175	-3.31814005844112	0.000906190330312531	0.00795288541925693
"ADU09037.1"	412.65122191275	-1.50167150516692	0.500780304897979	-2.99866326706448	0.00271166824419558	0.019045625731184
"AKR56075.1"	130.136443178172	-1.50137023482366	0.568251319468408	-2.6420884270505	0.00823965403866215	0.044952867639426
"AGI88588.1"	1108.47691642639	-1.49909645291014	0.403126374245958	-3.71867619853495	0.000200269574307736	0.00227454239445005
"ADY28795.1"	60.9081784114493	-1.49890855195502	0.533409344439626	-2.81005304383953	0.0049533335537283	0.0303177800984209
"AIW97356.1"	37.9166355226918	-1.49871551282837	0.518757505868643	-2.88904834315375	0.0038640966350408	0.0251462690364022
"ADY66475.1"	65.9317920254342	-1.49821676139579	0.563085786221341	-2.66072559112132	0.00779724747597718	0.0430980731169708
"ACG26489.1"	156.167930981228	-1.49731977787523	0.38914634260141	-3.84770358592035	0.000119230186868525	0.00147649480416719
"ABJ15796.1"	467.329574163729	-1.49608258234856	0.415450120870755	-3.60111240120204	0.000316858541957797	0.00333362335236771
"AKK80886.1"	45.2206517697527	-1.4958965883172	0.52414429221926	-2.85397859048217	0.00431754408830864	0.0273775162675137
"CEF85876.1"	40.5967304573393	-1.49545567872817	0.541554160157461	-2.76141481083508	0.00575515285184067	0.0340420999873508
"ACR72246.1"	60.4991161466511	-1.49530389048017	0.510263660583429	-2.93045342239433	0.00338467730488924	0.0226475683144549
"ABW74148.1"	76.300886359529	-1.49529057132047	0.486145423344751	-3.07580921164011	0.00209932128040763	0.0155273505868755
"AEH04391.1"	1377.65526277114	-1.49392881789288	0.485544249479249	-3.07681291559962	0.00209226571645799	0.015504253837469
"ABK48316.1"	34.6823294045421	-1.49387909753766	0.547423250854194	-2.72892884108708	0.00635404133848989	0.0368526499507692
"SBO93670.1"	617.23973101427	-1.49330061608433	0.449088556467189	-3.32518073457841	0.000883612353298002	0.00778157012989332
"ACZ19288.1"	93.3964716430443	-1.49303231130404	0.452775676035901	-3.29750998193123	0.000975462072989384	0.0084421243743686
"ACA61156.1"	149.281086722834	1.49284332741732	0.411692297484308	3.62611430075207	0.000287718039643645	0.00307793436678009
"AAZ97823.1"	375.122211096448	1.49237558397745	0.308386144791063	4.83930815046363	1.30291895404818e-06	2.93219606411035e-05
"SDK00396.1"	90.5183782059859	-1.49210848589185	0.350811175550267	-4.25330944360992	2.10634186657465e-05	0.000337932073906154
"AMB42792.1"	52.0899112172319	-1.49209664758674	0.513912192884534	-2.90340775767892	0.0036912569082124	0.0242925313592652
"AKN81047.1"	33.0802415479562	-1.49133581812417	0.523479422062671	-2.84889100749718	0.00438719071538822	0.0276923066770147
"SCG80540.1"	357.017335255784	-1.49105100593202	0.475495791461342	-3.13578170975934	0.00171396726926647	0.0131861026849091
"AIQ56104.1"	160.024049279005	1.48803946482493	0.505840347732194	2.94171762196545	0.00326397410557462	0.022040091427802
"ACT93924.1"	150.368775977811	-1.48734846296363	0.339899242928155	-4.37585106148063	1.20959589717534e-05	0.000210334451784601
"ABC43952.1"	377.761604038252	1.48714403445869	0.301973205695963	4.92475493324395	8.44661442166398e-07	2.01595411209638e-05
"AGM09004.1"	282.468934284808	-1.48711876794587	0.395638646673713	-3.75878034274116	0.00017074365333576	0.00198346029825226
"AGM06730.1"	483.228752821511	-1.48711744430322	0.253629948067271	-5.86333536569895	4.53660639085152e-09	2.07867156331063e-07
"ADG89116.1"	1160.08479413447	-1.48671289159332	0.305653784047999	-4.86404215875781	1.15012399397833e-06	2.63925174880471e-05
"ADB47583.1"	39.1151176503017	1.4856924012167	0.55599501445759	2.67213259576813	0.00753708597244905	0.0420167779539394
"CCT62801.1"	54.0350734831122	-1.48561573951557	0.541952396681534	-2.74122920871324	0.00612097915624006	0.0357452925444507
"AKN75734.1"	142.380118095689	-1.48450405656281	0.386927172612459	-3.83664979262047	0.000124724133032474	0.00153221850958131
"ABR62007.1"	160.858723542012	-1.48450041845954	0.470542534286731	-3.154869773271	0.00160569759355248	0.0124835073116066
"ACF52384.1"	393.728196875418	1.48430674593702	0.284745739089258	5.21274436163466	1.86067226183388e-07	5.43184365404603e-06
"AEI11151.1"	1099.71418337791	-1.4840864552181	0.349761625426641	-4.24313688903922	2.20416889901205e-05	0.00035061313918603
"ACU37122.1"	447.87685894925	-1.48347260357171	0.424990361111639	-3.49060293906766	0.000481931914130378	0.00471259722947749
"NP_771892.1"	101.888184413807	-1.48334436565045	0.559470347872706	-2.65133687833614	0.00801738300630263	0.044071206488209
"ADI06003.1"	107.512918877842	1.48291988126946	0.401242268845092	3.69582169280866	0.000219176762277747	0.00245934775019151
"ACQ71242.1"	142.103783148813	1.48160473040372	0.566946318359941	2.61330690829724	0.0089670737798883	0.0480555508311165
"AMJ61041.1"	300.793436629604	1.47990588549723	0.402673438583728	3.67520115233405	0.000237662089793914	0.00262779931511469
"AJX34342.1"	448.681244594953	-1.47967297079939	0.347808703630007	-4.25427240709146	2.09729854656156e-05	0.00033686729839092
"AEH87624.1"	212.234239510911	-1.47865599076284	0.404108215530373	-3.65905946460944	0.000253142601683599	0.00276386444950957
"AAN16169.1"	23.569685117407	1.47850021780389	0.452600170730677	3.26668064534089	0.0010881635777855	0.00921368233791383
"AIN36554.1"	84.3576282064589	-1.47710883052336	0.54862363134761	-2.69239009427113	0.0070941913366185	0.0401635956845241
"AFJ85562.1"	76.4172951905926	-1.47682846725292	0.451550666952152	-3.27057089123824	0.00107330636889544	0.00910554094048386
"ASE12738.1"	30.0716048910329	-1.47611959266845	0.377220296912923	-3.91314996766782	9.10999178414889e-05	0.00118081993421335
"AEB02371.1"	33.5041098286236	-1.47578515934375	0.423781995000093	-3.48241590429869	0.000496911268616677	0.00484384675354891
"ABO91117.1"	282.197166473033	-1.47573124157501	0.379008406267611	-3.89366361582233	9.87415497523047e-05	0.00126573645918751
"ABC29271.1"	228.575229965357	-1.47475413346264	0.49856734973689	-2.95798377940496	0.00309658418062684	0.0211899765987471
"AAC12819.1"	45.2500126939473	-1.47370219192464	0.452891824693469	-3.25398276491761	0.00113799183760642	0.00954440368053606
"BAL91079.1"	236.423338976111	-1.47320367186696	0.538970842896097	-2.73336432069474	0.00626909462588521	0.0364581581109851
"AHF73508.1"	78.2117068723246	-1.47316319044439	0.498019856467952	-2.95804107268399	0.0030960086868046	0.0211899765987471
"ADJ49373.1"	326.659736113829	-1.47278188294769	0.330053772039256	-4.46224829926357	8.11041684219827e-06	0.000148891298304382
"ABF92949.1"	214.757931280382	1.47244997203775	0.367846636336477	4.0028909512465	6.25731482205528e-05	0.000859989129888364
"ABF39292.1"	495.421898254275	-1.47220750890116	0.322004920240351	-4.57200314766083	4.83083680419725e-06	9.44442089178115e-05
"AIR21982.1"	29.4663242957406	-1.4710820878	0.317173572060122	-4.63809792929767	3.51630180720536e-06	7.08728476562428e-05
"AEH51685.1"	27.1693769870093	-1.47089607578959	0.524786023287031	-2.80284918141787	0.00506533504661656	0.0307745486035324
"AEI42889.1"	30.8316684263589	1.47058402948426	0.381919253083247	3.85051033068427	0.000117871957878648	0.00146377021965953
"ARD59078.1"	74.7915576267841	1.4699613523577	0.503659155566478	2.91856374715238	0.00351647967153684	0.0233841721815547
"ACA43013.1"	40.1285578228446	-1.46930984576729	0.551581512977453	-2.66381271162609	0.00772605646162632	0.0428349210800432
"AJE39277.1"	253.730917769366	-1.46909124032108	0.401054421232947	-3.66307204843847	0.000249208406273798	0.00272639255257572
"ABN02310.1"	144.217841491642	-1.46906549370651	0.499473451987111	-2.94122838333442	0.00326913405810271	0.0220642905232988
"ABG59637.1"	35.7063389039436	-1.46877807794207	0.550006210313019	-2.67047544264301	0.00757439118979676	0.0421256887996041
"ACF93784.1"	113.979609328732	-1.46851856540922	0.402468757591971	-3.64877655149081	0.000263492156790421	0.00285698157300721
"APU21955.1"	244.835295057071	-1.46832080667932	0.396871780662152	-3.69973598079847	0.000215823876839796	0.00242561431393293
"ABK10937.1"	47.6497243136468	-1.46816039923409	0.505819306763313	-2.90253926570874	0.00370150754281388	0.0243359173412294
"AMP39306.1"	54.1055269976549	-1.46807192039887	0.481124620210374	-3.05133401769577	0.0022782697355106	0.0165625654415359
"AEM52053.1"	135.967039607917	-1.46773932864898	0.413644971712083	-3.54830695166917	0.00038771609686149	0.00393278979990372
"ADL02180.1"	477.687187370315	-1.46734351942218	0.459007035138418	-3.19677784236943	0.00138971914537621	0.0112058114037881
"ACE84184.1"	73.298331822946	-1.46683359280751	0.54732176530499	-2.68002057617813	0.00736176348097359	0.0412943158511995
"ADM98300.1"	30.4922164158218	1.46645577026442	0.506710921817838	2.89406781484693	0.00380286020468787	0.0248633522397108
"CQR52336.1"	42.5531514731799	-1.46603304257869	0.484123575921084	-3.02822071779802	0.00245998342600973	0.0176227471838711
"AJC61253.1"	48.7904786688385	1.46528355614325	0.497899119811255	2.94293260992049	0.00325119182327672	0.0219749797886178
"ACA83218.1"	35.4853240317673	-1.46518981681281	0.451177672023063	-3.24747856037059	0.00116432435796933	0.00972969940321036
"ALD20528.1"	36.807562124509	1.46455342165841	0.495471392714735	2.95587887250964	0.00311779507973707	0.0212684676053409
"ABR59813.1"	377.889755697607	-1.46418882607732	0.443544572239132	-3.301108654505	0.000963035796281585	0.00836516453881669
"CEF87943.1"	81.8734627881304	-1.46391474125535	0.399137716067342	-3.66769333572164	0.000244748475916906	0.00268810448480569
"ABC82549.1"	1203.36628322768	-1.46298512394939	0.494704290103249	-2.95729217073104	0.00310353888209796	0.021212567027152
"AEA45941.1"	30.5960559555896	-1.46222286496681	0.516530253898909	-2.83085618689236	0.00464235893472427	0.0288821466262812
"AJI23955.1"	27.478697334578	-1.46148939270831	0.491894662349109	-2.97114302019211	0.00296693576654644	0.0204385663681679
"CCA60450.1"	270.770558498348	-1.46125124687189	0.499834682134575	-2.92346909708531	0.00346154583760128	0.0230791705809682
"SHI28319.1"	253.578465375399	1.46118065956465	0.358320580913127	4.07785859199338	4.54523954073115e-05	0.000656936118648989
"ADH69670.1"	50.8212789804703	-1.46093395856857	0.423667055801607	-3.44830672709348	0.000564113029563977	0.00536539076205014
"ADL48704.1"	244.420769323714	-1.46045096223295	0.504894824854647	-2.89258453511262	0.00382086345109079	0.0249577445582683
"AHF16646.1"	50.351737083241	1.45921063845546	0.479532901789271	3.04298335528332	0.00234245289323106	0.0169625324386968
"ACF12387.1"	119.9558777912	1.45914825760686	0.502415222585683	2.9042676097618	0.00368113367998887	0.0242373044461356
"AHE71135.1"	66.6578240140036	-1.45908868322306	0.516965595730026	-2.82240964442252	0.00476642510657525	0.0294506372287973
"AEV15706.1"	100.99045005872	1.4586418724913	0.327410185263237	4.45509009232121	8.38579727588162e-06	0.000153143366298488
"ACL75111.1"	22.6012785444298	-1.45853734686623	0.529211986467726	-2.75605501039643	0.00585031568221797	0.0344956693006264
"ACT01601.1"	139.148234707316	-1.45730134474982	0.334292407133044	-4.35936118695582	1.30442665422995e-05	0.00022473063761121
"ACY53392.1"	66.0215993618072	1.45705068400609	0.526336904739954	2.76828523875971	0.00563521117986815	0.0334740870340736
"AEE48305.1"	54.5118952421358	-1.4566837732945	0.486894739198776	-2.99178375944581	0.0027735264511197	0.0193586752743822
"ACB76950.1"	1976.37258989288	-1.45631177466489	0.307377154429795	-4.73786601794283	2.15980525474137e-06	4.61571816120148e-05
"AAZ47488.1"	31.5151693472572	-1.45457330948179	0.55212549328276	-2.63449764080512	0.00842618893734688	0.0457435690304369
"AEB44824.1"	321.407774610058	-1.45453301431836	0.386468715467175	-3.76365008629504	0.0001674511497326	0.0019516912522539
"ACM01712.1"	203.256536221981	-1.45433770300251	0.424117055935974	-3.42909506384497	0.000605597370023202	0.00567983382618746
"ACL63906.1"	768.016005703622	-1.45431688650158	0.373350274599691	-3.89531489714562	9.80712338638563e-05	0.00125829617930913
"AJY05691.1"	70.243669585002	-1.45424674535352	0.438271145315474	-3.31814394102248	0.000906177733661439	0.00795288541925693
"ARB27877.1"	30.6876529150029	-1.45406825902599	0.494152147061576	-2.94255173770357	0.00325519387385011	0.0219967192112739
"AET59482.1"	45.0810288152214	-1.45345471998466	0.528852055906334	-2.74832007127922	0.00599015021274106	0.0351499151867321
"AIQ42167.1"	390.089172587887	1.45286957902965	0.488872810357533	2.97187642316845	0.00295985792408826	0.0204098971533928
"CBX90722.1"	33.644074739758	1.45284879352522	0.469388601758845	3.09519402064996	0.00196684191099376	0.0147822029906527
"ABK48465.1"	49.9978565075275	-1.45243156974129	0.518864266181333	-2.79925148908539	0.0051221226896159	0.0310051776904837
"AIQ27144.1"	188.184293149381	-1.45200830050623	0.430871285164545	-3.36993517670067	0.00075185868438362	0.00682745239312482
"ADU12519.1"	323.935400682267	1.45139917971627	0.331442769553058	4.37903406875777	1.19206497140025e-05	0.000207543849125133
"AEM40695.1"	107.639682828555	-1.45136362787297	0.532599645710516	-2.72505556389692	0.00642906666035151	0.0372337919369468
"ACB35877.1"	1505.41269895217	1.45100400759732	0.517321477370249	2.80484006767581	0.00503415517907061	0.0306716449169229
"AAP57751.1"	70.6085192909026	-1.45079176435503	0.429870859697045	-3.37494792128383	0.000738296608325255	0.00673049555411066
"ABY29768.1"	295.276990622052	1.45027840912962	0.359700874692186	4.0319012578735	5.53274338434287e-05	0.00077680383043161
"AGM10176.1"	81.7104818000947	1.45026850185246	0.384115128746736	3.77560890815285	0.000159617264339241	0.00187197177453699
"AAF49195.1"	52.5764510255436	-1.45013261583828	0.474482543964133	-3.05624018056163	0.00224131637482433	0.0163448536675129
"AEE68808.1"	38.8200228444321	-1.44993894667781	0.502999492277258	-2.88258530861217	0.00394426317775528	0.0255491883212487
"AGY57649.1"	197.672177070545	1.44955641441099	0.488802540605264	2.96552553228563	0.00302166262381407	0.0207746725973228
"AEP71394.1"	56.9784832785844	-1.44942331674236	0.380043435690558	-3.81383594774815	0.000136826313183531	0.00164332452333168
"AAZ64244.1"	173.63034225857	-1.44923031672013	0.555855891497046	-2.60720510277766	0.00912846630660057	0.0486795109030241
"ABN84575.1"	71.9579028735322	1.44888280873036	0.304810250070862	4.75339267099294	2.00031313256314e-06	4.29783318950404e-05
"APY00208.1"	81.989924347373	-1.44871373531039	0.556910567678917	-2.60133999853571	0.00928603707972477	0.0494055290923555
"AFZ68935.1"	182.308538939847	1.44810586194311	0.468768948055375	3.08916763354395	0.00200718150330135	0.0150181508589241
"ACB39466.1"	67.9702996690723	-1.4473985647055	0.364660809301109	-3.96916402253237	7.21252237565313e-05	0.000969148271109486
"ADO70015.1"	136.387754465112	1.44720036522842	0.534042989079644	2.70989488640696	0.00673045341502115	0.0385249997560687
"ABB18373.1"	28.6672348558263	-1.444701521041	0.513637357541831	-2.81268778415002	0.00491293278777139	0.0301429906479176
"ADW71102.1"	127.212030549068	-1.44398085350615	0.365889783576964	-3.94649131601787	7.9304796734097e-05	0.00104826113756741
"EFQ30446.1"	82.0423623706028	1.44343856093914	0.542545767195659	2.66049179297825	0.00780266287984986	0.0431194926933037
"AHF91117.1"	364.396359369554	-1.44342792304854	0.372945126991235	-3.87034933179986	0.000108679508534198	0.00136745686333636
"ADW75418.1"	37.6294884491552	1.44314889630512	0.549487725996002	2.62635328876413	0.00863051885039524	0.0466628052791937
"AIG77407.1"	1167.09094593766	1.4426456462241	0.544305025686548	2.65043602050973	0.00803879511988483	0.0441542295813804
"AAI22598.1"	67.787800373919	-1.442528804992	0.526724200950996	-2.73867956396825	0.00616864641214175	0.0359786301988168
"AHD20689.1"	113.907582192324	-1.44166423756352	0.426346651394236	-3.38143675539376	0.000721078298778142	0.00661228563792756
"AIQ47345.1"	6873.48131873161	-1.4413934429629	0.407208762849445	-3.53969161389539	0.000400594842088207	0.00404291751950305
"SDU59801.1"	2838.485463582	-1.44128832949393	0.525139071344459	-2.74458406951886	0.00605876336468162	0.0354553084533616
"ADF57303.1"	29.9756433164629	-1.44045248758917	0.47967253646168	-3.00299137035178	0.00267340012004053	0.0188278299550014
"AIN59937.1"	96.410050333353	-1.43898897597019	0.483320999251017	-2.97729454793012	0.00290804477858992	0.020097166532067
"APA89700.1"	424.394082010808	-1.43867731546099	0.297386999257049	-4.83772767153636	1.31331911903334e-06	2.95322747441424e-05
"ADB77286.1"	760.188106076164	-1.43857498527466	0.280860760355406	-5.12202197079529	3.0227665977254e-07	8.12143701246836e-06
"ADW67421.1"	139.251983531399	1.43786209682239	0.455353319949045	3.15768444816278	0.00159027596387597	0.0123892579801345
"ABA79690.1"	193.414979378244	-1.43623379917201	0.402811339532683	-3.56552474624532	0.000363128894399855	0.00373493662111818
"ACL24299.1"	48.8042752016997	-1.43598819431631	0.532397091936859	-2.69721269342812	0.00699225935486379	0.0397333655868937
"AEX01147.1"	71.4656649327166	-1.43593209345267	0.521703366939503	-2.75239184649383	0.00591616845203841	0.0348170056285537
"ACE86060.1"	33.896543244738	-1.43554885480427	0.533812284861866	-2.68923907432319	0.00716151091712356	0.0404465724502302
"AEE64773.1"	71.9838835060363	-1.43490195349838	0.509237696696312	-2.81774496037376	0.00483622080203576	0.0297923494607958
"ADV42301.1"	54.3213486653872	1.43459422690803	0.442531632483368	3.24178910975805	0.0011878188521881	0.00986770818571455
"ACD36972.1"	48.4854013046539	-1.43405805717105	0.516709130049904	-2.77536813996793	0.00551392536132319	0.0329212741342725
"ADY26871.1"	261.334021374845	-1.43381867548261	0.374429352564661	-3.8293436816896	0.000128485466337324	0.00156726613225561
"AIQ40695.1"	37.8348936202426	-1.43318640627458	0.498660838554999	-2.87407050136044	0.00405218497292802	0.0260733096994008
"ADE10584.1"	192.796237712336	1.43317730697711	0.390384259919972	3.67119644442353	0.000241417690376926	0.00266071759153052
"ADO42232.1"	230.873843641565	-1.43315224636065	0.426528004523483	-3.36004255561546	0.000779304675652627	0.00704924513717963
"ACK84592.1"	192.846786331201	-1.43282427203978	0.328978601884601	-4.35537224558571	1.32840975774166e-05	0.000228160488206967
"ACM34400.1"	100.535858176531	-1.43251821513784	0.526708295462599	-2.71975631953866	0.00653300404103874	0.0376488227939318
"ALC16454.1"	85.0455298653782	-1.43250796624056	0.542546592285005	-2.64034091562047	0.0082822666373156	0.0451045002609565
"ABB34272.1"	148.244329066511	-1.43242824273186	0.351849510939311	-4.07113893353949	4.67838346879492e-05	0.000671327645271054
"ARR78159.1"	79.6257912168936	-1.43238932223592	0.532237084579346	-2.69126177738631	0.00711823154705292	0.0402671267713262
"ABW74147.1"	76.0295386065309	-1.4321366354075	0.456364388887722	-3.13814283120991	0.0017002200504777	0.0130983380663659
"AAX95330.1"	226.53401036053	-1.43201118603056	0.449433789734858	-3.1862561710711	0.00144126918393945	0.0114787298460749
"ACY47191.1"	420.903804026718	-1.43151130532047	0.346645242954258	-4.12961474134339	3.63371620395658e-05	0.00054082678812317
"AGE56636.1"	30.0269824960259	-1.43111426151094	0.519728537854849	-2.75358029677913	0.0058947308103268	0.0347136903167667
"ABM56373.1"	262.92228071115	-1.42941328991419	0.484397570411837	-2.95090928862194	0.00316839953834967	0.0215297362804945
"ALX17383.1"	41.2656136724714	-1.42939045820157	0.49166836865806	-2.90722476636619	0.00364651081215699	0.0240602678993983
"AKG46381.1"	870.763472990276	1.42903826449811	0.515214484319083	2.77367641631184	0.00554267788987848	0.03305065180086
"ADV84964.1"	86.0112414734707	-1.42781862702887	0.476598619095397	-2.99585137224889	0.00273679791882756	0.0191821257005213
"ACA59448.1"	86.9734156950398	-1.42751440714157	0.486931980450581	-2.93165054761986	0.00337165902457851	0.0225761957278736
"ACT91755.1"	95.9450788573067	-1.42749231709997	0.446414328644489	-3.19768480871676	0.00138535610025848	0.0111835148162735
"ABG59305.1"	30.3929576237335	-1.42704150191327	0.460743315922604	-3.09725926040995	0.00195318969197673	0.0146953772148833
"APU15893.1"	253.265651147444	-1.42686642558177	0.398545356737589	-3.58018579682325	0.000343349983673977	0.00356147689623441
"ADU01211.1"	173.445724092246	-1.42644651446941	0.353894705244791	-4.03070883324668	5.5608896184595e-05	0.000779192521313274
"ABZ71537.1"	634.123750703466	1.42459418467623	0.3274013772237	4.35121622504008	1.35384459293539e-05	0.000231676242199385
"AGZ41008.1"	490.860571906115	1.42378145891298	0.263788818221585	5.39742915758085	6.76025525093238e-08	2.26930582739932e-06
"ADO42496.1"	119.41830067241	-1.42313541878734	0.503437881906394	-2.82683419332347	0.00470106621730906	0.0291432794109355
"AJF93646.1"	98.0248315416852	-1.42299818715895	0.497355462103172	-2.8611291029991	0.00422135112262012	0.026932758894456
"AGK58775.1"	316.866664917316	1.42283967286352	0.491865888446427	2.89273907031367	0.00381898417919725	0.0249512908006549
"AIV36786.1"	181.687511932382	-1.42253052491539	0.27255745531023	-5.21919506217961	1.79702422677548e-07	5.26249898041908e-06
"ABU56590.1"	114.26901529031	1.42220403384115	0.37238600085896	3.8191662161323	0.000133903515343831	0.00161933598944531
"AIJ18174.1"	1214.46996370831	1.42207997251049	0.430260790999983	3.30515817907874	0.000949228115737084	0.00826581347688193
"AKS39528.1"	45.9723278048225	-1.42158524312905	0.452274088587423	-3.1431940918151	0.00167114989700212	0.012924174728307
"AGK17530.1"	104.223249563224	-1.42155604990782	0.347621991105536	-4.08937318777467	4.32540464922908e-05	0.00062873327393467
"ANY66438.1"	155.173989068983	-1.42141993559152	0.411123725228196	-3.45740186802052	0.000545410842382844	0.00521315190964496
"CUW27640.1"	129.857523223551	-1.42106343707802	0.329274274491924	-4.31574388637176	1.59066320852191e-05	0.000264129342738904
"ACB74280.1"	687.22236529924	-1.42085685248774	0.515688802995308	-2.75526023492247	0.00586454698566342	0.0345577472975443
"ABB97081.2"	46.7325790728148	-1.42070702738023	0.463526196841399	-3.0649983475828	0.0021767119975683	0.0159777737503729
"AKK29131.1"	88.3797479636931	1.41853905074719	0.5395907701418	2.62891644787478	0.0085657403627583	0.0463573298271373
"CQR64705.1"	355.218736996547	1.41802324487588	0.310749101383227	4.56324165882983	5.03697800513656e-06	9.79952996746374e-05
"AAN77504.1"	336.865276735309	-1.41783887558325	0.505915472966534	-2.8025212735034	0.00507048722316588	0.0307842551912646
"AHC69592.1"	603.890086885808	-1.41752877672495	0.35647152040671	-3.97655547659921	6.99206928144518e-05	0.000944283509905158
"ADH85603.1"	329.436747832753	-1.41750199692814	0.474674686049449	-2.98625993462072	0.00282412478942853	0.0196481604385788
"ABC28604.1"	109.234796397443	1.4173679307943	0.43342640818823	3.27014668238388	0.00107491729838931	0.00911644492145017
"AKF82315.1"	142.740466179145	-1.41731202026214	0.478661068676635	-2.9609928883095	0.00306649019784171	0.0210209254600334
"AJZ68819.1"	108.496491674804	-1.41731198686449	0.499469885072011	-2.83763251644322	0.00454494761226259	0.0284335985146153
"AAM37309.1"	137.166075930557	-1.41730223256324	0.49483974119557	-2.86416412137581	0.00418111314148208	0.0267247587919937
"AEI17090.1"	103.727753894252	1.41714860474624	0.518063347185432	2.73547359110699	0.00622905843867719	0.0362780778134401
"AFL75076.1"	150.756442587214	-1.41711519918323	0.446853785451405	-3.17131743161062	0.00151749221203793	0.011947050609734
"SDT80852.1"	173.381523294421	-1.41700521500202	0.344474236140667	-4.11353032051831	3.8965383438593e-05	0.000573239555831239
"ABJ85953.1"	97.3446276789444	-1.4163053470065	0.39352680969101	-3.59900599432744	0.000319435827208787	0.00335695398593739
"AIO34190.1"	245.25324713723	-1.41620578438987	0.53025939094266	-2.67077926120692	0.0075675393709747	0.0421236431875237
"AEB97397.1"	44.0281708323975	-1.41608916320139	0.456250529082465	-3.10375347081612	0.0019108247884009	0.0144401047373664
"AGI88124.1"	52.640235170374	-1.41599856975903	0.521875439896982	-2.71328838551694	0.00666191023243799	0.0382107844432153
"AEE17013.1"	39.8283079942308	-1.4156485632099	0.428910592579122	-3.30056796848345	0.000964893387736934	0.0083735757232124
"APU22526.1"	21.2414782333922	-1.41459436943483	0.355974218480129	-3.97386747690491	7.07149186338535e-05	0.00095362950966925
"AGP64032.1"	62.8002265588952	-1.41380070243399	0.469898770534795	-3.00873462772617	0.00262338150077631	0.0185371500494027
"ABB22031.1"	190.562840165779	-1.41308523536121	0.416179228036101	-3.39537665546017	0.000685342461744309	0.00632394448219963
"ACU69978.1"	907.883025696542	-1.41291523111996	0.349561838621656	-4.0419607491801	5.3006106724087e-05	0.000746833902288646
"AEL08787.1"	138.577931561844	1.41281872507058	0.369948695031284	3.81895853140152	0.000134016287160523	0.00161999998935492
"AAT90348.1"	330.995325673152	-1.41268575628548	0.515736066568199	-2.73916417303476	0.00615956068507901	0.035933123763174
"ABZ70421.1"	847.341685181293	1.41248333310909	0.4495981095927	3.14165763372245	0.00167994349956359	0.0129770243102488
"ABD24989.1"	166.611855441476	-1.41221944356356	0.45339334828446	-3.11477759633458	0.00184083650574805	0.0139853619579166
"ABD79911.1"	72.4905686523973	-1.41170138907814	0.514241040376356	-2.7452133887349	0.0060471563124517	0.0354176125781167
"AQT63752.1"	23.8882678998395	-1.41142935134676	0.488365568194625	-2.8901082370825	0.00385109205301484	0.0250791284289843
"AEI39060.1"	49.6350988502235	-1.41137584232588	0.358467191963045	-3.93725248493978	8.24198740183617e-05	0.00108380779380839
"AEI46874.1"	62.8084073285406	1.41127077187248	0.509749166217687	2.76855925502347	0.00563047460031918	0.0334530490047827
"AEA27818.1"	569.092814981935	1.41102960724209	0.399496477051559	3.53202015110633	0.000412397928212291	0.00413668663498076
"AHK67542.1"	39.2280043274486	-1.41100374256213	0.521104605268478	-2.70771689272478	0.00677477867109247	0.0387312035278548
"BAR47645.1"	39.5876975594422	-1.41075366724685	0.469946253657279	-3.00194683172361	0.00268259024214673	0.0188697980952612
"AEK62802.1"	107.534351204105	-1.41051339121896	0.417602611288817	-3.37764504600629	0.0007310938475491	0.00668005984203153
"AIZ72724.1"	46.9346282781857	-1.41026956003458	0.460802741939193	-3.06046260510462	0.00220995355810855	0.0161646054198431
"ABS25981.1"	2060.12206552323	-1.41003472349218	0.434550732514524	-3.24481037077771	0.00117528860815615	0.00978975896279073
"AIO68829.1"	139.206123620258	-1.4092724965429	0.369137241455785	-3.8177467301459	0.000134676075788729	0.00162516871456088
"AEG71843.1"	528.509584921263	-1.40913250966474	0.441517847521676	-3.19156409548214	0.00141504710805815	0.0113317101937059
"ACO75797.1"	145.780549318993	-1.40908497287126	0.336717500813189	-4.18476904071887	2.85456182550925e-05	0.000439100620148115
"AEO71029.1"	121.556171331299	1.40856221402195	0.360105972484624	3.91152138994889	9.17165314733572e-05	0.00118819806345586
"ABG65214.1"	195.751788275202	-1.40803999647128	0.453228517679573	-3.10668888109716	0.00189195400289029	0.0143193144809182
"AEK46344.1"	311.797934965178	-1.40644629762898	0.33343349866635	-4.21807137931374	2.46400824425081e-05	0.000386023362093148
"AQQ15112.1"	53.4723346413965	-1.4063012263963	0.411038076778923	-3.42134051768804	0.000623132593551351	0.00582672681665451
"AEE44723.1"	4689.11692511109	1.40609432534719	0.421001455864052	3.33987995946798	0.000838146097924769	0.00747760935548179
"AKQ67220.1"	125.221102713545	-1.40525619292899	0.362338626380804	-3.87829530338872	0.000105190983029112	0.00133496226694606
"ABA50942.1"	143.578544088078	-1.40393797183849	0.487458419656743	-2.88011841671975	0.00397525832075499	0.0256727409337617
"AIZ34005.1"	303.3867782974	1.40325916122472	0.332644189529174	4.21849894089807	2.45934126299712e-05	0.000385934682140038
"ALG84696.1"	198.235050510768	-1.40307548268571	0.473606160169309	-2.96253638716212	0.00305115743908443	0.020931194232935
"AII76629.1"	83.331456582262	-1.40302371672786	0.440064478145543	-3.18822305913053	0.00143150061628214	0.0114159858828311
"CUW33110.1"	124.06022733495	-1.40260714115788	0.381258345857255	-3.67888901685321	0.000234252171555817	0.00260243007733201
"AFR06914.1"	173.814650754084	-1.40252499105168	0.445524808362435	-3.14802894188268	0.00164375417688782	0.0127404601152135
"ACY49240.1"	52.0504117040717	-1.40216228479242	0.43403609620152	-3.2305199891518	0.00123565263821834	0.0101943705538395
"ADN60032.1"	347.760472762807	-1.40211465984526	0.296070481796741	-4.7357462025135	2.18250573723356e-06	4.65357430461468e-05
"ACE83728.1"	89.6315569365965	-1.40097420357244	0.430331658153302	-3.25556852959527	0.00113165582647101	0.00950550150551528
"AAW84060.1"	188.179603382366	-1.40064499922131	0.382797079969334	-3.65897513986658	0.000253225900592658	0.00276386444950957
"ADV26895.1"	525.774648432395	-1.39962421186611	0.520522525827163	-2.68888307886765	0.00716915247817858	0.0404815636908204
"ABC24202.1"	168.749514773791	-1.39913502292114	0.359009490128508	-3.89720901923879	9.73076307592715e-05	0.00125079174964948
"ACE86078.1"	28.0848334695159	-1.39900625716661	0.497687894576314	-2.81101122292234	0.00493860632360708	0.0302533614719436
"AEV97378.1"	169.801712031643	-1.39859223188446	0.404779951273305	-3.45519146263284	0.000549902171914304	0.00524891278721884
"AFM31302.1"	400.491033212819	-1.3984442287781	0.437783833859485	-3.19437156107266	0.0014013562636074	0.0112736695275726
"ADD45678.1"	284.855679795097	1.39810862705378	0.483752700996224	2.8901308957543	0.00385081447250628	0.0250791284289843
"AEN72353.1"	116.632309881056	-1.39771988112029	0.41977095075034	-3.32972035969108	0.000869332446397006	0.00769454036336724
"CDR14464.1"	115.324872707288	-1.39766155896724	0.346722589112475	-4.03106576512626	5.55245033290588e-05	0.000778500608272843
"ADI05425.1"	448.143510523548	-1.39728130383382	0.444936335763419	-3.14040727070846	0.00168713109002011	0.0130214651358683
"ALV35388.1"	189.585768074154	1.39650970197845	0.313747690165531	4.45105970737718	8.54475778628646e-06	0.000155543595025787
"ABS26669.1"	497.851154819806	1.39585552505724	0.337009761917036	4.14188454695523	3.44463737992872e-05	0.000517083475005279
"ACZ91443.1"	492.147015019274	-1.39493262816231	0.387170564597116	-3.60288915458709	0.00031469975071047	0.00331589545385409
"ADF62976.1"	63.6932932476978	1.39455135116815	0.436474168248979	3.19503753627099	0.00139812655257062	0.0112573917071519
"AOS64950.1"	114.914585021021	-1.39383505004942	0.413956392948857	-3.36710598940219	0.000759614875783085	0.00688894657026992
"EAA66937.1"	125.341718143629	1.39353190778043	0.412780765445853	3.37596134421439	0.000735582533792401	0.00671171238367555
"ACU95222.1"	490.116308647037	-1.39335401419379	0.52336456902884	-2.66230099752323	0.00776084447122095	0.0429732202959458
"AIG74391.1"	422.085420562002	-1.39328204573379	0.436980389707725	-3.18843151443407	0.00143046890602726	0.0114159858828311
"ADZ04642.1"	200.81401682021	-1.39231936338559	0.354022336506837	-3.93285739290833	8.39420416148168e-05	0.00109917745418541
"AAY89412.2"	198.347628830056	-1.39216371913501	0.291489735047487	-4.77602999950655	1.78789731955797e-06	3.86517168790309e-05
"ADD43343.1"	392.155760743187	-1.39142328660459	0.33780346822129	-4.11903197421612	3.80467356531698e-05	0.000560903850103287
"ABB08122.1"	224.832906088316	1.39024703536783	0.277870663928686	5.00321630110846	5.63816171785328e-07	1.40682687569537e-05
"ACG42600.1"	561.246635664413	-1.38941631155615	0.487814800432304	-2.84824550285239	0.0043960997922095	0.0277254358600354
"AIV29073.1"	64.8469120013531	-1.3893747713273	0.436050211614328	-3.18627243909277	0.00144118813727157	0.0114787298460749
"ABB28909.1"	26.718990148898	-1.38917134218899	0.52227656803856	-2.65983853613441	0.00781781195956137	0.0431946839589264
"ANH22777.1"	797.852643340325	-1.38890918445925	0.530693458971393	-2.61715904158924	0.00886650188167375	0.0476172728308366
"AJE43210.1"	318.054186638611	-1.38849157825123	0.319441977612301	-4.34661589760257	1.38254013944041e-05	0.000235865897280767
"AIQ31958.1"	135.028947316235	-1.38790482929425	0.45611021934871	-3.04291544108806	0.0023429816023875	0.0169625324386968
"ACB95246.1"	97.2613454552604	-1.38719096923757	0.441676691270225	-3.14073845565208	0.00168522455647595	0.0130114579931331
"AKC39782.1"	39.736476195417	-1.38684223840092	0.499519030861863	-2.77635515909791	0.00549721223543457	0.0328906515693687
"AHF28289.1"	72.1128264053327	-1.38624046781657	0.403991588002864	-3.43135973367529	0.000600563620182561	0.00564018084892016
"AAG31622.1"	22.0698300510318	-1.3860999750889	0.378032567152915	-3.66661524833181	0.000245782174020735	0.00269628438239988
"AQA10879.1"	27.7772211719581	-1.38564348354847	0.473594910016976	-2.925798935421	0.00343572911482548	0.0229288849341249
"AGG89376.1"	354.430029587625	-1.38411960590947	0.355611863932303	-3.89221999121199	9.93311115429544e-05	0.00127096608718307
"ACT50519.1"	498.309785520959	-1.38276235683663	0.521049780270748	-2.65380086355303	0.00795907819061772	0.0437970884768205
"ACD54014.1"	30.899723329685	-1.38228200379694	0.466361225612048	-2.9639728345401	0.00303695095313126	0.0208592931510949
"AKC85744.1"	295.618959152458	1.38212512625492	0.247744944312881	5.57882272870687	2.42151863763972e-08	9.26412822558643e-07
"AAM37418.1"	151.360538622573	-1.38020673586369	0.40881032086229	-3.37615433228904	0.000735066738959141	0.00671138197435098
"ABD28427.1"	572.706445834286	-1.37989220648273	0.432671449167707	-3.18923795211612	0.00142648404657396	0.0113972167145789
"AGF64053.1"	202.4078570581	1.37959855607346	0.456955037335688	3.01911226127917	0.00253516572543949	0.0180596691219857
"ACN67534.1"	319.157431482414	-1.37926305294571	0.367284101249578	-3.75530290653249	0.000173131960822633	0.00200598095543138
"ADP10345.1"	40.796426613384	-1.37910033537625	0.521701612580684	-2.64346573236433	0.00820620717661557	0.0448275075349326
"ADJ61927.1"	178.212162623166	-1.37873393497831	0.399553476269639	-3.45068687138107	0.000559161910988445	0.00533002957440671
"AAN24258.1"	361.942278100468	-1.37695592983987	0.453062032568604	-3.03922163160155	0.00237190289234866	0.0171055624353924
"AAH84672.1"	72.2902474605839	-1.37514762672965	0.366454186526832	-3.75257720416017	0.000175025904308413	0.0020239674584958
"ALL39252.1"	52.9342869885146	-1.37281768495134	0.431350807792666	-3.1826014004156	0.00145958397541875	0.0115802360212408
"SCG71769.1"	335.36474484965	-1.37274863429855	0.485122958944158	-2.8296921615218	0.0046592810695273	0.028977294538676
"ACG38268.1"	305.158458997881	1.37145455105926	0.343859914869837	3.98841066304109	6.65174433780728e-05	0.000904430473439789
"AEA28675.1"	662.789515395047	-1.37047962274747	0.326624794873045	-4.19588360791826	2.71809813186577e-05	0.000421117184835164
"ADG18759.1"	222.35696868816	-1.37018907701629	0.480758717465284	-2.85005560427562	0.00437115865995795	0.0276366210126881
"ADV42547.1"	97.1844328007989	1.37004439746889	0.393613171890515	3.48068737356678	0.000500128869978602	0.0048684311001116
"AEY87486.1"	146.311734374801	-1.37003033120532	0.420671530413685	-3.25676978867108	0.0011268778556409	0.00947674149790409
"AAO21213.1"	70.1295911895711	1.36978408266246	0.413833515798309	3.30998826912332	0.000932998813594274	0.00814221782586823
"ABB24787.1"	150.190301477794	-1.3695639888614	0.523282976493683	-2.61725309322752	0.0088640590232844	0.0476172728308366
"ACG47735.1"	214.526691182834	-1.36913267165835	0.473828225934133	-2.8895126898765	0.00385839433686506	0.0251149983387292
"AFR50795.1"	65.4216711915382	-1.36838942154868	0.400042649242415	-3.42060883793287	0.000624811290620236	0.00583676928249475
"ASF08122.1"	188.206266258834	1.36812491325599	0.325470052283319	4.20353548247519	2.62777936856365e-05	0.000409617545669866
"AJC57389.1"	141.208697774286	-1.36809612889364	0.464321834207112	-2.94643936189182	0.00321455439589639	0.021795753176923
"ABV43704.1"	154.357271942378	-1.36729203512368	0.477945561959042	-2.86076939289762	0.00422614333327623	0.026957190421144
"AEV84630.1"	324.684669259225	-1.36701809797178	0.49053593600183	-2.7867848156321	0.00532338150676355	0.032015765556037
"AEH30408.1"	48.4429819621956	-1.36676118150666	0.450606903866939	-3.03315632711712	0.00242010195188805	0.0173859826135637
"AFE09802.1"	273.94116812294	-1.36620316903706	0.337654478689842	-4.04615740427365	5.20652307144178e-05	0.00073579919186312
"ADI04148.1"	382.857575073437	-1.36595435010345	0.287687773729294	-4.74804449419796	2.05392857343845e-06	4.39952443320451e-05
"ADU27002.1"	70.4277624397441	-1.36520332277192	0.454034257539609	-3.00682889033505	0.00263988312154813	0.0186304266406976
"ABD53107.1"	39.3719334954614	-1.36519449643943	0.506979539092381	-2.69279998731993	0.00708547611652407	0.0401398451726594
"AJW41812.1"	101.150899573206	-1.36509339562631	0.479217036884596	-2.84859111959128	0.00439132764804179	0.0277078225906193
"ADH64553.1"	140.750139777646	1.36488674422004	0.495966964495707	2.75197108260596	0.0059237751496881	0.0348407582123252
"AHF91414.1"	98.9369245173494	-1.36443890301858	0.376503668347881	-3.62397240113439	0.000290112576196761	0.00309938579080701
"ACU75531.1"	434.139948521188	-1.36408307396906	0.362968968508536	-3.75812587939449	0.000171190758953627	0.00198700517730752
"AOS44237.1"	345.497627410535	-1.36401187608024	0.448430388870474	-3.041747191835	0.00235209349772171	0.0170021196907351
"ADU15179.1"	119.310064125369	-1.36388580309225	0.352640417502417	-3.86763891885111	0.000109894225906371	0.00138087915102098
"SMY22984.1"	44.5546259581664	1.36367596893891	0.430822969435696	3.16528148609413	0.00154932985817342	0.0121125492067643
"ACS84165.1"	146.609963821523	-1.36309757644037	0.485787021942521	-2.80595716820457	0.00501673603046449	0.030585483865175
"ADL45733.1"	757.162910468955	-1.36279354616613	0.329933903277066	-4.13050472421958	3.61967656212903e-05	0.000539310617527219
"ABM96248.1"	829.408700138025	-1.36196517220366	0.304264281614116	-4.47625717017609	7.59629765840134e-06	0.000140188496535665
"AAQ61151.1"	933.682261429699	-1.36182664616271	0.328759959862564	-4.14231297123898	3.43820720390295e-05	0.000516395112019673
"CCK27080.1"	89.6989872617712	-1.36127505151567	0.51468310642548	-2.64487999415766	0.00817198933973236	0.0446929114192513
"AFK65224.1"	282.686280888116	-1.36089534806486	0.316603489987898	-4.29842181498657	1.72018558733968e-05	0.000282287899784066
"ACU75402.1"	445.027543996785	-1.36056409788624	0.360529294084316	-3.77379624959976	0.000160782088967623	0.00188415879562059
"ADP75106.1"	21.1259442993537	-1.35908870591986	0.435152422521096	-3.12324747739161	0.00178867280427021	0.0136557632474363
"AFK02840.1"	27.1550608728806	-1.35885078214165	0.502337531095155	-2.70505526270195	0.00682930271178494	0.0389712920340667
"ABY25118.1"	61.956034458115	-1.35827980625486	0.516373052562945	-2.63042348843191	0.0085278563101823	0.0461612268483882
"AFZ69107.1"	171.710694550831	-1.35818316923559	0.475347887290761	-2.8572403613205	0.00427342093741329	0.0271659156593602
"AEE17572.1"	1016.30527114104	-1.35746263030639	0.438277860371286	-3.09726489299829	0.00195315257713937	0.0146953772148833
"ACU35821.1"	1128.04859994618	-1.35696504834189	0.404763684172072	-3.35248714596892	0.00080088960341229	0.00720260370611323
"BAR50387.1"	45.0022082361736	-1.35635818904915	0.465111838501886	-2.91619794804181	0.00354325620878384	0.0235063982988418
"ARU43350.1"	113.996943611989	-1.35619297251658	0.407385298509312	-3.32901795297747	0.000871527863308691	0.00770909764966512
"AFK85374.1"	52.5859436432187	-1.35612644014993	0.496568403684572	-2.73099623352469	0.00631431932741598	0.0366754530892817
"AQA10055.1"	517.915589251409	-1.35530254100949	0.414893154589471	-3.26663027822317	0.00108835717572085	0.00921368233791383
"ARP68762.1"	206.559027115372	-1.35505871926742	0.37120429240859	-3.65043925132171	0.000261792223322471	0.0028429538728223
"ADG73370.1"	1037.73805180252	-1.35373886465345	0.300427653462913	-4.506039470899	6.60488066061808e-06	0.000123851466158516
"ADU23015.1"	40.5903672233144	-1.35372583352092	0.354969825452529	-3.81363636133055	0.000136936913122147	0.00164394760710447
"AEA85798.1"	181.835447928367	-1.35360888727288	0.446709211020591	-3.03017903790323	0.00244408808100484	0.017522327763332
"ADO41411.1"	445.216588927607	1.35328392739804	0.439628211534451	3.07824632699211	0.00208222721788038	0.0154544096478735
"ACU53432.1"	420.958135096612	-1.35192382104061	0.439124809049708	-3.07867784552245	0.00207921386082383	0.0154361366342148
"AHK28971.1"	74.5056271461726	1.35185924935735	0.411139017346385	3.28808308703626	0.00100872064785771	0.00866527869206032
"AAU90416.1"	317.754517221062	-1.3506496493434	0.322300499451802	-4.19065329293844	2.78152416332161e-05	0.000429991996004152
"AAZ45772.1"	208.593543114383	-1.35043099297284	0.33680103645193	-4.00958087065026	6.08266186248972e-05	0.000840846488006649
"AIF08714.1"	80.3546293924693	1.35014618759662	0.449027062619598	3.00682586862349	0.00263990936146762	0.0186304266406976
"ADO08821.1"	89.539870749125	-1.34929736256223	0.462848423149366	-2.91520354197425	0.00355456634327164	0.0235702603851807
"AEV16781.1"	131.922928524572	-1.34924156062151	0.374525366566528	-3.60253718724241	0.000315126301435347	0.0033178924163159
"AGP53821.1"	90.3023417091083	1.34913206154361	0.261524095711811	5.15872947718859	2.48631243102026e-07	6.93986069978496e-06
"ABL80576.1"	304.886822615504	1.34902160032325	0.359685304416482	3.75056079233419	0.000176439520046205	0.00203863012926684
"ABO89240.1"	101.299848111141	1.34707773621951	0.395824423842275	3.40322035498316	0.000665965468996224	0.00617029096381694
"AAT85054.1"	52.920162623325	1.34677050589962	0.474164400602647	2.84030286581598	0.00450707203278966	0.0282787961967681
"ADU15048.1"	138.215103745334	-1.34587536575206	0.38264521264022	-3.51729309891435	0.000435972085437221	0.00433125425972336
"AGK12841.1"	106.901307378119	-1.34516116314887	0.365889896819797	-3.67640969275348	0.000236539537078424	0.0026215997149832
"ADU10320.1"	281.281015425318	-1.34494537892828	0.373148120965714	-3.60432038475108	0.000312970798423893	0.00330253495423881
"ACB63427.1"	192.41193262296	-1.3444426780783	0.354198019660119	-3.79573742215837	0.000147205239781652	0.00174699359598437
"AOB28041.1"	356.808405247453	-1.34441851184629	0.299981599881402	-4.48166991701429	7.40612317984466e-06	0.000137087745792015
"ACP32689.1"	123.18970129331	1.34374183852674	0.471638962701787	2.84908997091568	0.00438444797863632	0.0276831316215387
"ADB34215.1"	908.106506038922	-1.34373736716426	0.323427098502516	-4.15468392532917	3.2573750814132e-05	0.000492937690698616
"AAU92262.1"	263.585891433272	-1.34371897353971	0.460676219584441	-2.91684032388698	0.00353596739800531	0.0234802996381776
"ADE09306.1"	115.667119728119	-1.34360383520915	0.435171755987179	-3.08752536607346	0.00201830545645673	0.0150839507632041
"AKG47134.1"	272.236931004326	-1.34344252808112	0.388208245718995	-3.4606233713376	0.00053892622616893	0.00516881761830263
"ABI77634.1"	162.277409031685	1.34297152139121	0.500000717831166	2.6859391866807	0.00723262515035413	0.040757764434242
"ABF39655.1"	147.848290484656	-1.34116934223901	0.453431385371886	-2.95782203329184	0.00309820939829599	0.0211899765987471
"ABY34112.1"	152.022980835878	-1.34058467058505	0.387006354350362	-3.46398619949119	0.000532233815005081	0.00512923162990783
"AEI63450.1"	592.019377094811	1.33972798530826	0.27888082975611	4.80394434597706	1.55570087837674e-06	3.41595308164981e-05
"AMO78461.1"	82.9851106793523	-1.33948190332872	0.400313558803892	-3.34608177482421	0.000819622198796873	0.00734982161355454
"ADU09912.1"	199.321425752564	1.33935297127081	0.291785051686877	4.59020420521101	4.42812575025339e-06	8.74875148229315e-05
"ACZ91113.1"	258.777535513919	1.33878750824956	0.438527231139827	3.05291761419185	0.00226628148170741	0.0164839741132451
"ADO70097.1"	137.21916831731	1.33771127740313	0.407628358724627	3.28169335810814	0.00103185751002788	0.0088099673225802
"ACS57253.1"	98.5785894391628	1.33750773697293	0.489043626193479	2.7349456476584	0.00623905770842062	0.0363184235540122
"ACG60512.1"	70.3845963505029	-1.33714112388364	0.512863089120416	-2.60720873123644	0.0091283695684401	0.0486795109030241
"AAU43048.1"	31.0460478119531	-1.33646416976898	0.483332790569879	-2.76510138737577	0.00569051059785095	0.0337238642458584
"AMR65553.1"	367.309704050218	-1.3362531969616	0.334744495841494	-3.99186010094795	6.55570454454121e-05	0.0008933449502329
"AFU98526.1"	159.101168580445	-1.33588225766757	0.411426310082444	-3.24695388926362	0.00116647286619944	0.00973950920433027
"ABS02532.1"	795.047461441196	1.33583160383255	0.250202158165631	5.33900911817174	9.3455944618619e-08	3.03878353721586e-06
"ACF52074.1"	641.894973700098	-1.33506185152581	0.335232599191331	-3.98249410930301	6.81958156107465e-05	0.000925004871045765
"ACK53848.1"	208.540441172857	-1.33488302487832	0.502778030228045	-2.65501462797183	0.00793049694722716	0.0436965543268198
"ACY86213.1"	24.1383174840734	-1.33327804405015	0.507995071021104	-2.62458854447184	0.00867537325212456	0.0468433579873909
"ANS62883.1"	227.175419819075	-1.33243939989224	0.433209593664484	-3.07573844018839	0.00209981959286722	0.0155273505868755
"ADI13057.1"	64.6710436508583	-1.33180425403842	0.398069838105816	-3.34565477348322	0.000820885310932435	0.00735643571218452
"AEA67472.1"	264.641906064283	1.33171244899562	0.412392353755998	3.22923651921917	0.00124121195433602	0.0102222888132235
"CCA59891.1"	639.346135443408	-1.33149715600032	0.342655038295578	-3.88582395467875	0.000101983393952539	0.00129896592224535
"ACO77321.1"	112.529840075454	-1.33127550121517	0.350694599209311	-3.79611064503619	0.000146983917453227	0.00174510676548793
"ABQ77323.1"	120.206979267817	-1.33115074193815	0.498976865306029	-2.66776044039985	0.0076358682004252	0.0424245136054213
"ADL01829.1"	273.515270351218	-1.33105459200131	0.404298960915924	-3.29225330924882	0.000993880488403836	0.00855354385286007
"AKU07896.1"	167.799805217678	1.33024123585688	0.264810835405374	5.02336406975393	5.07741644496355e-07	1.28523825310307e-05
"ACC76164.1"	61.2398362512053	-1.32942990691926	0.509696794357131	-2.6082759821867	0.0090999553338046	0.0486094923726757
"AGJ52853.1"	68.8302910026616	-1.32932077476207	0.416558342320236	-3.19119950247002	0.00141683409602242	0.0113403188913427
"SCG41663.1"	229.732058323745	-1.32929286054889	0.393639995182599	-3.3769253043819	0.000733009529342697	0.00669537839591456
"ACX67374.1"	95.9611533859224	-1.32917203800603	0.501990704885858	-2.6478020908938	0.00810169389322988	0.0443951893198011
"ACT07147.1"	34.2873869061764	1.32873216468159	0.481670136986107	2.75859361553053	0.00580506753217457	0.0342866393735779
"AEA64189.1"	1008.61283382708	-1.32844662896446	0.478404130838829	-2.77682934433525	0.0054891991612121	0.032864760418583
"CBL17231.1"	75.8266757367231	-1.32818791011652	0.419149880040274	-3.16876605091454	0.00153087566007272	0.0120219901765486
"ANI57733.1"	121.18170168632	-1.32719410423172	0.353435473786008	-3.75512420984457	0.000173255534727571	0.00200598095543138
"ABN82261.1"	144.141858620305	-1.32679831639714	0.448228602339169	-2.96009292908346	0.0030754625799988	0.0210772705972207
"ADB49808.1"	584.052029712444	1.32625132966053	0.255605813128058	5.18865871409613	2.1181418702559e-07	6.06954962125733e-06
"ACM05144.1"	102.380179223476	-1.32569979673805	0.364185557902711	-3.64017673949664	0.000272450964106045	0.00293818844033623
"ADH91676.1"	282.688545650444	-1.32556406199094	0.376848138048618	-3.51750195411587	0.000435629143050822	0.00432938356011743
"ACD05971.1"	141.410910058978	-1.32461566188662	0.431600765713554	-3.06907625545258	0.00214721775943711	0.0158071755468765
"ADI10340.1"	714.854310841581	-1.32430821909954	0.258400021631686	-5.12503137862412	2.9748819781552e-07	8.02358341622669e-06
"AMK53201.1"	66.2314452216455	-1.32402522340586	0.440836859266428	-3.00343584156982	0.00266949828083398	0.0188060578435401
"SDS18558.1"	98.541991379508	1.32375320968237	0.447692321693968	2.95683697382521	0.00310812403455907	0.0212335384264314
"ACS58572.1"	363.035342787143	-1.32341510361079	0.374036955891585	-3.53819343988668	0.000402874795339219	0.00406007299147472
"BAD01325.1"	389.095847450617	1.32338984645379	0.351157364782831	3.76865183298157	0.000164131635912605	0.00191771751841682
"ACU38428.1"	1284.82178787296	-1.32296229041872	0.42294104673385	-3.12800637496706	0.0017599636395418	0.0134696397082045
"ABD10952.1"	122.815080575069	-1.32272397943297	0.462763817457925	-2.85831331131076	0.0042589963832862	0.0271049926679883
"ABN05788.1"	567.286616488509	-1.32267622693219	0.424567768777256	-3.11534771172447	0.00183728191521974	0.0139621456293409
"ACE86341.1"	74.8284216705339	1.32254171563078	0.474122566473405	2.7894511022077	0.00527974684779504	0.0318011602303937
"AEM83745.1"	194.99001898358	-1.32230253414144	0.312032691889514	-4.23770511395533	2.25816089626267e-05	0.000358183979896712
"AOR79043.1"	770.008601472848	-1.32214144114768	0.218805635037429	-6.04253835108731	1.51708272494627e-09	8.05925008872786e-08
"ABM44117.1"	165.23172931771	-1.32175173413923	0.338344155967639	-3.90653040942622	9.3630864731496e-05	0.00120908195988144
"AEI98258.1"	366.525859534598	-1.32055762577443	0.403374018629528	-3.27377958119627	0.00106119353620686	0.00901644134738917
"AKJ35912.1"	38.9369376321223	-1.32033359310415	0.368380562998516	-3.58415651020508	0.000338169272265521	0.00351685993549239
"ACB64075.1"	246.035282420986	-1.32008290722385	0.393334540586576	-3.35613268352996	0.000790406382878465	0.00713123335322769
"ACB26757.1"	486.857451893699	-1.31998644861375	0.423623803161288	-3.11594022517942	0.00183359436003401	0.0139379720010573
"ABQ38144.1"	232.006519414523	-1.31968760189537	0.321043595719869	-4.11061805776335	3.94601460709386e-05	0.000578390706493193
"ABO00409.1"	64.0450611100996	-1.3195494159507	0.358978214659503	-3.67584817703302	0.000237060480733787	0.00262633368366565
"ABL82334.1"	903.283655421986	-1.31921338733825	0.364053679239425	-3.62367821716382	0.000290442913530683	0.00310098838197072
"AAS95114.1"	91.2185989002061	-1.31914459081682	0.367861197914992	-3.58598460042436	0.000335808775810062	0.00349881000654205
"BAD68734.1"	113.454003920261	1.31826008306679	0.407307811111624	3.23652050636839	0.00120996532594501	0.010020633010322
"AHD21702.1"	102.357465343781	-1.31817876961969	0.425463602425885	-3.0982174787779	0.00194688500597644	0.0146715996305024
"ADE82486.1"	76.745876328745	-1.31809722172839	0.400937452564241	-3.28753827635296	0.00101067448966817	0.00867407817680873
"ACM00081.1"	127.071150347432	1.3172235013019	0.293918400890352	4.48159590318844	7.40869264835401e-06	0.000137087745792015
"AIS85832.1"	344.160173128248	-1.31658480900453	0.251252680318425	-5.24008264244566	1.6050470083615e-07	4.7752280601582e-06
"AEL08362.1"	123.531823098927	-1.31633587414843	0.340717391396998	-3.86342437276604	0.000111808519526734	0.00140050400772823
"AAY47897.1"	440.206717045544	-1.31611880785642	0.26892474374532	-4.89400413486243	9.88047612000193e-07	2.31089230957038e-05
"AJZ89040.1"	98.3772771480316	1.31564902947232	0.481641278159055	2.73159525383921	0.00630285183787077	0.036616443256491
"AEV37742.1"	50.0394592620547	-1.31554360220259	0.448453554261448	-2.93351137414697	0.00335151374019802	0.0224686251605804
"AKJ01116.1"	516.271353949845	-1.31497080022052	0.396701329650125	-3.3147627747562	0.00091720926823554	0.0080395086642211
"ACU86690.1"	507.297711297872	-1.31438219993215	0.365402760825648	-3.59707791195182	0.000321812113173211	0.00337588368935139
"AEU34729.1"	287.389682158143	-1.31414890756137	0.424924680837706	-3.09266316320018	0.00198369151754568	0.014868923085732
"ADG30488.1"	377.515378630891	-1.31408902587115	0.412348059785908	-3.18684420766629	0.00143834227496913	0.0114625193082937
"ACZ39406.1"	392.186928099459	1.31370026416141	0.378880656079249	3.46731943973045	0.000525676775761254	0.0050835395558591
"AFN75319.1"	56.6498564324138	-1.31358038208425	0.365240529209919	-3.59648033838348	0.000322551951340534	0.0033820840560785
"AEB82859.1"	418.829556703217	1.31330943940696	0.490124354678903	2.67954331766957	0.00737226638040376	0.041328387982736
"APE35327.1"	152.849221464014	-1.31302603660159	0.379538850370234	-3.4595299936245	0.000541119007764167	0.00518274640484626
"AMM08525.1"	47.7997823687891	-1.31277464073076	0.488321673070056	-2.68833990610617	0.00718082596603755	0.0405393030339155
"AHU89917.1"	360.946121623648	1.31211174117021	0.498079285941526	2.63434312207926	0.00843002496962747	0.0457555213357291
"AIO70654.1"	472.560151990211	-1.30992083636803	0.338286609561035	-3.87222195424113	0.000107847672948858	0.0013594342421775
"ACO70909.1"	173.466574498007	-1.30976630401111	0.443064804950854	-2.95615063389292	0.0031150491451813	0.0212600965062154
"ACG24143.1"	110.42199083971	1.3097356851514	0.465940808535948	2.81094864660336	0.00493956691271089	0.0302533614719436
"CUW25779.1"	72.6852008061395	-1.30958224099391	0.436988416501387	-2.99683513690975	0.00272798199843851	0.019136202462612
"AJC58336.1"	746.14534159206	-1.30940373700834	0.307125190870825	-4.26342018150854	2.01321435278951e-05	0.000325227634279834
"AIQ29078.1"	22.3881041414277	-1.309042025155	0.501962264754917	-2.60784946811517	0.00911130125668276	0.0486244173628774
"AIU17999.1"	45.1681768381885	-1.30877620234125	0.383896350543729	-3.40919157081742	0.000651557078495646	0.00605208758114271
"ADK86362.1"	265.894532431765	-1.30875507955606	0.317424004375111	-4.12305012071318	3.7388830336072e-05	0.000553244024359763
"AKH82793.1"	308.942589167263	-1.30838991615719	0.406924916356235	-3.21531040142005	0.00130303540016468	0.0106231156269687
"ABV98722.1"	253.958093886894	-1.30799993622118	0.387200401590822	-3.37809550518862	0.000729897261666879	0.0066728500615908
"ADF62328.1"	132.302065789078	-1.30779695454578	0.401198869946029	-3.25972242823544	0.00111521296995495	0.00940765848554237
"ACB46466.1"	1255.06211636567	1.3076677192629	0.414253552901131	3.1566843786974	0.00159573966844843	0.0124233391985212
"ADZ71036.1"	597.64372064668	-1.30734420446718	0.281666213418776	-4.64146618296546	3.45945644966242e-06	6.99284785305048e-05
"ACF83387.1"	159.002355578665	1.30714929633951	0.486331723498707	2.68777304292588	0.00719302678278022	0.040583631158951
"ACS84568.1"	107.525591940898	-1.30671646397723	0.409372653508565	-3.19199744481684	0.00141292582598533	0.0113179603502962
"AHX68231.1"	31.3270912159053	-1.30592857090648	0.363015129054691	-3.59744943497859	0.000321352942548553	0.00337456750922329
"AJX35797.1"	136.299391457648	-1.30591027457777	0.347290923434772	-3.76027758417086	0.000169724919511196	0.00197326364062933
"AEL06088.1"	137.606795316173	-1.30574382877407	0.413671117052377	-3.15647811739474	0.0015968686883357	0.0124286727268964
"ABO93653.1"	147.821049143593	-1.30514839898671	0.382711322374082	-3.41026858283276	0.000648989340392318	0.00603624769887819
"ABY30372.1"	352.343948333855	1.30489973806733	0.25958755690486	5.02681928835894	4.98681873849862e-07	1.26344775930323e-05
"ADJ62000.1"	138.457781456362	-1.3047677857066	0.498005887059144	-2.61998466205208	0.0087933721817066	0.0473203426484417
"ANG90878.1"	49.3762533787492	-1.30351039271473	0.440600574326443	-2.95848545977826	0.00309154826225716	0.0211719630993521
"AEX53498.1"	40.880720681153	-1.30319273811879	0.448911205723817	-2.90300781424591	0.0036959741492005	0.0243121457427202
"AEK45728.1"	191.318091499658	-1.30307001977828	0.337783117443206	-3.85771210130823	0.000114453347491485	0.00142727657744839
"ACL40866.1"	142.821139507139	-1.30306771964699	0.374748202844642	-3.47718203784743	0.000506713660784176	0.00492054909658771
"ADV82520.1"	62.1328164160444	-1.30300425769227	0.409091386613297	-3.18511780088874	0.00144695094487679	0.0115049243546636
"AFC55908.1"	43.3854894766598	-1.30165965757427	0.396869466432221	-3.27981809554648	0.00103874037489149	0.00885523006560965
"AGZ41235.1"	207.162113422933	1.30163468355033	0.410819201698364	3.16838813319643	0.00153286727295079	0.0120308809009056
"AAT49296.1"	68.3900263460433	-1.30034353016736	0.463173682409335	-2.80746419659088	0.00499332301918081	0.0304674990347926
"AJP01078.1"	704.512538007458	-1.30029209575091	0.40260510738357	-3.2296959772845	0.00123921917506673	0.0102128878496227
"AEF18224.1"	43.7592889423993	-1.2996818830213	0.452646730705369	-2.87129409063881	0.00408795010502319	0.0262491401697774
"AEI40526.1"	83.1353228198152	-1.299247261664	0.467126087368879	-2.78136309830629	0.00541311561198397	0.03244392735455
"ANH27201.1"	30.3336998242431	-1.29862592918789	0.400355081453468	-3.24368539166106	0.00117993995463824	0.0098226580345085
"AFM15856.1"	176.415578745545	1.2980978739701	0.338384424168237	3.83616319563432	0.000124971381285341	0.00153451701336159
"AGZ43417.1"	144.501469272358	1.2980643787043	0.403732996552854	3.21515553543409	0.00130373861507614	0.0106257543719568
"ABF79053.1"	47.0862709320116	-1.29718441018313	0.487398831014597	-2.66144341684783	0.0077806417059313	0.0430487836362159
"AGP59822.1"	114.711382889569	-1.29601702055504	0.495281609637595	-2.61672752497989	0.00887771762696559	0.0476496515882915
"ADW02651.1"	407.283736253822	1.29570471819449	0.417575874325042	3.10292044598801	0.0019162114305107	0.0144755140875817
"AFJ26926.1"	105.422696710389	1.29546292461202	0.416879344843019	3.10752485254419	0.00188661121915082	0.0142904674489573
"AHI23794.1"	142.105010388398	-1.2950434200524	0.49193155332432	-2.63256831423172	0.00847419790844864	0.0459151625014376
"APC36949.1"	428.780155747405	-1.29469683491385	0.3805065617538	-3.40256112521801	0.000667574204188526	0.0061762747589101
"AHH94967.1"	400.868097424794	1.29423759128444	0.343393906446381	3.7689591078592	0.000163929738571631	0.00191771751841682
"AEC53450.1"	507.643188137428	-1.2938324656159	0.327193735255899	-3.95433141347891	7.67489652026178e-05	0.00102025832374762
"AAY47705.1"	41.5206681657345	-1.29295060647316	0.2593772827514	-4.98482593678949	6.20176184976314e-07	1.53786115806881e-05
"AGN70502.1"	66.9074172814	-1.29243577317771	0.426986847856751	-3.02687490180332	0.00247096196305314	0.0176787761609087
"SDS90897.1"	203.110936998736	-1.29243520002774	0.417656446626973	-3.09449359746642	0.00197149189798387	0.0148012569525225
"AEA63077.1"	647.698116895394	-1.29148932933263	0.387787519193781	-3.33040457830532	0.00086719880883556	0.00767808281219492
"AIO37757.1"	212.392489199752	1.29125130146264	0.341560645179965	3.78044519965787	0.00015654817507406	0.00184148012998882
"AFO70072.1"	100.488625364955	-1.28965640332207	0.492864757697518	-2.61665372331929	0.00887963710822095	0.0476508185703956
"AEI43238.1"	210.564277739949	-1.28955604307217	0.397526152805039	-3.24395271599806	0.00117883313543919	0.00981636301598918
"AQX16543.1"	1107.45403765955	-1.28935157352165	0.401549746318114	-3.21093858318666	0.00132302207602475	0.0107641168382415
"AAZ47650.1"	467.966410130983	-1.28909438777668	0.332377394354561	-3.87840572094247	0.000105143259158329	0.00133496176117758
"ADT97053.1"	217.164264014364	-1.28855621891929	0.409468635989733	-3.14689845732555	0.00165012256811372	0.0127862804918106
"AEE48407.1"	46.8268738360985	-1.28842563565783	0.358740440680899	-3.59152604376682	0.000328747316420962	0.00343803133004156
"AJW78997.1"	828.743362761241	1.28833996585739	0.30007024938866	4.29346117611509	1.75909086368338e-05	0.000288334354916159
"APE38141.1"	199.343896485148	-1.28665514997278	0.38663041777916	-3.32786840043121	0.000875131956753332	0.00773364717843001
"AHX31436.1"	31.0103289168061	-1.28665282503631	0.418971006824741	-3.07098296559342	0.00213355322682598	0.0157393823816127
"AAM25311.1"	121.56130878088	-1.28647148203226	0.421001271014685	-3.05574251339348	0.00224503963134292	0.0163549647460516
"AHH94081.1"	728.599868801568	1.28600363616829	0.362993662963462	3.54277158909447	0.00039594548288308	0.00400176524866234
"BAV98595.1"	671.861466701347	-1.28561471755556	0.430124157229234	-2.98893864933607	0.00279948337287721	0.0195155220386132
"ACX74337.1"	97.7233751212366	-1.28541063674185	0.473845799651831	-2.71271928058945	0.00667336125070969	0.0382529528204071
"ADU10250.1"	321.45036817759	-1.28493061941797	0.296281616659629	-4.33685570473347	1.44535440725121e-05	0.000244792147522111
"SCE85913.1"	169.352955788283	1.28460074437284	0.450130522001882	2.85384056753092	0.00431942025123618	0.0273775162675137
"ACD98964.1"	99.2385519262249	-1.28405804786098	0.229018685770821	-5.60678288559361	2.06121958738545e-08	8.02585585096567e-07
"AGK57549.1"	156.375037843175	-1.28388372191637	0.284781301170873	-4.50831468441821	6.53446084684318e-06	0.000122777695213572
"AAM35551.1"	238.820728881108	-1.28362579117336	0.359952516888681	-3.56609755716846	0.000362336534912618	0.00373290268811079
"AEG44519.1"	2530.905335375	1.28288455695384	0.387419708273965	3.31135595209999	0.000928450266596499	0.00811197229769007
"ADI83853.1"	63.5239068821433	-1.28254484139536	0.436726388936902	-2.9367239394839	0.00331699234924187	0.0222876218444631
"ACI92895.1"	65.7710271130819	-1.28086407734162	0.492152440123615	-2.60257589502128	0.00925263332464642	0.0492548558688546
"ADG10252.1"	543.987455104717	-1.27912442189994	0.370939949715392	-3.4483328713485	0.000564058423841705	0.00536539076205014
"AEH77999.1"	96.5161048052998	-1.27911603097505	0.373766371809799	-3.42223412122789	0.000621088085941472	0.00581149132821439
"AGZ38525.1"	267.565071426701	1.27896971361412	0.372783112575181	3.43086816561784	0.000601652922795629	0.0056485161725642
"AEI42025.1"	823.000661587124	-1.27892601671743	0.331224837554321	-3.86120203472871	0.000112830553731873	0.00140955117459952
"ABY98744.1"	185.469530618388	1.27716238740288	0.39512367377605	3.23231046927033	0.00122793562961516	0.0101407922969635
"ADV81243.1"	97.4466890726284	-1.27678687422685	0.475595867857619	-2.68460464128566	0.00726156479571978	0.040865113849198
"ASF13300.1"	148.056362571262	-1.27619976600175	0.365416461671798	-3.49245285820752	0.000478606068660244	0.00468662311934669
"AHH99338.1"	211.109406328258	1.27568936905722	0.3531847872964	3.61196012665922	0.000303891300259421	0.00321897118504077
"AGL16228.1"	274.465969986873	1.27479036395283	0.419818744204613	3.03652559956092	0.00239321785810825	0.0172237859011822
"SEH81749.1"	189.622014172798	1.27446374282126	0.451073021473012	2.8254044958384	0.00472209626209822	0.0292332773750646
"ABF48722.1"	35.4070392563101	-1.2735379692443	0.453572330466574	-2.80779466404896	0.0049882021439834	0.0304645958165269
"ADG11713.1"	360.432756504832	-1.27322519333169	0.333661060520712	-3.81592383403893	0.000135674353796622	0.00163454191978945
"AEE48681.1"	21.3209066084434	-1.27319552628584	0.471034676937546	-2.70297621093117	0.00687216645923709	0.0391836599799506
"ACY49478.1"	290.423527952761	-1.27180895100991	0.451491981229349	-2.81690263367901	0.00484892230209395	0.0298390829939479
"SDT60053.1"	312.407781733071	-1.27151588434235	0.426340752365619	-2.98239348991891	0.00286004145074463	0.0198290540998134
"AKQ43218.2"	66.945700836456	-1.27132086662695	0.361288725607972	-3.51885009555055	0.000433421533131253	0.00431203597780474
"CKH60997.1"	29.1682962821637	-1.27118285738504	0.273827896554105	-4.6422693720465	3.44603188246624e-06	6.97074483970554e-05
"AEI40311.1"	44.1996633545719	-1.26979914228998	0.364735934923472	-3.48142044889654	0.0004987619101161	0.00485850328309336
"SBT43401.1"	809.268456320931	-1.26950448136994	0.431199574214781	-2.94412276190607	0.00323871506247944	0.0219150773736045
"AIJ17959.1"	2324.88442125309	1.26824232596504	0.438462167320532	2.89247834930742	0.00382215524259467	0.0249603587990857
"AFU04907.1"	217.442161214302	-1.26819858535264	0.466884942982044	-2.71629788969532	0.0066016488918198	0.0379818664972024
"ALA83240.1"	139.589861957558	-1.26736660709291	0.465609977672916	-2.72194898706235	0.00648981596331717	0.037505972306147
"AEN73587.1"	519.920857279692	-1.26620909313674	0.208015745517679	-6.08708292723505	1.14986420500117e-09	6.23868183783191e-08
"ABZ71199.1"	702.819938249048	-1.26599985120586	0.356247084815567	-3.55371287279805	0.00037983365905145	0.00386294138490046
"AQT60604.1"	91.6551344324687	-1.26562436194588	0.407566211616908	-3.1053220945987	0.00190071922551333	0.0143778804208245
"AEO68367.1"	151.953034932626	-1.26534987376717	0.416394765533542	-3.0388227194591	0.00237504571713359	0.0171238166100623
"ADL47079.1"	266.528044447396	-1.26493234115498	0.373307528998854	-3.38844583324453	0.000702899105843617	0.00647101722038734
"ADG73719.1"	842.419964536503	-1.26488472607361	0.450984452575062	-2.80471914020823	0.00503604409911854	0.0306764775019414
"ADB30605.1"	535.950721705615	-1.26483351827542	0.308949549018465	-4.09398078842907	4.24029460936868e-05	0.00061796610038462
"AFR47451.1"	111.202267451896	-1.26466430494835	0.321091004474218	-3.93864757133019	8.19421890220538e-05	0.00107853950346094
"AEB45130.1"	158.608900253764	-1.26449442041869	0.458493393376033	-2.7579337863689	0.0058167978927377	0.0343486761875311
"CAN94347.1"	143.552997248479	-1.26384661983101	0.330610062654454	-3.82277118150499	0.00013196022506369	0.00159790590868644
"AGT87625.1"	96.0069765466324	-1.2636011028255	0.357646697515445	-3.53309875808635	0.00041071901496427	0.00412575871651944
"ANY72974.1"	63.568052217058	-1.26342768221128	0.476608332589091	-2.65087199660973	0.00802842620078036	0.0441199859576833
"AHX31546.1"	39.7754844122459	-1.26226148911523	0.315437589292507	-4.00162039009474	6.29101720517061e-05	0.000863349596450767
"AIG77475.1"	403.222763962541	-1.26144297652443	0.354928752145923	-3.5540737933956	0.000379312766877423	0.00386013821210481
"ADE84011.1"	230.707695040042	1.26121173072982	0.403512053266615	3.12558626321005	0.00177451016518046	0.0135698406403694
"ABM57849.1"	358.874575358942	-1.26092608385615	0.303174155692888	-4.15908170330142	3.19529598799201e-05	0.000485116629500131
"AIW20954.1"	57.2238568484116	-1.26062673776448	0.393509180953967	-3.20355101933936	0.00135743986187293	0.0110057591581218
"ANS63411.1"	157.190194816556	1.25977344271809	0.448664009607855	2.8078326224989	0.00498761424958466	0.0304645958165269
"ABM16566.1"	144.521277627341	1.25957495378233	0.294866748639454	4.27167511967403	1.94010084798522e-05	0.000314323283218717
"ACL28421.1"	215.117383207326	1.25875631418836	0.362654458121466	3.47095226874821	0.000518616176739033	0.00502567617998822
"AEX85885.1"	70.2226777314791	-1.2586509804097	0.468235435900685	-2.68807288792356	0.00718657078618639	0.0405553791030184
"ACG43504.1"	243.819211579397	1.25716549724027	0.336052041679062	3.74098455393671	0.000183300787058663	0.00210746974722559
"ABQ66849.1"	301.851877011201	-1.25714860070736	0.270235850953044	-4.65204226705584	3.28663689818393e-06	6.70157950484758e-05
"CAY46429.1"	97.1994207720734	-1.25682397860111	0.407490055939546	-3.08430588742409	0.00204027702801331	0.0152035122907268
"ABV11427.1"	151.92376597385	-1.25629290577275	0.432153834527069	-2.90705023396954	0.00364854601361978	0.0240680240804193
"AEE45837.1"	1481.95444343238	-1.25620287662353	0.280192373036236	-4.48335856901099	7.34773081863972e-06	0.00013622984900572
"AIC64238.1"	54.0608483156934	-1.25567216449507	0.40694033519833	-3.08564193786072	0.00203113254849996	0.0151545823809383
"ACZ78668.1"	39.4801505352319	-1.2556330764605	0.416610880609136	-3.01392290720927	0.00257893329311269	0.0183016011340894
"SMQ49199.1"	61.8931550105981	-1.25478816061626	0.472647949725919	-2.65480504325448	0.00793542558963837	0.0437065069461963
"ALN60193.1"	426.437233946454	1.25436034496656	0.364555757658885	3.44079148007935	0.000580015335451117	0.00548399504602819
"ACX75583.1"	31.85050671375	-1.25430358528621	0.43657312587462	-2.87306641418518	0.0040650864942442	0.0261262996999221
"ABE33945.1"	439.376328525847	1.25427869950406	0.283812707883681	4.41938878937768	9.89804402048229e-06	0.000177132664383301
"ANQ22212.1"	30.3587935699489	-1.25386402623429	0.451621662150693	-2.77635935411777	0.00549714129914161	0.0328906515693687
"ABF43153.1"	128.716279794054	1.25384275852494	0.412892791742651	3.03672716889289	0.00239161819641682	0.0172228183203087
"ACU73792.1"	715.749587742862	1.25334134253988	0.451496832921992	2.77596928959284	0.00550374068565937	0.0329014536267173
"AEI45885.1"	100.909900313809	-1.25280057449678	0.388469812840853	-3.22496248893867	0.00125989175438798	0.0103410604519354
"ACL08870.1"	645.888627574811	-1.25272465606903	0.442723746937774	-2.82958541242448	0.00466083573752172	0.028977294538676
"ADU34243.1"	357.633820101096	-1.25271482968875	0.254114367333977	-4.92972846372882	8.23439879617581e-07	1.97371771145324e-05
"AMU95187.1"	280.536427085022	1.25244994015322	0.298236055949157	4.1995255609427	2.67474835778224e-05	0.000414860138639731
"ACR19254.1"	139.071473250883	-1.25240440183526	0.366236203692275	-3.41966301858999	0.000626987524366833	0.00585104757739128
"AIZ16361.1"	1319.20102050779	-1.25232704741074	0.456722327597791	-2.74198779375986	0.00610686109193458	0.0356777302023791
"AGL20747.1"	239.319032576009	-1.25229035551466	0.33347326271412	-3.75529463838372	0.000173137676656103	0.00200598095543138
"ACL94308.1"	116.821501380812	-1.25145685691319	0.288722242725925	-4.33446638921116	1.46114109316886e-05	0.000246273967756504
"AKZ57851.1"	175.4529149197	1.25099219684848	0.447935336764501	2.79279640200875	0.00522545698563101	0.0315463009962344
"ADT70772.1"	376.077752790094	-1.25034425041202	0.289402860423268	-4.32042810006551	1.55726791460957e-05	0.000258891167086754
"ADW07285.1"	299.290514962287	-1.25017662094274	0.332918535519409	-3.75520281258072	0.000173201168456659	0.00200598095543138
"ACM00569.1"	266.461749866402	-1.24981790390838	0.311860544471674	-4.00761791147934	6.13342422113411e-05	0.000846702882124608
"ACB74628.1"	407.873271254012	1.24981012040879	0.360790481072298	3.46408840026559	0.000532031641557823	0.00512904884196033
"AIQ63112.1"	115.969065924104	-1.24914662783778	0.405914687497255	-3.07736247618837	0.00208841178633347	0.0154838920471906
"ACU39968.1"	1010.19584173398	-1.24902961050884	0.351290512288264	-3.55554609879102	0.000377194797964634	0.00384557376686741
"CQR64715.1"	191.33678383232	1.24862613148341	0.319861549501441	3.90364560363573	9.47545012070227e-05	0.00122133840506068
"ADJ45078.1"	122.993848963055	-1.24844009960229	0.374423003119705	-3.33430395355051	0.000855131570583565	0.00760249712609002
"ADG73256.1"	385.270221861066	-1.24836272317126	0.28871489282295	-4.32385981535354	1.53322744094136e-05	0.000255501401408299
"ABM15634.1"	320.192533874853	-1.24804799669959	0.31615608422521	-3.94756912478257	7.89487271441524e-05	0.00104454090979569
"ACU35739.1"	982.349651514605	-1.24767280104906	0.322603622355553	-3.86751020319899	0.00010995222939559	0.00138098816247597
"ABA73040.1"	287.712338139618	1.2473804647649	0.322877834985368	3.86332020846654	0.000111856228078308	0.00140050400772823
"ARW83771.1"	76.3975221120962	-1.24601455648876	0.470416028144976	-2.64875021670128	0.00807900188548044	0.0443314761170828
"ACT91898.1"	142.045846220581	-1.24554107093731	0.443262723201969	-2.80993867912008	0.00495509399220992	0.0303219259903626
"AFH63098.1"	246.837232450943	-1.24550625323675	0.444179817312224	-2.80405863727314	0.00504637264823827	0.0306995772095977
"AGL19116.1"	307.412631828369	-1.24535828709433	0.41130259617278	-3.02783959713005	0.00246308789107353	0.0176317948389786
"AGS49436.1"	145.061718157994	-1.24480596835454	0.376835973339716	-3.30330981228363	0.000955507592285261	0.0083075747060926
"ABQ71626.1"	48.0939063715972	1.24271473446321	0.424646189863159	2.92647094011057	0.00342831532859067	0.0228907732449515
"CAK37997.1"	68.84181583665	-1.2423158605398	0.425641400506997	-2.91869131870169	0.00351504103949274	0.0233801589312518
"ABR60945.1"	55.9055728523524	-1.2419512768003	0.412202970297159	-3.01296052259151	0.00258712569934495	0.0183436219586743
"AFZ68372.1"	164.228265874832	1.24179216402183	0.466007960210064	2.66474453239395	0.00770468280709018	0.0427467895099676
"ABM13861.1"	583.445007061455	1.24174056476906	0.349095678017652	3.55702073374358	0.000375084562401387	0.00383383256991209
"AEF22527.1"	591.5445712965	-1.24172898252197	0.302150539092354	-4.10963682623924	3.96281855941879e-05	0.000580549808422231
"ACU95608.1"	311.131525857147	1.24164189845028	0.427726786359864	2.90288552890779	0.00369741757037865	0.0243159272493119
"ADL47150.1"	321.290815394276	-1.24133832340938	0.299031782108756	-4.15119193904917	3.30748236315823e-05	0.000499440540663311
"ACU72608.1"	681.432024325031	1.2405876815397	0.356986584077353	3.47516611792583	0.000510537092297346	0.00495424486514957
"ACI28729.1"	137.034283500686	-1.2396992111778	0.332997041485101	-3.72285352941572	0.000196983807091945	0.00224725291904894
"AAM38765.1"	412.877726590588	-1.23964897367149	0.435303796824972	-2.84777891374545	0.00440254973303398	0.0277439003903317
"AOD20260.1"	153.813558933086	-1.23934934760442	0.439051508908784	-2.82278803843469	0.00476080352753715	0.0294223963701833
"SDV09827.1"	199.244136214691	-1.2390968375244	0.4688507952066	-2.64283829779662	0.00822142887369016	0.0449018967514299
"AIQ13535.1"	38.5113951733932	1.23853096858908	0.422440119657889	2.93184977220462	0.00336949696361868	0.0225729688905165
"ACA98172.1"	88.9593156226717	-1.23820804286507	0.464500414786756	-2.66567693687316	0.00768334881977658	0.0426537841678495
"AIG73425.1"	90.2266617781413	-1.23782519985538	0.3812759499868	-3.24653364550854	0.00116819639028935	0.00974518061458302
"AEM82928.1"	229.747113725437	1.2377318881702	0.31804511475809	3.89168652727659	9.9549812537775e-05	0.00127260116520893
"ADO69422.1"	383.423302791205	1.2375825772785	0.432026238067291	2.86460049930054	0.00417535638409618	0.0266940573941897
"AEG44915.1"	1267.74520029907	-1.23722925978642	0.257996864179913	-4.79552053362806	1.62252947713952e-06	3.54877619078109e-05
"APG07231.1"	135.517161382075	-1.23637726203453	0.352888877614637	-3.50358807110006	0.000459034835159622	0.00452664291832645
"AEN10445.1"	254.19431590767	-1.23622638397536	0.346675385050069	-3.5659479654052	0.000362543306507117	0.00373290268811079
"AQW55733.1"	73.7539933706168	-1.23564062686042	0.469210916552928	-2.63344390181304	0.0084523797312911	0.0458413062683506
"ABG79371.1"	80.1712506836522	-1.23514075288441	0.451126603713753	-2.73790271448528	0.00618323641042948	0.0360548707162533
"ABI65876.1"	246.808325783623	-1.23455576461332	0.35109264008854	-3.51632482042912	0.000437565303961406	0.00434554035108319
"AEO17039.1"	23.7854999462516	-1.23433465196005	0.468670283777988	-2.63369514706583	0.00844612840274979	0.0458288537396141
"ANK12521.1"	204.531354727705	-1.23411533642324	0.466796049185096	-2.64379987486545	0.00819811110444315	0.0448095116126494
"AII53501.1"	134.054005652008	-1.23342882044735	0.364563841322283	-3.38329993444679	0.000716203680384459	0.00657404532329289
"ABF91607.1"	576.080059607604	1.23340609578294	0.2450040275954	5.03422783653088	4.7977877957221e-07	1.2221916936218e-05
"ABL66487.1"	41.4214470770422	-1.2321740179821	0.42740331681701	-2.88293040671383	0.00393994475177299	0.0255271217937136
"AAY47120.1"	24.0773229138327	1.2315317951691	0.419036059682959	2.93896376388437	0.00329311572910587	0.0221857105595457
"ABQ36816.1"	114.586297865154	1.23068666008535	0.418451749035655	2.94104795336986	0.00327103891043475	0.0220718258222539
"AEV83903.1"	348.562821289231	1.23051430590985	0.393339109836841	3.12838025799233	0.00175772614894697	0.0134561939474759
"AAQ06408.1"	32.7555908902836	-1.23015395554736	0.456175185771244	-2.69667003799774	0.00700366304399761	0.0397825872109333
"AKJ29761.1"	327.121197960983	-1.22994613510755	0.354889412494637	-3.46571661989533	0.000528820335885203	0.00510512211153178
"AIU24623.1"	44.6699092236655	-1.22976105729209	0.361405216795963	-3.40272082454849	0.000667184154554221	0.00617470664161983
"AAR34337.1"	63.0825120250237	-1.2293816330926	0.448402059795453	-2.74169488350123	0.0061123089797955	0.0357021076983841
"ABV92449.1"	633.731814427978	1.22875915532029	0.384736081809829	3.19377155773931	0.00140427192717501	0.011284847032802
"AGK75525.1"	425.523481682761	-1.22787214969866	0.283156002159904	-4.33638044163814	1.44848154891287e-05	0.000244954800276087
"AIQ47400.1"	153.648532454373	-1.2270178876034	0.3888083180408	-3.15584268820773	0.001600351483605	0.0124454000375015
"ABE61979.1"	240.833894589825	-1.22493511043089	0.364961826508181	-3.35633762618576	0.000789820841443457	0.00712824767151871
"ADU26244.1"	119.722786429593	-1.22487395518446	0.371286496418304	-3.29899947076037	0.000970300942136643	0.00841007590590014
"ALC19119.1"	240.57966760574	-1.22468420565381	0.371585246894575	-3.29583646253122	0.000981291197065671	0.0084790828250156
"ADN60708.1"	269.363223558728	1.22369808023333	0.350349394735868	3.49279347594105	0.000477996033546332	0.00468228724813265
"BAQ49069.1"	535.721922064219	1.22307721884102	0.259677494073424	4.70998545024158	2.47734476045081e-06	5.21079969298129e-05
"AKN72611.1"	142.146900815861	-1.2221353145177	0.312316010475167	-3.91313693031077	9.11048384733831e-05	0.00118081993421335
"ADH92141.1"	63.2759769497355	-1.22170231924808	0.432780537322971	-2.82291418834382	0.00475893072610374	0.0294173160980349
"AEM87379.1"	835.08865058459	-1.2211099011565	0.319797227747644	-3.81838801341984	0.000134326536413972	0.00162304950947154
"ACS54636.1"	276.276579138962	-1.21993111988248	0.378085479472805	-3.2266013537032	0.00125269856786036	0.0102966967427536
"ABR60946.1"	157.454546401398	-1.21881316187556	0.437942484285302	-2.78304390555896	0.00538515181406179	0.0323011943734139
"AIS00037.1"	450.116468605665	1.2187464099852	0.323113301007716	3.77188560849772	0.000162018534111128	0.00189706017606655
"ACS39039.1"	323.929931704677	1.21848047782652	0.338189757142427	3.60294909024511	0.000314627168311992	0.00331589545385409
"AQS65828.1"	135.987580452261	1.21835819610839	0.44595165890776	2.73204095504979	0.00629433161568162	0.0365745346435497
"ACU72743.1"	681.213143718273	1.21812183782552	0.220069029032006	5.53518068027808	3.10907681619144e-08	1.16055619394794e-06
"ACZ86276.1"	697.32908013523	-1.21797386184122	0.325511745197748	-3.74172016773557	0.000182764960391495	0.00210304592814581
"ACZ29786.1"	2831.68373869825	-1.21794197697093	0.431387966845266	-2.8233100377781	0.00475305833664465	0.0293939962873213
"AAZ98315.1"	760.568175322165	1.2178506736468	0.436464534661265	2.79026261456034	0.00526653045685481	0.0317420423401738
"ACB95495.1"	231.456823837912	-1.21514422416207	0.310166695359794	-3.91771341778815	8.93928919121593e-05	0.00116185858958812
"EAA27355.1"	170.070305607359	-1.21443841892605	0.414215606103718	-2.93189923564096	0.0033689603632578	0.0225729688905165
"ALP54059.1"	597.556392829575	-1.21260288373678	0.403017828614763	-3.00880704931762	0.00262275627212296	0.0185371500494027
"ACS41009.1"	222.626128644346	1.21245219520292	0.234604804385446	5.16806208798226	2.36533739382289e-07	6.67540178200259e-06
"ABG64714.1"	57.6379120733882	1.21175152684702	0.449416490235605	2.69627740230842	0.00701192453936741	0.0398012630020552
"AEV83906.1"	467.128474574995	-1.21099620967646	0.30226903175398	-4.00635223082365	6.16636727670864e-05	0.000850727180854523
"AKV04087.1"	162.89251927465	-1.21080941961247	0.424706282864762	-2.85093361804121	0.0043591068918037	0.0275729084908181
"ABE45922.1"	157.265682815629	-1.21068289293353	0.35896153114716	-3.37273715393531	0.000744249630256578	0.00677907426289659
"SDG33663.1"	81.7162257074151	1.21008807711242	0.316079270741964	3.82843226090677	0.000128962113984392	0.00157043207616661
"ABN76874.1"	525.184343624772	1.20968997163204	0.373255767659994	3.24091434464844	0.0011914697891805	0.00989510181486129
"ARB28859.1"	124.288208383957	1.20959982004631	0.375557155212542	3.22081420432996	0.00127826987593842	0.01046081363542
"ADB44000.1"	130.690991919589	1.20907281950856	0.429841179902086	2.81283617308136	0.00491066630221024	0.0301356891268474
"ADG89529.1"	373.688930330223	-1.20890680017214	0.268616146166297	-4.50049938332344	6.77940014656425e-06	0.000126446426717663
"ABK38776.1"	27.4867604060099	-1.20839590776793	0.43159958158584	-2.79980787592026	0.00511330297676893	0.0309852879085764
"ADG31903.1"	164.407938960256	-1.20723072965817	0.39988703913246	-3.0189293763489	0.00253669657441151	0.0180613828324579
"ANF83622.1"	109.743880194807	-1.20718632310514	0.325795875752841	-3.70534562574068	0.00021110267300361	0.00238211625691619
"AIY41926.1"	62.5939059496564	-1.20701439648508	0.399982424369879	-3.01766858477989	0.00254727313035816	0.0181274678590511
"ACN39731.1"	366.749735691919	1.20694665298194	0.35864744015337	3.36527329587466	0.000764678769895502	0.00693038097830835
"ACQ79186.1"	475.312120222719	-1.2069029853829	0.288248645122476	-4.18702049707844	2.82640309718063e-05	0.000435966838064291
"AAR15893.1"	153.288167082362	1.20653735387635	0.36153676353314	3.33724665255448	0.000846128224160887	0.00753441659147844
"ACU38454.1"	390.710293947066	-1.20522632498081	0.377939279793948	-3.18894168829949	0.00142794678756972	0.0114023953978328
"ACF50247.1"	415.369731162443	-1.20513176669344	0.402669856319144	-2.99285319668499	0.00276382658645109	0.0193054114556599
"AIR54797.1"	25.6701048710467	-1.20479024903775	0.386201514711222	-3.11958965240885	0.00181103139401135	0.0138001183741812
"ABK73078.1"	29.3284559742715	-1.20408911387375	0.32592615849117	-3.69436169053724	0.000220439840451506	0.00246956133384569
"ACQ81535.1"	455.451886482094	-1.20398251427294	0.393035255683525	-3.06329393320988	0.00218914918203126	0.0160522316658321
"AHD20974.1"	104.516232951642	-1.20356940194439	0.439228883926604	-2.74018728273233	0.00614041840748349	0.0358438602451851
"ADC57421.1"	93.2214891286899	-1.20337193000374	0.398317998280528	-3.02113370522672	0.00251830130718583	0.0179669631488213
"ALO91892.1"	169.56840396816	-1.20281731602839	0.388581211977963	-3.09540780395889	0.00196542464774591	0.0147794865533963
"ABC22666.1"	480.983030221274	-1.20252899142916	0.385673223327921	-3.11799969168899	0.00182082994046673	0.0138634634248862
"CUW26755.1"	150.239880620872	-1.20246193365831	0.364269374924298	-3.30102395763632	0.000963326563549971	0.00836516453881669
"ABL98326.1"	57.7465545433227	1.20238809424651	0.458289185394513	2.62364492238988	0.00869944262746027	0.0469357478894542
"ACF50425.1"	203.91605934163	-1.20179253098622	0.317691097229902	-3.78289647228145	0.000155013900884538	0.00182727122912148
"AEG03616.1"	94.956421824903	-1.20174074279857	0.376382106756534	-3.1928742658745	0.00140864267680448	0.0112998167277416
"AEG52607.1"	101.941626294297	-1.20106724367048	0.397319371943101	-3.02292646290218	0.00250343069191757	0.0178836554352958
"AEF39284.1"	101.202457455229	-1.20079385673596	0.444747497375171	-2.69994516848965	0.00693509048186741	0.0394703787620167
"AKN70875.1"	582.475221682197	-1.20073066046599	0.42305134853052	-2.83826222191883	0.00453599013761559	0.0283965965770765
"CRY80061.1"	151.474830431051	-1.19966046686247	0.343853247318867	-3.48887345463974	0.000485060722826215	0.00473822749345524
"ABD88457.1"	100.561265204879	1.19951271228311	0.357265939740046	3.35747850230533	0.000786568597830762	0.00710118492901323
"ABK52389.1"	652.868649993437	1.19920093736581	0.44150744271165	2.71615112533676	0.00660457624646289	0.0379841629405981
"ADO73889.1"	219.315222561164	1.19844281290515	0.421973720341778	2.84008874281193	0.00451009852176191	0.0282851071270714
"AKG69460.1"	44.7018065021479	1.19830390850832	0.398079891308315	3.01020959529008	0.00261067467310798	0.0184800121740407
"ABS55727.1"	42.8898895481841	-1.19810360650207	0.361583352232493	-3.31349217021394	0.000921386868368155	0.00806536183644655
"AFU03922.1"	300.760383599113	-1.19775144217848	0.221573884997322	-5.40565257585729	6.45728552478826e-08	2.19125049153906e-06
"ABO58038.1"	849.499575776288	-1.19738425879525	0.244244648889564	-4.90239710159077	9.46742093898177e-07	2.21984854780346e-05
"AAZ29515.1"	146.011168006849	-1.19711974458961	0.322618669895001	-3.71063381105383	0.000206740981019476	0.00234139178989533
"SDT69950.1"	180.689366148121	-1.19598173860532	0.330298309530351	-3.62091389539921	0.000293564210896365	0.00312614060412881
"AIG04094.1"	135.789219818519	-1.19589165089631	0.397356708029133	-3.00961737081995	0.00261576990364291	0.0185096604086411
"ADH69168.1"	568.454921470672	1.19572912733765	0.285342018675172	4.19051190879409	2.78325805462969e-05	0.000430022585526561
"AAK22786.1"	123.223179459101	-1.19569149411188	0.324755390730835	-3.68182185189004	0.000231573208218256	0.00257880808960951
"ADW67938.1"	196.2381317155	-1.19535195743562	0.373401686224465	-3.20124948958331	0.00136832998547981	0.0110780122248389
"AQA25364.1"	139.258097250008	1.19527036556035	0.309651832440589	3.8600461561605	0.000113365609775649	0.00141505304830141
"ABW66718.1"	96.1772109767399	-1.19522845141601	0.382013283234806	-3.12876149566075	0.00175544733794359	0.0134461022361337
"AIV32672.1"	200.740175729323	-1.19509438196669	0.440122776045609	-2.71536590926812	0.00662025796446805	0.0380498341148116
"AMJ56209.1"	164.17268475582	1.19375057249486	0.39674296974122	3.00887643522328	0.00262215737887134	0.0185371500494027
"AGM42716.1"	33.5230824937403	-1.19337887122507	0.360893122243332	-3.30673763968391	0.000943892509200939	0.00822959037296465
"AKN71647.1"	195.505753683077	-1.19333787088819	0.309921935555648	-3.85044662536937	0.000117902623422354	0.00146377021965953
"ABP64528.1"	488.751992067943	-1.19288944766672	0.313087825322954	-3.81007931699751	0.000138922214882347	0.00166421323399495
"APU14453.1"	132.656603309293	-1.19249867878918	0.291560788564683	-4.090051630947	4.3127717297975e-05	0.000627222635570965
"ACG75472.1"	517.570783245542	1.19225270366	0.213842316249227	5.57538248075493	2.46986597028257e-08	9.40766907537834e-07
"APX78113.1"	115.262283777566	-1.19219600853242	0.456796199139912	-2.60990789935899	0.00905666022378632	0.0484376030034437
"ADZ78900.1"	37.4666459128571	-1.19216726745321	0.452492375954501	-2.63466818626151	0.00842195684312681	0.0457294615555039
"CDR45200.1"	226.882659945834	-1.19192843478852	0.441909317761698	-2.6972240386913	0.00699202111671824	0.0397333655868937
"CCK29699.1"	192.807705641058	-1.19183040925665	0.380504986019981	-3.13223335579119	0.00173481928813482	0.0133172472691589
"APR52196.1"	315.898428352155	1.19181216315566	0.347329168940548	3.43136214787551	0.000600558274907334	0.00564018084892016
"ABZ82761.1"	334.235134287917	-1.19105672965494	0.331008773224668	-3.59826332713704	0.000320349183921138	0.00336528921315429
"ACT05046.1"	101.219090013676	1.19087515664013	0.420567714709694	2.83158957520588	0.00463172582571752	0.0288347334260146
"AIL09102.1"	60.3358488388171	-1.18993016294602	0.311843252370204	-3.81579576887365	0.000135744747946509	0.00163454191978945
"SDS82450.1"	432.593778409458	-1.18945119882034	0.292882898138319	-4.06118351867238	4.88245719091074e-05	0.000698106596101824
"ADV83782.1"	285.220094550647	-1.18878119708512	0.372011402044868	-3.19555043353684	0.00139564388780163	0.0112438694339265
"AEB45033.1"	191.42219878199	1.18844269192351	0.372878703914974	3.1872098874129	0.00143652489490531	0.0114512958307998
"AEL07411.1"	157.971148785672	1.18815415174891	0.374560137018351	3.17213188036264	0.00151324271021657	0.0119210902729801
"AIG74059.1"	358.369515895014	-1.18769072890409	0.233101439499434	-5.09516685720412	3.48434233455599e-07	9.17663668845057e-06
"ABB54455.1"	213.964237594651	-1.18754121742027	0.448385707411193	-2.64848142523693	0.00808542923106326	0.0443407789917428
"ACU74084.1"	298.925035143322	-1.18728300871191	0.36561929866935	-3.24732040412788	0.00116497161641039	0.00972987630460178
"ADV00933.1"	402.763383898487	-1.18623034584627	0.3715629969247	-3.19254165690418	0.00141026601421992	0.0113077778979924
"CEF79749.1"	385.125052417813	-1.18613584526075	0.422927115479036	-2.80458689416792	0.00503811055190641	0.0306823891692782
"AKD56422.1"	56.1394480180851	-1.18527442420926	0.420801721240785	-2.8167052661152	0.00485190278163978	0.0298404811675719
"ADU43650.1"	92.8985295164008	1.18399756609918	0.376105399421499	3.14804724399152	0.00164365126138411	0.0127404601152135
"ABX05012.1"	42.7261892927089	-1.18384622039216	0.355397530027286	-3.33104796845737	0.000865196919553021	0.0076676330990207
"AFG30950.1"	70.7816410240143	-1.18383650088773	0.41384212205116	-2.86059933923637	0.0042284105776834	0.0269593674636357
"ADG73600.1"	1128.1004958014	1.18353705914289	0.373318830324668	3.17031170946719	0.00152275487740248	0.0119817441112309
"ADJ48788.1"	193.304800138557	-1.18344690706309	0.343843339224777	-3.4418200734418	0.000577814440923735	0.0054687265341788
"CAJ25356.1"	36.7185137425513	1.18327258941672	0.444638426937459	2.6612018164214	0.00778622721098234	0.0430711750639521
"AFY65977.1"	145.518146213982	-1.18318812356385	0.350259618801337	-3.37803178000643	0.000730066428727412	0.0066728500615908
"ADJ46325.1"	182.136917715355	-1.18312639289292	0.281536153133728	-4.20239596131351	2.64104640804481e-05	0.000410999084155767
"AIJ23939.1"	345.89155869973	-1.18284921204601	0.438637094125816	-2.69664656246955	0.00700415674963173	0.0397825872109333
"ADG11662.1"	215.923631713357	-1.1827275641095	0.321949839116351	-3.67363924565302	0.000239120272012256	0.00264079334724067
"ABJ61965.1"	65.8137892426317	-1.18235960902246	0.371395754046645	-3.18355715201299	0.00145477391233324	0.0115507233266254
"AAV83299.1"	40.4495080277021	-1.18212016744716	0.380767280721936	-3.10457391508497	0.00190553309261961	0.0144065094412581
"ABP00921.1"	362.326538885056	-1.18196112713925	0.377004054492739	-3.13514168628659	0.00171771126575251	0.0132079250565895
"ACK84116.1"	237.126452342151	1.18153735737624	0.240897237250773	4.90473602296346	9.35530686091528e-07	2.19908623743228e-05
"ACX64312.1"	62.8260754677061	-1.18106503120062	0.427492087714224	-2.76277635339571	0.00573120217153373	0.0339219314998432
"ADB48560.1"	478.618805554425	-1.18098456331865	0.319831444026756	-3.6925217497372	0.000222041344529956	0.0024855135871494
"ACT05162.1"	27.5073385948837	-1.17994611123577	0.394986549706084	-2.98730706681982	0.00281446876863994	0.0196004645887671
"ABZ72404.1"	697.433635222608	-1.17971068450129	0.454148423638308	-2.59763245471667	0.00938689093753177	0.049866299561127
"SCG74681.1"	236.243284442178	-1.17941128507952	0.425613652093298	-2.77108424337145	0.00558699699933342	0.0332820466785975
"APC34765.1"	138.043112902849	-1.17868777055412	0.29266830534227	-4.02738441108497	5.6400779261957e-05	0.000787886710650337
"AIJ12158.1"	127.26801706981	-1.17796025181297	0.336749969258496	-3.49802630838175	0.000468714894556474	0.00460911211380507
"ADN00724.1"	111.362210215963	1.17705052385525	0.424869614724357	2.77038056632711	0.00559908301751791	0.0333301994808487
"ACX51654.1"	76.5767852984513	1.17698005450887	0.358025892815203	3.28741601690907	0.00101111342685202	0.00867518587132982
"AID74012.1"	21.8564613631184	-1.17672381353352	0.426238065710669	-2.76071967333926	0.00576741567630923	0.0340930256068313
"AGB28750.1"	336.659779764051	1.17606158733474	0.335467159541427	3.50574282425254	0.000455334947971226	0.00450443717434716
"ADP70178.1"	229.815901990509	-1.1758529774865	0.415553842393483	-2.82960439184942	0.00466055929144918	0.028977294538676
"ACM04012.1"	189.89078628721	-1.17573280213359	0.284232513556813	-4.13651762573102	3.52616281620286e-05	0.000527624020322904
"SDT79095.1"	114.831162123227	-1.1751019322518	0.347426853458768	-3.38230024695329	0.000718815333971669	0.00659585515892194
"ACI08617.1"	92.0267318701106	-1.17464486459128	0.416878085994662	-2.8177179469355	0.00483662767178586	0.0297923494607958
"ACM01305.1"	486.063156659843	1.17403974676727	0.393584358087907	2.98294310391533	0.00285491060827826	0.0198032897396824
"APU41941.1"	649.878254163659	-1.173903440935	0.413959004098546	-2.83579636947707	0.0045711581055236	0.0285483298187919
"AQA09922.1"	266.612401753715	1.17266858162462	0.217529815661793	5.3908406903072	7.0128825198511e-08	2.34567095610217e-06
"ABY52793.1"	91.7095456349481	-1.17229260003989	0.418326760241365	-2.80233709974352	0.00507338308754562	0.0307900353173482
"ADG12157.1"	746.92694900548	-1.17180700097506	0.316602905394199	-3.70118840039088	0.000214592065549175	0.00241273874181314
"ABD26847.1"	781.024774111592	-1.17177049285988	0.366330160588256	-3.19867327052253	0.00138061540197706	0.0111548943127705
"ACQ63639.1"	310.273897785565	-1.17137155097345	0.417312411056353	-2.80694156209811	0.00500143139091933	0.0305053225086915
"ACU75529.1"	534.005827816914	-1.17089929300086	0.360298711500988	-3.2498014997693	0.0011548558776821	0.00966846445920698
"AKL40672.1"	57.6675332074639	-1.16977604029835	0.431038323672034	-2.71385623053881	0.00665050217464044	0.0381673857566502
"AGP60371.1"	143.080749805738	-1.16933777006706	0.320658529651251	-3.64667601806457	0.000265654524945762	0.00287931245852944
"ART20424.1"	69.5362287309065	-1.16893270821872	0.354547855119746	-3.29696736657431	0.000977348563128343	0.00845284225311742
"ACV23383.1"	60.6109087318008	-1.16872461463197	0.431867775450164	-2.7062093563562	0.00680561262927861	0.0388598676665886
"AQQ74965.1"	61.4208463582911	1.16812537584656	0.408535032875908	2.85930283046588	0.00424573261312606	0.027045171840063
"ACL55248.1"	601.460249840773	1.16792837023236	0.395674870885244	2.95173754051996	0.00315991393289671	0.02148772175501
"ARF76679.1"	119.023243176599	-1.16699760287306	0.344918763560798	-3.38339842931552	0.000715946843153915	0.00657384316855921
"AFL86875.1"	347.492137645248	-1.16683654918269	0.283034188128422	-4.12259931175966	3.74621014085038e-05	0.000553742867493385
"CCF60963.1"	316.357044471939	-1.16634297067275	0.438637417530327	-2.65901385531504	0.00783697400265322	0.0432834729095048
"AKH82270.1"	269.616296865968	-1.16568287161779	0.269710950889495	-4.32197086463646	1.54641613197295e-05	0.000257392782584511
"ACY98022.1"	372.93813719764	1.16529390306855	0.244706686779527	4.76200269965834	1.9168111772078e-06	4.13428703521645e-05
"ABA79302.1"	486.597335320629	1.16485460282423	0.429302732176913	2.7133640564491	0.00666038898123289	0.0382098872784008
"AAO42612.2"	41.897261906626	-1.16476161001815	0.394462003150952	-2.95278531446391	0.0031492089602007	0.0214357534767271
"ACR71158.1"	34.8400287343982	-1.16473743463975	0.423327430044844	-2.7513866382728	0.00593435553667915	0.0348956356397594
"ACA15025.1"	661.657548061253	-1.16418172164846	0.346911863474409	-3.35584292214424	0.00079123494736762	0.00713430640769485
"ACT51744.1"	45.2737617299975	-1.16380097175055	0.43830326148136	-2.65524141394061	0.00792516688474736	0.0436843811981467
"ABI62653.1"	105.152843626476	-1.1637234151607	0.433551616234888	-2.68416348038759	0.007271154206652	0.0409090098813162
"AAM35493.1"	202.991280205289	1.16237730299136	0.302493482489732	3.84265238848847	0.000121711795608641	0.00150173795939159
"AKD56722.1"	81.002034476175	-1.16189405810455	0.441184868763733	-2.63357639930026	0.00844908249550776	0.0458323025662149
"ACZ86277.1"	13535.8977787547	-1.16156115283271	0.393551319474677	-2.95148585547419	0.00316249030267984	0.0214974878248208
"ADU42195.1"	103.085927031128	1.16131482176098	0.369299291928804	3.14464405197091	0.00166289020568036	0.012872789481978
"ABK05171.1"	230.486433249812	1.15977445160189	0.272281444633618	4.25946928980962	2.04912848796644e-05	0.000330077106726745
"AGF64121.1"	302.290296370049	-1.15952928238161	0.304559434604241	-3.80723481407941	0.00014052930070245	0.00167843784234889
"ABM42525.1"	255.428479025475	-1.1589105762253	0.31613253093864	-3.6659010472106	0.00024646922218149	0.00270104314574761
"ADX05683.1"	95.7435750371117	-1.15890003062126	0.388807375903207	-2.9806534094913	0.00287634128950953	0.0199124754552692
"ABF39402.1"	261.199355286871	-1.15859182798907	0.285775325643282	-4.05420525855783	5.03050322005128e-05	0.00071489323933277
"ACV77121.1"	594.907887553683	1.15839692314885	0.389459915071942	2.97436752363814	0.00293593198022392	0.0202748770888872
"AAW84078.1"	219.051022460794	1.15738405034381	0.31560746284642	3.66716312696008	0.000245256343106141	0.00269157059255175
"ABE46347.1"	246.800087990564	-1.15715401488044	0.39185953463458	-2.95298164930329	0.00314720671370756	0.02142733442533
"APY88124.1"	67.9263184058391	1.15661650841028	0.380160451001192	3.0424430141647	0.0023466624511165	0.0169760108479218
"ANH68661.1"	162.574048351082	-1.15601371094143	0.349942348854335	-3.30344045162315	0.000955062509323762	0.00830628456384842
"AEF80087.1"	51.9247952240528	-1.15583890247209	0.425386588628478	-2.7171493727593	0.00658468826130667	0.0379019547742931
"AGA58582.1"	277.896965192555	-1.1557806022874	0.334365594033905	-3.45663735417167	0.000546960380284338	0.00522439536214273
"ACL95830.1"	283.244187675969	1.15559253774426	0.285863413970335	4.04246392252272	5.28924527483062e-05	0.000745607808228389
"ADB34580.1"	272.716857790764	-1.15532652172023	0.349424469015739	-3.30636982857714	0.000945132531564488	0.00823783634921526
"AKS36539.1"	100.688839315246	-1.1547184350354	0.378946338887965	-3.04718192666531	0.00230997855522586	0.0167539273658298
"AIC15269.1"	51.3386605109635	1.15439125003963	0.443397364953514	2.60351400636008	0.00922734972395517	0.0491418131287763
"AJP05941.1"	181.851344702638	-1.15363466219299	0.395237354350522	-2.91884015894375	0.00351336323604716	0.0233745525561731
"AIT87172.1"	40.336643488277	-1.152409946058	0.389603350307448	-2.95790563697309	0.00309736925518446	0.0211899765987471
"ADI13054.1"	162.735437717515	-1.1519138255443	0.37406653708619	-3.07943563868928	0.00207393175884178	0.015405092470293
"ADH93004.1"	44.7023195430336	-1.15148811738631	0.439961225574982	-2.61724909026117	0.00886416298242699	0.0476172728308366
"ANW68133.1"	72.2308589640728	-1.1514721495925	0.431710516155481	-2.6672321069376	0.00764788334828198	0.0424737437449915
"ADU09070.1"	242.711760221333	1.15142278397787	0.395817982488643	2.90897037253961	0.00362621223061074	0.0239658729008919
"ABJ82579.1"	174.975279630274	-1.15137706496373	0.39642962459504	-2.90436686244093	0.00367996678278989	0.0242373044461356
"AEA65019.1"	879.305703429308	-1.15080901778722	0.436199016663296	-2.63826596077711	0.00833311983821316	0.045352648326325
"AHX68341.1"	38.7910911410037	-1.15078711377956	0.336638367432734	-3.41846689239753	0.000629749787006098	0.0058748667234331
"ADM08983.1"	133.943278407581	-1.15071897453125	0.400337086903868	-2.8743751507778	0.00404827788659548	0.0260601489338071
"AIL72135.1"	45.4237052260104	-1.14956806605789	0.418853127431075	-2.74456125732774	0.00605918448537096	0.0354553084533616
"AEY92251.1"	116.212537006453	-1.14921627116586	0.36727351205898	-3.12904751753866	0.00175373945377569	0.0134366967016706
"ABJ12104.1"	186.65668444992	-1.14901397985863	0.302292071397117	-3.80100600901697	0.000144109806811198	0.00171680772403672
"ACO73870.1"	136.868581495547	-1.14887483939809	0.263241833490345	-4.36433231057946	1.27511617694385e-05	0.000220495074056331
"AMK25111.1"	174.192562289983	-1.1488614949707	0.319592951983676	-3.59476480266492	0.000324684760486012	0.00340317280215888
"AEL09246.1"	141.04746663508	-1.14850049324039	0.318475567478877	-3.60624365106616	0.000310661459028567	0.00328323073120565
"CAP70884.1"	71.6544298676994	-1.14809901528949	0.346666717065717	-3.31182360108672	0.000926899711024725	0.00810161857940937
"AGZ45017.1"	551.218077982591	-1.14797757376446	0.405154806123142	-2.83342948526088	0.00460514669137363	0.0286947889543058
"ABF39535.1"	212.927731959288	-1.14778659154888	0.344267348613776	-3.33399782515115	0.000856073271295994	0.00760603849673203
"CAW61333.1"	111.444284133026	1.14747685060193	0.410326080073616	2.79649992122377	0.00516594235641652	0.031236657064846
"CQR60619.1"	79.0755075621547	1.14740469394051	0.438035499881638	2.61943311501135	0.00880760426100772	0.0473550391571293
"AKH85742.1"	211.997888334438	1.14695088740864	0.309168993117344	3.70978627527928	0.000207434284673512	0.00234734447603866
"ABY31954.1"	103.286996278175	-1.14674561152357	0.359222921580295	-3.19229520899947	0.00141146994466615	0.0113095342217726
"AIS01253.1"	211.881714809066	1.14670678860022	0.420963480226976	2.7240053887381	0.0064495454158466	0.0373369465388837
"ACQ70648.1"	43.4633342916944	-1.14615391015555	0.39849984058631	-2.87617156501048	0.00402530857498265	0.0259600412036891
"AEM81071.1"	385.978540038842	-1.14566008720913	0.419819481183858	-2.72893502697506	0.00635392215076837	0.0368526499507692
"AGF52309.1"	41.5083667401092	-1.14533086291368	0.43151227354389	-2.65422546039628	0.00794906947900141	0.0437644344413222
"CCA58403.1"	176.96591040587	-1.14518543944531	0.356217354294392	-3.21485021894494	0.00130512602111052	0.0106339662651368
"AAM42805.1"	37.1273401258041	-1.14507976777593	0.341462423540578	-3.35345762471533	0.000798086333270168	0.00718662752854025
"CAA20639.1"	126.105269773276	-1.1443891135236	0.329766909161184	-3.47029699382069	0.000519883169342597	0.00503621079893265
"ADO75988.1"	289.374800326389	1.14435248219017	0.194078882682917	5.89632661921181	3.7168290981593e-09	1.73138681251361e-07
"AAY48284.1"	145.15291435353	-1.14408258730916	0.432259333892211	-2.64675045188139	0.00812693006330809	0.0445073423420136
"AAZ46053.1"	61.32056797652	-1.14406627866933	0.426391429101981	-2.68313619970936	0.00729352801847363	0.0410019298002385
"ADX59146.1"	88.0221229692686	1.14349144692734	0.372861448460975	3.06679988410499	0.00216363654932043	0.0159032836997599
"ACA74670.1"	103.121513972717	-1.14243629489345	0.394017953507424	-2.89945238465365	0.0037381511760647	0.0245089649473319
"ADE19509.1"	88.6505522668997	-1.14237279370621	0.379414772808847	-3.01088116640558	0.002604907759872	0.018448519515653
"ACD04946.1"	76.6350234665812	-1.14186438901149	0.368063583712005	-3.10235633065224	0.00191986712104501	0.0144992176748789
"ADE83124.1"	76.964904499454	-1.14186009908745	0.414135955552576	-2.75721072700361	0.00582967688844052	0.0343957079386261
"AOE63211.1"	41.838138658456	-1.14146514798356	0.415593035423969	-2.74659354389588	0.00602177108393031	0.0352984722080638
"ADU90688.1"	337.382394749707	-1.14089541004697	0.37167339451949	-3.06961818324918	0.00214332586768938	0.0157903249420992
"AMY20997.1"	388.12694719503	-1.14079132247755	0.372888538550563	-3.05933597989327	0.00221828218958389	0.0162191246225099
"AGF66405.1"	111.222613181198	-1.14027371266934	0.375929854487611	-3.03320871981164	0.00241968179298466	0.0173859826135637
"AFV10649.1"	119.268560972219	1.13967713207951	0.297921465772987	3.82542805071969	0.000130545058214085	0.00158465391559908
"ASF94640.1"	28.3187195565823	-1.13965483422169	0.381780832083111	-2.98510228500314	0.00283483513640537	0.019707982239584
"AGF60571.1"	171.526741931966	-1.13910491471291	0.382676342355589	-2.97667973855157	0.00291388223299265	0.0201275714273038
"ALM43176.1"	299.067959737409	1.1368639668489	0.366593947797477	3.10115312508366	0.00192768577610676	0.0145504154726031
"CAJ81215.1"	56.213957513425	1.13647052144368	0.264899569467835	4.29019391661062	1.78517172019223e-05	0.000291925627794987
"AEU37498.1"	102.806136557473	1.1355333508569	0.369119880150845	3.07632672180336	0.00209568070831384	0.0155156153005856
"ACK82432.1"	375.847342109068	1.13470499542371	0.278132627226758	4.07972630445329	4.5088756283125e-05	0.000653028877859477
"AGL18483.1"	41.2075561622757	1.13467654073599	0.433609928020899	2.61681402433503	0.00887546836765995	0.0476467137911808
"ACM32042.1"	95.8693616000053	-1.13441641580067	0.347364279176626	-3.26578316713978	0.0010916180247311	0.00923570209137863
"ACY24859.1"	60.2597611573188	-1.13435237777192	0.382270484692082	-2.96740769480449	0.00300322442777278	0.0206682082300705
"ACB77594.1"	230.598975413307	-1.1342870553601	0.250923408476134	-4.52045132914726	6.17079314533971e-06	0.000116806980998601
"ACL23471.1"	63.6954268830432	-1.13383450436766	0.402363140275654	-2.81793830217867	0.00483330963931697	0.0297850179754167
"AGZ44159.1"	508.532323841713	-1.1334858737125	0.247203262128924	-4.58523833363231	4.53468864877724e-06	8.9340706130308e-05
"AKF81111.1"	133.475893497751	1.13286149313049	0.406472157034116	2.7870580395877	0.00531889517694278	0.0320025337145261
"ABD10419.1"	102.324482456386	1.13232598728848	0.350515169529018	3.23046214750126	0.00123590268218526	0.0101943705538395
"ADQ69077.1"	76.3042825458123	-1.1322858007487	0.424115899920128	-2.66975560445138	0.00759064742886997	0.0421893518798181
"AFL86734.1"	168.480709018231	-1.13101341493453	0.369561179640546	-3.06042267760541	0.00221024823357478	0.0161646054198431
"AJP05517.1"	155.602816686271	1.13099517808954	0.39351145280031	2.87410994023463	0.00405167898206458	0.0260733096994008
"ADD41711.1"	279.793294942209	-1.13060654268699	0.368387296121114	-3.06907039029729	0.00214725991587267	0.0158071755468765
"ABJ86298.1"	123.186200335281	-1.13048357333282	0.375938654209045	-3.00709586704058	0.00263756569179344	0.0186232759413491
"ACY47971.1"	338.811201146066	-1.13007080193966	0.32371512355873	-3.49094225044643	0.000481320279232083	0.00470826084464759
"ACJ23248.1"	105.428457987849	1.12995503814522	0.291121935265481	3.88138062188541	0.000103865133928887	0.00132113052679378
"BAE56764.1"	301.894122154509	-1.12925239609549	0.401898687896049	-2.8097936870786	0.00495732669647236	0.0303277377382445
"BAV07455.1"	70.2833095143991	-1.12847670910863	0.414679859382497	-2.72132027533011	0.00650217310384448	0.0375379446972703
"ABY98612.1"	70.2250800613525	-1.12801232785794	0.410328170238753	-2.74904919933135	0.00597684142497321	0.0350791724388994
"ANZ39720.1"	561.898366871496	-1.12781450888506	0.349370363220571	-3.22813446020042	0.00124600391509953	0.0102567261414662
"AKH88081.1"	146.625363107713	-1.12715304404886	0.318091957465413	-3.54348174355028	0.000394880649761942	0.0039924444459138
"ACV81462.1"	430.840283882246	-1.12569232516498	0.261601626243463	-4.3030784683171	1.6844115988484e-05	0.000277556133733724
"SBV32066.1"	228.846536717209	1.12542811645329	0.417941334259848	2.69278969127656	0.00708569491510511	0.0401398451726594
"ABR80659.1"	426.866283716859	1.12540137881138	0.20224057218739	5.56466670678033	2.62653929652991e-08	9.95028337559559e-07
"AHF91306.1"	159.079554877094	-1.12523180940745	0.317087980114459	-3.54864226957223	0.000387222752715343	0.00392920920080418
"AMD56122.1"	108.810884913304	1.12516535575769	0.398683786961205	2.82219993025996	0.00476954329430336	0.02946340116225
"ACT02818.1"	33.3344101271847	-1.12489655507169	0.425905885125083	-2.64118575102882	0.00826164099325201	0.0450499458246493
"ACT05045.1"	85.6290538514859	1.1248488580603	0.341703757006711	3.29188320290611	0.000995189329883467	0.00855954546218665
"ACA95015.1"	59.1267077031679	-1.12470058118315	0.339714486716099	-3.31072304880264	0.00093055257329244	0.00812340188397105
"ACA73397.1"	80.1242715146557	1.12370025641905	0.389276005525936	2.88664145867624	0.0038937766753185	0.0253041253022787
"AIQ45999.1"	174.034507996647	-1.12267001777251	0.364049457643892	-3.08383928117451	0.00204347956282639	0.0152192747648012
"ABL93541.1"	63.917229383527	-1.1225479084327	0.36286848113334	-3.09353930362501	0.00197784352947992	0.0148409829673867
"CCK31430.1"	430.8970314021	-1.12238818844992	0.253973893047109	-4.4193053663265	9.90186525788918e-06	0.000177132664383301
"ACF85134.1"	68.5595019136413	1.12064346590032	0.241094593172497	4.64814847630585	3.34927801745811e-06	6.81441768726433e-05
"AIQ18416.1"	38.5905301093758	-1.12022527093438	0.422077202967182	-2.65407670222237	0.00795257476342556	0.0437751244744125
"ABE95184.1"	81.9072003069152	-1.11913395830873	0.331235198102748	-3.3786685857026	0.000728377577714354	0.00666176369346327
"ADW16339.1"	38.1384572508933	1.11892725040798	0.394691846751531	2.83493885069376	0.00458344578638395	0.0285977598028984
"ADH01376.1"	66.6700252526789	-1.11870847469285	0.356890438644311	-3.1345991754287	0.00172089072313003	0.0132248302730575
"ABJ07355.1"	113.936156867951	-1.11804168442093	0.340418522200316	-3.2843150754383	0.00102230563039231	0.00873907432930168
"AGK75517.1"	836.644273076412	1.11772003176976	0.403887514590716	2.76740426824635	0.00565046379128558	0.0335291191820329
"ABY35669.1"	64.665426880568	-1.1177190811071	0.408649778850899	-2.73515156242116	0.00623515595700594	0.0363060370574747
"AEJ40736.1"	118.504817618968	-1.11651093142393	0.423675201732208	-2.63529922652786	0.0084063140727493	0.0456888310581808
"AAY92357.1"	149.397561685722	-1.1162533418884	0.391997334069633	-2.8476044219477	0.0044049640404821	0.0277500839958004
"ADD42134.1"	608.113920605325	1.11618053512202	0.249922037619661	4.46611489628081	7.96528434130454e-06	0.000146418975981065
"BAQ47088.1"	1294.11371848443	1.11603745377895	0.320394775668358	3.48331976216169	0.000495236463230458	0.00482920237708113
"ABG02281.1"	22.0065171181989	-1.11603443526783	0.362805714685742	-3.07612143384931	0.00209712417121789	0.0155156153005856
"ACB75590.1"	173.804637793498	-1.1152687559308	0.342002201605241	-3.26099876169251	0.00111020525128466	0.0093716207582245
"AEV85538.1"	440.988616097458	1.11522049358784	0.336793198560824	3.31129161263759	0.000928663781043602	0.00811197229769007
"ALV36487.1"	202.404812658417	-1.11486700039025	0.285150977033997	-3.90974287371047	9.23944171780722e-05	0.00119621180779682
"ADG78401.1"	1047.87782988135	-1.11483598518713	0.352417439265506	-3.16339619148992	0.00155939954105867	0.0121810685132474
"ACR69833.1"	145.115283612742	-1.1143546659853	0.402729237785971	-2.76700711403905	0.00565735205918017	0.0335628794763314
"AHF51832.1"	140.074641182195	-1.11433375692629	0.412127924378036	-2.70385404873496	0.00685403870747367	0.0391044767993546
"ADG99349.1"	284.684617563402	-1.11420776361305	0.269989513149023	-4.12685570864395	3.67756978192969e-05	0.000546482184792482
"ADX54263.1"	181.240065795949	-1.11406294225017	0.312563394200711	-3.56427836055164	0.000364858599721099	0.0037512234145398
"AEI13085.1"	1403.78577483977	-1.11402715773674	0.332270695617226	-3.35276981217777	0.000800072168052901	0.00719791309534138
"AKL68859.1"	409.721283255873	-1.11294898165347	0.325366615112679	-3.42059980944277	0.000624832030991454	0.00583676928249475
"ADW07561.1"	200.113459667883	-1.11197280403848	0.396058858329689	-2.80759483256614	0.00499129813540349	0.0304674990347926
"ADJ50264.1"	575.858149019611	-1.11190855396498	0.256708249932408	-4.33140950576286	1.48157838617538e-05	0.00024881984702679
"SCG45139.1"	184.319139840352	1.11183706590868	0.254976591326637	4.36054564900967	1.29738511370987e-05	0.000223792936804816
"CCF63038.1"	168.387132481124	-1.11134067891602	0.369674392702781	-3.00626903256872	0.0026447488828376	0.0186598764425205
"AEK42266.1"	682.237576212757	-1.11055351658884	0.386223938609352	-2.87541347278351	0.00403498722630409	0.0259985045771253
"ADU13592.1"	177.258822547969	1.11042906888572	0.377904231632546	2.93838749592369	0.00329924376497751	0.0222032760683438
"AEB45019.1"	342.881239884703	-1.10944886750478	0.423111011247771	-2.62212241707673	0.00873840367367919	0.047087885210814
"ANM79135.1"	52.5051047421931	-1.10938662739254	0.385201868005683	-2.88001362282119	0.00397657988234743	0.0256753529488465
"APZ93371.1"	222.255472129876	-1.10918378503603	0.386408499527904	-2.87049530843959	0.00409829278446199	0.0262854077419927
"ACZ84238.1"	1933.01718245787	-1.10827895168806	0.391500301705348	-2.83085082402356	0.00464243677019093	0.0288821466262812
"CAN97650.1"	388.365888028549	-1.10811583047878	0.277493005476229	-3.99331085328458	6.51570579063673e-05	0.00088938907515683
"AAN85642.1"	63.0604219996573	-1.10783472983348	0.306950060982711	-3.60916927752583	0.000307179121133129	0.00325010834287342
"AHJ97138.1"	451.23499963954	1.10664189789963	0.214333166868581	5.16318549325671	2.42782338239018e-07	6.81738650084208e-06
"ANS69188.1"	553.248348338768	-1.10650557113434	0.313130999831763	-3.53368261759082	0.000409812869733232	0.00411961260360918
"AEI10686.1"	1247.25110288036	-1.10596745249746	0.288696020165058	-3.83090647340805	0.000127672031902839	0.00155947042109593
"ADG74919.1"	386.769531188141	1.10575552966532	0.33031898020988	3.34753857911144	0.000815326385740929	0.00731598637666764
"ABP69863.1"	378.457865934686	-1.1049178935821	0.291193959432214	-3.79443960903767	0.000147977292131502	0.00175466847543987
"AKF80339.1"	186.394751126987	-1.1047013510182	0.35828021511638	-3.08334455660455	0.00204688012361683	0.0152313267554351
"ADL47471.1"	144.169031459666	-1.10450676380868	0.316814539049031	-3.48628812024863	0.00048977319203427	0.00478092408793285
"AEX25161.1"	49.8231918022916	-1.10394053375107	0.373520798008628	-2.95549950534633	0.0031216319765096	0.0212842690731521
"ACB76500.1"	239.323350311231	1.10392443704379	0.329258766333739	3.35275640292245	0.000800110928443434	0.00719791309534138
"SCG17649.1"	86.2106578260806	1.10095842040399	0.305462733704082	3.60423154423332	0.000313077859999636	0.00330253495423881
"ANB08283.1"	181.695411773539	1.1007336868064	0.405405572551343	2.71514197468757	0.00662473634115467	0.0380677583347631
"AAZ97619.1"	254.41453625922	-1.1007327240446	0.375528963779344	-2.93115266787085	0.00337706772914684	0.0226020531066687
"ADU14630.1"	173.302600915145	-1.10032397688614	0.380557225487065	-2.89134958737904	0.00383591161976151	0.0250046301127709
"AJR18262.1"	214.64002471791	1.10018006248713	0.363405638802256	3.02741604701898	0.0024665421758582	0.0176516653260036
"AAN24013.1"	70.3926907545247	-1.09989416053908	0.285777017587791	-3.84878451676468	0.000118705368991729	0.00147225761425709
"AFO74387.1"	200.292040549392	1.09918032685424	0.239836981532543	4.58303102311639	4.58284016883531e-06	9.0225874378842e-05
"AIQ67951.1"	247.838056706041	-1.09819870375936	0.367980548307151	-2.98439335669097	0.00284141229906885	0.019729210993237
"ALD63562.1"	342.416258646265	-1.09817497346135	0.306270404717113	-3.58563856170068	0.000336254407286749	0.00350214969732137
"ADY26390.1"	148.548412397625	-1.09793777790369	0.318391260767815	-3.44839169032455	0.000563935590653329	0.00536539076205014
"AGI90592.1"	1329.37268905314	-1.09740507165476	0.2302906780159	-4.76530392419528	1.8856919430759e-06	4.07030313325775e-05
"AGF66061.1"	642.984101686346	1.0967428599688	0.287967892899343	3.80855952004399	0.000139778702646839	0.00167171355452501
"AFU48296.1"	86.0043337273411	-1.09672530657128	0.376610041233457	-2.91209789037841	0.00359010106286705	0.0237552515613392
"AGZ40766.1"	321.770632937109	-1.09634931865542	0.302602202072558	-3.6230711843681	0.000291125660840599	0.00310608003082828
"AGJ53169.1"	563.412633742412	1.09594067423315	0.308394974843954	3.55369173829011	0.000379864181762786	0.00386294138490046
"ADW15463.1"	133.108838022434	1.09568042548214	0.270128810644645	4.0561405607472	4.98902425869318e-05	0.000710802662322515
"BAL90477.1"	124.801644606013	-1.09516978375816	0.419139454290141	-2.61290072444492	0.00897773762230009	0.0480942867343883
"AHW63519.1"	172.090840484022	-1.09472110496686	0.40427892172911	-2.70783621437574	0.00677234353044632	0.0387312035278548
"AEB83640.1"	386.531202141874	-1.09408681181647	0.372896851384929	-2.93401997832124	0.0033460267039284	0.0224408427113035
"AGZ41786.1"	183.852347986458	1.09363518808578	0.357534543549668	3.05882384741899	0.00222207765525587	0.0162355898405184
"ABD88150.1"	772.49155819775	-1.09346456888215	0.307253865749342	-3.55883095633434	0.000372509182198444	0.00381210603468239
"AAI51380.1"	22.0962519326452	-1.09302214046269	0.394642089052142	-2.76965425327018	0.00561158255570411	0.0333762195091337
"ABZ01019.1"	187.774202610977	-1.09258026494726	0.345064582788057	-3.16630659721558	0.00154387972860633	0.0120834377640656
"AAT39990.1"	36.0334172656907	1.09204923510432	0.390020824176774	2.79997673818912	0.00511062892832436	0.0309824962055801
"ACL24590.1"	75.794501948696	-1.09195122155221	0.383184362402741	-2.84967584455998	0.00437638065798254	0.0276509033854388
"ADY26874.1"	199.670195710761	-1.09192836335918	0.345804377635007	-3.15764760072442	0.00159047696744547	0.0123892579801345
"ABP54664.1"	122.945758162488	1.09163131075537	0.336339340389178	3.24562481894698	0.00117193176470692	0.00977051866728263
"BAW10199.1"	102.132200889049	1.09148076389896	0.298868962087343	3.65203785724655	0.000260167519230845	0.00282750383089547
"AFS16325.1"	42.847240523452	-1.09126015644075	0.397959086835163	-2.74214157319331	0.00610400267310539	0.0356759204251062
"APU42278.1"	239.673258544659	-1.09072702825075	0.358703271644585	-3.04075015332303	0.00235989566570674	0.0170497133050648
"AKH22121.1"	70.741171815948	-1.09039465212417	0.380883914393697	-2.86280047783034	0.00419914895171724	0.0268155506506104
"ADE54273.1"	150.776116101646	-1.09021890952133	0.379791207747321	-2.87057437687359	0.00409726794370817	0.0262848564051452
"AGF67705.1"	55.5887073448218	-1.08931340110657	0.397945181691285	-2.73734537123162	0.00619372300082557	0.0361023254489096
"ADR62150.1"	46.7446739717414	1.08908539557077	0.341141976765244	3.19246961601626	0.00141061784546895	0.0113077778979924
"ABP82830.1"	136.730844836902	-1.08892281027791	0.380991473959632	-2.85812907821998	0.00426147003679711	0.0271084106226248
"AEQ28164.1"	27.7871432769243	1.0879909362118	0.403368100468153	2.6972656859803	0.00699114663159769	0.0397333655868937
"AAK24253.1"	293.703511214425	1.08796104111777	0.302891010791389	3.59192251455454	0.000328247458090834	0.00343415347564534
"BAX91147.1"	165.534245595344	-1.08785663449305	0.375041342542665	-2.90063124005935	0.00372411852165819	0.0244398551646373
"AKG43230.1"	277.392994077405	1.08743063305481	0.402350415379046	2.70269544031751	0.00687797358609824	0.0392010888673466
"ACE91969.1"	46.2798167644719	-1.08680857475628	0.383261086499044	-2.83568724569429	0.00457272011904988	0.028549926952034
"ADP96102.1"	97.9718378064482	1.08556927732942	0.392264756261937	2.76744025559238	0.00564983999845153	0.0335291191820329
"ADU62933.1"	279.307266500065	1.08484804092982	0.332327020002439	3.26439914792924	0.00109696508165275	0.0092725345488981
"BAT11002.1"	96.9697042375709	-1.0833878637137	0.390243951862888	-2.77618104916677	0.00550015710124444	0.0328906515693687
"ABQ36232.1"	364.236528178432	-1.08317975608026	0.310058210431112	-3.49347225662621	0.000476782521916048	0.00467352851492259
"SDS86034.1"	111.178956385495	-1.0826693728174	0.308528832411313	-3.50913515717731	0.000449566384571681	0.00445209073309826
"CCT75924.1"	61.063032867682	-1.08211466767657	0.407332631191875	-2.65658723316679	0.00789360258099759	0.0435361106890482
"AGT81516.1"	194.145224622595	1.08202503850956	0.236887876021097	4.56766744117031	4.93181676009778e-06	9.63511109669906e-05
"AAF52326.3"	43.0797176602776	1.08173427307935	0.363918580195886	2.97246233621018	0.00295421453529893	0.0203792385185865
"AEK43119.1"	180.902273946603	-1.08089431957293	0.304243897259901	-3.55272309258377	0.000381265574494061	0.00387578468537971
"AEY93331.1"	69.7752131326129	1.08044381378664	0.33002624487466	3.273811796989	0.00106107256511468	0.00901644134738917
"SBT36889.1"	319.333223217312	-1.08018493228231	0.389091306075946	-2.77617339533017	0.00550028658960292	0.0328906515693687
"AHI00075.1"	490.719716135997	-1.07996226347288	0.33273904622691	-3.24567337593559	0.00117173191152103	0.00977051866728263
"ABA87803.1"	249.114375743591	-1.07994812552597	0.355231973166121	-3.0401208424472	0.00236483243016087	0.017067761978547
"ALV31920.1"	166.086365666733	-1.07992003260761	0.371583404778482	-2.90626550787811	0.00365770937961542	0.0241057513633977
"ADU14164.1"	154.380092437243	-1.07948145389495	0.32572417341409	-3.31409684022013	0.000919396589720418	0.00805365410296418
"ACO32535.1"	76.0643707084594	-1.07943903157724	0.407614933270266	-2.64818323243698	0.00809256497752128	0.0443712199590062
"AEI43411.1"	83.8923892196556	1.07925831072223	0.381696254064856	2.82753183776032	0.00469083507273614	0.0291201405797413
"AEY93548.1"	56.4495387629647	-1.07908362428674	0.378014952644241	-2.85460566239105	0.00430902952341327	0.0273313874420471
"AAO61784.1"	62.2231552565858	-1.07836586584853	0.386211153865521	-2.79216655204116	0.00523563992800681	0.0315776069477518
"ANG85634.1"	549.933400814675	-1.07817488193942	0.321776427308872	-3.35069567076921	0.000806088374273427	0.00724470309025967
"ACC75112.1"	145.787152957641	-1.0778587933414	0.381505174865311	-2.82527961441658	0.00472393723549051	0.0292332773750646
"AII52876.1"	206.621131135865	-1.07727533105458	0.238680488951047	-4.51346205879245	6.37778635245532e-06	0.000120318400756967
"ABG10369.1"	60.2975770778838	-1.07708198679082	0.398876841193392	-2.700287095055	0.00692796632696974	0.0394458705084086
"ACO87683.1"	225.16338554899	-1.07685641062282	0.37675889536715	-2.85821097753625	0.00426037023350582	0.0271075738766429
"AJF69025.1"	527.069876951416	-1.07620073679432	0.363191467868974	-2.96317736512074	0.00304481068562033	0.020892774498683
"ALV37288.1"	212.849098799387	1.07485169166858	0.288438558307133	3.72644939697717	0.000194196037387158	0.00221997234082927
"AEE47271.1"	347.825741107995	-1.07477208100598	0.314657677202799	-3.41568682054842	0.000636213713925347	0.00593121516318815
"AJE40108.1"	228.704623482315	1.0742735705497	0.243393148802349	4.41373792087335	1.01600944970036e-05	0.000181057928413821
"AMW09717.1"	237.308590508145	-1.07426000085678	0.275934037322354	-3.89317683052561	9.89399778300497e-05	0.0012676995969474
"SDU08692.1"	373.952398164977	1.0740754639036	0.270586424076767	3.96943589305456	7.20429856460407e-05	0.000968739397764916
"ACB74649.1"	375.171260610594	-1.07395972837243	0.409198790544639	-2.62454277282444	0.00867653939433715	0.0468433579873909
"AKJ27244.1"	207.063112742152	1.0731285005359	0.258555846516619	4.15047083635343	3.31792043778481e-05	0.000500746633834089
"AAG06253.1"	185.70891303826	-1.07282496511899	0.325841046311825	-3.29247949962791	0.00099308137512876	0.00854929464271364
"ADH65555.1"	218.361842313137	-1.0727189787805	0.376946477925872	-2.84581244712268	0.00442982773497797	0.0278628302108388
"AFC33532.1"	99.9217849143396	-1.07267838896162	0.367262626968563	-2.92073930259569	0.00349201899215626	0.0232601864630994
"AEK41834.1"	121.824264912835	-1.07259104624729	0.388645310325512	-2.7598198608107	0.00578332413112253	0.0341798485064189
"ADL47773.1"	1133.79502635974	-1.07217890926453	0.252310766460516	-4.24943780364726	2.14307701842199e-05	0.000342256612708169
"ABG60100.1"	39.7187890236374	1.07189247499866	0.391162132272829	2.74027669491032	0.00613874806302896	0.0358415830599706
"ACB74694.1"	421.859584708545	1.07076203361178	0.339639089936244	3.15264663385118	0.00161797536852762	0.0125650037218583
"BAL87158.1"	449.521178127795	-1.07073543839168	0.28823517742835	-3.71479792281028	0.000203366145467901	0.00230690381220396
"AGM07708.1"	517.764789420088	-1.07063850341571	0.299787682155812	-3.5713225297204	0.000355183182374046	0.0036679116096436
"ACY49665.1"	395.707757162383	-1.0706126185814	0.334174875934898	-3.20374958047407	0.00135650408847063	0.0110013581867971
"ADV67623.1"	206.977376162057	1.06961474118709	0.28737998101696	3.72195285629155	0.000197687937794047	0.00225344931045689
"ACI50426.1"	711.19858188115	1.06944261644481	0.303187372073645	3.52733231971494	0.000419769547096152	0.00420159751179974
"ADV84573.1"	61.0548123300006	-1.06941529436872	0.380906924812322	-2.80755015124925	0.004991990621199	0.0304674990347926
"SCF07238.1"	214.378580996977	-1.06811805469874	0.346712028480732	-3.08070665843109	0.00206509990551745	0.01534763391422
"ABK36166.1"	127.172483950233	-1.06760092809266	0.300183189855915	-3.55649804576033	0.00037583127478053	0.00383802199243972
"CEF79448.1"	125.800021256347	-1.06646579027611	0.311338888282299	-3.42541786591439	0.000613854504180094	0.0057457274152544
"AGA59285.1"	123.182648217414	-1.06625431271604	0.335223807973561	-3.18072370563887	0.0014690766633212	0.0116345884770411
"AHE53397.1"	527.989630358925	-1.06598484342828	0.333157541801004	-3.19964194016355	0.00137598414673243	0.0111238960935377
"AGB80697.1"	326.617042142192	1.06556243992845	0.365866465569356	2.912435383413	0.00358622389454801	0.0237375299961794
"ABC27095.1"	66.3574967969393	-1.06508275139185	0.402229653377841	-2.64794686927606	0.00809822514705248	0.0443848690714333
"ADB31790.1"	205.031298473221	-1.0649819191361	0.344750080299195	-3.08914190306161	0.00200735535483977	0.0150181508589241
"ACV80476.1"	225.170226406846	-1.0646737760579	0.260551384822141	-4.08623341911874	4.38432707505477e-05	0.000636637037309301
"SBT41835.1"	112.254245498416	-1.06385915184442	0.318374723555934	-3.34153145061943	0.000833175767185302	0.00744750599556824
"ABW13810.1"	267.141355525448	-1.06376690766644	0.319361052345869	-3.3309224774046	0.000865587044521026	0.00766866294253502
"SDU78523.1"	573.147141832423	-1.06299159072097	0.383433332926004	-2.77229833569558	0.0055661996659913	0.0331697160172611
"ADV29795.1"	244.846313961267	1.06264433637015	0.406420911309118	2.6146399134515	0.00893215685136228	0.0478867604769702
"ANJ06731.1"	288.292282259109	1.06260211397009	0.293461936235798	3.62091972676241	0.000293557593543324	0.00312614060412881
"AEA63934.1"	531.976518833407	-1.06214540338989	0.211458484406281	-5.02295004323004	5.08837834715924e-07	1.28568808851146e-05
"AHA83596.1"	72.7647118708475	-1.06172028648217	0.322126872938903	-3.29596930797992	0.000980827300118145	0.00847769098305267
"ADG10401.1"	201.386897361808	-1.0615675530202	0.345002110085308	-3.07698858061391	0.00209103311319728	0.0154992224085441
"AKJ13585.1"	1231.90896086856	1.06143939998755	0.379273696719956	2.79861063176044	0.00513229844608026	0.0310533449959938
"AEK47264.1"	576.374161977158	-1.06138471382085	0.257294173923864	-4.12517974128295	3.70445335361121e-05	0.000549310784362815
"AJE43735.1"	250.113034901142	-1.06095877925091	0.296486945941238	-3.57843336367728	0.00034565997112828	0.00358410983396567
"CAP62281.1"	74.9079888013145	-1.0605682626186	0.359614147010029	-2.94918392793101	0.00318614293649164	0.0216240624606109
"ABK18866.1"	62.7542974394223	-1.06048082968968	0.38073794347078	-2.78533003572592	0.00534732654558318	0.0321459639188633
"ADB52038.1"	591.028482705315	-1.05999731156972	0.32601922567455	-3.25133374995457	0.00114864931465748	0.00962225799316305
"AEI43761.1"	120.09237706371	-1.05987655932278	0.300062227397408	-3.5321892012721	0.000412134369086802	0.00413552465840649
"AFN78827.1"	34.7632356498405	-1.05941455380172	0.376220082562709	-2.81594365347345	0.00486341956237022	0.0298981761238728
"AFH63220.1"	170.499630364129	-1.05904373744659	0.365385400001749	-2.89842926794973	0.00375036891433816	0.0245760497111384
"AEV81540.1"	302.393882762138	-1.05856955590486	0.240288573091123	-4.40540947198277	1.05584240360194e-05	0.000186848065304929
"ACU72073.1"	1237.89366360497	-1.05856650746871	0.369313406236827	-2.86630945314205	0.00415288078832579	0.0265746401257072
"ACY34298.1"	41.8147408181945	1.0582320844284	0.35675661923816	2.96625774369153	0.00301447743717424	0.0207303636283788
"ACK82208.1"	129.223986527481	-1.05810513141735	0.370663713419131	-2.85462291859383	0.00430879542906943	0.0273313874420471
"AFU71934.1"	226.167283004619	1.0578961663336	0.359968644183787	2.93885643493292	0.00329425627932674	0.0221857105595457
"ADF57301.1"	71.6348988490044	-1.05719658608486	0.371414002358379	-2.84641014978421	0.00442152049517325	0.027823517379485
"AHJ98306.1"	117.788705862228	1.05592786342657	0.35853992429026	2.94507749873827	0.00322873779045147	0.0218601555457024
"AGZ35887.1"	67.6864344903091	-1.05496536103884	0.404747346569131	-2.60647875762825	0.00914784979643937	0.0487722725006887
"AGK07609.1"	352.713752476812	-1.05472513791311	0.380094152519801	-2.7749049305834	0.00552178465310915	0.0329611691148068
"ACL96367.1"	274.80358537169	-1.05421054933815	0.310562357734783	-3.39452133551366	0.000687486830521282	0.00633746503367593
"ABF39901.1"	72.8149098964135	-1.05346220609007	0.386951698941408	-2.72246435142175	0.00647970239128093	0.0374665562687457
"ABG97759.1"	366.505866496386	-1.05283585183679	0.383473393119911	-2.74552516739427	0.00604141334560909	0.0353913806285148
"SDH42241.1"	57.3254308136614	-1.05239465408318	0.249718630376199	-4.21432174482839	2.50529928642377e-05	0.000391615627150865
"AAY92249.1"	233.244883760574	1.05183428780536	0.398111740828302	2.64205794487984	0.0082403956538625	0.044952867639426
"AKC84126.1"	214.583834981031	1.05165951388187	0.236042618869915	4.4553797908057	8.37448096106596e-06	0.000153036533280681
"ADH65500.1"	145.718411759859	1.05157003507662	0.320010012538096	3.2860535416886	0.0010160169550695	0.00869859653642988
"ABW14634.1"	1452.43512335687	-1.05128848556612	0.288747393921998	-3.64085878416658	0.000271730154862017	0.00293267440844913
"APC34687.1"	293.126426360317	-1.05101095539015	0.386993700428274	-2.71583479066204	0.00661088981182352	0.0380082666328477
"ABV39258.1"	148.221825019928	-1.05087812360794	0.302890513076291	-3.46949831123712	0.000521431345678857	0.0050494610700883
"AIO36726.1"	169.902609759207	-1.05076083130326	0.363857172174199	-2.88783872260789	0.00387898705521223	0.0252314408916639
"AAW84082.1"	351.345094835468	-1.05000626364045	0.342855981818331	-3.0625286397856	0.002194754722056	0.0160806996070871
"ACV09569.1"	58.779624965971	-1.04992462004966	0.323840914701094	-3.24209997065609	0.00118652392816542	0.00986426202441806
"ANC31630.1"	382.18718938932	1.04944927382145	0.288805520382593	3.63375766651275	0.000279323226819276	0.00299923302642832
"AIQ18717.1"	32.9052283035218	-1.0493542232824	0.371185804480744	-2.8270322049367	0.00469816027217644	0.0291319895503919
"AEL06308.1"	292.27008167905	-1.04934197641565	0.367989181937214	-2.85155658895072	0.00435057416258154	0.0275317348361901
"ACU90285.1"	184.589689821148	1.04931104474038	0.276385613599881	3.79654726262075	0.000146725399539712	0.00174277653182596
"ACF02800.1"	278.177364923818	1.04840446806499	0.370961768498028	2.82617929149365	0.00471068890812429	0.0291900059034634
"ADJ42673.1"	401.510634179638	1.04792064526031	0.230560970700093	4.54509122718525	5.49114660846754e-06	0.000105655033195072
"AFL95055.1"	351.2914843819	1.04710924094671	0.348695782247077	3.00293061819931	0.00267393384415936	0.0188278299550014
"AEA58856.1"	1599.25103042741	-1.04705646287429	0.277829092445643	-3.76870706252315	0.000164095329676437	0.00191771751841682
"ANC87489.1"	489.190363453832	-1.04699473303815	0.182010964827045	-5.75237175426793	8.80000209325025e-09	3.76704676762437e-07
"ACL17263.1"	139.346982469552	1.04694755276091	0.39949685071723	2.62066534662612	0.00877583617637668	0.0472568396987578
"ADW69333.1"	163.727343670212	-1.04551106621173	0.351520283067944	-2.97425530352583	0.00293700599815341	0.020277292213145
"ACO78873.1"	438.10820331589	-1.04530044858844	0.29875669747858	-3.49883519737122	0.00046729531353096	0.0045967672514451
"AGP57635.1"	471.458365029728	-1.04462487793861	0.320792260480537	-3.25639052629821	0.00112838434164038	0.0094837130076746
"ABK65326.1"	29.2926333653331	-1.04430970517273	0.342900881411798	-3.04551478804335	0.0023228235533551	0.0168340067822235
"ACU76898.1"	496.013092137234	-1.0440993093245	0.191491361771879	-5.45246166544225	4.96772835225773e-08	1.74500028795241e-06
"ABM16558.1"	103.351124453311	-1.04296201466456	0.347599179900343	-3.00047317419902	0.00269560496615392	0.01894706418088
"AMK77504.1"	54.4882113992377	1.04283620514625	0.371864317841593	2.80434598081141	0.00504187699099693	0.030696880340039
"ACE92386.1"	70.1986853215471	-1.04224338136338	0.248848628290817	-4.18826251332742	2.81098255461285e-05	0.000433827274525587
"ACL38614.1"	195.968736365083	-1.04201225142946	0.297619916793728	-3.50115093994751	0.000463253388371304	0.00456181563870666
"AJE82181.1"	762.341562832544	-1.04164876327928	0.365952387584841	-2.84640515711293	0.00442158982788001	0.027823517379485
"ABK51848.1"	196.52232238397	-1.04163012816679	0.370494907484961	-2.81145599338386	0.00493178366079896	0.0302283816289185
"ACT02684.1"	174.609303607347	-1.04147733625434	0.270053926801157	-3.85655320250607	0.000114997078187649	0.00143278068577723
"CDR03152.1"	99.7650753948394	1.04035573517285	0.323003877611853	3.22087692217435	0.0012779901845354	0.01046081363542
"ADJ50850.1"	50.6010161912394	1.03994640659284	0.290455185541321	3.58040227326184	0.000343065637342119	0.00355984639845439
"ACS17585.1"	213.281975107135	-1.03970075573616	0.223805349908126	-4.64555809842332	3.39158304745347e-06	6.88547926008029e-05
"ACS31585.1"	289.519271112259	-1.03913356413975	0.335069818713497	-3.10124489316737	0.00192708842154231	0.0145498294092499
"AGL15292.1"	276.098349084268	1.03894016934426	0.326577915737291	3.18129340435873	0.00146619055579759	0.0116215942242665
"ADG72997.1"	891.922284002839	1.0388924835856	0.330632015237477	3.14214121956524	0.00167717121543958	0.012960001475972
"ACF85320.1"	259.431318784746	1.03702369664931	0.222867409119933	4.65309710712905	3.26986160798895e-06	6.67223364265733e-05
"ABP80467.1"	31.1566896106189	-1.03697433431584	0.329068708177401	-3.15123956956978	0.00162579077886691	0.0126151991810305
"ADK99668.1"	276.93530042954	-1.03687557595412	0.389497543199659	-2.66208502224778	0.00776582599978168	0.0429838008481392
"AQZ69605.1"	221.774284181407	-1.03680272123766	0.234888745440593	-4.41401617303067	1.01470373396913e-05	0.000180940418701909
"AEY91905.1"	652.432137327084	1.03653863726269	0.288412684182963	3.59394261802	0.000325711599006336	0.00341265790635531
"ADG75409.1"	2370.4273923641	1.03649344752175	0.234399966864068	4.4219009984879	9.78362859227636e-06	0.000175353691465665
"AJE06518.1"	55.3903025861212	-1.03637795291962	0.311586547776855	-3.32613188956358	0.000880602500739819	0.00776766474484779
"AAO29660.1"	25.8984252194585	1.03628224650986	0.397442985566786	2.60737334446107	0.00912398178580517	0.0486795109030241
"SDT13632.1"	88.3177116772737	1.03571051299958	0.27832933618041	3.7211690553821	0.000198302623645924	0.00225953612193377
"AIS01453.1"	556.112633652692	-1.03418584173718	0.211742548605136	-4.88416640184	1.03867331851069e-06	2.408063695691e-05
"SCE88203.1"	297.662380526889	-1.03410139781293	0.396899581319	-2.60544844712695	0.0091754080272065	0.0488819644395192
"AEF26325.1"	34.4743942502469	-1.03325510097841	0.3243946163975	-3.18517955832011	0.00144664217625902	0.0115049243546636
"ALG09487.1"	116.809794650472	-1.0332117379358	0.39187926617699	-2.63655627411826	0.00837523071502073	0.04554641785115
"ADL01392.1"	170.186855355897	-1.03310284033175	0.299550511370741	-3.44884352092835	0.000562992851469278	0.00536107070399112
"AEO69014.1"	371.516134844878	-1.03210045367729	0.377649613521829	-2.7329577913566	0.00627683755544241	0.036480453436198
"AIJ12272.1"	1558.75824762012	-1.0312148290921	0.2660042042305	-3.87668620529968	0.000105888779361888	0.00134017281510642
"AIQ58082.1"	49.0444960982564	-1.03115040302746	0.377708511356209	-2.73001632747164	0.00633311888495799	0.036761765768875
"ACT16569.1"	164.385127741582	1.03095167002072	0.337211642193125	3.05728373823548	0.00223352744725845	0.0163050415680437
"ADM97429.1"	78.3113905071104	-1.03062760283767	0.315446996965652	-3.2671973826078	0.00108617921459467	0.00920638004595587
"ADG99025.1"	60.0422555508269	-1.03046356392735	0.378943895791083	-2.71930376863878	0.00654194986757122	0.0376848618297374
"AIG55915.1"	259.60892512266	-1.02970209792607	0.335645943065582	-3.06782226688459	0.00215624821999541	0.0158650000438874
"AKQ59142.1"	83.268152172624	-1.02969031314352	0.34394599134715	-2.9937558193671	0.00275566386523696	0.0192581015570762
"ACC70369.1"	210.505591159083	1.02946380991204	0.337621155166844	3.04916855522073	0.00229475691447711	0.0166620093363434
"ABO95793.1"	180.875040807374	-1.02934664304763	0.342024589041669	-3.00956912464042	0.00261618539209148	0.0185096604086411
"ADG74958.1"	494.651244371392	-1.02872281469939	0.304894686360478	-3.37402670731731	0.000740771802943371	0.00675086178229252
"AAW61721.1"	105.484139150016	-1.02843437589196	0.265270172372077	-3.8769318340452	0.000105781979022366	0.00133979736682259
"ADV63223.1"	230.540869435596	1.02829102855997	0.392165706204905	2.62208299269975	0.00873941461478031	0.047087885210814
"AEO61799.1"	56.945458161256	1.02821175924566	0.309908966647858	3.31778641440211	0.000907338374224598	0.00796046541046438
"ABC93448.1"	303.171347524691	1.02778763056848	0.316549927373943	3.24684209879584	0.00116693111713815	0.00974043039815136
"ACR14000.1"	64.8266999729133	-1.02758294927303	0.381897310071513	-2.69073104777984	0.00712956467994948	0.0403023083531616
"ABR63426.1"	204.077755778713	-1.02704975371292	0.271686672317416	-3.78027285973379	0.000156656580221705	0.00184198136072526
"ABJ84403.1"	148.035403473478	-1.02702865535396	0.335965776075419	-3.05694427376261	0.00223605842316117	0.0163150095425645
"ALV32767.1"	183.29699358989	1.02693434632334	0.268598510175607	3.82330618904752	0.000131674098987611	0.00159513114463746
"APA74140.1"	26.2484349676157	-1.02624758727691	0.37272653841933	-2.75335260974187	0.00589883247106341	0.0347305391924061
"SHH80789.1"	137.148562783111	-1.02617354787106	0.331101346031531	-3.09927325929183	0.00193996003949501	0.0146312287892517
"ABF40836.1"	84.7263438670124	1.02613430264931	0.389683983914805	2.63324731065583	0.00845727407573836	0.0458549720326752
"AGL16880.1"	286.815771890539	1.02611547163053	0.267810955829129	3.83149176423247	0.000127368638707998	0.00155813147805815
"AGM42831.1"	38.1132803868111	-1.02541426408859	0.314144186623682	-3.26415164676262	0.00109792383353101	0.00927783750182132
"CAC38814.1"	96.2306426888872	1.02525066723007	0.27855066860583	3.68066130432046	0.000232629840533035	0.00258748709398603
"ABX03880.1"	170.199643674375	-1.02455276869935	0.203397971639291	-5.03718282164735	4.72433501989197e-07	1.20567441400999e-05
"ACA15928.1"	1025.76400287405	-1.0227423573701	0.334078072560466	-3.06138726654978	0.00220313937712521	0.0161252522881039
"ACB62816.1"	435.269003812778	-1.02203174198493	0.337026218982689	-3.03249920753917	0.00242537734220121	0.0174149433373339
"ACU86551.1"	282.981548416629	-1.02180069340656	0.280530688651308	-3.64238471847416	0.000270123960694948	0.00292096964218454
"ABX34830.1"	298.282117179341	-1.02131504707231	0.310704815570771	-3.28709114210585	0.00101228065347792	0.00868171276026843
"ADC56963.1"	54.6279481123936	-1.02128988957376	0.386502810438261	-2.64238670972587	0.00823240012892507	0.0449442812030785
"AAY48269.1"	42.4739305038335	-1.01999265831064	0.381818669183698	-2.67140593332251	0.00755342399951008	0.0420743450637255
"ABQ36024.1"	229.968265052069	-1.01994684463146	0.307844248901767	-3.31319116166737	0.000922379129315683	0.00806966440760059
"AEF58998.1"	75.2129727329525	-1.01847473833205	0.338863605563927	-3.00555952781395	0.00265092701313069	0.0186940434910848
"AFU88757.1"	326.093919672404	1.01836420369169	0.312944407287422	3.25413773174217	0.00113737121638595	0.009542057109362
"CAK43464.1"	61.3178115628864	-1.0175943937376	0.366507357484706	-2.77646375429191	0.00549537619545471	0.0328906515693687
"AJF69258.1"	274.224302635891	-1.01614057986973	0.387260126816831	-2.62392255103079	0.0086923548450511	0.0469065470782673
"AGP52118.1"	370.301206135534	-1.0160298138795	0.36245659191774	-2.80317653626807	0.00506019628106318	0.0307575805836259
"ACZ83940.1"	921.796938743226	-1.01581645440511	0.350024145136691	-2.90213252005347	0.00370631717179116	0.0243515737013531
"AEA66295.1"	155.916820082801	-1.01535584965949	0.354969725238228	-2.86040126091899	0.00423105285237177	0.0269700718704463
"ADI05411.1"	165.693207760775	-1.01501497385061	0.280780960115086	-3.61497080654819	0.000300381468618338	0.00318420280024195
"AOH84695.1"	708.910103883579	-1.01483449549811	0.308740765982222	-3.28701165286524	0.00101256643629978	0.00868171276026843
"BAC69771.1"	58.03418678162	1.01436338865547	0.326821277594668	3.10372505768583	0.00191100828875348	0.0144401047373664
"ABE43577.1"	229.58631829353	-1.01421878928215	0.264726210235174	-3.8311989900099	0.000127520317036163	0.00155897764006306
"ADG74180.1"	452.183170125978	-1.01407183995971	0.363110552028758	-2.79273580537366	0.00522643588812242	0.0315463009962344
"ADL46954.1"	379.464824240266	-1.01385638290965	0.331969430097517	-3.05406549817501	0.00225762784834788	0.0164295682979848
"ACY46985.1"	314.290338193975	1.01299916086847	0.229293058405243	4.41792336808619	9.96537381588968e-06	0.000178041228685161
"ADP88104.1"	72.7438965252355	-1.01266051217285	0.383518400989964	-2.64044830589327	0.00827964227901795	0.0451045002609565
"ABF88967.1"	269.070406917905	-1.01244058688495	0.374896126206408	-2.70058961966316	0.00692166860715419	0.0394180297652337
"AIU14280.1"	27.7509544048836	-1.01235145696091	0.27954855308666	-3.62137970589702	0.000293036055340198	0.00312289204617594
"ADP17740.1"	118.587724713066	1.01156381222225	0.30685159190874	3.29658974858145	0.000978663406251936	0.00846159997573477
"ADW71079.1"	256.01332389419	-1.01151876329226	0.243290730715029	-4.15765434350668	3.21532034988033e-05	0.000487363879346236
"AGP57195.1"	477.300468025012	-1.01072139703056	0.351679007743338	-2.87398842346655	0.0040532381956217	0.0260740938705481
"ABS73398.1"	44.6237492235261	-1.01048824925586	0.356016405691013	-2.83831933894884	0.00453517844722816	0.0283965965770765
"AGH13541.1"	58.2624149127947	-1.01042858521894	0.353595499920852	-2.85758327084227	0.00426880611140196	0.0271427426515579
"AAS97675.1"	71.6954715106711	-1.00873529133127	0.385059827636209	-2.61968457609213	0.0088011130272153	0.0473448540710582
"AMY09989.1"	83.606917622348	-1.00824099836597	0.326646158669623	-3.08664581415063	0.0020242863668806	0.0151165433788182
"ANB71435.1"	463.343125230424	1.00755859894538	0.359901373297747	2.79954085674417	0.00511753398731927	0.0309908028356025
"CKI53763.1"	72.3453161404439	-1.00732864329802	0.35628009890025	-2.82735029659921	0.00469349548094702	0.0291285966492114
"AAP86763.1"	175.502144172113	1.00700309298645	0.365212609535009	2.75730647490122	0.00582796996972504	0.0343928851754684
"ANR91507.1"	32.4838841412984	-1.00639328143937	0.347490638438666	-2.89617379610933	0.00377743134930956	0.0247144117913696
"ADJ49784.1"	245.092630337399	1.00632220048104	0.369160324543211	2.72597604232316	0.00641116516513143	0.03714548426387
"SCG45498.1"	156.271078285893	1.00624909249697	0.310893969204136	3.23663110954803	0.00120949651420128	0.010020633010322
"ADO73087.1"	246.482842463902	-1.00564152189217	0.311632506540123	-3.22701098501318	0.0012509065770309	0.0102910315987532
"ACF85252.1"	151.614896761753	-1.00552979191675	0.273177545760905	-3.68086545735655	0.000232443639985619	0.00258644361885429
"AFJ88441.1"	64.6777675006649	-1.00545588784277	0.355993597501036	-2.82436508662165	0.00473743880711828	0.0293038746893688
"AGU47576.1"	856.331595057795	1.0053972138011	0.377621230082459	2.66244886067862	0.00775743561866215	0.042971343011489
"ABB08413.1"	133.518997533442	1.00505750786108	0.362990443772275	2.76882635646356	0.00562586100590523	0.0334439783394429
"AJT65272.1"	263.324616613549	1.00498050153008	0.265545830906252	3.78458399478649	0.000153965902641926	0.001817213073509
"AGF67489.1"	67.4788220067461	1.00452738888661	0.342834538963857	2.93006472429112	0.00338891408060125	0.0226673780224736
"ADF60225.1"	154.922512760825	-1.00425129528233	0.348130349422713	-2.88469907018342	0.00391787969277515	0.0254076812320901
"ABO31337.1"	181.26225020593	1.00335116878507	0.313828105378853	3.19713611237537	0.00138799414262091	0.0111952081459148
"ADK86482.1"	419.447682373914	-1.0028994241952	0.341333290041951	-2.93818227947219	0.00330142854446668	0.0222073026263549
"ACU35253.1"	810.95690089026	-1.00259292679947	0.305831869923218	-3.27824868955345	0.00104453326968975	0.00889919458862882
"AIQ17558.1"	43.1376444861593	-1.00215961989824	0.345183613388951	-2.90326533771177	0.00369293609111395	0.0242978704598886
"ACU73189.1"	934.45384571915	-1.00189185647062	0.254202914655895	-3.94130750950219	8.10386540141346e-05	0.00106865669231263
"APT09190.1"	27.7431248363282	-1.0016952873302	0.346213517143876	-2.89328763242344	0.00381232000447635	0.0249193814721737
"ACT14904.1"	97.1511762561312	-1.00160452000884	0.296981219939121	-3.37261905050482	0.000744568903057271	0.00677907426289659
"AEM49889.1"	193.971785684795	-1.00150568466824	0.309514878011624	-3.23572711949127	0.00121333316462501	0.0100379655073409
"BAV89806.1"	97.2152910048892	1.00123167933609	0.371167901549147	2.6975168789037	0.00698587431387429	0.0397271048732936
"AJP04697.1"	484.328430867082	1.00096395902663	0.22038651134091	4.5418567267861	5.57609333881239e-06	0.00010685031424599
"AEY86348.1"	173.488080081565	-1.0002820591199	0.379618614195886	-2.63496578332629	0.00841457650955107	0.0457071175710888
"ABK10838.1"	87.0764896072615	1.00021171640098	0.330577970431481	3.02564540249148	0.00248103081012616	0.0177372161798499
"AAY51235.1"	175.075439324989	-0.999902027820439	0.314211754270885	-3.18225532377256	0.00146132930570786	0.0115863424646268
"ADU09553.1"	1121.54000180481	-0.999208675227834	0.258721313441571	-3.86210421528914	0.000112414590593316	0.00140560914615921
"ABC35441.1"	257.8550846694	-0.999122606231252	0.269830523533002	-3.70277829635183	0.000213251229295312	0.00240152108421221
"ADL44187.1"	361.570190866486	0.997699520322617	0.215984483726197	4.61931108712142	3.85016242040834e-06	7.69372927350121e-05
"BAS94385.1"	301.654606423776	-0.997237931979756	0.338949893823274	-2.94213967949997	0.00325952866823324	0.022020696089734
"ANZ19579.1"	161.141296744161	-0.997204835634061	0.309867255084674	-3.21816784210247	0.00129012299905958	0.0105415534917847
"ADO53587.1"	194.398441459279	-0.996109765887984	0.266398758039884	-3.73916820490151	0.000184630161532938	0.00212014192053984
"ADJ45446.1"	394.062948160917	0.995629049990234	0.343108158027824	2.90179357935725	0.00371032936917245	0.0243722151617438
"BAS73665.1"	381.10748309817	0.995479060232093	0.368974034289667	2.69796508079097	0.00697647582164868	0.0396817182248834
"ARU28623.1"	39.325307876644	-0.994567674533998	0.369257060933009	-2.69342899502315	0.00707212073488607	0.0400872832747258
"AHI33267.1"	103.720960856578	-0.993936110472562	0.251231233901493	-3.95626011558054	7.6132262864598e-05	0.00101430759375531
"AQU70331.1"	83.8000785351405	-0.993774752155393	0.344151490601528	-2.88760844946049	0.00388182761491323	0.0252440524755194
"ANS66663.1"	218.275582034943	0.993771779860024	0.345236942432385	2.87852097419921	0.00399544711424859	0.0257852783334494
"ABR42905.1"	501.94030670796	0.993148297001292	0.380534067687556	2.60988011674354	0.00905739576093112	0.0484376030034437
"AGU47914.1"	512.878987770406	-0.993116723818021	0.277307389849099	-3.58128474094557	0.000341908775432582	0.00355047406417306
"AID28353.1"	199.622076179717	0.993059772477129	0.364573589972506	2.7238938853251	0.00645172321115457	0.0373418323381194
"AEM87142.1"	834.742255163526	-0.992910850701832	0.19991958776066	-4.96655111099232	6.81540967874935e-07	1.66641230887569e-05
"AJE37622.1"	38.268153007348	-0.992618378363793	0.284934486835916	-3.48367229739869	0.000494584660295251	0.00482452688140274
"ANG86634.1"	1224.1287290726	-0.992528885970437	0.132947941255548	-7.46554536006414	8.29553072870697e-14	1.08524148729383e-11
"CDR42571.1"	223.397490273242	0.992090364632	0.315317986788674	3.14631707101726	0.00165340654121341	0.0128081819390732
"AHE56159.1"	305.521054926558	-0.991984699723722	0.351106360458044	-2.82531110638271	0.00472347292687088	0.0292332773750646
"ADG66204.1"	99.4718337707967	-0.991080153747841	0.273040311965313	-3.62979424764849	0.000283647225549119	0.00303786829627894
"ABJ88388.1"	73.6699377799214	-0.98916473123103	0.325341611946332	-3.04038799498602	0.00236273554076125	0.0170570253221124
"AEO66258.1"	131.933066388686	-0.989153832430036	0.35630334096207	-2.77615649002667	0.00550057260493585	0.0328906515693687
"ACI98206.1"	255.477130359977	-0.989147654103311	0.31956766710863	-3.09526825117471	0.00196634969802495	0.0147822029906527
"AMP21811.1"	71.1783284603201	-0.989118999676597	0.344394681549773	-2.8720507390694	0.00407817482930363	0.0261983897478624
"ACA93318.1"	173.061099492055	-0.98852470204687	0.27545681658159	-3.58867395011105	0.000332364198326143	0.00347067068121548
"AEA29710.1"	150.193307139426	-0.988272361010417	0.342372683271914	-2.88653975418222	0.0038950353728448	0.025306430795582
"ADP85746.1"	83.6591460301136	-0.987320314211587	0.357174444222789	-2.76425239874033	0.00570533886773034	0.0337974327001647
"AKJ97503.1"	115.269240205159	-0.987219268637274	0.28241984474462	-3.4955732998507	0.000473044504905763	0.0046419046475085
"ACY18807.1"	667.631809251493	-0.987206399343059	0.366758930118946	-2.69170378216255	0.00710880537944988	0.0402219311647289
"AJE87672.1"	125.211120322261	0.986732714703788	0.341961743945016	2.88550614849609	0.00390784828430154	0.0253720131185774
"ASF09659.1"	246.98676664352	-0.986054627760965	0.367269145284494	-2.68482838926517	0.00725670557731178	0.040860565032667
"AFL53796.1"	282.138464595074	-0.98507774726387	0.24441160216752	-4.03040501566982	5.56808264324384e-05	0.000779420208401273
"ADX44249.1"	281.264273121439	0.984501742055997	0.307651447486947	3.2000556152032	0.00137401071632803	0.0111175734145432
"AKN21378.1"	112.43861636632	-0.983388782761588	0.363227061735108	-2.70736651081011	0.00678193388558594	0.0387532158814891
"AIJ16572.1"	88.1276598601227	0.983013256944746	0.278704238216839	3.52708399138135	0.000420163454972581	0.00420403719993295
"AGH86228.1"	217.872400686342	-0.981508960782625	0.231221997509301	-4.24487709368198	2.18713268516605e-05	0.000348299013958526
"AIY41738.1"	70.7685471615588	-0.980984468757805	0.31206392278833	-3.14353693945967	0.00166919346682973	0.0129126113007364
"AGZ43807.1"	1741.54435353014	-0.980848757880059	0.247027162614849	-3.97061095426718	7.16885604523725e-05	0.000964545701353346
"ACO67416.1"	261.749592016585	-0.980842389152833	0.264253226782736	-3.71175179616355	0.000205829772361603	0.00233295963847589
"AEO61153.1"	117.730027162395	0.980239255188144	0.367912781894515	2.66432508851837	0.00771429724138989	0.0427831746374706
"ACO76762.1"	748.255130981674	-0.978447697314893	0.287509204268357	-3.40318738596495	0.000666045838428875	0.00617029096381694
"CUW31909.1"	113.207035046846	0.978279846414405	0.282019334019032	3.46883964469041	0.000522711345010175	0.00505994537988012
"ADG76430.1"	352.932952363631	-0.978207389455826	0.247409016463233	-3.95380654852244	7.69176065651418e-05	0.00102201486160309
"AGZ42059.1"	681.863068312138	-0.978007316837515	0.316945128157155	-3.08573071472667	0.00203052625755718	0.0151545823809383
"ABI64549.1"	292.855574381538	-0.976999098155152	0.352872370515885	-2.76870387082678	0.0056279762543987	0.0334453031666623
"AJE43311.1"	464.895449454154	0.976611793598722	0.268219925455943	3.64108591835075	0.000271490508322954	0.00293267440844913
"AIG77190.1"	319.955142374329	-0.975650173988956	0.25608318458243	-3.80989550555556	0.000139025539159908	0.001664738663097
"ABD26859.1"	332.767015204315	-0.975646985832244	0.228265002194748	-4.27418560204798	1.91837187293849e-05	0.000311524007858387
"AQZ68530.1"	110.70759366	0.975121768952268	0.373510022786554	2.61069773088663	0.0090357719472208	0.0483589125280814
"APU20422.1"	129.094613040889	-0.974876248709093	0.307788523301043	-3.16735737334684	0.00153831147764576	0.0120668445301683
"AMV37966.1"	678.09152547215	-0.974722777631852	0.295409901626818	-3.29956027967942	0.000968364281498964	0.00839588926133323
"ABW15182.1"	509.185809583341	-0.974288443376342	0.234097383583331	-4.16189377456039	3.15619171721986e-05	0.000480482562889001
"ADN75026.1"	103.539301209537	-0.973794950058016	0.330623779350651	-2.94532641291125	0.00322614117320957	0.0218478588014453
"ALI25380.1"	44.2842355492532	0.973016509000413	0.329956288543774	2.94892548735687	0.0031888084923542	0.0216316652657979
"ACV59878.1"	150.315895997134	-0.97296859468009	0.329584473195657	-2.95210689158433	0.00315613654064101	0.0214722016376536
"AGT84286.1"	193.32921713816	0.972917484172506	0.332827734867168	2.9231863280889	0.00346469116036391	0.0230946413632257
"ACO67127.1"	137.353448124494	-0.972340783633968	0.362050044578373	-2.68565298691321	0.00723882266540423	0.0407762735091865
"ADW02856.1"	110.417108583991	-0.971822516891397	0.237596442198343	-4.09022335477621	4.30957970949603e-05	0.000627084166044963
"ABM16407.1"	189.221488144634	-0.971412388561808	0.349201777959346	-2.78180825492503	0.00540569675175597	0.0324063996278715
"AIS00259.1"	364.330244547627	-0.970989525315156	0.264102033484157	-3.67656966705409	0.000236391318370734	0.00262099459370577
"AEV83904.1"	686.768110184252	0.970350496883429	0.342181602496006	2.83577635327357	0.00457144458414216	0.0285483298187919
"ACI52355.1"	254.562233641261	-0.96998052699357	0.21780050672164	-4.45352741182212	8.4470917999146e-06	0.000154061747251081
"ADV64094.1"	130.518921667469	-0.969864687204768	0.29590702200333	-3.27759943187104	0.00104693849943661	0.00891545057223969
"ABF52731.1"	458.50939232998	0.969334442269151	0.241530319681331	4.01330335482545	5.98748849510401e-05	0.000829616532121397
"ABR84319.1"	300.798640835563	0.969324986328999	0.367850434232706	2.63510627179468	0.00841109444065037	0.0456970696604789
"AEI08894.1"	79.6496716433492	-0.969186093664488	0.282282906417425	-3.43338569793279	0.000596093477608732	0.00560760517444021
"CBG67782.1"	272.923730161646	-0.969149753596758	0.281289124084805	-3.44538651023199	0.000570243367442886	0.00540803974083029
"AGL85100.1"	49.8634270551361	0.969102898761435	0.278496340217589	3.479768883154	0.000501846501968082	0.00488175631309883
"AIF91538.1"	68.0711917886987	-0.968709571903287	0.37294056567524	-2.59749048792629	0.00939077211668608	0.0498751812621733
"ACM52852.1"	69.1418517676477	-0.968577678912849	0.294796463399537	-3.28558106750466	0.00101772251620305	0.00871053487117715
"ABP83792.1"	173.726191810193	-0.968015141753978	0.270080877649106	-3.58416763963437	0.000338154854690875	0.00351685993549239
"ALN86362.1"	387.69479036845	0.967917718889076	0.243717918365411	3.97146720019928	7.1431336699519e-05	0.000962363668065319
"AEH07641.1"	364.063072720487	0.967861856035647	0.225964484368599	4.28324769151265	1.8418493603589e-05	0.000300491927113099
"ABC21072.1"	217.99821088432	-0.967028253837624	0.355205013968866	-2.7224510235162	0.00647996376101109	0.0374665562687457
"AAZ45149.1"	389.069986810062	0.965611463016532	0.288001657743068	3.35279828103619	0.000799989882603051	0.00719791309534138
"AKE04030.1"	57.4896183739166	-0.965155041662435	0.351372803749192	-2.74681202234239	0.00601776141796393	0.03528974626253
"AJY24222.1"	179.434502401955	0.964914992080971	0.310363511381434	3.10898335885593	0.00187732291733517	0.0142316632531046
"ACR29236.1"	203.487963675228	0.963662194815044	0.309268649977586	3.11593882821581	0.00183360304614567	0.0139379720010573
"ACG38222.1"	107.42733610976	-0.962984655244517	0.312886914394723	-3.0777402663432	0.00208576621678634	0.015472472444396
"ADB33791.1"	430.684897497834	-0.962722390794875	0.325268819910594	-2.95977459831378	0.00307864199028761	0.0210938965149515
"AMW08868.1"	144.22702308877	0.961754555745985	0.318573115428292	3.01894450337718	0.00253656992067244	0.0180613828324579
"AKH83261.1"	926.291623446037	0.961735790711074	0.122604859720856	7.84418980536934	4.35757599154246e-15	7.13419283387267e-13
"ADV82343.1"	126.810242385037	0.960793882284264	0.283018997976843	3.39480349076381	0.000686778752021069	0.00633510970068595
"ABS02054.1"	596.523152795567	0.960767716171816	0.254374767252117	3.77697727864484	0.000158743206906288	0.00186416729049851
"ABD26219.1"	405.425055637292	0.960430568575037	0.244031824340952	3.93567753373494	8.29623081216122e-05	0.00108940561827986
"AAM43327.1"	171.635019988251	-0.960415856257534	0.321842929544867	-2.98411357868169	0.00284401180333023	0.0197423641076204
"ADU07281.1"	214.009238641675	0.959732577087102	0.200283156429416	4.7918786292213	1.65226850484058e-06	3.60256301102157e-05
"AEI43214.1"	67.5823557744521	-0.959666463448241	0.340180091604932	-2.82105416257795	0.00478661204913953	0.029549281351204
"ACX62652.1"	277.282956514621	-0.958934663580997	0.310929628918272	-3.08408904907886	0.00204176471681444	0.0152105494975884
"ABY31659.1"	138.030709872565	-0.958888793962159	0.321528868046074	-2.98227900900256	0.00286111122969529	0.0198315597886976
"AJE06459.1"	153.981042231458	-0.958761159723497	0.210980168891767	-4.54431885593636	5.51131784759488e-06	0.000105770666389286
"AIY45478.1"	40.6277030632935	0.958558665408665	0.333652375180605	2.87292624513702	0.00406689048965756	0.0261318949158717
"AJR23004.1"	181.332546082893	-0.958552128505457	0.333437994716658	-2.87475375840115	0.0040434270622282	0.0260448759139323
"AEC00383.1"	80.9271801469822	-0.957796500687688	0.335985290216582	-2.85070962502637	0.00436217859308363	0.027586074518177
"AJW94416.1"	72.6746741301248	0.957274508491773	0.320851458230253	2.98354420382532	0.00284930874888351	0.0197693302933687
"ACU38212.1"	661.728727693957	-0.956425843821069	0.343145318238712	-2.78723267661115	0.00531602943094179	0.0319921667989352
"CAM02612.1"	683.400195863316	0.956145650405094	0.19867634916513	4.81257912390163	1.48994852531269e-06	3.28764175792827e-05
"ACK79323.1"	28.8118936462291	-0.955369550165981	0.352818114755491	-2.70782454247869	0.00677258169819183	0.0387312035278548
"ACN35419.1"	275.725595571056	0.954612997560419	0.249613742422783	3.82436074350243	0.000131111826262766	0.00158900722426511
"AEN08210.1"	255.39340767153	0.953856742300038	0.242857214475281	3.92764425121546	8.57819710296462e-05	0.00111908297341378
"AIS01267.1"	477.759164918927	0.953463611490798	0.335563026815788	2.8413845844054	0.00449181075436275	0.0281996802050341
"AGS68644.1"	142.547742405817	0.953290586198672	0.334033351813803	2.85387845561618	0.00431890516024845	0.0273775162675137
"AIZ46585.1"	117.20204278451	0.952103827438833	0.316281376055385	3.01030632695902	0.00260984330033416	0.0184787994527454
"AJK80821.1"	28.007484334613	-0.951431856190541	0.339141974772717	-2.80540872838924	0.00502528112925819	0.0306309101882674
"ABF93096.1"	453.896997930218	-0.950656732694388	0.313355707328486	-3.03379421679985	0.00241499098791455	0.0173626316634966
"ADQ02476.1"	55.8441538606896	-0.950109996439138	0.311478230914716	-3.05032551921512	0.00228593459140913	0.0166096612564469
"ABF11449.1"	246.018040818347	-0.949614376117068	0.34600148568491	-2.74453843525355	0.00605960581488903	0.0354553084533616
"ACA61149.1"	112.732711059676	-0.948902181154776	0.342530243769607	-2.77027269391437	0.00560093786597255	0.0333341531666172
"AFL90083.1"	930.142273184876	0.948501434350181	0.324096174340531	2.92660484586153	0.00342683977559055	0.0228907732449515
"ABK65496.1"	754.977398845686	0.948333480960811	0.190904018411383	4.96759308081838	6.77890225057877e-07	1.65893485495807e-05
"AEI64830.1"	195.773098423028	-0.947988077242964	0.266122764858122	-3.56222090864104	0.000367730748033724	0.00377244046242292
"AQT06905.1"	37.3092063732052	-0.94787258465191	0.322595072917644	-2.93827359506478	0.00330045621589853	0.0222060976256417
"ADB53651.1"	597.629731006392	-0.947614994887098	0.296955881517602	-3.19109690653131	0.00141733732678983	0.0113403188913427
"ACZ29275.1"	520.533808949185	-0.947538531885528	0.290167192687409	-3.26549160540796	0.00109274244396814	0.0092396307645219
"ACL94303.2"	193.899489517552	-0.947146511407397	0.217509032877802	-4.3545157590743	1.33361387097799e-05	0.000228773614778798
"ANB19167.1"	441.236156843744	-0.946765515330975	0.236567315031848	-4.00209773359229	6.27833528522458e-05	0.000862454733293166
"ADW01763.1"	213.022651501363	0.946684021105132	0.278598790439276	3.39801913573445	0.000678756721983634	0.00626937419619064
"AIU20903.1"	27.4146207362152	-0.946382175523941	0.298344445190919	-3.17211260601257	0.00151334315009898	0.0119210902729801
"ABL99603.1"	66.9797647313703	-0.944969427479319	0.327129461663301	-2.88867111716135	0.00386873470293689	0.0251706011488313
"AEK42525.1"	81.9722861027983	-0.943842827345858	0.255439065673854	-3.6949823037286	0.000219902102397162	0.00246612272831022
"AEB46245.1"	1209.33676699853	-0.943677225063073	0.195321930701343	-4.83139410753626	1.35580323283495e-06	3.03413807405654e-05
"ABO68055.1"	84.3132709114609	-0.943631698987264	0.300079799099147	-3.14460254179085	0.00166312614503195	0.012872789481978
"ABF79697.1"	168.454960197227	-0.943553767890833	0.304397778040238	-3.09973934095572	0.00193691016653847	0.0146121630348722
"SBO95178.1"	457.199074758818	-0.943237353168463	0.325576545604667	-2.89712931076366	0.00376594494711522	0.0246507820293284
"ACS87816.1"	87.5745583001065	0.943063041663314	0.27364600278853	3.44628838738091	0.000568343489836647	0.00539550503271169
"ADB37948.1"	60.851894454522	0.942199518886666	0.362741454067468	2.59744098261078	0.00939212586134368	0.0498751812621733
"ADY57919.1"	82.5173450014125	-0.94206502471598	0.329653443588648	-2.85774361845138	0.00426664972795313	0.0271351944079455
"EAA35129.1"	90.6546798852191	-0.939968528237321	0.276940837925475	-3.39411310833929	0.000688512492091012	0.00634483072040157
"ABQ90829.1"	326.2167229878	-0.939633447256377	0.192770339527175	-4.87436734074909	1.09157707915879e-06	2.51314078191854e-05
"APU14217.1"	41.4825340753263	0.939328861352299	0.318515174920341	2.94908668507621	0.00318714566082556	0.0216256252836821
"AGT88370.1"	168.333172821569	-0.939328245987079	0.234305210844436	-4.00899426266167	6.09778978831655e-05	0.00084219892902669
"AKH81272.1"	1248.11254175912	-0.938372321833844	0.286301949408198	-3.27756176223568	0.00104707820694114	0.00891545057223969
"ADB31457.1"	308.686013634418	-0.937517171410274	0.353976558023243	-2.64852897786727	0.00808429181867057	0.0443407789917428
"ACU77108.1"	462.707476288019	-0.937513303004464	0.27702864260386	-3.38417462610561	0.000713925808953832	0.00655958875860568
"ADU33333.1"	93.9097684287268	-0.937058892208711	0.325569177981719	-2.87821745909045	0.00399929350558162	0.0258041532570323
"SBO95741.1"	254.890173555063	0.936700311886036	0.289439446298509	3.2362565775502	0.00121108471462664	0.0100223256490356
"ACV80610.1"	314.870055015511	0.936613176399669	0.22905313514761	4.08906508001334	4.33115333880637e-05	0.000629242184085227
"AMY12001.1"	134.626325129774	0.935909558756023	0.27056970988405	3.45903301281248	0.000542118453836357	0.00518942832515811
"AEO56694.1"	396.37354784146	-0.935019624146633	0.354774623918111	-2.63553129539066	0.00840056788857952	0.0456664657492567
"AKF85201.1"	137.422674962557	-0.934993972834596	0.301549386261428	-3.1006329823003	0.00193107480438436	0.0145720674456993
"AHY41457.1"	92.7660648072914	-0.934959779130064	0.299816493175169	-3.11844011391264	0.00181811085689128	0.0138465265368684
"ACY23445.1"	106.713743566102	-0.93439691703007	0.353424115107354	-2.64384029580506	0.00819713221416304	0.0448095116126494
"AGK76509.1"	141.096715379904	0.934053793032095	0.31983090879496	2.92046130422906	0.00349513599166664	0.0232740209951481
"ABQ94524.1"	49.3592472098921	-0.93314924547007	0.357638925167812	-2.6091937420744	0.00907558428613562	0.0485081005455165
"ACB79364.1"	957.200638601781	-0.932760529411814	0.33014171570189	-2.82533374320401	0.0047231392015153	0.0292332773750646
"ACA15258.1"	990.827662070203	-0.932618170768244	0.347396929962286	-2.68458955831731	0.00726189246320046	0.040865113849198
"AGH51215.1"	249.792539700244	0.932004660879215	0.340799615017142	2.73475854963139	0.00624260481897663	0.0363267438187632
"ACP33863.1"	109.719051603914	0.93179039232281	0.281312343433659	3.31229828364268	0.000925328288657878	0.00809293682263853
"AEI98257.1"	149.117337275324	-0.931681383798308	0.349648269213614	-2.66462461231034	0.00770743050178401	0.0427535613885368
"ADR59517.1"	66.5823110329919	-0.93159530771915	0.315772816760522	-2.95020742214698	0.00317560655207644	0.0215630077690837
"AIS57484.1"	56.7704933623776	-0.931543963742715	0.358370908193738	-2.59938500152784	0.00933909642137924	0.0496653883429379
"AGP52975.1"	263.604736860544	-0.931135475195676	0.323040473957484	-2.88241118454471	0.003946443731078	0.0255573996519222
"AEN11565.1"	523.124882917892	-0.93102537330833	0.332190226727953	-2.80268743147218	0.00506787591311148	0.030783305286064
"AEH86416.1"	473.061470682341	0.930215949574503	0.342445795402603	2.71638887690496	0.00659983465135243	0.0379792334839183
"ABM34743.1"	385.562489912161	-0.930113504647672	0.357590769519279	-2.60105568691847	0.00929373664938247	0.0494370988478266
"AAV32135.1"	98.9765364628064	-0.9299900255098	0.304837948001683	-3.0507685529515	0.00228256451294535	0.0165894797778863
"APT57633.1"	173.856892656632	-0.929634616708668	0.314807288730051	-2.95302761400113	0.00314673812781817	0.02142733442533
"AOJ84972.1"	247.628799104158	-0.929467464044226	0.349570212154096	-2.65888634594101	0.00783994052611723	0.043291316561968
"AGM04225.1"	258.397572084131	-0.929159952589394	0.328183053663299	-2.83122465410012	0.00463701391371541	0.0288612364447258
"AEB44770.1"	311.831900864668	-0.929047179758309	0.251822564221329	-3.68929282660215	0.0002248782668994	0.00251425397768195
"AJP72512.1"	255.781620739412	-0.928604544154192	0.346410899640971	-2.6806447058006	0.00734804868443022	0.0412256454848313
"ABV99840.1"	203.033012304221	-0.928489656063301	0.328431510761998	-2.82704194219702	0.00469801741370709	0.0291319895503919
"ACU84064.1"	927.537520347044	-0.928391565485554	0.317982057062082	-2.91963507017724	0.00350441492170675	0.0233261055986929
"AKK29380.1"	109.262979624932	-0.927989155271215	0.31691058029852	-2.92823658458193	0.00340890547900312	0.0227824582931896
"ADH67868.1"	709.886891726399	0.927673405662794	0.346043478651531	2.68080013898187	0.0073446367198882	0.0412147623992764
"ADX05729.1"	187.928163652369	0.927399254158707	0.311028689471538	2.98171611028691	0.0028663766119161	0.0198582231198226
"AEB44540.1"	152.098505537234	0.926523601303182	0.252092713109712	3.67532877041136	0.000237543316129858	0.00262779931511469
"AIW39325.1"	28.7857277606434	-0.925768953083933	0.320027235962511	-2.89278176683806	0.00381846510334248	0.0249512908006549
"AEV60598.1"	73.9211848504586	-0.925755822503838	0.340202926194278	-2.72118712457861	0.00650479285611103	0.0375379446972703
"ADT97549.1"	136.143523020091	-0.92567151685326	0.314104626712152	-2.94701649747284	0.00320856084990082	0.0217603850663332
"AKC82864.1"	229.102270767482	-0.925389094717654	0.332270229140202	-2.78504967812564	0.0053519522715854	0.0321599604626111
"AAZ62741.1"	222.754132350443	-0.924729233579781	0.186228041815496	-4.96557459641844	6.84979567861196e-07	1.67335846263892e-05
"ADG87504.1"	250.782305076484	0.92317873377043	0.255882827729389	3.6078182422884	0.000308782675066023	0.00326460716433096
"AHF02912.1"	101.13708357529	-0.922961689410855	0.339806146108527	-2.71614183551606	0.00660476158004114	0.0379841629405981
"AAW51006.1"	130.164787373077	-0.922779632865951	0.316801188321561	-2.91280357171296	0.00358199843902517	0.0237226376671143
"ADU86902.1"	115.150259213942	-0.922241587095752	0.318045222599054	-2.89971840972559	0.00373498032035589	0.0245053923245099
"ABN78003.1"	87.8832870012457	0.921964584283247	0.319594442634245	2.88479541973255	0.00391668090838892	0.0254057921017739
"AAS82549.1"	244.455105326081	0.921948279807081	0.278246081731574	3.313427718621	0.000921599246849283	0.00806536183644655
"AHB05232.1"	74.9618860061278	-0.921878211656994	0.336108166304018	-2.74280218119762	0.0060917371368772	0.0356191046123672
"ACL40758.1"	157.413339847363	-0.921544239114433	0.291099193291714	-3.16573958413874	0.00154689213742154	0.0120968693517468
"AAY48792.1"	81.1421702707637	-0.921130080039706	0.265859260038953	-3.46472821712039	0.000530767582090737	0.00512038912067963
"ADK56172.1"	116.646102235002	-0.920388377388322	0.321839962419094	-2.85977033576026	0.0042394790922133	0.027017631838289
"AKZ59333.1"	68.8586249179711	-0.920341217083392	0.347979732248482	-2.64481270543137	0.00817361448181883	0.0446930685611328
"AEJ49762.1"	37.5355755652694	0.919847297626036	0.278938804825566	3.29766702127107	0.000974916729790178	0.0084421243743686
"AEG48485.1"	323.977529113401	-0.919365775076914	0.343211831218047	-2.67871236202469	0.00739058507776167	0.0413979231366578
"AEK42215.1"	387.981613211299	0.919326832112261	0.329581967042074	2.78937236877071	0.00528103070330235	0.0318020511012374
"ACT91559.1"	56.2553931271474	-0.918679765410502	0.346936070926126	-2.64797996633253	0.00809743236119385	0.0443848690714333
"ALC25808.1"	428.169230513835	-0.918478137029113	0.266506311453915	-3.44636542383702	0.000568181479826451	0.00539550503271169
"AKN75840.1"	120.075358032454	-0.917796138503948	0.269462982048312	-3.40601937797674	0.000659175002846517	0.00611878759273577
"AAP46641.1"	233.587539921798	-0.917596366039696	0.352580232981197	-2.60251789580226	0.00925419852372393	0.0492548558688546
"AGZ39030.1"	1469.98624657601	0.917069922274814	0.166906630310443	5.49450863976514	3.91799746209231e-08	1.4194405992687e-06
"ACG32291.1"	53.8498677054726	0.916909170508178	0.306700193523512	2.98959436567127	0.00279348144972854	0.0194786966334902
"AGZ43429.1"	808.699593767764	-0.916553990619808	0.272914062180476	-3.35839781686917	0.000783956997934876	0.00708903750458165
"AEM83365.1"	93.5388041865063	-0.916535859726032	0.292343298484584	-3.13513552209702	0.001717747361446	0.0132079250565895
"ADQ02461.1"	559.105138079887	-0.916009016747628	0.351513033865701	-2.60590341892585	0.00916322954549954	0.048826375020138
"ABD10855.1"	291.103211690516	0.915806005679874	0.21020228417683	4.35678427218928	1.31987239039693e-05	0.000226833317627701
"AOR30188.1"	72.1244822592508	-0.915674504516026	0.289601304819761	-3.16184523093194	0.00156772863267801	0.0122358881517852
"ACI97680.1"	196.545701859931	-0.91498241997856	0.248504626338924	-3.68195326364129	0.000231453847342378	0.00257872240449601
"ADG98225.1"	329.819899789757	-0.913938279295313	0.328937199135307	-2.77845826406325	0.00546175292158111	0.03271442764069
"AGJ55903.1"	82.7551702505596	-0.91372069972209	0.317170444799104	-2.88085070568552	0.00396603450918261	0.0256368280117932
"AGU15939.1"	115.907893504271	-0.913318655613273	0.302263886618047	-3.0215937002338	0.00251447804114371	0.0179472343456959
"ACL55752.1"	505.011109557289	-0.913086586602056	0.230144293264632	-3.96745265176808	7.26449385263915e-05	0.000974493387151345
"AEA25808.1"	907.596733823234	-0.912181305366267	0.322608915716476	-2.82751424690301	0.00469109279949397	0.0291201405797413
"EAA59072.1"	104.088348043635	-0.912006800769503	0.297888014153062	-3.06157601997673	0.00220175075041879	0.0161216535318187
"ABV99811.1"	382.524962751288	-0.911990628886515	0.258777657601273	-3.5242247624473	0.000424723809702372	0.00423906159587437
"ABK10090.1"	175.674551544463	-0.911973213995285	0.291709631446126	-3.1263047760002	0.00177017991790962	0.0135404254048628
"ADY62367.1"	218.537553181124	-0.911846842298443	0.282272035721183	-3.230383200974	0.00123624403594388	0.0101943705538395
"ACA92574.1"	94.5314450848836	0.911751158687796	0.297271019046575	3.06707045177837	0.00216167901583167	0.0158966025025541
"ABJ84616.1"	130.230849921408	-0.911578509609601	0.314516355767232	-2.89835009497644	0.0037513158844669	0.0245760497111384
"AHL27897.1"	192.883347660493	-0.911309520175593	0.301830870696047	-3.01927207801521	0.00253382866201308	0.0180596691219857
"ACD28798.1"	176.062453881942	-0.910375159143465	0.326115549740458	-2.79157237325235	0.00524526259503779	0.0316206657215069
"ABQ90130.1"	121.161076557866	-0.908978970341919	0.293815102985985	-3.09371084435124	0.00197670039810393	0.0148363818620155
"AJY47144.1"	151.489814882197	-0.90878744007582	0.287884780163165	-3.15677487208857	0.00159524456348483	0.0124229393044009
"ALX15094.1"	60.3987581501707	-0.90878246439118	0.346496561985607	-2.62277483846703	0.00872168910013404	0.047028583984467
"AFH63380.1"	84.5976253700571	0.907807924407892	0.300445094843958	3.021543503246	0.00251489499707691	0.0179472343456959
"AEM83762.1"	149.096704852285	0.907365636695351	0.337177682594048	2.69106077755387	0.00712252176794509	0.0402832564475537
"ABO02081.1"	542.995547541626	0.906926358205327	0.283194635575013	3.20248424326208	0.00136247753593783	0.0110338215493536
"AGY35366.1"	438.922259108947	-0.906810183197451	0.262207047314291	-3.45837456500746	0.000543445264612916	0.00519791377796488
"AGK75166.1"	73.3996991167429	0.906425536108752	0.34052698938333	2.66183170312057	0.00777167252536558	0.0430076584344999
"ADU13646.1"	74.4526704529102	0.90636664082428	0.298994872673456	3.03137854077571	0.00243439839927505	0.0174752352784883
"ADH66451.1"	232.997703255196	-0.90488738666041	0.248602750854213	-3.63989289559817	0.00027275146828626	0.00294029653682793
"ABZ78855.1"	191.628186105478	-0.904615663292632	0.2326583189758	-3.88817243791195	0.000101001861923723	0.0012893972304681
"AAS51639.1"	122.969378029712	-0.9044166174338	0.274732185235906	-3.29199367979838	0.000994798473197841	0.00855881317014344
"SCG40404.1"	416.311880530799	-0.904047778841142	0.329135076010239	-2.74673787370209	0.00601912197482492	0.0352903327344918
"AEO71823.1"	125.004589833202	-0.903640596501392	0.310169133037128	-2.9133801537667	0.00357539048346447	0.023688093816443
"ACU69819.1"	251.043513598784	0.903278937386281	0.254103087950471	3.55477355537822	0.000378304749601218	0.00385268089117341
"AEV52059.1"	102.746274520261	0.90304158794906	0.282339510186898	3.19842443358806	0.00138180742167304	0.0111600196320146
"APC34569.1"	284.869661427019	-0.902952909735793	0.193307842764942	-4.671061953931	2.99646537832743e-06	6.17285097363169e-05
"AJE84407.1"	489.71361272804	0.902526654641815	0.251265979475866	3.59191744351727	0.000328253847007678	0.00343415347564534
"AGT85164.1"	91.7572022801889	-0.902089858247637	0.295905224440558	-3.0485769893152	0.00229927988636809	0.0166893024886598
"AGT89685.1"	50.3279056131937	0.902067354708971	0.282801680730518	3.18975245259787	0.00142394708935602	0.0113866960050303
"ADL46510.1"	230.632641983721	-0.901195760842853	0.269359132192763	-3.34570338680006	0.000820741416895221	0.00735643571218452
"CAC13062.1"	33.2968332338047	0.901192221295549	0.221385582595538	4.07069065080895	4.68739612171011e-05	0.000672276341308382
"ABD26048.1"	62.2256960797304	-0.9011358185765	0.33359210278616	-2.70131040588256	0.00690668456339519	0.0393487059496971
"AEI64335.1"	524.757408785	-0.901062377781066	0.282610988361373	-3.18834870153344	0.00143087869078576	0.0114159858828311
"ADW04727.1"	151.135302013838	-0.900697155520305	0.313753763454729	-2.8707134716179	0.00409546563997571	0.0262793160799358
"ANI38314.1"	128.072580139153	0.90048791115842	0.298673932399419	3.0149531427945	0.00257018959276943	0.0182580633948675
"SCG41789.1"	99.5686788187685	-0.899708803560627	0.230886395865591	-3.89675970378257	9.74882598497541e-05	0.00125253846845054
"ANC87422.1"	595.466523904979	-0.899555890453911	0.31538776353584	-2.85222191364976	0.00434147804376561	0.0274924268973676
"ADP36472.1"	185.27745811325	-0.89906591619513	0.252122210209109	-3.56599252183871	0.000362481707325033	0.00373290268811079
"ADB29670.1"	412.168748933175	-0.898960814743616	0.228800199372627	-3.92902111627778	8.52923504670054e-05	0.00111425321683354
"AQS69875.1"	214.387891548682	-0.898584913942522	0.243749023646053	-3.68651697759148	0.000227344281532296	0.00253818634367251
"AAQ97669.1"	273.151826437918	0.898203206754009	0.283089223906136	3.17286258501958	0.00150943948725387	0.0119037374324393
"AAK22781.1"	194.841884091664	-0.898186960596147	0.204885857362999	-4.3838407011413	1.1660505367896e-05	0.000203774973957314
"AEE47566.1"	942.982005744567	-0.897769542605931	0.31301710456927	-2.86811656456064	0.00412923371497381	0.0264414517576411
"ADJ49598.1"	252.818326853428	-0.897711857442224	0.235318122270259	-3.8148862007798	0.000136245705234087	0.00163845995005734
"YP_611070.1"	55.5646749450888	-0.897085938584657	0.343111374472857	-2.61456193331657	0.0089341961251711	0.0478885228260176
"BAL85709.1"	267.748062625428	0.896929454871501	0.239354428355186	3.74728581808613	0.000178758359423207	0.00206371918779881
"ACV08054.1"	140.006327093765	-0.896107486539058	0.245927979146365	-3.64378014103771	0.000268662936914661	0.00290854121495083
"ABP53596.1"	203.319894844678	0.895932283182115	0.315902851716204	2.83610065029419	0.00456680513837938	0.0285384546102833
"ALV34875.1"	747.370539758902	0.895760080890335	0.301429594360645	2.97170582334594	0.00296150295308516	0.0204162119366097
"AIQ52861.1"	154.132777580419	-0.895504196076651	0.335333478217998	-2.67048849651239	0.00757409668021296	0.0421256887996041
"ADU06362.1"	182.250648955407	0.894922710685779	0.220567826930714	4.05735833343861	4.96309037001529e-05	0.000708550117281735
"ADG11496.1"	255.399789326505	0.894094899820274	0.22710892093474	3.93685503916068	8.2556442526405e-05	0.00108509397416396
"AGL16775.1"	352.576566699172	-0.893923670268685	0.205698614690352	-4.34579334243137	1.38773176883096e-05	0.000236603148368992
"ALV36641.1"	267.96019912086	-0.893003702303168	0.311867318033564	-2.86340905463861	0.00419109109635312	0.0267701999391973
"ABQ30275.1"	701.680420281627	0.892072971719068	0.267156524340542	3.33913975681893	0.000840382726947032	0.0074951751588433
"CBQ72009.1"	203.733000757596	-0.891924866676454	0.297694613157714	-2.9961068398773	0.00273450606970303	0.019172359611171
"AIG56170.1"	121.037416448525	-0.891550793184886	0.319546670551229	-2.79004876391586	0.00527001035186392	0.0317561794685283
"ABF79150.1"	86.5837462460915	0.891433103168507	0.269869659480727	3.30319868074006	0.000955886364193917	0.00830828769077085
"ADI05325.1"	346.704427373239	-0.890919681716487	0.283588304782588	-3.14159528687019	0.00168030122605557	0.0129770243102488
"AKJ02217.1"	197.309918172374	-0.8908517194662	0.285643378212136	-3.11875501908047	0.00181616898027885	0.0138355011624182
"AAM13694.1"	65.9549351821201	-0.890514167504367	0.30408223745027	-2.92853069936387	0.00340568199293668	0.0227663498267085
"AGN00771.1"	498.429695115011	-0.890502421201299	0.320321984078517	-2.78002280662392	0.00543550808879915	0.0325711653369052
"AEK41671.1"	431.659605348287	0.889571832035048	0.221635459817536	4.0136710649433	5.9781641005986e-05	0.000829020563320577
"AAX92971.1"	439.019987616143	-0.88913296372269	0.320327583364599	-2.77569903404376	0.00550831725200276	0.032908845451786
"AIE12545.1"	262.510216304905	-0.888867061586357	0.287457449561466	-3.09216916431416	0.00198699581252678	0.0148897041668896
"AGS72585.1"	585.36035384556	-0.888707949071285	0.222880166702237	-3.98738013444947	6.68069380450867e-05	0.000907859315373904
"AAZ62884.1"	235.974608143967	-0.888290641600226	0.299729373724365	-2.96364227023378	0.00304021488411504	0.0208765896236656
"CQR63504.1"	148.649810684488	0.888111945371834	0.296452462287909	2.99579884922432	0.00273726933038944	0.0191821257005213
"AEU36641.1"	159.893362898039	-0.888007994380112	0.303632582403348	-2.92461364768974	0.00344884119558882	0.0230054224712186
"ADR58072.1"	27.0030724423532	0.887656023403231	0.322237617762073	2.75466293962811	0.00587526272571216	0.034613605906784
"AOJ83604.1"	34.3636256500806	0.887326668342338	0.308547348607339	2.8758201045881	0.00402979308738616	0.0259710145659445
"ABE02656.1"	73.5956579905625	0.887031490811385	0.21310348903486	4.16244471091827	3.14858393319662e-05	0.000480107602362596
"APA99252.1"	104.857359302074	-0.886582497355226	0.317504472052839	-2.79234648766673	0.0052327290359835	0.0315723021748694
"ACS87818.1"	31.0809083954295	0.885264389893059	0.322556954985079	2.74452116505753	0.00605992466599997	0.0354553084533616
"AAM36636.1"	309.152905104824	-0.884401533987347	0.325044443077957	-2.72086341674586	0.00651116579528351	0.0375384261953784
"ABP79817.1"	610.257110536424	-0.883613309584163	0.231557974462146	-3.81594851845023	0.000135660789360196	0.00163454191978945
"AAG06408.1"	148.94293487132	0.883114239530056	0.301817373993278	2.92598874559727	0.00343363358635189	0.0229203638253475
"ACU37591.1"	480.812094771434	-0.88235813479198	0.24781315379492	-3.56057828763272	0.000370038963805638	0.00379195125574767
"ABP47681.1"	141.270632496919	-0.882289735095699	0.293179780257513	-3.00938125514912	0.00261780386932264	0.0185117547677587
"ADJ23885.1"	297.635038293157	-0.88174065317868	0.27787408061232	-3.17316624578905	0.00150786156393011	0.0118946442219745
"ACY96223.1"	468.822622897392	-0.881589238898089	0.194684295955824	-4.52830175423153	5.94596297089219e-06	0.000112779931797492
"ANW18855.1"	196.921438514631	-0.881577696106093	0.296672483933116	-2.97155194313485	0.00296298747680715	0.0204214173807713
"AEI66444.1"	152.445743314271	0.881347403920319	0.28972166787396	3.04204863373815	0.00234973926579713	0.0169938776763773
"CQR61005.1"	144.673330957144	0.881009188196009	0.293466908241857	3.00207336314027	0.00268147545111649	0.0188666968407784
"ACL40565.1"	254.82037431073	-0.880907096872618	0.287240963602499	-3.0667878488657	0.00216372366096533	0.0159032836997599
"ADD41770.1"	602.708550958223	0.880688121531574	0.273666484599228	3.21810733536224	0.00129039519275418	0.0105415534917847
"ABD88884.1"	212.660447338993	-0.878434412857459	0.305436418473152	-2.87599762087531	0.00402752747491939	0.0259683692279694
"ADX46427.1"	226.623051465553	-0.877860900453005	0.328093289397177	-2.67564418054982	0.00745857840896878	0.0416787147979022
"AEH89696.1"	526.747106519796	0.876660987588274	0.257612759500078	3.40301850455513	0.000666457666460195	0.006171954987581
"ALO94418.1"	299.302890549556	-0.87625145812925	0.313279229140472	-2.79703017826421	0.00515747157106016	0.0311921741420178
"AOT57724.1"	203.732182405342	0.87617988613907	0.244170570787865	3.58839266874751	0.000332722915324122	0.00347312108031846
"AGS71497.1"	320.128749840454	0.876122289153811	0.323827801507913	2.7055190600502	0.00681977345146587	0.0389327849810845
"ADD69953.1"	112.985216307395	-0.87512934785596	0.331346655762752	-2.64112926035555	0.00826301871015767	0.0450499458246493
"AEK35974.1"	245.115696739798	-0.87510545718077	0.260771274581493	-3.35583533341703	0.000791256657947296	0.00713430640769485
"BAN29407.1"	31.4680481612679	-0.873928369227657	0.322485654491722	-2.70997595413997	0.00672880861522337	0.038523461348015
"AEA63350.1"	194.757914460677	0.873815484781145	0.243858496476664	3.5832890688915	0.000339294766616225	0.00352463684088603
"AAK24198.1"	203.935653411026	0.873335781135066	0.247209370859668	3.5327778154123	0.000411217912147203	0.0041286959911593
"ANC28180.1"	475.038742588875	0.87252158988654	0.199962657076712	4.36342266422181	1.28043218150539e-05	0.000221277650329784
"AGL13665.1"	196.152828512603	-0.872309054280779	0.291313770448159	-2.99439691072212	0.00274987964182378	0.019234162465362
"AEK46578.1"	254.574077445742	-0.8719648128006	0.223201993770327	-3.9066174906029	9.35971429263068e-05	0.00120908195988144
"ACY17334.1"	856.134117893255	-0.871710059208299	0.290365857105921	-3.00210936608264	0.00268115832855968	0.0188666968407784
"AKG33853.1"	83.8329126746833	-0.871697978435264	0.16788638826176	-5.19218971508371	2.07835060559726e-07	5.96774395428728e-06
"AAM41483.1"	205.418350354843	-0.871459964499156	0.266078297559509	-3.27520121893538	0.00105586737582774	0.00897663621429503
"AEK45645.1"	83.7895698967476	0.871416508657252	0.292320586609773	2.98103024068069	0.00287280422547383	0.0198929080129521
"AEV83627.1"	820.248862866192	-0.871187405720225	0.211317741809555	-4.12264203781507	3.74551511959344e-05	0.000553742867493385
"ACE91970.1"	341.800345357365	0.871076015928833	0.257721219366303	3.37991577903703	0.000725080447463887	0.00663811386762556
"SBT45110.1"	372.599773565221	-0.870692248811789	0.248087851199259	-3.50961260135414	0.000448760001610589	0.00444725132923541
"AEM84963.1"	412.626076543185	0.870629425284921	0.26131504833342	3.33172326216001	0.000863100373002001	0.00765632384111661
"AAO17353.1"	214.089874687715	0.870318680815717	0.30171737774109	2.88454939961249	0.00391974256005861	0.0254138751068552
"AIU20013.1"	25.9687006104515	0.869470715141791	0.310120671828516	2.80365288136153	0.00505272710812518	0.0307246194872008
"AGN00773.1"	555.694192436821	-0.868926210144511	0.274303995931021	-3.16774900487785	0.00153624088777583	0.0120539797909676
"AEI46908.1"	63.9442097107173	-0.868767662919402	0.270932225248171	-3.20658667356244	0.00134319834685282	0.0109115678324898
"ADJ46385.1"	465.393979252514	-0.868552712808941	0.213596484989434	-4.06632493438227	4.7760332601796e-05	0.000684638131858618
"ADV67464.1"	222.024658073655	0.868219842909421	0.305271342348114	2.84409219755503	0.00445381582170169	0.0279948423314684
"AGT85224.1"	226.758076336199	-0.868037980538607	0.225941809838527	-3.84186521812392	0.000122102883618673	0.00150589970475259
"AAM41545.1"	183.289667062504	0.867686452493915	0.29497852452163	2.94152414621048	0.00326601378806499	0.0220485464216705
"AGL16927.1"	191.649593334766	0.866627999237562	0.264205677570589	3.28012632887505	0.00103760614162557	0.008848255114514
"ANB04497.1"	32.0510827055634	-0.866570065050109	0.305086545160931	-2.84040734930804	0.00450559589485975	0.0282758714800479
"AGB83919.1"	65.1324147395864	0.866544424288567	0.263120025986658	3.29334272843415	0.000990037117913996	0.00852570875211327
"AEA61933.1"	212.627643423212	-0.866130693814183	0.27241925364021	-3.17940337270765	0.00147578564016517	0.0116745110997638
"ACU36793.1"	775.220727409134	0.866115495349935	0.245948421339856	3.52153305409153	0.000429059173546413	0.0042751453414868
"ADV67035.1"	224.471113286905	0.865938976934026	0.265668847995409	3.25946750425548	0.00111621566797239	0.00940765848554237
"ACY24053.1"	382.634860678371	-0.865391992651793	0.316628260583065	-2.73314830160198	0.00627320794562441	0.0364745025224717
"AGZ44093.1"	376.612900879181	-0.864845221322142	0.268702471561454	-3.21859793955913	0.00128818970303727	0.0105327566957452
"AGK81562.1"	581.083107339704	-0.864708424848659	0.284459988997655	-3.03982443329064	0.00236716094962743	0.0170801644190128
"AQQ15320.1"	89.4437597150727	-0.864442458145201	0.271361935813128	-3.18557005998252	0.00144469119082738	0.0114934852453547
"AJX00360.1"	772.478838201483	-0.864245162078692	0.244589983019004	-3.53344463011612	0.000410181998688962	0.00412184322874953
"AEK47862.1"	51.0485449385434	0.864176026738745	0.267965638286315	3.22495090141144	0.00125994274901956	0.0103410604519354
"ACF78970.1"	29.4890260997348	-0.864095269501481	0.322519115230917	-2.67920637473784	0.0073796894856564	0.0413534401201835
"ABC02170.1"	347.089105121802	-0.863171955667575	0.328090501814445	-2.63089589882657	0.00851601171597361	0.0461060266873713
"ADI13067.1"	406.450172067713	-0.862782086386031	0.266997993573135	-3.23141786512977	0.00123177719199747	0.0101695176252319
"AHB06421.1"	80.1320996373211	0.861898164192903	0.313267369421736	2.75131803795554	0.00593559854681148	0.0348956356397594
"AEX80261.1"	79.8338887867142	-0.861361103096568	0.275670153786444	-3.12460776498804	0.00178042292261205	0.0136076222062372
"AGT84584.1"	78.5771694979597	-0.861311577780393	0.265127307528865	-3.24867168836096	0.00115945215150203	0.00969824392992257
"AIS85838.1"	317.900787182124	0.861168486534898	0.234915590576084	3.66586348919224	0.000246505402106914	0.00270104314574761
"ACU53111.1"	198.101227909605	0.86062537007456	0.323892011954025	2.65713675642214	0.00788074669208135	0.0434892675964226
"SHM29620.1"	53.1899130871493	-0.860078522357835	0.214858995689868	-4.00299051755454	6.25468100166322e-05	0.000859989129888364
"ARP75613.1"	390.292960454364	-0.859730948738263	0.324914979005529	-2.6460182025761	0.00814454337240133	0.0445776414963339
"ABS04023.1"	172.58961027495	0.858802247706597	0.270329713071105	3.17686960101462	0.00148873957482262	0.0117636898494875
"ADE53669.1"	76.0257869850296	-0.858736956816458	0.311042786627339	-2.76083225117615	0.00576542810874836	0.0340884741990537
"AEN08789.1"	336.76958324473	-0.858369047258726	0.276261224544148	-3.10709202377243	0.00188937574200426	0.0143036677320582
"AJE15165.1"	197.007591578382	-0.858185405484303	0.231325548927181	-3.70986001963169	0.000207373873477553	0.00234734447603866
"AEI43169.1"	82.4096080433415	-0.858153284139154	0.320645468934827	-2.67633061209288	0.00744331801264197	0.0416433115671312
"AIV23509.1"	25.1417004788055	-0.856323444767794	0.283630924998924	-3.0191469592783	0.00253487537919765	0.0180596691219857
"ALX16746.1"	196.731059093153	0.856004972485041	0.297792223942272	2.87450411281049	0.00404662499688677	0.0260554998649591
"AJE41658.1"	623.31977575104	0.855627951276858	0.281229404546236	3.04245550943513	0.00234656502781873	0.0169760108479218
"ACY85696.1"	356.622847700646	0.85499462847693	0.197170970531385	4.33631089897605	1.44893966729962e-05	0.000244954800276087
"ADU42686.1"	333.623324647399	-0.854961629208754	0.266663440649398	-3.20614489607833	0.00134526230232847	0.0109196762586222
"AIU29276.1"	76.4772775545047	0.854874631901953	0.314874166151944	2.71497227717764	0.00662813186672183	0.0380793487335885
"AAM37919.1"	434.294730566959	0.854831445371388	0.255573767768968	3.34475424779954	0.000823555077574092	0.00737328044507972
"AMR26866.1"	106.12677175826	0.85456158322769	0.323593273973633	2.6408508827576	0.00826981089623859	0.045069422980552
"ACX90020.1"	52.6621459071163	-0.854396050292388	0.310046852190763	-2.7556998055465	0.00585667215229077	0.0345258777796446
"ACI98608.1"	255.125777426722	0.853694524790353	0.263784065420611	3.23633849311221	0.00121073718773585	0.0100223256490356
"SDT26808.1"	90.4158411822052	-0.853627568590743	0.212386967360704	-4.01920880173876	5.83939041088249e-05	0.000811313022049956
"ACU73770.1"	557.318482511705	0.85345142611088	0.304535698307861	2.80246759527059	0.00507133108094414	0.0307842551912646
"ADJ44820.1"	567.518465311483	0.852989457539055	0.301900876332962	2.82539576532499	0.00472222494421547	0.0292332773750646
"ABJ83649.1"	340.753298616979	0.852025453451554	0.239307700567372	3.56037624962128	0.000370323801809491	0.00379348157901885
"ADJ48710.1"	82.4424942263931	0.850620198212734	0.283905156221011	2.99614212554334	0.0027341896530748	0.019172359611171
"ANH89775.1"	847.99831811504	0.849770142389786	0.268194018162217	3.16849029002504	0.00153232867489034	0.0120300262429136
"ABN77080.1"	161.221058113859	-0.848661727900225	0.280014628701727	-3.03077639848675	0.00243925815043704	0.0175011458686918
"AEO53498.1"	531.12061969893	0.848617685446798	0.210943631138887	4.02295950280699	5.74713814011447e-05	0.000800083935209571
"ABM18514.1"	54.183922145016	-0.848447788828504	0.316256947399758	-2.68277992247879	0.00730130202651387	0.0410291552658134
"AFE09630.1"	222.303279860355	0.848370519507223	0.31188756861744	2.72011649347856	0.00652589214603137	0.0376155809183229
"AAM36673.1"	178.469100475829	-0.848178402139911	0.310675915195481	-2.73010671460074	0.00633138269579483	0.0367593094051166
"ABP55474.1"	107.347159821099	-0.848017326029194	0.295771199593532	-2.86713962412363	0.00414200231680966	0.0265171499797401
"ABG97211.1"	126.548951557263	0.847576147020973	0.24767820291949	3.42208614658144	0.000621426210686801	0.00581271239371456
"ADJ45744.1"	79.9041765094728	-0.844120389994529	0.247887805693128	-3.40525177361691	0.000661030785483702	0.00613398006973872
"ACU75706.1"	262.545794889683	-0.844071430744182	0.217771832497691	-3.87594401472069	0.000106212105292449	0.0013435831776205
"ART73864.1"	80.9193610267118	0.843270174883024	0.253742490217451	3.32333057092788	0.000889494381485898	0.0078259851364171
"ADL44601.1"	224.639629538902	0.842581179771619	0.167763046477896	5.02244801499021	5.10170082774577e-07	1.28789194205203e-05
"SDS48369.1"	113.618426845368	-0.842576033823507	0.274066327453951	-3.07435080278177	0.00210961209971873	0.0155791876401281
"AKQ64621.1"	140.31190450839	0.841870593732457	0.252773645027839	3.33053152610011	0.000866803474768407	0.00767701046492133
"ADP65782.1"	235.950157536113	0.840641735924223	0.28131905353318	2.98821471694264	0.00280612337002437	0.0195472082277189
"ADB36399.1"	71.6710203431775	0.838906888962254	0.279839744852509	2.99781179905094	0.00271925539908263	0.0190864592423217
"AGZ43495.1"	663.163803138055	0.838069136972314	0.214754242810195	3.90245671519989	9.52212702824253e-05	0.0012262842515913
"AJK68807.1"	131.082013495595	0.836754361133259	0.222510545834458	3.76051552071506	0.000169563553223684	0.00197220657916504
"ABR91058.1"	84.7516350706884	-0.836486119959536	0.300512533360392	-2.78353155725579	0.00537706313990199	0.0322692946762478
"AJE06470.1"	310.205588978453	-0.835428132181325	0.190185068068219	-4.39271148185859	1.11945646796754e-05	0.000196490929637739
"ACV78769.1"	636.233926536321	-0.835290490887358	0.28601863848305	-2.92040580053617	0.00349575861853828	0.0232740209951481
"AQP48174.1"	616.928403371115	0.835043673068568	0.181528145806312	4.60007823778218	4.22332289496197e-06	8.3795994165383e-05
"AHF90266.1"	327.061176473521	-0.834899808446702	0.278828958557289	-2.99430809757575	0.00275068029282891	0.019234162465362
"AOW24423.1"	159.500727560915	-0.834892668812856	0.22749253816627	-3.66997825749629	0.000242571100149755	0.0026694263049499
"AQV95637.1"	309.311722919912	0.833979683201896	0.212145707984506	3.93116453368364	8.45353918097198e-05	0.0011053959967795
"AKJ08961.1"	432.867822153421	-0.83382806958261	0.265883580098497	-3.13606454852803	0.0017123151171448	0.0131770131994463
"AIQ35240.1"	214.176478658552	0.833535090100471	0.295357113340163	2.82212634283329	0.00477063788493624	0.0294636616427697
"ABQ66952.1"	448.539397918272	-0.833457491576121	0.26333531972363	-3.1650045745889	0.00155080512880846	0.0121173152068439
"AGP59616.1"	654.88936487151	-0.833188239073486	0.250743123529271	-3.32287572774144	0.000890945963749469	0.00783383266367152
"AKZ55002.1"	79.9670086568864	-0.832832925506308	0.225337984921458	-3.69592781171179	0.000219085222003312	0.00245930628516629
"AEG06855.1"	133.809839699737	-0.832714557660664	0.270749032583953	-3.07559568990319	0.00210082504925277	0.0155306834113759
"ADV65904.1"	206.89547567243	0.832315034663336	0.194531012640074	4.27857246701997	1.88095753518277e-05	0.000305981202140058
"CBG71389.1"	55.4254513512559	0.831759379916842	0.282819949585879	2.94095017389952	0.00327207161953584	0.0220734739904881
"ABG37635.1"	44.6407579540542	-0.831738213621308	0.318866054570678	-2.6084250791172	0.00909599210502264	0.0485975944603462
"ANC53550.1"	164.804379724444	-0.831720017778263	0.296198317584829	-2.8079835988267	0.00498527657251754	0.0304645958165269
"AKL64911.1"	209.203887163898	-0.830703398641424	0.236993382490092	-3.50517550284828	0.00045630637688812	0.00450926697047646
"ABS69052.1"	612.252792030362	-0.830024109714147	0.232126349944608	-3.57574273628226	0.000349234961291219	0.00361582173680065
"ABE59297.1"	248.858650343685	-0.829994382719909	0.27153404537827	-3.05668624928287	0.00223798395721937	0.016324804290337
"ADN02700.1"	153.496689492834	-0.829256418795813	0.317849831239318	-2.60895661187702	0.00908187567195665	0.0485314356388812
"AGS72823.1"	443.112166507395	-0.828299575634171	0.283981171606891	-2.91674117318161	0.00353709153484119	0.0234821945955452
"AEV98037.1"	62.4564832756536	-0.827696039755082	0.317167319197998	-2.60965108841613	0.0090634612556359	0.0484607832912113
"APO53794.1"	77.3162131746359	0.826184958925933	0.289416438918491	2.85465802154595	0.0043083192647265	0.0273313874420471
"AHG88939.1"	554.569914895122	0.825959912179681	0.202634210356256	4.07611286725741	4.57947971247436e-05	0.000660861412528
"ACY47429.1"	346.938160574497	0.825486341319021	0.311501081901059	2.65002720466062	0.00804852897178985	0.0441845426720274
"ACT50523.1"	100.249089950124	0.825183711555239	0.312802064538406	2.63803793230374	0.00833872538339072	0.0453655180399158
"ALJ08101.1"	222.988840220977	0.824344731108533	0.255279858183582	3.22918046482035	0.00124145527807401	0.0102222888132235
"ADL16409.1"	243.865766266802	0.824183691748501	0.268503437969774	3.0695461405648	0.00214384287415771	0.0157903249420992
"AAN04212.1"	423.920741639894	0.824056125788432	0.176910267195214	4.65804579266798	3.19225213205537e-06	6.52814395098773e-05
"ADP36534.1"	841.136841470062	0.823983320931846	0.249491539361701	3.3026503545568	0.00095775727228209	0.00832196542359074
"AIQ34761.1"	110.254682928043	0.823632804083075	0.292966120897258	2.81135853374636	0.00493327793643816	0.0302283816289185
"ADO68923.1"	142.012009667858	0.823385899200484	0.272331607208122	3.02346799786348	0.00249895457626688	0.0178562359155609
"ADL45046.1"	234.269137519514	0.822636948185444	0.184422529076363	4.46060984146257	8.17267577843929e-06	0.000149739680034808
"ACY70399.1"	99.4524109767283	0.821900395353824	0.240837804937598	3.41267184180982	0.000643293548116672	0.00599123292517444
"ADQ02462.1"	744.809049171263	-0.821300700606925	0.262333488795044	-3.13075049769414	0.00174360226377753	0.0133773332356031
"ADB53302.1"	160.661693241317	-0.820897660712457	0.309428623620527	-2.65294674780694	0.00797924582927911	0.0438874196928287
"ABE02649.1"	73.6037082809244	0.820791789746272	0.236011234832096	3.47776575267785	0.000505611570077591	0.00491325981113927
"ACU71408.1"	413.45907854166	-0.820634545794271	0.268574534528136	-3.05551882361468	0.0022467149936581	0.0163629118008461
"AGP53476.1"	575.764886931673	-0.820527934592873	0.253525300405842	-3.23647357198424	0.00121016431661304	0.010020633010322
"AEL09283.1"	200.474765573328	-0.819413168543236	0.302665237563789	-2.70732501406125	0.00678278174808175	0.0387532158814891
"ADV81651.1"	95.586988977859	-0.817920982813719	0.309182833379741	-2.64542818846977	0.00815876024636429	0.0446292793781193
"AEY92146.1"	86.5453781230789	0.816519508609855	0.233297920778875	3.49990049582899	0.000465431859452286	0.00458004581273329
"AEI98294.1"	260.41599411758	0.816064305667886	0.174001266736021	4.68999060165432	2.73217597906835e-06	5.68276364858823e-05
"AIQ17709.1"	65.5108399038759	-0.815716137402685	0.29294200372976	-2.78456529625975	0.00535995278661085	0.0322011240802484
"ADI13274.1"	740.899440530188	-0.815435329738608	0.308839171287621	-2.64032352612162	0.00828269166457984	0.0451045002609565
"AAO56796.1"	147.2600188638	-0.815329289416365	0.291951989413696	-2.79268276627855	0.0052272928390317	0.0315463009962344
"ACB79985.1"	175.970268629872	-0.815305764949169	0.261611827755163	-3.11647134590642	0.00183029466894723	0.0139237184218353
"AEB44775.1"	392.652049483543	0.814502231398711	0.153909856500128	5.29207322987814	1.20937444157973e-07	3.77033929470669e-06
"ACM02613.1"	305.918918896615	-0.814229879784857	0.275284940855353	-2.95777123606877	0.00309871996696924	0.0211899765987471
"ADB30927.1"	59.0383882812584	0.814193749931432	0.295336435132135	2.75683475886461	0.00583638371493065	0.0344207706937431
"ALE70701.1"	70.2518472396596	-0.814135354882878	0.296453428908466	-2.74625042415769	0.00602807311075234	0.0353206226054045
"ADJ44921.1"	427.559248498253	0.814080955529057	0.213686710086899	3.80969389812776	0.000139138950171878	0.00166538437324151
"ACU95778.1"	511.685857605655	-0.813390245797796	0.22116303064289	-3.67778576479706	0.000235267430618725	0.00261163639476678
"ACB67214.1"	376.607675052038	-0.812957047904686	0.276439303676779	-2.94081571285977	0.00327349223030682	0.0220777375282269
"ACU70530.1"	881.769430293907	-0.812772218095135	0.183010531473775	-4.44112265862472	8.94907634857799e-06	0.000161951093377369
"ADB34607.1"	208.818659699964	-0.81067564416902	0.289543090776741	-2.79984454816127	0.005112722139511	0.0309852879085764
"ACZ22932.1"	461.040930080056	-0.810388019812248	0.303233083790359	-2.67249209645116	0.00752901480513872	0.0419801430959298
"APC33233.1"	147.677059349947	0.809859156844723	0.299568575679633	2.70341825743034	0.00686303261982252	0.0391463114005411
"AON76801.1"	36.4660292625553	0.80982125022108	0.296997591628596	2.72669298690403	0.00639725308708725	0.0370725517338221
"AHK43867.1"	226.784663650006	-0.809689426689799	0.234517162660541	-3.45258068750307	0.00055525138617193	0.00529636041133539
"ADH87371.1"	93.7807795170137	0.80963532355607	0.285280084225542	2.83803661147258	0.00453919757542885	0.0284103231213293
"ABN75143.1"	288.144612307925	-0.809519736853124	0.267865132841659	-3.02211687002821	0.00251013614946407	0.0179269825613256
"ACU75528.1"	756.648824234209	-0.807903135908572	0.187349709113336	-4.31227323347397	1.61584574493184e-05	0.000267992994520805
"ACS20824.1"	96.6984375635912	0.807815647789527	0.302096715113938	2.67402989630275	0.00749457699537949	0.0418381211490816
"ABM15513.1"	378.15513548506	-0.807486666534108	0.283100229869988	-2.85229957921596	0.00434041734812028	0.0274919285244288
"AQP43949.1"	399.513836356225	-0.806163360431483	0.284113203136697	-2.8374723579587	0.00454722839933636	0.0284415116773504
"ACU30064.1"	185.658984701839	-0.806027902791067	0.214486212259386	-3.7579473957809	0.000171312883458421	0.0019875986263166
"ACG71300.1"	343.038046243208	0.805999342761349	0.250481797967355	3.21779606063988	0.00129179632126866	0.0105499211815161
"AJP05943.1"	125.191375840312	-0.805635789857374	0.278743573427116	-2.89023987154999	0.00384947971627785	0.0250791284289843
"BAL76244.1"	156.505829849012	-0.805623826137202	0.27253682742734	-2.95601821501348	0.00311638685801886	0.021264042524274
"AKN74565.1"	88.5824265859547	-0.80504990243961	0.30654274105833	-2.62622399623687	0.00863379801968458	0.046671521405501
"AGK81422.1"	291.365861385897	0.804554179730466	0.300860458146806	2.6741772072217	0.00749128550917016	0.0418280871788448
"ADX56523.1"	86.9851143942363	-0.804152676671428	0.253562344248738	-3.17141994823401	0.00151695671293676	0.0119461941309079
"AEV85609.1"	628.351123625819	-0.80307764859649	0.178304977022104	-4.5039553130193	6.67002378909949e-06	0.000124835662404748
"ADB48595.1"	662.790770552842	-0.802909045691973	0.257838347538027	-3.11400167336845	0.0018456844304242	0.0140179640641053
"AGC47301.1"	235.591380090017	0.80203955934471	0.220715799632609	3.63381126625162	0.000279265176317616	0.00299923302642832
"ACU74083.1"	415.732233038384	-0.801910706815139	0.222581507275185	-3.60277327902047	0.000314840121084543	0.00331612642207782
"ACG73487.1"	1046.14853956255	0.801868231241663	0.17280611598082	4.64027691780692	3.47942606019453e-06	7.02813939258342e-05
"SCG58555.1"	275.20814482967	-0.801596384727138	0.261596642187714	-3.06424569529427	0.00218219612572829	0.0160138303370614
"AFN26984.1"	33.9970138820578	-0.801427864924587	0.273123984291612	-2.93430057782443	0.00334300298108827	0.0224330564378109
"ADU41862.1"	273.951445415225	-0.80128710405273	0.308337584951961	-2.59873315209877	0.0093568478909484	0.0497255720491631
"ALG15221.1"	84.4897114024685	0.800887572005995	0.28936489435283	2.7677426931736	0.00564460009904311	0.0335156361342123
"ADI13239.1"	747.07428614833	0.800345774571448	0.2024459422413	3.95338017502715	7.70548600559053e-05	0.00102335287577093
"SCE88700.1"	205.853821144246	-0.799828276725024	0.290802552384569	-2.75041697593939	0.00595194722312624	0.0349697197184978
"AAZ62496.1"	320.168874790794	0.799683364122968	0.291635953071434	2.7420602833804	0.00610551352038369	0.035677302549919
"ACY48648.1"	310.815873420741	-0.799542908765566	0.289949989728265	-2.75752004514599	0.00582416422950745	0.0343776727322982
"ASE52599.1"	46.9623260475381	0.798837321092226	0.252239732439203	3.16697656379241	0.00154032731524599	0.0120751844073597
"ADW01510.1"	143.018636093067	0.797819290963265	0.196717777802848	4.0556542467801	4.99941672914404e-05	0.000711559078541517
"ACU75716.1"	705.642454000201	-0.797196511296162	0.304408217649233	-2.61884031072632	0.0088229238827755	0.0474282981993439
"ALG30181.1"	228.321612895978	0.796679003185612	0.277254882531107	2.87345346604032	0.00406010885352511	0.0261003002211915
"ABD39718.1"	217.776714521057	0.795034653163017	0.224436409187026	3.54236042201382	0.000396563228475527	0.00400656230400608
"AGP52854.1"	226.682914307188	-0.794128329071187	0.254259658153995	-3.12329661274938	0.001788374197163	0.0136557632474363
"ACR31128.1"	243.840673538262	-0.793547826590915	0.294536629508689	-2.69422457883971	0.00705526090877275	0.0400079166299376
"ACF87988.1"	157.524700224077	-0.793012380883375	0.223121952169062	-3.55416566220477	0.000379180285513921	0.00386013821210481
"AMY08194.1"	232.235410876906	0.792883193201488	0.297991163993018	2.66076075067805	0.00779643337591798	0.0430980731169708
"AIV33080.1"	385.25512935995	0.792714773950702	0.292212245957992	2.7128047674794	0.00667164003167651	0.038250918354867
"AEK43180.1"	460.195662618002	-0.791246883876847	0.21605880754404	-3.66218296245834	0.000250075145504697	0.00273480616154277
"ADW71266.1"	175.357984987406	-0.790845358852633	0.284929275003155	-2.7755847792189	0.00551025310085505	0.0329133872010962
"SDR67661.1"	489.843896675302	-0.79069155711654	0.269045829153434	-2.93887312657658	0.00329407887897696	0.0221857105595457
"ABG10346.1"	88.9713363340411	-0.790311378457254	0.244461054530034	-3.23287232797303	0.00122552319706338	0.0101238558350506
"ADD43606.1"	126.504640951197	-0.789719443561208	0.294571009731585	-2.68091365908955	0.00734214570110781	0.041209043915039
"ABG60675.1"	155.538118361854	-0.78957164384551	0.247232052857957	-3.19364594808079	0.0014048830239187	0.0112858264383438
"CCA57431.1"	203.192809059688	-0.786431278132029	0.242864062828188	-3.23815417140734	0.0012030577799355	0.0099735876834688
"AEK43803.1"	497.218104699047	0.785384760277548	0.292324699039704	2.68668628705533	0.00721646949317228	0.0406874606982291
"ACZ20417.1"	294.061912890302	-0.784833268873039	0.271965845197539	-2.88577879440333	0.0039044647651269	0.0253559256702604
"AEK42715.1"	209.119765260118	-0.784563210202964	0.280792813151097	-2.7941000390946	0.00520443758093917	0.0314286959697958
"AEB56154.1"	153.216100469938	-0.784251790065036	0.28068117973016	-2.79410180197688	0.00520440920861761	0.0314286959697958
"AOW88071.1"	129.881249555555	0.783881787019166	0.270209466259039	2.90101526742105	0.00371955755438344	0.0244271014057046
"ABO57621.1"	144.5420372534	0.783569728073829	0.297680201934546	2.63225341484456	0.00848205697919595	0.0459488520103657
"ADY26119.1"	178.30569238028	-0.783230646979247	0.29546611882907	-2.65083066066317	0.00802940878891257	0.0441199859576833
"ACF81428.1"	278.036385425541	-0.781682091446826	0.299911308119375	-2.60637751990228	0.0091505543755468	0.0487774029508394
"ADW06335.1"	75.2767305128763	-0.780730342027392	0.296551156899152	-2.6327003751764	0.00847090394882754	0.0459150875026865
"AEG70933.1"	228.371977791291	-0.780457924478016	0.270871069202449	-2.88128934099899	0.00396051882991184	0.0256099283799505
"CCH14730.1"	214.511491390973	-0.778983184111116	0.195135312022619	-3.99201546883949	6.55140980458635e-05	0.0008933449502329
"AGK80068.1"	315.338703159818	0.778236320416927	0.296769064020576	2.62236336184613	0.00873222750879148	0.0470672778852765
"SDS63739.1"	190.095793276152	-0.777094199278278	0.280970458915607	-2.76575054287713	0.00567919603471269	0.0336646708342451
"AJE32670.1"	295.138927575084	0.776610061355682	0.29203245362698	2.65932793328396	0.00782967122326709	0.0432516723690973
"ABA40420.1"	194.172151133056	-0.776129309531688	0.279779290989263	-2.77407704761634	0.00553585656174224	0.0330208528424693
"ACU98550.1"	242.07874422731	-0.775208982197783	0.286371177458138	-2.7070076991638	0.00678926828302377	0.0387823617326124
"CBG74450.1"	661.532373786332	0.775165358276806	0.237376891823126	3.26554683702909	0.00109252935885642	0.0092396307645219
"AGC47198.1"	230.862095941729	0.774877043254418	0.230303175382113	3.36459556829281	0.000766559316326351	0.00694517625238593
"ADI11236.1"	324.314781947933	0.774834287561877	0.271389810925231	2.85506034629777	0.00430286521818197	0.0273250518598087
"ABL06866.1"	167.392314009912	0.774213975201215	0.213555091512027	3.62535947852881	0.000288559772317102	0.00308458166696816
"ABC92756.1"	49.1981127051495	0.772898696317997	0.253480332468787	3.04914660948368	0.0022949245606851	0.0166620093363434
"AEI40010.1"	113.148678886834	-0.772585222270285	0.258424988253807	-2.98959178634655	0.00279350503584308	0.0194786966334902
"CBG71553.1"	270.711342568928	0.772358241708914	0.207628527540968	3.71990424849744	0.00019929832067367	0.00226626961233959
"ACK53403.1"	1300.66857774986	0.771068231392294	0.200077909100172	3.85383991096312	0.000116279641191257	0.00144682881546242
"AGK81101.1"	1463.69160714242	-0.770748895935969	0.168359383238686	-4.57799785856465	4.6944749819013e-06	9.22291379602167e-05
"SDT28250.1"	301.446888008397	0.770597691402503	0.276753246575114	2.78442150521748	0.0053623298552258	0.0322084931617468
"ANB09598.1"	67.2756945432121	-0.770388539737955	0.283100358718002	-2.72125596458655	0.00650343830463173	0.0375379446972703
"ADG16722.1"	77.337132995547	0.77034449549314	0.273927976785236	2.81221547551933	0.00492015310779828	0.0301711799861938
"AFT89659.1"	186.579010216612	-0.769941008528297	0.269799380830328	-2.85375380091217	0.00432060005890938	0.0273787956652845
"ABF90518.1"	102.176435975812	0.769552539690215	0.268891350515163	2.86194605447831	0.00421048565236836	0.0268756854363211
"CRN05288.1"	54.7638610981589	0.769239776117291	0.294160672602223	2.61503269390974	0.00892189149195546	0.0478499640889758
"ACB75541.1"	978.732797196703	-0.769173480571249	0.27112485765979	-2.83697145001885	0.00455436842939496	0.0284798075830559
"ACR32219.1"	534.288951664748	0.76853112494257	0.260072725374747	2.95506237278503	0.00312605844677908	0.0213092603545233
"ADD43284.1"	122.653354992255	0.767464505311282	0.255775401160277	3.00054071591647	0.00269500720670873	0.01894706418088
"ACB87630.1"	113.214300025421	-0.767392869547422	0.242861376421987	-3.15979790962738	0.00157878604780332	0.0123118925332317
"AJY09743.1"	56.463894698062	0.766985956019372	0.292566754478556	2.62157591140653	0.00875242678649091	0.0471489205916105
"SCY09458.1"	1208.32278146624	0.76660538962714	0.219444742442736	3.49338690503003	0.000476934953819611	0.00467352851492259
"AHE48177.1"	97.2023205825141	0.766186708842425	0.284540583906529	2.69271503672079	0.00708728156141947	0.0401407110243778
"ABZ74159.1"	330.710433316812	-0.765176818464293	0.290536578415427	-2.63366775583829	0.00844680973340509	0.0458288537396141
"AKN70776.1"	489.478021491331	0.764818993205414	0.255733225045333	2.990690760146	0.00278347214536476	0.019418411707359
"APA96838.1"	153.86159812587	0.764775382140276	0.238512147212017	3.20644206628376	0.00134387362074671	0.0109115678324898
"AFO59749.1"	257.712454248714	0.763990939864001	0.224509548128632	3.40293295422017	0.000666666376712564	0.006171954987581
"AKJ06509.1"	143.458441405755	-0.763105913029506	0.285387327202244	-2.6739306209232	0.00749679591637235	0.0418421647676955
"SCG16596.1"	201.469605055308	0.762391741309701	0.204934952524819	3.72016452985183	0.000199093035682928	0.00226485519178353
"ADG99290.1"	173.533426197536	0.761835814147388	0.285022362479986	2.67289839126529	0.00751990238990043	0.0419460425000304
"AGI92026.1"	857.836330247453	-0.761773487785809	0.275027835739842	-2.76980504804756	0.00560898537293547	0.0333678611348707
"SCG79838.1"	95.8776243567519	0.761347523639174	0.268408686380747	2.83652341474217	0.00456076340538569	0.0285116926137793
"AOW90319.1"	107.012993323348	0.761000944762291	0.232574636084586	3.27207195751785	0.00106762399766936	0.00906832567923282
"ACB79483.1"	606.611731574749	0.760784960242619	0.197855334415551	3.84515768801441	0.00012047493938592	0.00148910216470119
"AEE17791.1"	125.44896823327	0.760035009886533	0.270682528246815	2.80784657513437	0.00498739816914728	0.0304645958165269
"AEI45483.1"	232.936822839809	-0.759757451890067	0.219269326036443	-3.4649509150395	0.000530328264070693	0.00511791454013206
"ACR70434.1"	95.0431612144217	-0.759655150140262	0.269871691400449	-2.81487526979274	0.00487961688510129	0.0299845817197752
"ACE90694.1"	204.612681333007	-0.759647404809897	0.258008487194455	-2.94427293098063	0.0032371438933697	0.0219117699320063
"AAT88689.1"	245.688851984181	-0.759220164866422	0.224145881508693	-3.3871698188529	0.000706176619710499	0.00649478339205491
"ABP78257.1"	151.310262191221	-0.758492166473223	0.187439503631573	-4.04659717817062	5.19675562475134e-05	0.000734789749851204
"ADY27354.1"	199.223673100223	0.756921151081726	0.278177171551273	2.72100383673005	0.00650840061296436	0.0375379446972703
"ADM42701.1"	367.134730314436	0.756558631093372	0.203318804716469	3.72104602989578	0.000198399267711469	0.00225971761548018
"ABK12761.1"	338.572178598642	-0.756265486487468	0.26564634387238	-2.84688836843464	0.0044148840877362	0.0277972745103064
"ABD10536.1"	805.840990906619	0.755890439308069	0.170300159688282	4.43857739588531	9.05554216981097e-06	0.000163455163498406
"CAN93573.1"	340.911258385661	-0.755480746647732	0.207850100427855	-3.6347384249158	0.000278262816570098	0.00299394535461047
"AGM08663.1"	93.6582193400135	-0.755282761365715	0.283693463275703	-2.66231993026821	0.00776040791883362	0.0429732202959458
"AEB05993.1"	98.361424687366	0.75416669620401	0.28297085577845	2.665174454554	0.00769483933687947	0.042700638667052
"BAC06227.1"	397.723968228919	-0.753981362194719	0.236492328165504	-3.18818529143601	0.00143168761375268	0.0114159858828311
"AGT84037.1"	156.466703891839	-0.753504927880077	0.171090730884285	-4.40412478212919	1.06211798407323e-05	0.000187839893127695
"ADJ24452.1"	141.502241685721	-0.753360881627775	0.256463364534648	-2.93749901860153	0.00330871219141439	0.0222456067509215
"ABL84112.1"	283.778422461281	-0.753097406441062	0.277417650606727	-2.7146701184802	0.0066341817197027	0.0380916117246604
"ALO93176.1"	81.8272858589265	0.752999854009642	0.287389809606565	2.62013414825145	0.00878951839168137	0.0473203426484417
"APE38490.1"	214.25350696586	0.752930520655487	0.259927761542297	2.89669143529698	0.00377120477549623	0.0246794410693764
"AEG42844.1"	360.09027765997	-0.752731889930324	0.243717301167585	-3.08854515590065	0.00201139123781559	0.0150403069161018
"ABC80791.1"	1139.2931674087	0.752664567945753	0.159858467148362	4.7083184355022	2.4976870122485e-06	5.24964306268086e-05
"AHF90636.1"	667.097928112202	-0.75221760568806	0.223151820452972	-3.37087819476959	0.000749289794480865	0.0068107523007423
"AJP72357.1"	135.273596886926	-0.751904180149436	0.246059869884808	-3.05577736223886	0.00224477872812303	0.0163549647460516
"ABG11108.1"	322.927622548659	-0.751759322336089	0.253346794514052	-2.96731333734871	0.0030041463307657	0.0206694717808102
"EGX48824.1"	211.48364037565	-0.75080543529458	0.247203185000122	-3.03719968371042	0.00238787213723037	0.017203002664411
"ADU12900.1"	259.163728997555	-0.750559358306857	0.282827076379319	-2.65377476553988	0.00795969374803767	0.0437970884768205
"AGM05815.1"	268.146038457166	0.749893132806197	0.231062960513339	3.24540606222739	0.00117283252479634	0.00977220814410668
"ADX48506.1"	243.0321336598	0.749420508407327	0.267638081176073	2.80012659302509	0.00510825693408156	0.030974823722449
"ACU73278.1"	201.111057574668	0.74849728655507	0.244733625628552	3.05841620509931	0.00222510298652257	0.0162520175347472
"ABG06527.1"	153.362322453044	-0.748231986380282	0.248765886427653	-3.00777569274107	0.00263167301558222	0.0185863566458728
"AHI75523.1"	30.1098136490635	-0.74728768799889	0.191348242381182	-3.90538046599993	9.40772528510289e-05	0.00121316755910521
"ACI99041.1"	126.379733904565	0.747229385823227	0.287468403333819	2.59934440501106	0.00934020108678268	0.0496653883429379
"ADP65784.1"	50.6414707808872	0.746909351160932	0.272586309900305	2.74008387080813	0.00614235079720983	0.0358476658158612
"AFH60867.1"	98.6833239379445	-0.746522832599572	0.23377591564279	-3.19332652616046	0.00140643813095398	0.0112918388053306
"AHL31889.1"	85.477593652757	-0.746218838541853	0.276664875764274	-2.69719398416752	0.00699265224484302	0.0397333655868937
"ADV26082.1"	759.807730688553	-0.745910084394361	0.253559201884534	-2.94175907973569	0.00326353719567744	0.022040091427802
"AGZ43425.1"	157.514084887718	0.745550955583432	0.235430890446846	3.16675077840627	0.00154152367192793	0.0120751844073597
"ANZ41151.1"	427.085404220431	-0.745376132936227	0.237668730090261	-3.13619773477626	0.00171153764083389	0.0131746515789897
"AEI96592.1"	89.3828018758362	-0.744318794571133	0.235039598941499	-3.1667803975295	0.00154136668194666	0.0120751844073597
"AGU12221.1"	288.423231943481	-0.743190259743136	0.222463837779141	-3.34072389994892	0.00083560274711041	0.00746443347418732
"ADU10877.1"	231.395960778536	-0.743030890997543	0.247023535372784	-3.00793561988429	0.00263028852925504	0.0185812661279394
"AEG43918.1"	877.436935979552	-0.742664770092632	0.201700308607098	-3.68202099055439	0.000231392353751115	0.00257872240449601
"ADG19902.1"	149.373355580904	-0.74231186133827	0.278945810934805	-2.66113285175579	0.00778782224831067	0.043071487882992
"ACB64803.1"	345.366198995981	0.74184571144744	0.184830668812608	4.01365052787622	5.97868451687471e-05	0.000829020563320577
"ACV33643.1"	58.5317863963269	0.741315273525637	0.277478204676825	2.67161622437711	0.00754869262628945	0.0420636416024419
"ACF79975.1"	111.764992937015	0.739816419399113	0.231693844719921	3.19307757309405	0.00140765126046889	0.0112951002258776
"ACT26949.1"	104.266086455428	0.739149254382424	0.273757080939868	2.70001876059155	0.00693355661018081	0.0394696728057385
"ADL47337.1"	141.767607458741	0.739049315602625	0.278640391200911	2.65234093455511	0.00799357820248118	0.0439576144876572
"ADG10258.1"	310.439264691291	-0.738725147090724	0.206707472742352	-3.57377088157572	0.000351876858472571	0.00364048208787808
"ABQ67529.1"	804.066568588733	-0.738361416027724	0.264839274664979	-2.78796042226649	0.00530410233062856	0.0319341180318876
"AQZ64390.1"	265.836964901103	-0.737438302671092	0.252909812191264	-2.91581531092753	0.00354760434987879	0.0235296686517902
"ADP79767.1"	319.329397722528	0.737165914553106	0.212642966078693	3.46668374763124	0.000526921449119956	0.00508925435085862
"AGK81135.1"	427.406666519792	-0.737133144494455	0.281341228320636	-2.62006798255095	0.0087912239731011	0.0473203426484417
"AGK75397.1"	235.503204865392	-0.73705927552117	0.224179017856572	-3.28781561525412	0.00100967943832597	0.00866819550916092
"ADG10335.1"	616.658594518434	0.736973886071072	0.224539068088044	3.28216328831514	0.00103013932904031	0.00879798067596476
"AEV85909.1"	138.921836041315	0.736324504557204	0.275751081210687	2.67025065259714	0.00757946431020966	0.0421355605299106
"ACU72643.1"	569.725313343829	-0.736055481855931	0.228870433867989	-3.21603568191985	0.0012997467053509	0.0106086614469399
"AKJ09238.1"	369.229698648404	0.735879727436425	0.253377141368012	2.90428616987044	0.00368091544631636	0.0242373044461356
"AJC57844.1"	337.981568741734	0.735437025057434	0.239054657102754	3.07643881098421	0.00209489294846732	0.0155156153005856
"AKH81851.1"	589.198144581349	-0.734625055366967	0.193289049297767	-3.80065532960047	0.000144313920996612	0.00171777743716886
"ABJ13266.1"	118.021220683141	-0.734623896096374	0.278809706042427	-2.63485768312737	0.0084172566984966	0.0457128066985666
"AAW84055.1"	175.62126426769	0.733235540962097	0.26531257732012	2.76366672235592	0.00571558848031319	0.0338509869039239
"AOS44221.1"	197.329468968678	0.732634372377245	0.262206445660116	2.7941127478114	0.00520423304641632	0.0314286959697958
"ARD39342.1"	99.1309154265523	-0.731250833053939	0.248264892880165	-2.94544598944527	0.00322489445416872	0.0218478588014453
"ADU62222.1"	212.244398023183	-0.730834789686012	0.234972526779471	-3.11029889197184	0.00186898117104387	0.0141761031873596
"AGA56563.1"	103.307604898167	-0.730584537751831	0.224220319577992	-3.2583333175462	0.0011206869015392	0.00943119354444947
"AGZ38930.1"	485.189822272118	0.730210422267211	0.276491949917009	2.64098257647786	0.00826659705460946	0.0450606797392614
"ABL93518.1"	87.4620829058666	-0.730181657563617	0.222828045820427	-3.27688399759183	0.0010495948201332	0.00893144577034924
"ABZ71701.1"	378.120275023999	-0.72957019174495	0.210326220919289	-3.4687552914523	0.000522875481639991	0.00505994537988012
"ACU37208.1"	285.838503825397	0.729149039058158	0.236035120879216	3.08915485264279	0.00200726785748839	0.0150181508589241
"ACL38495.1"	104.131630553392	0.728795053576883	0.230902138177271	3.15629408774623	0.00159787663869692	0.0124330612498497
"AJC47729.1"	237.254548811808	0.728602332074685	0.275735375312454	2.64239701289346	0.00823214966924935	0.0449442812030785
"ADK32572.1"	296.272966292243	-0.727467847713949	0.261201718841948	-2.7850806301705	0.00535144140471092	0.0321599604626111
"BAK33553.1"	177.818595204655	0.727176197321043	0.233857205275301	3.10948810178844	0.00187411832597621	0.0142112179452952
"ADU46968.1"	523.237196038632	-0.72708836462744	0.189652820121801	-3.83378620028156	0.000126185828395142	0.0015467156093478
"AJI77858.1"	117.308007505246	-0.72684466776952	0.250247348597326	-2.90450497015691	0.00367834363298003	0.0242360339724427
"ACU70368.1"	588.158526507916	-0.726350560030396	0.220912306186166	-3.28795879491788	0.00100916608567917	0.00866644593088163
"AHF78500.1"	186.211723916211	-0.725682453203276	0.249692939575479	-2.90629945098592	0.00365731258816647	0.0241057513633977
"AJP05199.1"	422.959526696834	0.724314782070551	0.250493932430386	2.89154621448503	0.00383351206729108	0.0250044575759169
"AGN00426.1"	426.365003855963	-0.723698078334025	0.254828516461367	-2.83994149627967	0.00451218082370746	0.0282854935827393
"ACU72616.1"	361.74868262902	-0.723029132518958	0.169894618059471	-4.25575065753915	2.08348798875272e-05	0.000334841158054657
"ABX17728.1"	184.520571636125	-0.723020830783048	0.234322390821256	-3.08558148561473	0.00203154549491576	0.0151545823809383
"AIT05168.1"	282.785176807981	-0.722785650144811	0.1935707785497	-3.73396054693882	0.000188492033891128	0.00216005852673599
"AJI79960.1"	173.810405654973	-0.722339237697293	0.221678341760067	-3.25850162881098	0.00112002233383887	0.00943041962651218
"AKF84016.1"	198.500975519812	0.722292584464512	0.253298049519305	2.85155209775693	0.00435063562349283	0.0275317348361901
"ABL94279.1"	196.487485783457	-0.722291377573785	0.234855474647844	-3.07547174983607	0.00210169837464908	0.0155330379347084
"AJT42837.1"	95.6061281044245	-0.722134697504792	0.272427661067842	-2.65073926294496	0.00803158176719255	0.0441232659251026
"AEA59541.1"	318.072505167171	-0.721448620142845	0.233878559293228	-3.08471465842374	0.00203747522822866	0.0151881833297136
"AGL16799.1"	288.959465415454	-0.721317391664068	0.254382323441412	-2.83556413002964	0.00457448299476991	0.0285545654228714
"ACB33248.1"	283.90898339873	0.720733404800571	0.241625116750783	2.98285796813065	0.00285570483071863	0.0198038921081988
"AGS73281.1"	238.890107169827	0.720354158779951	0.232537366411367	3.09779959194006	0.00194963222995731	0.01468044752821
"AKJ10597.1"	430.724673044299	-0.720334651103498	0.227040200843913	-3.17271852485155	0.00151018860413976	0.0119062912310608
"AEI43611.1"	186.466239694838	-0.719505194255542	0.253818074872244	-2.83472796260745	0.00458647225369316	0.0286102667590004
"ABG11106.1"	203.269768517626	-0.71815752926141	0.238348077472898	-3.01306197589561	0.00258626094612599	0.0183436219586743
"ACA75072.1"	189.345213008012	-0.71813747748636	0.229639451240818	-3.12723912901736	0.00176456340004613	0.0135011524863874
"AAY48978.1"	201.671700705905	-0.717844463603868	0.246808659817402	-2.90850598246818	0.00363160228077618	0.0239901692903751
"AHC23151.1"	68.2708685955307	-0.717014114380854	0.195369641697042	-3.6700385390107	0.000242513902740598	0.0026694263049499
"AFQ49717.1"	88.7878926509133	0.71699060336083	0.266445129803291	2.69095030519103	0.00712488072269484	0.0402884590411159
"ACD21114.1"	435.095969069294	-0.716510692527016	0.236139189283006	-3.03427268765752	0.00241116382208671	0.0173395690632262
"ABL94281.1"	320.870739562785	-0.715958850529213	0.261899685433467	-2.73371405293686	0.00626244035906095	0.0364270268631354
"ACU74117.1"	361.399157302499	0.713692191716681	0.167999339721285	4.24818450418147	2.15509875946297e-05	0.000343980301424888
"ACR32133.1"	410.038792880072	-0.71286765674044	0.254685404577005	-2.79901260115164	0.0051259137020108	0.0310214180720913
"AFQ47125.1"	199.968205215781	0.712730063517739	0.273056573827825	2.61019192296447	0.00904914383543541	0.0484119684343302
"AEB59567.1"	242.476733940992	-0.712178625410112	0.248693913245872	-2.86367533533487	0.00418756982283583	0.0267538121314724
"AJE43490.1"	352.72051560731	0.712146659106072	0.217180237731983	3.27905829067613	0.0010415411973285	0.00887640406709547
"AFL04872.1"	215.440524318575	-0.711817046486667	0.134680148549915	-5.28524102587288	1.25539356152678e-07	3.9049262139239e-06
"CAJ64407.1"	338.7891188711	0.711449901959579	0.19405545571044	3.66621953170526	0.000246162623781652	0.00269940024104627
"AEA85004.1"	191.622338106376	0.710246900610731	0.268360064368095	2.64661920648716	0.00813008449127162	0.0445159095281909
"AEB56683.1"	78.691724407966	0.710148590463463	0.250154525088847	2.83883967404244	0.00452779001965676	0.0283579439351926
"ACP19375.1"	261.07461197432	-0.708376218507583	0.20635372448726	-3.43282497210908	0.000597327568682243	0.00561544076992212
"AEI40749.1"	236.65224508733	0.707596079895191	0.241370004572492	2.93158249364276	0.00337239786162193	0.0225761957278736
"AEE45365.1"	329.242409296329	0.707536618664647	0.183075302509318	3.86473002620676	0.000111212139835907	0.00139431037476313
"ADP72225.1"	128.852786394333	-0.707058802329991	0.267615561105481	-2.64206909123384	0.00824012446199787	0.044952867639426
"AFH59384.1"	73.1205487856039	0.706980903101253	0.249028104635098	2.83896030183901	0.00452607873932186	0.0283535691174882
"ADU37419.1"	177.419613259334	0.706708385014788	0.252899518064834	2.79442361307156	0.00519923223134264	0.0314175923912516
"ADD44313.1"	200.394353585108	-0.706514006739092	0.242587844790815	-2.9124048129795	0.00358657493512784	0.0237375299961794
"AFU04487.1"	789.383037116072	-0.705914723933927	0.197565365603774	-3.57306920561	0.00035282146689514	0.00364890645999125
"ADJ43299.1"	525.462074524735	0.705375107453403	0.227941280984561	3.0945474396153	0.00197113409163883	0.0148012569525225
"ACF85373.1"	206.220084947954	0.704951681871721	0.220663621921813	3.19468916413192	0.0013998151597826	0.0112645085407512
"AGK80896.1"	136.250426690797	-0.704766379557812	0.225509425863727	-3.12521916482415	0.00177672630647471	0.0135830774647914
"APG11293.1"	127.831502337564	0.704502711476369	0.24146017827085	2.91767659794452	0.00352649893320934	0.0234396638495082
"ADR64667.1"	626.038441518937	0.70369003115317	0.222224254228102	3.16657618493284	0.00154244936747464	0.0120756187057662
"ACU39324.1"	348.796346841013	-0.703481103940407	0.260591662991643	-2.69955337735792	0.00694326167135042	0.0395008237657237
"ACY96946.1"	488.645218714382	-0.703239383036596	0.262110617884574	-2.68298701026405	0.00729678244412332	0.0410119898224606
"AMY06994.1"	166.929932469197	0.703039943041342	0.257823361870506	2.72682792568056	0.00639463768322136	0.0370650676147961
"ACO65837.1"	167.011384309823	-0.702385602700478	0.218046345402212	-3.2212674851525	0.00127624973250287	0.0104503911995175
"AEI66794.1"	558.318477986529	0.701908208523391	0.204069510852811	3.43955452036957	0.000582672410742367	0.00550539885627516
"AJA62710.1"	64.18941956314	0.701605640633863	0.269036609034969	2.60784449800536	0.00911143354356533	0.0486244173628774
"ADU98082.1"	102.053580104039	0.700723498136701	0.226731848319946	3.09053846351526	0.00199793925628478	0.0149677033499996
"ARF75226.1"	58.8247710789062	0.700557238750439	0.219340400834931	3.19392704710911	0.00140351580375245	0.0112845572779591
"AQS70227.1"	113.890342046184	0.699428660278218	0.255609262765783	2.73631969636058	0.00621306325937385	0.0362045779320416
"ADJ44476.1"	122.434575613553	0.698635243852698	0.209302134608322	3.33792698846617	0.00084405925061103	0.00752317184976326
"AIG77031.1"	223.955046189223	-0.698290585163859	0.259413086355625	-2.69180940319481	0.00710655457115538	0.0402173239890976
"AIR96708.1"	352.569542028765	-0.698060776313968	0.23028828422737	-3.03124745861909	0.00243545557789314	0.017478342568238
"ABN02332.1"	76.418896788227	0.697865946703174	0.20266362142493	3.44346924128007	0.00057430191695697	0.00544284240593342
"SDT92737.1"	343.76259093804	-0.697677796891207	0.264432419971253	-2.6383973529685	0.00832989140042329	0.0453438926008653
"ABZ70973.1"	297.001011598592	0.697164524454458	0.2504668171103	2.78346062962681	0.00537823893364418	0.0322694336018651
"ACU96283.1"	416.802153233027	0.697110062393229	0.237396675916226	2.93647777376306	0.00331962607989968	0.0222904821096471
"ACS38628.1"	210.030513127876	0.696971200614928	0.230768138384691	3.02022283272518	0.00252588775337474	0.0180164977180839
"BAD40774.1"	218.596378368469	-0.696046254190066	0.246056754431126	-2.828803687179	0.00467223491561484	0.0290288257207175
"AGM02641.1"	461.432442169251	-0.695888432759593	0.25133341664863	-2.76878594990996	0.00562655872191656	0.0334439783394429
"ASB17095.1"	268.758798990796	0.695095817012994	0.177357115674051	3.91918764787792	8.88479228117631e-05	0.00115584872074262
"AKS18486.1"	70.9767842526203	-0.694869116267915	0.250328976640031	-2.77582374040192	0.00550620502075673	0.0329032477611751
"ABF75601.1"	110.384990177046	0.693026621969246	0.183911560404136	3.76826024664439	0.000164389269808491	0.00191920016578754
"AEG95713.1"	137.265702990873	0.692832983581441	0.221965298686668	3.12135720169242	0.00180019530800944	0.0137324980498725
"AGF66301.1"	87.1410022298736	0.69065303544932	0.234066504547428	2.95067009602554	0.00317085397639184	0.0215411861012051
"ACU73855.1"	517.297634065674	-0.690613634547283	0.245749147658403	-2.81023816817975	0.00495048509741727	0.0303069715257586
"ABC63480.1"	302.31014719348	-0.690400003177707	0.245092817115322	-2.81689203014406	0.00484908238567629	0.0298390829939479
"ACR29725.1"	186.58921297696	0.690061219315832	0.231202419402856	2.98466262203529	0.00283891252010089	0.0197265313757122
"AAW75037.1"	152.794659274225	0.690002849427604	0.262671785864552	2.62686320556486	0.00861759698529127	0.0466019403515964
"AKU13553.1"	536.695483375041	0.689611044539185	0.180722353972322	3.81585913076808	0.000135709915232195	0.00163454191978945
"ADI03540.1"	448.137417393986	-0.688414581729265	0.223860536780317	-3.07519400976347	0.00210365663832192	0.0155398970097576
"AHY58274.1"	220.765726407663	-0.687288472831806	0.215708667742366	-3.18618848294347	0.00144160644873551	0.0114787298460749
"ACB80604.1"	469.491352147915	-0.686650139753544	0.205054215252565	-3.34862728331528	0.000812129673174846	0.00729197637273989
"ANS64385.1"	199.574617941925	0.685991841135148	0.188927485662152	3.63097957256398	0.00028234753394579	0.00302742304111311
"ADJ49533.1"	333.318739292615	-0.685455587163001	0.216569928149288	-3.16505432227182	0.00155053999832093	0.0121173152068439
"ANE76872.1"	182.373515765064	-0.684814280230042	0.232647951147041	-2.94356462996408	0.00324456070364387	0.0219407539756555
"ADV67545.1"	376.266364008122	-0.683828920174492	0.220839901879705	-3.09649168630307	0.00195825353173235	0.0147295179673237
"ACL17090.1"	503.306365288422	-0.683605187346177	0.261633985220448	-2.61283023598859	0.00897958936018655	0.0480950035828932
"AIR49884.1"	94.6017598166422	0.681805619871387	0.206279261285136	3.30525529141265	0.000948899254286648	0.00826552069788705
"AJF67855.1"	136.548260154342	0.681167222441031	0.221021949551408	3.0818985346186	0.00205684935211518	0.0152903755873119
"AEN13733.1"	168.11033106514	-0.680870717483709	0.202109239534517	-3.36882528998595	0.000754892620517598	0.00685278009209165
"AGT85463.1"	104.336827397709	-0.680351060984474	0.175752396404004	-3.87107700893331	0.00010835555131647	0.00136460729404223
"ACU76361.1"	551.853608860025	-0.679805435222307	0.1833045485854	-3.70861192735537	0.000208398537942237	0.00235580803827309
"AIQ39879.1"	81.1109813557507	-0.679521702738254	0.255180493864345	-2.66290613537057	0.00774690204910524	0.042921486199634
"ADH69372.1"	148.016050059344	0.678559070732537	0.24496512343314	2.77002318216838	0.0056052303039195	0.0333526094768396
"ADZ99362.1"	285.858557048734	-0.677316134047806	0.186901270764471	-3.62392471317835	0.000290166100789583	0.00309938579080701
"ACL74092.1"	236.51990867018	-0.674465632657432	0.223680904432136	-3.01530268920235	0.00256722912629087	0.0182416615785887
"ACZ40912.1"	164.95158537884	-0.673448128633017	0.224845561488234	-2.99515865101147	0.00274302128740993	0.0192080099955799
"ADK84085.1"	167.158521341399	0.672673571026481	0.244824509709111	2.74757446395265	0.00600378740514913	0.0352151754021695
"AAK22239.1"	181.357614327303	-0.672494054861185	0.223176400915923	-3.01328479221481	0.00258436266369396	0.01833548330785
"AKJ09466.1"	285.228534851639	-0.671941724356394	0.228542443393241	-2.94011788086215	0.00328087400950619	0.0221221938271039
"ADB73667.1"	429.912686059462	0.671280456933982	0.195513220025375	3.43342745235775	0.000596001676075022	0.00560760517444021
"ADP65783.1"	169.655015224181	0.671205394996847	0.212956536565026	3.15184218255679	0.00162243937603542	0.0125961765866577
"ACR30867.1"	176.851397435886	0.670353964793189	0.169608902281425	3.95235129628338	7.73870196967795e-05	0.00102679004901945
"AKT42401.1"	746.061386451345	0.67034375110374	0.239447189125826	2.79954738057704	0.00511743057724822	0.0309908028356025
"ACU73806.1"	365.800066030861	-0.669468990547227	0.254726588756332	-2.62818653449495	0.00858414298517216	0.0464479449193815
"ACC43577.1"	187.027400233817	-0.668269454786972	0.174914219690526	-3.82055533260438	0.000133151527586434	0.00161163431314735
"SBN64664.1"	556.987037437833	-0.667131544013954	0.191851617855113	-3.47733082197812	0.000506432534419375	0.00491952992144511
"AFU99238.1"	205.135096445701	-0.667088992471862	0.232488114018796	-2.86934665579476	0.00411320723748983	0.0263689832426758
"AIO28846.1"	487.414724329396	0.666863167314287	0.226941169402027	2.93848475828085	0.00329820874859595	0.0222016475416428
"AAF46795.1"	43.5642947501405	0.666779821933861	0.239247633883041	2.78698606590954	0.00532007665135293	0.0320027644888863
"ADV25894.1"	288.755857646742	-0.666700562428913	0.256689085522981	-2.59730779386498	0.00939576883052698	0.0498850643238068
"ANI37616.1"	221.324512276327	0.666592121522234	0.230640829710102	2.89017396598897	0.00385028688985514	0.0250791284289843
"ABP43647.1"	74.6790408702904	-0.665886228371376	0.230244065114152	-2.89208856715259	0.00382690049629867	0.0249738709310903
"ADJ66244.1"	288.563096090274	-0.665483858136385	0.222373740941075	-2.99263687933697	0.0027657860951243	0.0193142797503367
"AEA22837.1"	292.275612243254	-0.665186001547304	0.240317431436902	-2.76794736682243	0.0056410565018847	0.0335017008542138
"AHF90891.1"	311.075538339871	-0.664196236381536	0.209188842550049	-3.17510354895064	0.00149783040586712	0.011828846274374
"AEL06881.1"	111.140501749774	-0.664155249466927	0.253540982999567	-2.61951831853575	0.0088054043323469	0.0473523049727975
"ABF87753.1"	369.374044534188	0.664111746567141	0.209721610654594	3.1666347807185	0.00154213863523901	0.0120756187057662
"BAX94863.1"	103.413543125519	0.663622907139869	0.247085582705559	2.6858018176264	0.00723559921506312	0.0407663182984317
"ABM31593.1"	490.180889508957	0.663575688806293	0.196103285695081	3.38380709152462	0.000714882121060367	0.00656622042690487
"APY85390.1"	219.991326807871	0.663293907386664	0.2470505215681	2.68485127323978	0.00725620876200861	0.040860565032667
"AEB45664.1"	261.847895902831	-0.663226200990775	0.251869740081889	-2.63321112244427	0.0084581752956399	0.0458549720326752
"ACO61306.1"	230.975104838292	0.662933698197491	0.247067194523007	2.68321214994716	0.00729187173671991	0.0410019298002385
"ACI98911.1"	367.149564282497	0.662854395496327	0.23632428608548	2.80485093798853	0.00503398541320134	0.0306716449169229
"ADN01673.1"	148.76593330958	0.661762735352417	0.188781718219025	3.50543867062719	0.000455855512391173	0.00450699238922789
"ABC83504.1"	114.872027760321	0.66058598888062	0.212169191254857	3.11348685911296	0.00184890743245289	0.0140314482187452
"AFD27166.1"	259.567242818324	0.660117220570649	0.195760024510069	3.37207365100577	0.000746044949768855	0.00679007620732408
"ABD90413.1"	428.804571964117	-0.659346227716193	0.222484065529087	-2.96356606999342	0.00304096772485654	0.0208766386525463
"AEV85054.1"	689.243750943438	-0.659018650901334	0.223394300332041	-2.95002446312107	0.00317748769371342	0.0215705493387975
"ACH37870.1"	117.044043609411	-0.658479316432283	0.239244142771497	-2.75233202704235	0.00591724934921626	0.0348170056285537
"AAV95598.1"	307.099623011309	-0.657664639923012	0.215216136587018	-3.05583331413952	0.00224435989054621	0.0163549647460516
"AEJ11656.1"	116.727069555539	-0.65728560424125	0.250440981290027	-2.62451297249978	0.00867729870419378	0.0468433579873909
"SCG73409.1"	228.258043335903	0.655179869160041	0.216232181167062	3.02998316727816	0.00244567368797639	0.0175247198793415
"AGH74932.1"	92.5922377204618	0.654923421567089	0.233662962744108	2.80285507756879	0.00506524244805122	0.0307745486035324
"AIT08222.1"	409.649292224761	0.654121236502895	0.240543259496248	2.71934968318287	0.00654104174719998	0.0376848618297374
"ABZ73214.1"	361.253513466503	-0.653588506058258	0.239144471715225	-2.73302786959907	0.00627550220186275	0.0364802657066756
"ACF86557.1"	139.186127681159	-0.65347162626997	0.231998102699449	-2.81671107938557	0.0048518149708168	0.0298404811675719
"AGS71928.1"	135.475832971241	0.653395437438898	0.250523729803542	2.60811795334232	0.00910415766962249	0.0486198710799545
"AKK67209.1"	279.462112694239	0.653333683487567	0.219688695808039	2.9739066959478	0.00294034468196822	0.0202953377012777
"ACU75707.1"	275.306742150126	-0.653264486102507	0.176371264931039	-3.70391677101105	0.000212295936617347	0.00239268801994334
"AEB82678.1"	128.873246620229	0.651986422847481	0.225976843235102	2.88519130329281	0.00391175880737119	0.0253856280878915
"AEB44832.1"	748.263860038251	-0.651739418765683	0.233455550899257	-2.79170667073548	0.00524308626409571	0.0316143534459667
"ACD58816.1"	251.279331978199	0.651610264128911	0.242407720956481	2.68807553471406	0.00718651382100549	0.0405553791030184
"ACN25631.1"	286.198354617285	-0.651375496412112	0.231417274117781	-2.81472288054258	0.00488193116791775	0.0299922196570168
"AFL05005.1"	132.778966256993	-0.651226704890191	0.239792218840916	-2.71579581705373	0.00661166804193343	0.0380082666328477
"ADO53462.1"	401.064351116955	-0.650498625123173	0.143681850568711	-4.52735416859135	5.97267913955881e-06	0.000113209969662213
"ABA76529.1"	155.50305934076	-0.650221046526077	0.227732975384003	-2.85519058199488	0.00430110104203717	0.0273232640737174
"AEN13051.1"	531.766508519922	0.649979849715054	0.245269858562264	2.65006003397703	0.00804774692056471	0.0441845426720274
"ACK50610.1"	397.102231947589	0.649573705431609	0.24591513798478	2.64145473416041	0.00825508374511787	0.045024220636727
"ABP73024.1"	223.788748861675	-0.649458059446272	0.246809836737761	-2.63141075749072	0.00850311958376356	0.0460451326628713
"AEW94231.1"	472.374238260998	-0.649344698520659	0.227886767555395	-2.84941818029349	0.00437992696584623	0.0276670657346189
"ABO01147.1"	199.971807039089	-0.648729811711815	0.228415345518326	-2.84013234854997	0.00450948203384739	0.0282851071270714
"CAM55534.1"	112.415571548674	0.648709310188404	0.225944806073217	2.8710963596047	0.00409050812968046	0.0262595426733626
"AGH82599.1"	152.896455307558	-0.648198376707961	0.222257033463126	-2.91643583380906	0.00354055541114866	0.0234940481845266
"ABJ84354.1"	264.109265066305	-0.647231698003671	0.229251626586978	-2.82323710256473	0.00475413983060508	0.029394191408485
"ACB64706.1"	127.947306171271	0.647015268680905	0.240825991594139	2.68665049149392	0.00721724281423795	0.0406874606982291
"ABX18350.1"	116.674306905652	0.646619162468162	0.241456527329059	2.67799412847077	0.00740645166595971	0.0414784998680152
"ANH70231.1"	444.619589076442	0.646534337445161	0.234156998315938	2.76111473112079	0.00576044362959289	0.0340661976878079
"AEO58196.1"	140.146244138492	0.646378808328022	0.246973027158829	2.61720405569769	0.00886533262879423	0.0476172728308366
"ADJ45077.1"	99.7430837292827	0.64583541805872	0.246028874229037	2.62503911413865	0.00866390138631787	0.0468071368605471
"ANB05724.1"	77.3898308842207	-0.645293175907688	0.225924012849819	-2.85623988246279	0.00428691110247603	0.0272435443396617
"AEN12156.1"	385.256056749794	0.645285820597237	0.178154578418336	3.62205578058174	0.000292271076631589	0.00311592576594743
"AEF36751.1"	262.174289273297	0.644839141785253	0.170558270553948	3.78075563085222	0.000156353085948108	0.00183995838343978
"AGZ41379.1"	525.259381147576	-0.644660962599631	0.200094028513842	-3.2217901123173	0.00127392419037443	0.0104344007120312
"SDT40621.1"	150.611264576409	0.644406716872137	0.23801101331856	2.70746596086984	0.00677990230740751	0.0387525816656147
"AFO81242.1"	165.541049191103	-0.644274222888298	0.211446332292495	-3.04698698673605	0.00231147716561788	0.0167604544751717
"AJE43291.1"	374.990743555249	-0.64374715238837	0.233619899870832	-2.7555321817375	0.00585967397939874	0.0345363016267889
"AGU11295.1"	690.665766453492	0.643698077361384	0.154749277686494	4.15961926921203	3.18778526168775e-05	0.000484501825115149
"ACF51478.1"	378.875615139079	-0.643391089174448	0.235722414863031	-2.72944382293172	0.00634412571792885	0.0368103924557795
"AGK80853.1"	484.673363271418	0.643361452232733	0.209680174354794	3.06829891863844	0.00215281157063005	0.015843878215394
"AEG94818.1"	363.783792757251	0.643027711878825	0.195972527320465	3.28121354901604	0.00103361454665802	0.00881690214754351
"AGZ39792.1"	307.732041387232	-0.642952195221981	0.233156211250125	-2.75760268952147	0.00582269213963726	0.034376231366783
"CRY79252.1"	80.2636605325544	0.642091323033813	0.232486728561516	2.76184075971423	0.00574765036891656	0.0340049069586196
"ADU35678.1"	608.625655482932	-0.639731555206331	0.2094186164918	-3.05479792543363	0.00225212208005701	0.0163937622863433
"ABG11109.1"	252.323312557524	-0.639293094460664	0.174906903765573	-3.65504780370193	0.000257134061086896	0.00279888226057105
"AGZ43218.1"	1035.66079762881	-0.637934489009106	0.185391855914869	-3.44100600245375	0.00057955567598891	0.00548150023817079
"ADV26103.1"	488.304024794077	0.637904888344586	0.178735427684215	3.56898963238345	0.000358360604944593	0.00369799612828191
"AEK41957.1"	159.426113473927	-0.637666104914958	0.184237465796415	-3.46110983538815	0.000537953280524925	0.00516785379898016
"ABA49091.1"	694.567171477312	-0.634649564242717	0.203831296809761	-3.11360215126848	0.00184818519524489	0.0140297702619512
"AKL66422.1"	230.990461297561	-0.634410205018324	0.236805545011787	-2.6790344161356	0.00738348044598386	0.041366403555286
"ADI03912.1"	342.46722867008	0.633649018970743	0.162842560103435	3.89117573789223	9.97596437155039e-05	0.00127470149952499
"AEO65134.1"	152.534152565906	-0.633288975114081	0.189313206006603	-3.34519175113432	0.000822257017533871	0.00736401390367186
"AGZ38564.1"	564.353107769649	-0.631774195635713	0.201300362393063	-3.13846526715186	0.00169835061403102	0.0130875375145644
"AEI44708.1"	332.992608721416	-0.627589045907981	0.231899115420182	-2.7063020260808	0.00680371360438566	0.0388569494223544
"AEJ99070.1"	52.0800742456331	-0.62734575502267	0.222710900628908	-2.81686147041354	0.00484954377848489	0.0298390829939479
"AEE47443.1"	518.533411866956	-0.626755776034063	0.190888674546161	-3.28335757752092	0.00102578462051667	0.00876346238510364
"ADP79262.1"	148.357216869214	0.625421316004022	0.218750462410872	2.85906282945046	0.0042489462028015	0.0270533313381012
"AAK22782.1"	302.597590602268	-0.62507367124316	0.196293610987575	-3.18438113241865	0.00145063875280941	0.0115244275038741
"AGB27610.1"	182.093966139174	0.624960934450396	0.233231365701319	2.67957499014405	0.0073715689565846	0.041328387982736
"SBT42443.1"	291.220263780258	0.624907592943547	0.209707742506916	2.97989757303756	0.00288344781080495	0.0199518054649766
"ACG76840.1"	663.707761096981	-0.622527849605185	0.225198021596516	-2.7643575427166	0.00570350055477613	0.0337936934458227
"AGI88384.1"	218.18905277	-0.622376636798835	0.227568135589599	-2.73490238510915	0.00623987774306324	0.0363184235540122
"ABO03405.1"	41.1428652327431	0.621783203751181	0.199677927342129	3.1139305782447	0.00184612921504344	0.0140179640641053
"AGP38613.1"	278.58001220495	0.621559326502657	0.214277460181451	2.90072192369799	0.00372304104348643	0.0244385127909604
"ABF75782.1"	205.899556077374	-0.621111285223137	0.236564640569074	-2.62554574398357	0.00865101837889013	0.0467555811844417
"AAZ97821.1"	197.352943133778	0.620839061555495	0.192974316559268	3.21721083212034	0.00129443438963446	0.0105683829606901
"AJP05029.1"	130.998818163993	0.620303504579458	0.172939509922746	3.58682353648716	0.000334730679919048	0.00349017508939057
"AGZ45894.1"	162.847898306302	0.620146581070585	0.181330567917989	3.41997815476462	0.000626261646049451	0.00584723820319271
"AEA59037.1"	743.537724064848	-0.619840339003026	0.211028689561016	-2.93723256440829	0.00331155659133017	0.0222593849533924
"ADV82348.1"	196.991311309994	-0.618729813251067	0.2365206511139	-2.61596528817734	0.00889756024005175	0.0477287021422665
"AJE48127.1"	284.428698136204	-0.618598534883552	0.231290774553348	-2.67454910848971	0.00748298158708789	0.0417900563558972
"ADD43027.1"	157.202780862083	0.618421360323512	0.233920697772147	2.64372227944486	0.00819999055738243	0.04481103565186
"AEK29936.1"	195.375616494057	-0.61736757439216	0.18174250524468	-3.39693553558645	0.000681450183799911	0.00629217656519206
"ADB31840.1"	1222.03037609023	0.617352084373195	0.140042195089085	4.40832910381388	1.04171170385371e-05	0.000184580764943597
"SCG43539.1"	192.965865497117	0.616578728092505	0.191127339369312	3.22601010471402	0.00125528925121763	0.0103149626877279
"ADG73935.1"	794.473383837395	0.616235186594161	0.185955967786833	3.31387690284061	0.000920120054830694	0.00805745419300598
"ADL48574.1"	321.192695863604	0.616080469054742	0.167715787562519	3.67336002178739	0.000239381835760596	0.00264263954020254
"AKG43308.1"	280.668344830076	0.615204343262428	0.177622194681325	3.46355557854791	0.000533086455370112	0.00513214869482175
"ACU73512.1"	1426.36614595496	0.613545256186849	0.161711122568213	3.79408198052699	0.000148190709831082	0.00175571185460473
"ADV83038.1"	73.2658902600661	-0.613463147607509	0.20452399768223	-2.99946781091503	0.00270451699337797	0.0190049341733458
"ABO88791.1"	239.340513954718	-0.613191714632656	0.201424595876744	-3.04427427029757	0.00233242392623338	0.0168992081363431
"ACM05670.1"	226.308806817942	-0.612686182242033	0.228521895739152	-2.68108305447189	0.00733842999740159	0.0411964480062673
"ADD40661.1"	346.73384411548	0.612560477348465	0.200136216632433	3.06071778339591	0.00220807112530664	0.0161571247318569
"AJF63299.1"	376.272635697842	-0.612553708170486	0.152554288268015	-4.01531622037606	5.93661436818051e-05	0.000824003251619145
"AJP00243.1"	309.448394045644	0.611486215887931	0.219721767050288	2.78300244940219	0.00538583995338964	0.0323011943734139
"AII75872.1"	201.445582943	-0.611034294687057	0.174758886686386	-3.49644190503222	0.000471507150366778	0.00463006460247925
"ADG11136.1"	442.806897529142	0.610640241609707	0.166898865972757	3.65874410260751	0.000253454258937283	0.00276527881262984
"AGZ41446.1"	1349.7809521041	-0.609815093009958	0.22176545687117	-2.74982001982489	0.00596280060222586	0.0350187886846896
"SCF09554.1"	286.961496632657	-0.608971271716013	0.232080258368716	-2.62396843228481	0.00869118400638496	0.0469065470782673
"ACF79205.1"	325.681915642033	0.608871653674987	0.205900097374967	2.95712173737424	0.00310525491731446	0.0212191156126765
"AAK25702.1"	107.265178669847	0.608809783649315	0.176555710166845	3.44825881345889	0.000564213116283598	0.00536539076205014
"ADX45927.1"	262.734808439394	-0.608411691879371	0.208558295270602	-2.91722604986756	0.00353159725990833	0.0234679793231411
"AGJ54970.1"	687.359420835633	-0.60827411957832	0.215576338013329	-2.82161820348164	0.00477820251075225	0.0295038724064888
"APC34304.1"	133.931216884414	0.606440700569616	0.19375064963358	3.13000602432308	0.00174802718248015	0.0133977760763016
"AGK22133.1"	159.363012124855	0.60609474885535	0.182272479129557	3.32521262534947	0.000883511283221211	0.00778157012989332
"ABD08799.1"	150.945956270623	-0.605150993616801	0.225538586813775	-2.6831372944465	0.00729350414263983	0.0410019298002385
"AGU49576.1"	252.210376672157	0.604743971394517	0.2158772792722	2.80133218944266	0.0050892101899317	0.0308727038954123
"AKN74705.1"	157.922725060814	0.60451398377013	0.220966625727189	2.73577053449003	0.00622344066115457	0.0362529015292724
"ABF42247.1"	138.29924242208	-0.604465689797112	0.23045092903719	-2.62296920356335	0.00871671513086254	0.0470198760700632
"ARF81369.1"	263.696973791578	0.604462451813464	0.221934802732583	2.7236037087063	0.0064573938097423	0.0373669278829155
"EAA36362.1"	87.2360013296015	0.603333236101018	0.227042914793056	2.6573532878176	0.00787568617506119	0.0434715516871082
"AEO61242.1"	105.214250992297	-0.602906773878352	0.219290910986818	-2.74934684326517	0.00597141618729264	0.0350546797189022
"AGZ42148.1"	344.671995905629	-0.602032496559416	0.184277276386003	-3.26699259054789	0.00108696525188938	0.00920746722901518
"ADI05389.1"	291.92166669818	0.601882886148448	0.16795591672059	3.58357655925712	0.000338921363734193	0.0035233726324183
"ABL11223.1"	110.218206641876	-0.601264074036671	0.226505842418577	-2.65451905176711	0.00794215545690392	0.0437349693492294
"ADB35049.1"	594.844083374607	-0.599614908378654	0.226269316650594	-2.65000538851046	0.00804904870793469	0.0441845426720274
"AGZ44103.1"	422.51650564272	0.599449402272578	0.198866240689848	3.01433466129367	0.00257543544194073	0.0182860488543172
"ADJ50157.1"	497.045093634783	-0.598962548767437	0.198851624134813	-3.01210790393829	0.00259440358276588	0.0183834276646706
"ACL94304.1"	297.895666892952	-0.598876760983058	0.178101804219925	-3.36255302750078	0.000772252924710812	0.00698997506634461
"AEK46089.1"	129.896380401245	-0.598799351316138	0.221051977037557	-2.70886222933171	0.00675143684942312	0.038629312494676
"ANZ25811.1"	127.386406293814	0.598553426453488	0.192065617770649	3.11640070409811	0.00183073323013201	0.0139237184218353
"BAL86200.1"	150.528531664811	0.598146047665181	0.212546693422223	2.8141865584188	0.00489008400523755	0.0300291273986906
"ACS19997.1"	277.087213133149	0.598090497457106	0.175977249653017	3.39868078763812	0.000677116949994587	0.00625835791748051
"AIV36854.1"	871.852836205519	-0.598032549934072	0.205273065184122	-2.91335129330125	0.00357572097686414	0.023688093816443
"AKE89348.1"	153.185416050298	-0.59785718458811	0.149061435402234	-4.01081059614665	6.0510639479341e-05	0.000837811999437997
"AGZ43721.1"	367.197235101197	0.597562563700959	0.190696141164783	3.13358498001592	0.00172684907153854	0.0132669776637741
"ACB79171.1"	155.015976112077	-0.596922920900024	0.224345274199255	-2.66073320702026	0.00779707112759427	0.0430980731169708
"ANN14658.1"	129.789575797243	0.5966962864946	0.224145772040145	2.66209030428524	0.00776570413397812	0.0429838008481392
"ADL48692.1"	238.444020934266	-0.595612448620784	0.219717882682716	-2.71080551727726	0.00671199819272549	0.0384508085540296
"APU39631.1"	222.333066488487	0.595567869614657	0.206774287486916	2.88028012018827	0.00397321985191184	0.0256701946611828
"CBG74842.1"	195.475072570449	-0.595380193185573	0.205908150095305	-2.8914843482883	0.00383426690860878	0.0250044575759169
"AIG74706.1"	120.777843712262	0.595214703347673	0.207607262559075	2.86702255022656	0.00414353487292591	0.0265208967312377
"AGM03987.1"	520.257855770021	-0.59428111413852	0.194537917857132	-3.05483435149623	0.00225184858114851	0.0163937622863433
"AEV83323.1"	729.019048744681	0.594244318213035	0.195348562655789	3.04196923762431	0.00235035913231999	0.0169939706271773
"AAQ58928.1"	441.635001923155	-0.593889929701342	0.202418557960189	-2.93396976881016	0.00334656802113488	0.0224408427113035
"ADU08621.1"	255.802218188947	-0.593089310873974	0.219230966129602	-2.70531723389551	0.00682391873707052	0.0389485074338484
"ACK53602.1"	642.623442147148	-0.592726162087404	0.197198978980852	-3.00572632348647	0.00264947342728023	0.0186885003956002
"ADJ45198.1"	154.672306317356	-0.592399336923427	0.141554949949092	-4.18494257626791	2.85238198381441e-05	0.000439006520169698
"ADG87175.1"	215.588671295018	0.591557697922947	0.213216841815715	2.77444170397307	0.00552965434626015	0.0329940756773016
"ADR37298.1"	499.917700463559	0.588955790139914	0.130692477259684	4.50642456619494	6.59291080606256e-06	0.000123709873275152
"ACO67437.1"	265.851025357989	0.588756023278016	0.185098709600267	3.18076784300373	0.00146885287540822	0.0116345884770411
"SDU88380.1"	204.889613883269	0.588478779858935	0.209557469740423	2.80819758220921	0.00498196500834189	0.0304597275329853
"ABJ81631.1"	805.173253322275	-0.587670910004331	0.194718996551211	-3.01804610958836	0.00254410191947871	0.0181095035183641
"AFM34327.1"	180.823853647906	-0.587505380694021	0.196785269226417	-2.98551503882159	0.00283101217203803	0.0196862932857369
"BAS98165.1"	378.78714074073	-0.586526182454351	0.190593735903976	-3.07736337541467	0.00208840548562502	0.0154838920471906
"SCG57206.1"	267.280047659535	-0.585648144455507	0.180310193522236	-3.24800352667406	0.00116217830164347	0.00971814328936997
"SCG15870.1"	303.772939069192	0.585354786625403	0.193875092449224	3.01923666021569	0.00253412491979463	0.0180596691219857
"AKH84507.1"	386.884705981581	0.584868562718642	0.205791907948383	2.84203868144971	0.0044826052463922	0.0281505196226999
"ADO53681.1"	987.275821189455	-0.58336647075904	0.197363543825063	-2.95579649337933	0.00311862789167884	0.0212689662498029
"AEA24099.1"	676.637660629972	0.582313734963139	0.144013220378059	4.04347415768126	5.266496334413e-05	0.00074277496915983
"ABJ07331.1"	136.417764294082	-0.58039422413453	0.213228365599536	-2.72193721741773	0.00649004709798712	0.037505972306147
"ABA80064.1"	278.593685062839	-0.579714697322347	0.190736214566881	-3.03935305961035	0.00237086827245288	0.0171025066105619
"AOD24067.1"	147.957482584214	-0.579349434437013	0.210146631066687	-2.75688185671254	0.00583554316414767	0.0344207706937431
"AQZ69182.1"	162.340022366427	0.578398686491851	0.222620874412445	2.59813320749187	0.00937321245989747	0.0498030852205902
"ADG75987.1"	523.897786785873	-0.578106461893472	0.181277296590243	-3.18907261288333	0.00142730020423505	0.0114004840278928
"ABD87173.1"	655.818853038449	-0.576395468142775	0.187138074945802	-3.08005449083361	0.00206962726165832	0.0153771987307289
"ADI03756.1"	359.636295496284	0.576239902608025	0.127140492422584	4.53230824915121	5.83426290082079e-06	0.000111112941613183
"AKC86180.1"	558.36212442483	-0.575850245601862	0.200588621513224	-2.87080214848527	0.00409431699552701	0.0262779685022407
"AJY32822.1"	28.104039083086	-0.575732164210577	0.194742088609104	-2.95638281545915	0.00311270488029911	0.0212492772077186
"AEO58515.1"	279.330408267189	0.574530327185205	0.163043095760161	3.52379427357261	0.000425414411890761	0.00424444115299136
"ACL95775.1"	220.50925132753	0.57405434626951	0.22001276831022	2.60918650621263	0.00907577620579424	0.0485081005455165
"AEV87892.1"	782.551137777807	-0.573993876862401	0.202113401376537	-2.83995951259586	0.00451192599736715	0.0282854935827393
"ABJ04836.1"	244.120953528055	0.573642301056048	0.207607865753981	2.76310485141166	0.00572543709119525	0.033902143994311
"AAY49530.1"	130.881388558788	-0.572313091052123	0.202314209353105	-2.82883289751165	0.00467180851472239	0.0290288257207175
"ABO04638.1"	78.3869700425871	0.57059576863322	0.197346764229187	2.89133582129861	0.00383607966617914	0.0250046301127709
"ACU70914.1"	831.969792699946	0.570318876223614	0.211727454555954	2.69364630779564	0.00706751190601602	0.0400692716324067
"AGF67537.1"	72.7856530918145	0.569853471036153	0.199326051679324	2.85890111320187	0.00425111281109529	0.0270609718643529
"AAM93699.1"	599.730268971009	0.569831720140243	0.205001314937072	2.77964909793462	0.00544176659364449	0.0326016900397327
"ARF60928.1"	237.300286232815	0.569358397965532	0.203041589589828	2.80414667318019	0.00504499489020439	0.0306995772095977
"ACU73176.1"	561.870389490934	-0.56867414101893	0.199692649982182	-2.84774698052067	0.00440299147857707	0.0277439003903317
"AEK46086.1"	176.758593902256	-0.567084209365029	0.195573824130907	-2.89959155774063	0.00373649201314306	0.0245054569540057
"AGK76954.1"	331.391714085205	0.566706484297894	0.208269317456407	2.72102723156286	0.00650794001925216	0.0375379446972703
"ADJ47170.1"	322.531872877181	0.566430565214614	0.208991547658534	2.71030370156447	0.00672216256320454	0.0385011585759972
"ACY15014.1"	368.924699477635	0.56577812090516	0.201421246979677	2.80892969033325	0.00497065008883547	0.0303971865196675
"ADB80109.1"	434.5443735319	0.565634316676295	0.194495584871072	2.90821160311297	0.00363502283468613	0.0239989160633402
"ACB75512.1"	462.115080703061	0.565568971173371	0.154863153712222	3.65205639699391	0.000260148732388483	0.00282750383089547
"ABS28087.1"	445.473506086295	0.562766234892388	0.138908841734175	4.05133487448794	5.09262599354684e-05	0.000722255102914576
"SCG54173.1"	157.467597087064	0.56087347546786	0.181825194199414	3.08468514463805	0.00203767740342921	0.0151881833297136
"AND70542.1"	394.227568157547	0.560786619404735	0.185042359277498	3.03058511356177	0.00244080382404519	0.0175077488747039
"AEG50712.1"	279.426218786067	0.558847536756244	0.173278749688089	3.22513601790294	0.00125912831241447	0.0103404389071151
"ADV11041.1"	302.933964806755	-0.55518530168691	0.161257035333487	-3.44285941099414	0.000575598457019225	0.00545066847291871
"ADB59700.1"	236.51901380988	0.554857161946574	0.18660433291729	2.97344200572506	0.00294480049766662	0.0203210832469004
"AGS72893.1"	144.829231641179	0.553949968515289	0.192088442367319	2.88382768733167	0.00392873661309766	0.0254603958843246
"ACF53049.1"	430.216266009581	-0.552377352358218	0.208735627406321	-2.64630125303415	0.00813773091304731	0.044549064263135
"ABP77987.1"	151.818019476183	0.552311691540692	0.203436821211968	2.7149052381487	0.00662947370079691	0.0380793487335885
"ACB65421.1"	254.65783951085	-0.550788127646838	0.195271157020378	-2.82063227386602	0.00479291093034698	0.0295816433875648
"CQR60699.1"	113.540701708224	0.547921663056757	0.209679483062471	2.61313913528445	0.00897147707577142	0.0480699468350807
"ADG74413.1"	1084.38876572661	-0.547334235715488	0.198881618398715	-2.75206044742758	0.00592215884841412	0.0348385709435179
"AEI13452.1"	151.985853444612	-0.547099995921913	0.191800536287698	-2.85244247232589	0.0043384664393758	0.027485790096575
"ACU69414.1"	232.974758647114	-0.546100207384662	0.191813355220795	-2.8470395440195	0.00441278805005288	0.0277931190662048
"ADG75217.1"	306.403108362369	-0.544195528404139	0.162053202332	-3.35812881555552	0.000784720345895329	0.00709364895178742
"AGL19172.1"	2719.77140424242	-0.543695101355406	0.2049213852954	-2.65318868780657	0.00797352842866259	0.0438645906639493
"ABN95700.1"	63.2174567762232	0.543198365212503	0.197784907406083	2.74640958370617	0.00602514911363026	0.0353108801727429
"AIV37935.1"	377.761436278674	-0.538274503078666	0.170335290751785	-3.16008796945695	0.00157721510461034	0.0123064977894847
"AGL14198.1"	727.741352424334	-0.538229181086627	0.18886412657749	-2.84982220202519	0.00437436745711485	0.0276444224219836
"AAK22196.1"	140.05399500796	-0.537873884691629	0.153533851815297	-3.50329180393845	0.000459545738231975	0.00453008538293746
"ADL47871.1"	111.881061772955	-0.537761547389764	0.166701920282228	-3.22588693927058	0.00125582954904473	0.0103163744293005
"ADO75636.1"	246.619842903335	0.536197475995652	0.198377781388143	2.70291094216109	0.00687351600805605	0.0391836599799506
"ADU08761.1"	325.775785230205	0.536107357311475	0.17323486043185	3.09468519197023	0.00197021893393375	0.0147996375836891
"SDM48513.1"	118.292060744457	0.535400837013564	0.191751990251426	2.79215269844941	0.00523586410385283	0.0315776069477518
"ABN96207.1"	135.352101304471	-0.534786450589677	0.141896746104695	-3.76884224106943	0.000164006499251186	0.00191771751841682
"ACN31540.1"	244.743801045043	0.534506288242943	0.132316461512559	4.03960536831775	5.35412108329419e-05	0.000753614750366536
"AEK41214.1"	120.807840868869	0.534110983008513	0.196285798647713	2.72108826358404	0.006506738568629	0.0375379446972703
"AGM08988.1"	422.98656489099	-0.533848933692061	0.199003714795238	-2.68260788117125	0.00730505864786904	0.0410420272738795
"ADR35619.1"	191.259206271019	0.532771840891968	0.175396620147941	3.03752626728265	0.00238528614922674	0.0171887956328834
"AKU23452.1"	260.652423044249	-0.531150312755161	0.198900593189664	-2.67043101399238	0.00757539362573018	0.0421256887996041
"AKZ58334.1"	183.985671693097	0.530156699648502	0.159149447531358	3.33118781040093	0.000864762372796775	0.00766620879949921
"CUW31307.1"	224.058516752983	0.529487100052331	0.187186862406815	2.82865524452026	0.00467440236744448	0.0290340243990298
"ADG76822.1"	231.548322192504	0.528391535309886	0.195974928194255	2.69622007355008	0.00701313153268818	0.0398012630020552
"ACV78418.1"	527.51595749523	0.527716954431823	0.175351720150123	3.00947691861838	0.00261697962357818	0.0185106017033084
"ADO71596.1"	312.048151224937	0.526775577303039	0.163398105256475	3.22387812561348	0.00126467210668185	0.0103707557992575
"ACT04151.1"	143.588849660967	-0.52598419197722	0.200356838134189	-2.62523703645664	0.00865886641253039	0.0467889643090524
"ADB31537.1"	232.545068095974	0.525793751592035	0.165144381256246	3.18384281434429	0.00145333908238319	0.0115426045249361
"ADL44797.1"	275.612004095312	0.525727972105661	0.149257138972348	3.52229699514111	0.000427824561448112	0.00426696701898872
"ACU73502.1"	276.36985101847	0.525545261269707	0.171164248813306	3.07041490798078	0.00213761587745457	0.0157610466434601
"AAS03904.1"	107.374494375567	0.525193468772621	0.187399486958249	2.80253418671114	0.00507028423783183	0.0307842551912646
"ANB08745.1"	169.769411142765	0.524859320375143	0.144956705603632	3.62080055689395	0.000293692853670372	0.00312632134272081
"ACG78368.1"	585.38890704945	-0.524020790517908	0.15780300067372	-3.32072766855298	0.000897830978854054	0.00788941496672885
"ACU34028.1"	570.076015652978	-0.52401802553743	0.150857431643572	-3.473597686427	0.000513530391929099	0.00497983957479981
"AKF82956.1"	187.983860219825	0.523960539978585	0.154259611391361	3.39661519468815	0.000682248343151907	0.00629746937516676
"ADT97003.1"	113.386644014783	0.523064086736593	0.194499730295711	2.68927923931484	0.00716064922134589	0.0404465724502302
"ADG19664.1"	185.00207285096	-0.522857356204256	0.180921900620251	-2.88996165976454	0.00385288814055294	0.0250849898564931
"AJC47534.1"	494.208156733643	-0.522850825309662	0.135223718224104	-3.86656151876514	0.000110380629461721	0.00138574713112572
"ABS27516.1"	372.944381121373	-0.521256525198645	0.192179503772241	-2.71234192495578	0.00668096381515796	0.0382886925218347
"AGZ44274.1"	680.762393419524	-0.519846723425052	0.155121001334423	-3.35123367534434	0.000804523831357614	0.00723296377093377
"ACB76655.1"	359.844668038947	-0.518831358441257	0.189205495131509	-2.74215798056309	0.00610369776762206	0.0356759204251062
"AJE82409.1"	395.379846033413	-0.518606886167517	0.1273193156291	-4.07327736255113	4.63561637656744e-05	0.000667242756187054
"AIO28858.1"	504.729133190635	-0.517483530180706	0.179748888218421	-2.87892478952019	0.00399033484375685	0.0257582232616594
"ADP82567.1"	447.480890888062	-0.516054718773589	0.151363853544625	-3.40936562256223	0.000651141477230303	0.00605023458232313
"AEA82252.1"	163.126496145514	0.514973169968036	0.193902137266939	2.65584060715684	0.00791109971326239	0.0436154288248314
"SHL85148.1"	140.518065829921	-0.514306897478401	0.192818120582544	-2.6673162041232	0.00764596971047749	0.0424715412727238
"ACB77608.1"	314.437920128289	0.513771544880257	0.163777895609945	3.13700174841579	0.00170685109343279	0.01314219010224
"AHH94758.1"	532.870339939849	0.513273361597677	0.172942643209392	2.96788202188066	0.00299859400657335	0.0206414157383889
"SDS98549.1"	689.660947940191	-0.512426520354961	0.18515361718364	-2.76757499069933	0.00564750509600746	0.0335257745266804
"ADK86461.1"	188.790336955616	-0.51237772270405	0.166179039474352	-3.08328730461299	0.002047273988452	0.0152313267554351
"ADC61550.1"	348.311517251852	-0.512128628783309	0.188340577739319	-2.71916246053011	0.00654474544019841	0.0376854572899619
"AKH87193.1"	355.0120074668	0.51152792249757	0.157518713470051	3.24741049002299	0.00116460289684805	0.00972969940321036
"AGL19393.1"	352.585939670154	-0.510624520288425	0.184023575465952	-2.77477773701283	0.00552394451988471	0.0329670327816441
"CUW32020.1"	193.980351566859	0.510582434171614	0.181309177788244	2.81608708615919	0.00486124874620912	0.0298913946626116
"CAH67782.1"	257.456185559476	-0.51042793910186	0.168089420018158	-3.0366452513592	0.00239226817890017	0.0172228183203087
"AGP53089.1"	746.761428724185	0.510420099035323	0.142136817636636	3.59104774907922	0.000329351283865873	0.00344049199369738
"ABA78555.1"	168.285771251151	0.510296860174895	0.195379448811696	2.61182464828587	0.009006043402859	0.0482274657816451
"ACO62879.1"	324.903216776205	-0.507876347469207	0.191140562798077	-2.6570830389661	0.00788200256408944	0.0434892675964226
"ABS03317.1"	385.352931014501	0.507276679236863	0.164958226187165	3.07518267480214	0.0021037365933341	0.0155398970097576
"BAT15130.1"	271.356438395002	0.506078237441239	0.152632011116367	3.31567561574881	0.000914218795309548	0.0080158062616618
"AEF92488.1"	150.124067943003	-0.504534505397684	0.167944677579787	-3.00417085357165	0.00266305731578885	0.018765404634489
"ACU72375.1"	225.124082527954	0.503720157135163	0.159110388325462	3.16585335776315	0.00154628725081889	0.0120968693517468
"AAY51345.1"	145.009128301619	-0.502987723161001	0.160645388540208	-3.1310436467033	0.00174186270503651	0.0133676502988492
"ADP13703.1"	228.70733075972	0.502691476098565	0.177018638618404	2.839765801059	0.00451466657532772	0.0282947404170304
"ADJ49127.1"	167.225497028789	0.502286369589658	0.181788896975191	2.76302006309112	0.00572692460982389	0.0339037812173038
"SDV04404.1"	486.908444898918	-0.501506461979859	0.152174176581558	-3.29560818560484	0.000982088815723156	0.00848335652113097
"ACU76050.1"	275.360848687489	0.498863788826885	0.161775537808797	3.08367875380822	0.00204458240236455	0.0152234385469675
"AKM09437.1"	175.694886046783	-0.498707293637226	0.191219405077175	-2.60803705270368	0.0091063096665966	0.0486198710799545
"BAM89164.1"	161.259558035902	0.497895008741267	0.174744702586239	2.84927097286711	0.00438195419325649	0.0276736272489079
"ABL94282.1"	259.765454218983	-0.497855760021833	0.184649009764018	-2.69622761940664	0.00701297265239842	0.0398012630020552
"ALB92848.1"	59.0671950586002	0.497393590847806	0.166064806156094	2.99517761987617	0.0027428507001794	0.0192080099955799
"ABM96503.1"	202.60834068634	0.496325462008245	0.167279331866421	2.96704593729834	0.00300676031876326	0.0206823739272964
"AKE88117.1"	220.618653580455	0.496221563401349	0.176138300783521	2.81722692449055	0.00484402873075217	0.0298313744712138
"AAM43437.1"	148.554319048143	-0.495431839608453	0.16019184584412	-3.09274068850265	0.00198317341888232	0.014868923085732
"ACL93676.1"	134.877408293604	-0.493113721861488	0.151730786129012	-3.24992530811914	0.00115435322840511	0.00966714716794177
"BAK05307.1"	202.180099108651	0.492430672397141	0.147738584503277	3.33312163543992	0.000858773891268032	0.00762277547873806
"ABO01150.1"	262.731667462124	-0.491480920422285	0.170546919578013	-2.88179300827224	0.00395419398931685	0.0255957491155872
"ABS26106.1"	289.008667709016	0.490230661126327	0.178417806425387	2.74765546639167	0.0060023045136219	0.0352138552312152
"ACR28072.1"	349.220127476449	0.488373403047083	0.171477937923236	2.84802470196318	0.00439915098692112	0.0277321844246439
"ABP43658.1"	306.134104993147	0.484404356543248	0.150630023528765	3.21585528034352	0.00130056399749772	0.0106089074063035
"ADL47341.1"	159.622438592393	-0.483301196685691	0.181897255654045	-2.65700103582044	0.00788392007906298	0.043491276164226
"ADI12317.1"	403.676759918194	0.483263673021128	0.159319422237258	3.0333004365372	0.002418946438983	0.0173859826135637
"AGP59694.1"	456.272781425482	0.482732640232206	0.158580461230337	3.04408649392841	0.00233388029077308	0.0169053848953385
"AEV87438.1"	866.297267977607	0.481363023232575	0.150229473114857	3.20418499281131	0.00135445417205914	0.0109879162564381
"AGU52357.1"	163.821718232121	0.48001141474868	0.179383970803904	2.6758879993431	0.00745315474347388	0.0416733613337916
"AEK43638.1"	158.952531794802	0.479294147041996	0.169973350373075	2.81981937750825	0.00480506878707488	0.0296501445366869
"BAC69879.1"	208.06665155648	0.47846611116606	0.165826684688775	2.8853384608397	0.00390993060039063	0.0253796469020487
"ABF53445.1"	558.588500593251	0.47798155794194	0.18066348488642	2.64570097406478	0.00815218449524972	0.0446107422066089
"AEE44379.1"	491.103740486723	0.477926346172029	0.175024185137963	2.73063031714904	0.00632133357140051	0.0367085780263283
"AJC60629.1"	142.544602089194	0.477499985247988	0.180998684721719	2.6381406361164	0.00833620023367399	0.0453605950907555
"ABX16939.1"	250.183364816568	0.477162359356704	0.172487891095122	2.76635279338863	0.00566871715973914	0.0336160571074045
"ACY15896.1"	576.444684905428	-0.47597282878572	0.16673934952475	-2.85459209324232	0.00430921360798671	0.0273313874420471
"AIS01785.1"	176.086954007812	-0.474405019742622	0.17653155562505	-2.68736667539627	0.00720178463602649	0.040616672576591
"ACR01610.1"	291.524836793421	0.470560657384459	0.175622102418699	2.67939314530355	0.00737557396234992	0.041338652382372
"ACY19824.1"	444.872800731591	-0.469581386703441	0.141169225373192	-3.32637219947949	0.000879843565063925	0.00776766474484779
"ANC32378.1"	1206.72607515666	-0.46660256434572	0.136436255294884	-3.419930892542	0.000626370459043254	0.00584723820319271
"AGM03983.1"	477.039464796093	-0.466391404151377	0.149469761938707	-3.12030606125291	0.00180663219476582	0.0137740944783943
"ADX47965.1"	299.886163337908	0.466367564599468	0.179436170579857	2.59907221098387	0.00934761072710186	0.0496953493953558
"AGL15448.1"	142.531258397209	0.465467124554817	0.177908515187704	2.61632853303127	0.00888809928356816	0.0476870884520457
"AGS69155.1"	707.05482104288	0.46532429760472	0.131303112178815	3.54389389469322	0.000394263882056701	0.00398764871461684
"ADU10194.1"	167.424598251983	0.46517926398622	0.130250774146826	3.5714126617155	0.000355060952206499	0.0036679116096436
"AEK35598.1"	316.199390249605	-0.465142438216226	0.172565294344006	-2.69545762364577	0.00702920181998496	0.0398762987137384
"AEW94253.1"	186.918822755344	-0.462236108385839	0.157023614891981	-2.94373625714717	0.00324276212938256	0.0219338894839802
"ACZ29271.1"	846.737289971533	0.461361488989731	0.101387867788818	4.55046051417815	5.35286319684324e-06	0.000103350867626775
"AGZ38905.1"	718.733507570921	0.459169769404114	0.162932861294133	2.81815323045977	0.0048300753083804	0.0297716398796604
"ALU97766.1"	205.271481425813	-0.456815186529511	0.174191685161144	-2.62248560318429	0.00872909557436847	0.0470594569035278
"AEK41634.1"	163.96615230405	0.456209869842549	0.164723554413629	2.76954848058331	0.00561340495716001	0.0333799671156864
"ACK52450.1"	316.453461053375	-0.455870449000722	0.157066314425977	-2.90240750008537	0.00370306500477344	0.0243359173412294
"ACG74825.1"	222.689510590225	0.452231769723335	0.147524249117762	3.06547413342425	0.00217325175061067	0.0159607439690704
"ACU39159.1"	683.30146602932	-0.45197911002481	0.170744024065424	-2.64711525043842	0.00811816803671826	0.0444767577996017
"ADU07866.1"	387.560690637534	0.450369055438378	0.126312450037294	3.56551595116242	0.00036314107310629	0.00373493662111818
"ACQ78439.1"	639.617747292487	-0.450303410899464	0.17112106286664	-2.63149026400332	0.00850113028600475	0.0460432662965736
"ACL64885.1"	392.717485173365	0.448941576189305	0.148345823988231	3.02631758764521	0.00247552138312286	0.0177023490783927
"ADP36352.1"	421.120187971176	-0.445752190991956	0.135692511903347	-3.2850168718924	0.00101976264948231	0.00872183501087625
"AIV38536.1"	1454.64510378964	-0.444242448004406	0.161297780520962	-2.75417582665791	0.00588401480855473	0.0346578747276032
"ACF85963.1"	87.7274913354354	0.443045691252088	0.143225854476534	3.09333599629301	0.00197919913631103	0.0148431982373864
"AGP41686.1"	360.209703468764	0.442739326471015	0.16314364130887	2.71380069072262	0.00665161719912475	0.0381673857566502
"AAM36656.1"	287.789115275645	0.441537349211588	0.161919977984448	2.72688617369992	0.0063935090085886	0.0370650676147961
"ANZ25940.1"	142.105950494795	-0.440875523961733	0.162498544922189	-2.71310444147572	0.00666560945564957	0.0382241708972481
"ADT70773.1"	219.303251998054	0.438188521455222	0.145955051157398	3.00221553129174	0.00268022339945437	0.0188666968407784
"AJX01804.1"	59.0131005979178	0.438152805816785	0.163358861141712	2.68214899855779	0.00731508709820986	0.0410901240773442
"AGC41373.1"	190.089021662717	0.43803128929929	0.136390649268565	3.21159325546408	0.00132001120569832	0.0107458661572347
"SCG42449.1"	569.341206387204	0.431463161668671	0.162504290391124	2.65508781725211	0.00792877645725581	0.0436956743498688
"AEI75608.1"	286.672086309296	-0.428147610675132	0.15790809672465	-2.71137211805997	0.00670053819615003	0.0383930141914483
"ADG79517.1"	350.395747419241	0.427869365239076	0.151001402502531	2.83354563698111	0.00460347342096255	0.0286947889543058
"AJY21067.1"	300.734759208097	-0.427104145290289	0.159595627157274	-2.67616445950238	0.00744700926134979	0.0416556386175322
"AKH82094.1"	417.47857930864	0.426657585585665	0.147927481801184	2.8842347641603	0.00392366127786673	0.025433392251715
"ADU06826.1"	211.681784338572	0.424903644331988	0.152319223157081	2.78956021127945	0.00527796814241278	0.0317972877372473
"ANZ27270.1"	227.046240079584	0.424516365759124	0.155877134055294	2.72340371364883	0.006461304700171	0.0373818322765008
"AJP00606.1"	259.605999787126	0.416287846165914	0.124856001041865	3.33414367505115	0.000855624493417506	0.00760446454530682
"ARN23297.1"	293.070905775604	0.415465680735968	0.147781283254984	2.81135521078889	0.00493332889207489	0.0302283816289185
"ABG95873.1"	252.244435083115	-0.414992389068674	0.149524653867406	-2.77541113344878	0.00551319640150951	0.0329212741342725
"ACR31555.1"	464.545786649578	0.414449778475177	0.13433636546094	3.08516444562946	0.00203439637470817	0.015171806314952
"SDU83016.1"	1766.07855575434	-0.412452074506351	0.15445352501192	-2.67039599435831	0.00757618385147902	0.0421256887996041
"AGS68629.1"	386.110246858164	0.409448082647989	0.147649954717376	2.77309995408894	0.00555250630346559	0.0330951599897429
"AOW91390.1"	393.615627800726	0.409110611162258	0.152054563337125	2.69055135330076	0.00713340552224795	0.0403041011101622
"CBG74865.1"	181.75453791238	-0.405054176933588	0.140582581473479	-2.8812543679887	0.00396095834709193	0.0256099283799505
"AGL17166.1"	478.536179516237	0.403100610678982	0.141595373307065	2.84684874416634	0.00441543362435107	0.0277972745103064
"ADG73164.1"	513.371294021472	-0.402628044951834	0.149073646690616	-2.70086667824957	0.00691590553099632	0.0393932230408491
"ACG73926.1"	222.601611191743	0.398226441944874	0.140785487709336	2.82860434284994	0.00467514580621611	0.0290340243990298
"ADU01828.1"	491.775610149943	0.395158004255827	0.149475496503355	2.64363065184371	0.00820221038284168	0.0448144187896244
"AEG45439.1"	385.331085952229	0.392938954554337	0.115637388150118	3.39802689113172	0.000678737480419282	0.00626937419619064
"ACG73201.1"	561.310594586936	0.388259413477755	0.105154151635686	3.692288011822	0.000222245572632815	0.0024868053762703
"ADB49321.1"	754.451934482575	0.383506301159194	0.10784479221596	3.5560947661823	0.000376408349644571	0.00383895379112911
"ABW10184.1"	331.3471434329	0.382461983228158	0.141844647861215	2.69634412714937	0.00701051995688899	0.0398012630020552
"ADW17702.1"	358.129697045116	0.380847928508294	0.133711019004912	2.84829127279558	0.0043954675483737	0.0277254358600354
"AEW99032.1"	356.072224008676	0.380044996228151	0.138811653366338	2.73784647766693	0.00618429379838007	0.0360548707162533
"ADI05140.1"	337.178588488736	0.377538263253306	0.142356402622729	2.65206380814393	0.00800014216010579	0.0439850706823099
"ACB35580.1"	584.738870205169	0.376409238510458	0.118785529316317	3.16881391762887	0.00153062357432239	0.0120219901765486
"ADI15212.1"	393.726120622156	0.362382995861284	0.126207640523763	2.87132375153668	0.00408756651049638	0.0262491401697774
"AEE47740.1"	688.348944673398	0.359983993507857	0.0914796822641139	3.93512509661473	8.31533727944823e-05	0.00109089120185301
"ACZ31698.1"	1142.24428489102	-0.358377924014203	0.12856043320228	-2.78762224961021	0.00530964166861006	0.0319605951740287
"ABS26412.1"	992.910091550655	0.357736106473198	0.12017390778825	2.97682011891915	0.00291254841668913	0.0201233231672332
"ALX16370.1"	250.543879184524	0.357392747969649	0.115721629385129	3.08838330283289	0.00201248715534977	0.0150444834182035
"ABC83123.1"	501.043317811996	0.3545742014453	0.123993982185364	2.85960814546008	0.00424164766167753	0.0270252999399918
"ACZ91360.1"	411.032302427635	0.353047150775412	0.121815859785086	2.89820349664055	0.00375306988798454	0.024577998733103
"ADU10176.1"	242.100264408072	0.350616736263019	0.122806857829211	2.85502570834134	0.00430333453528705	0.0273250518598087
"ADI10466.1"	401.170242778673	0.350098278153591	0.12653164107648	2.7668832489257	0.00565950193269675	0.0335685203618174
"AEW92482.1"	409.837011164035	0.349233077523044	0.122620495460098	2.84808078953398	0.0043983757443777	0.0277321844246439
"ACZ21423.1"	774.078575106055	0.349072489453782	0.126959536029541	2.74947830127987	0.00596902147899624	0.0350479709156835
"ACU74313.1"	890.952212326314	0.346822937232164	0.122355567173807	2.83454970822456	0.00458903180415052	0.0286198561793268
"ADV26097.1"	398.143082766444	0.346396815265793	0.129672801696725	2.67131434451409	0.00755548550232577	0.0420774561613512
"AJP01316.1"	281.65761854287	0.339123606393837	0.128188189667613	2.64551365670404	0.00815669944436732	0.0446267261372889
"ADB54299.1"	624.943871767618	0.337258178092867	0.0957710028739311	3.5215061759019	0.000429102672152375	0.0042751453414868
"AEE44927.1"	1758.17862767283	0.335126166565677	0.104893567975745	3.19491626639272	0.00139871415095384	0.0112588848102656
"ACF79808.1"	289.758018995676	0.333917955726079	0.12267876133395	2.72188887542729	0.00649099652547727	0.037505972306147
"ACL63675.1"	344.468064012504	0.321165561377762	0.121216392627932	2.64952251436458	0.00806056013567885	0.0442390593135591
"AEI13071.1"	1087.16496896215	0.312252014089327	0.104274224572418	2.99452731842153	0.00274870440148827	0.019234162465362
"ACZ85858.1"	482.905590254106	-0.305276028813165	0.111646597210292	-2.73430661069019	0.00625118042420699	0.0363690871064212
"AFK83609.1"	1579.64004547819	0.296264990336166	0.110736241783237	2.67541127967929	0.00746376251420283	0.0416993604764762
"ANH70903.1"	936.159678446331	0.283876537779763	0.101961335229076	2.7841586925277	0.00536667697959409	0.0322276895582832
