"baseMean"	"log2FoldChange"	"lfcSE"	"stat"	"pvalue"	"padj"
"ABM04928.1"	12010.9160188958	-10.6475109409263	0.712160969485701	-14.9509891683837	1.53452764418411e-50	2.14803179632891e-46
"ADG93377.1"	12670.2286019949	9.81270814837911	0.974874669661149	10.0656099227502	7.83998608737796e-24	6.65115910612828e-21
"AEF27231.1"	26619.9964974569	9.26538629120223	0.811902091150934	11.4119502735457	3.64464648293151e-30	9.27595663055913e-27
"ABC02171.1"	11434.1073013546	8.34912528658792	0.684292267608941	12.2011100837972	3.06615112763066e-34	1.07299958711435e-30
"ACE84027.1"	4878.15508083903	7.96535165259523	1.10071049676271	7.23655463995491	4.60226300040192e-13	7.57911499760307e-11
"ADW69716.1"	20529.648598703	7.7226398562949	1.13381930358661	6.81117337821459	9.68058759306791e-12	1.22632457129199e-09
"ABF42494.1"	8547.92032366255	7.58392856292012	0.82065009021099	9.24136687899502	2.43368132665007e-20	1.13555570701492e-17
"ABK16223.1"	2797.24562590885	7.52283440178614	1.06178930156034	7.08505387154591	1.38990223089648e-12	2.12632256044688e-10
"ACU37728.1"	69452.4180730247	7.46437734053213	0.502966311734666	14.8407103346314	7.99053432216276e-50	7.45676662944229e-46
"ACT96036.1"	11041.2855050443	7.4559205532041	0.834415409595693	8.93550199032972	4.05333705872211e-19	1.66878271023506e-16
"AKK05637.1"	864.971933286142	-7.33799356945343	0.681769045000328	-10.7631662412157	5.13741100515624e-27	7.1913479250177e-24
"ADN16569.1"	3807.44011540101	7.2073425428178	0.700086315024632	10.2949341933133	7.427034156568e-25	7.99720185566453e-22
"AAQ56599.1"	600.117802677647	7.19946285578217	1.0221924801723	7.04315771777997	1.87931297046367e-12	2.78376962545508e-10
"ABL86686.1"	591.25111890069	7.13545437700349	0.973277577642079	7.33136624218784	2.27818132289784e-13	3.96148846682285e-11
"ADE53917.1"	2426.05582615386	7.10021707068246	0.69067244478851	10.2801510676405	8.65917698046102e-25	8.97860439796247e-22
"AMG93924.1"	938.153536623581	7.08060516809665	0.631170708753253	11.218209384404	3.31923077913541e-29	6.19501232617834e-26
"AGP40336.1"	10670.6304083775	7.03401219629504	0.911371091894504	7.71805498205254	1.18118250912107e-14	2.54372196348873e-12
"ABZ84856.1"	1243.91385369822	6.88461982530601	0.90870467865966	7.57630062548025	3.5554740959967e-14	7.10993234225169e-12
"ACT95943.1"	3478.49569181239	6.86796080031663	0.990479104882423	6.93397848219313	4.09166917776479e-12	5.58782294149771e-10
"AEI03313.1"	14616.0153150977	-6.84952320813668	0.488893263286203	-14.0102630216177	1.34904425367539e-44	9.44196073147403e-41
"AIT05786.1"	19010.833067734	6.79548714317577	0.49722531712994	13.666816449332	1.6025432240643e-42	8.97296002018084e-39
"ABF09017.1"	19026.3270142253	6.70007013915859	0.621039709583242	10.7884730006311	3.90219226951868e-27	5.74977761986552e-24
"ADV23282.1"	5824.79848370147	6.47647954273287	0.966267552423866	6.70257376074228	2.04780146711167e-11	2.38753539312753e-09
"ABW29834.1"	554.395090891029	-6.43321555684261	0.681750862975959	-9.43631450462787	3.86121964835028e-21	2.00182787546693e-18
"AHV96513.1"	2779.05281517627	6.39338394015429	0.880785877980264	7.25872666670701	3.90751166259928e-13	6.51158907774579e-11
"ADP10255.1"	406.97617860847	6.35236990655595	0.741517353030778	8.56671779910763	1.0647640534321e-17	3.42633729194081e-15
"AEC03714.1"	714.971256126473	6.33128195628747	0.922873176674236	6.86040305029077	6.86665323491898e-12	8.89994555392555e-10
"AKV59543.1"	2468.68058502801	6.32229845628791	0.679866827626458	9.29931892450207	1.41348183439433e-20	6.82273059236272e-18
"ADG68554.1"	1176.26242274656	6.28482840496121	0.613981948054631	10.2361778304303	1.36523708087401e-24	1.27403924387163e-21
"ADK80806.1"	5394.36103835464	6.26360616323039	0.546474150878508	11.4618525929562	2.05080517883964e-30	5.74143417867945e-27
"AEY65332.1"	498.279226076686	6.2546142556487	0.819939252597178	7.62814347018643	2.38158437694692e-14	4.93887675681527e-12
"ABE48277.1"	816.1429163231	6.22620905020824	0.972988582925297	6.39905663794029	1.56339847014612e-10	1.45411639768142e-08
"AFY26879.1"	722.813506750208	-6.21501019223737	0.685778721289819	-9.06270492112692	1.27254928232737e-19	5.39792268303593e-17
"AGY56176.1"	253.32761218421	6.21277428739616	0.793898381992315	7.82565430074941	5.05023344973611e-15	1.158904390646e-12
"AEI71804.1"	709.948849816669	6.20384579366173	0.903011313938899	6.87017504420937	6.41231724618009e-12	8.38874923476906e-10
"ADJ41761.1"	663.695399990561	6.2023986527727	0.9984714984494	6.21189354168333	5.2349890617881e-10	4.26042888877383e-08
"CAB69046.2"	1348.49430521239	-6.1522815660647	0.573582661719416	-10.7260591657742	7.68020757127435e-27	1.02388138650189e-23
"CAD62686.1"	1332.6912050254	-6.11164592913313	0.589091031748076	-10.3747054355884	3.23207604366803e-25	3.77021670493876e-22
"ACX64453.1"	2734.95035677624	6.09972218369093	0.762250917471897	8.00224971053028	1.22166318146275e-15	3.05372164537778e-13
"ADL56818.1"	649.319435809796	-6.08881971292476	0.960014149005524	-6.34242705613469	2.26173307751681e-10	2.02947048840258e-08
"AAO79251.1"	913.741264530216	-5.99155091648489	0.660993624601665	-9.06446097735902	1.2522184530112e-19	5.39340120161562e-17
"AAU12252.1"	937.999245402009	5.98502267371053	1.26019080798088	4.7492987853958	2.04123177237352e-06	6.11845018194528e-05
"ACZ89712.1"	49902.8938052023	5.88602357735984	0.600988458981295	9.79390450747912	1.19586663569682e-22	8.16572739828493e-20
"AEA22835.1"	34212.5823027676	5.86137982161866	0.802227615514313	7.30638002016534	2.74435321509433e-13	4.68481174449883e-11
"AOK89953.1"	282.012267502214	5.85516731911552	0.693666839770117	8.44089263522521	3.1492331871723e-17	9.58325351174735e-15
"AEH87908.1"	2142.11315038423	-5.84970080429187	0.712038080885358	-8.21543251874714	2.1140090415782e-16	5.85978189386369e-14
"ADY32787.1"	2350.32660337496	5.8328545778272	0.897179548455895	6.50132360670273	7.96163545548761e-11	7.96049807899397e-09
"AGP29857.1"	6261.23790907529	5.82672891756517	0.595675747402478	9.78171252224618	1.34908265232534e-22	8.99259950821436e-20
"ABP64533.1"	5036.08190663343	5.75382545247365	0.827680185526292	6.95174966501705	3.60783209034436e-12	5.1012559192566e-10
"AFC30817.1"	938.726993628951	-5.71626730851447	0.54998765183054	-10.393446633736	2.65578920017423e-25	3.23267280209034e-22
"SMY24903.1"	25106.2782008665	5.69255610385657	0.906129718516838	6.28227502920245	3.33653900557891e-10	2.83920200608471e-08
"AEV16571.1"	2171.25236970706	-5.64621861438774	0.947685582835969	-5.95790282837406	2.55495349700505e-09	1.7870405149063e-07
"AEI46533.1"	1525.38393485688	5.6451770429677	0.942763741921877	5.98790215612206	2.12564865909821e-09	1.51424070890874e-07
"AEO58921.1"	4247.63779723794	5.63426518374252	0.834137606642307	6.75459916790275	1.43230674385834e-11	1.75872191232711e-09
"AFH63139.1"	914.585766606188	-5.61546792517006	0.547484973203393	-10.2568439318313	1.10251340069767e-24	1.06434362641144e-21
"ADG10297.1"	4602.55492897781	5.61485468833068	0.667008914738123	8.41796048638293	3.83094941787174e-17	1.15323935379287e-14
"AFN74376.1"	1536.54239076998	5.61465723556484	0.724644780894316	7.74815107152989	9.32401736072151e-15	2.03933742211531e-12
"AAO36724.1"	1292.47490575752	5.58832135128782	0.696085484948431	8.02821129318883	9.89040367460798e-16	2.49452019166059e-13
"ABD26648.1"	779.363414360434	5.57307727105675	0.594434578752795	9.37542577477546	6.8897127623383e-21	3.44436425882898e-18
"AAC62855.2"	902.084003381503	-5.5715363656295	0.537828325719056	-10.3593211796358	3.79646741115977e-25	4.25143606571316e-22
"ANY70158.1"	4154.8933817336	5.53730998079428	1.12725628519199	4.91220146965178	9.00594421787041e-07	3.05242632352906e-05
"BAQ02386.1"	1822.74478608324	-5.52887310909343	0.591451198639321	-9.34797853451483	8.9338798073732e-21	4.3879455980214e-18
"ABX04778.1"	1445.0939715688	-5.45128020118954	0.821887932129397	-6.6326320025968	3.29753211415213e-11	3.62030231638444e-09
"AIQ31859.1"	2424.6263255748	5.44640681216422	0.596015296276422	9.13803193674792	6.3599155045909e-20	2.87180958816979e-17
"ANH73973.1"	1645.83857297478	-5.44279267458988	0.340343116895912	-15.9920750689207	1.45115607874896e-57	4.0626565580656e-53
"ACF43940.1"	404.354939619954	5.4089035763359	0.896613101530427	6.03259484732429	1.61347583844689e-09	1.17022978168806e-07
"ABX05714.1"	1147.79589619389	-5.40541940521204	0.623658328685138	-8.66727686714023	4.42577839945581e-18	1.55335902641738e-15
"ACZ89199.1"	9681.71171975366	5.40134731397825	0.730690937099123	7.39210935805753	1.44517586351045e-13	2.67941347515488e-11
"XP_003708928.1"	10546.9407137554	5.39359690958519	1.03467914895392	5.21282072325339	1.85990622244917e-07	7.84434911085942e-06
"ACU38506.1"	3499.29420218503	5.36974067548813	0.771692212716335	6.95839686730386	3.44166547922123e-12	4.94117265416808e-10
"AAN39015.1"	443.87301437908	5.36153664398015	1.01673390394188	5.27329385121661	1.33996753489267e-07	5.93571694728723e-06
"ANR69582.1"	508.013992220106	-5.35581686861341	0.564463969513628	-9.48832371573381	2.34779201678636e-21	1.24016576041417e-18
"ACL49975.1"	2427.20272700598	-5.35555759264448	0.644578590617836	-8.30861848438235	9.68226700168179e-17	2.82359111436545e-14
"SDM70148.1"	1161.92467124337	5.32756402274129	0.585603877029518	9.09755592767831	9.23873852563708e-20	4.04137068380837e-17
"ACL76949.1"	170.464123818016	5.322005139281	0.470922211324032	11.3012404412138	1.29377460996581e-29	2.58717957004306e-26
"AKH81615.1"	13285.4151234929	5.31122737020829	0.521168669920099	10.1909951168449	2.17526050517941e-24	1.90308103446883e-21
"AJI95063.1"	400.853818707742	5.30902403554036	0.663812545439711	7.99777598662834	1.26686584169889e-15	3.11115579861422e-13
"ADE81717.1"	937.493317215433	-5.27340564214604	0.713788358458266	-7.38791208858636	1.49152298342294e-13	2.7471498318361e-11
"AKN91038.1"	608.395254291467	5.26458932090503	0.917990812789045	5.73490414888808	9.7567507475677e-09	5.8868533174333e-07
"ACF81165.1"	1513.24707759981	5.24311853821736	0.759517752518783	6.90322052490498	5.08366175550507e-12	6.74512770175924e-10
"ABC33213.1"	3338.63186772679	5.23644505146787	0.690944315492973	7.57867882266574	3.49091502067513e-14	7.03105445459143e-12
"ABO58277.1"	3306.18295636687	5.23166373314354	0.589765275129684	8.87075579686029	7.26511156400451e-19	2.90562947636957e-16
"AFI57924.1"	467.925279684486	5.20875538975869	1.09994374017623	4.73547436973836	2.18543323683752e-06	6.46758867848871e-05
"ABQ39578.1"	1159.2007217468	-5.20808145463097	0.528702524948374	-9.85068390800579	6.80791315499031e-23	4.88703427402843e-20
"ADP40884.1"	613.133166971987	5.20042254686954	0.972441430725618	5.34780027110639	8.90296317502569e-08	4.12661187165595e-06
"BAK01222.1"	3159.33513618165	5.19744902447538	0.669250961278978	7.76606882198981	8.09595737368425e-15	1.7988446240767e-12
"AEA23989.1"	7747.00366186574	5.19503598616072	0.750940726064593	6.91803734415366	4.57943591601181e-12	6.16374461080128e-10
"ABR45241.1"	479.218059112305	5.18383546750979	0.80851197492543	6.41157537337391	1.4402352173962e-10	1.35304782369879e-08
"ADM71932.1"	281.389174968871	5.17537943861964	0.646941517269851	7.99976396701233	1.24657937328654e-15	3.08842797650708e-13
"AAF53127.1"	292.987384733231	-5.15832461143394	0.700621856575872	-7.36249456539089	1.80504778089903e-13	3.21873360981206e-11
"AJW40932.1"	1491.77489204783	5.14756833879444	0.63083138285046	8.15997504045337	3.35093829381348e-16	9.10804548287401e-14
"AFR92540.1"	366.244354860558	5.13983053567735	0.916862730740155	5.6058888243043	2.07188929428892e-08	1.1418230843093e-06
"ABJ81932.1"	2931.70286922285	5.12917580450074	0.658927374117282	7.78412918627327	7.0195003956072e-15	1.5848220409308e-12
"ABF43242.1"	2792.54706555227	5.12563892704448	0.944608470146137	5.42620470706928	5.75649355085643e-08	2.75015005886991e-06
"ACS99803.1"	3191.80604423415	5.11404097444272	0.75638598088744	6.76115251163513	1.36898320761142e-11	1.70338017245731e-09
"BAD25039.1"	4575.1243881508	5.10463686469293	0.734042199053515	6.95414633010872	3.54703290489719e-12	5.0462350685106e-10
"ABF65586.1"	394.995749589025	5.10335782999426	0.985433450157116	5.17879500556896	2.23323703559218e-07	9.26247467384278e-06
"ADW21705.1"	2777.15020457192	5.09400469931204	0.530036026591125	9.6106763385003	7.20739904141183e-22	4.29315624602905e-19
"AQQ07796.1"	827.759925691054	-5.09110894078906	0.759635568160504	-6.70204128687318	2.05527943186075e-11	2.38753539312753e-09
"AEF99156.1"	865.81244575005	5.08598332121338	0.883365364484778	5.7575081904867	8.5364628609718e-09	5.22947077146097e-07
"ACE83992.1"	673.94136678235	-5.07237597997889	0.893534602927706	-5.6767538306396	1.37274798957307e-08	7.92401086929643e-07
"AKK30611.1"	760.49562185818	5.06944965951928	0.864629580914425	5.86314622055595	4.54177931241748e-09	2.97083302874859e-07
"SDS73681.1"	7891.61155082113	5.06151179454807	0.44484455568241	11.3781583474333	5.37222245863191e-30	1.25333949959882e-26
"AEI43151.1"	948.332730259814	-5.05783067837845	0.528153024681225	-9.57644932816808	1.00438569889728e-21	5.62375640526564e-19
"ABC79625.1"	1087.27933274569	-5.04955055647524	0.850488167925587	-5.93723786750793	2.8986397033817e-09	1.97500102055547e-07
"AIS89169.1"	313.682284830994	5.01371757119734	0.798040215654441	6.2825374872691	3.33090916269314e-10	2.83920200608471e-08
"ACI50811.1"	903.214000627189	-5.00501028004431	0.562321168390139	-8.90062576582896	5.55327016166702e-19	2.2531790064642e-16
"AEV26342.1"	3186.83454065932	-5.00236046839275	0.574503154532295	-8.70728111574111	3.11250488061961e-18	1.13165826802372e-15
"ABO26609.1"	303.17998716188	5.0014330835299	0.834244268532169	5.99516625068314	2.03277372296174e-09	1.45177380479686e-07
"AAN12934.1"	334.369288821588	4.99237253982577	0.98571743396915	5.06470958895713	4.09023408712458e-07	1.55796181636925e-05
"ARN21043.1"	3341.72906458827	4.98127681190674	0.746109485909157	6.67633491596331	2.449917456952e-11	2.79950567856441e-09
"ADG69043.1"	899.360599560822	4.94871097658771	0.795976922108285	6.21715383843062	5.06253376653716e-10	4.14417237801094e-08
"AGL16994.1"	6667.12787855504	4.94826839381998	0.503193460866044	9.83372952681766	8.05781897703716e-23	5.63966750202831e-20
"ACL76656.1"	408.843690678884	4.92180037596165	0.962902265898871	5.11142257139372	3.19741871765827e-07	1.25723222499383e-05
"ARF53290.1"	474.908969249602	-4.91655617413522	0.603027237567493	-8.15312454868168	3.54640038081571e-16	9.54663702512659e-14
"ACI91346.1"	519.493098563784	-4.89281317954848	0.74388655839777	-6.5773646859367	4.7885929510411e-11	5.07808516126313e-09
"SAM86019.1"	221.520650360549	-4.89057417729102	0.971283921920346	-5.03516434990683	4.77439024520149e-07	1.7798113089835e-05
"AEI01471.1"	505.448193280408	-4.88929418592597	0.754576206206882	-6.47952340096115	9.20127963664819e-11	9.07038819392967e-09
"ACE85678.1"	892.82530282569	4.86833179325745	0.960535277023933	5.06835293789647	4.01272836883721e-07	1.53052238983605e-05
"ACC72866.1"	2312.32100583344	-4.86076271952206	0.429720535877693	-11.3114508469884	1.15169199437945e-29	2.48021300574208e-26
"ADZ42419.1"	530.452986803116	4.85230661389903	1.01150173043951	4.79713130277161	1.60954100479648e-06	4.97358829694065e-05
"ALE59441.1"	1141.2249037299	-4.84983255701117	0.602530971218883	-8.04910085733892	8.34044963166634e-16	2.14219475126725e-13
"CAK41095.1"	244.540852963417	4.83853726256215	0.690102166634589	7.01133469288782	2.36055283686261e-12	3.4419811052503e-10
"AAY51245.1"	8869.82430428393	4.83268355677632	0.487369844865082	9.91584442019416	3.55239706246036e-23	2.68791643677406e-20
"AAM43336.1"	8845.25147507734	4.83149239052788	0.486088169549457	9.93953914781771	2.80120046799716e-23	2.17840023061246e-20
"AGR57123.1"	745.845218622191	4.82707582154226	0.676712011784399	7.13313157958274	9.81106839126475e-13	1.543093655516e-10
"AQT62048.1"	681.872877353188	-4.81599330675259	0.878374282327225	-5.48284871682806	4.18530909136086e-08	2.08120627569695e-06
"AEG93719.1"	2826.93650725916	4.8066215810849	0.770077224593742	6.24173969515934	4.32730669876618e-10	3.60557376007911e-08
"ACH40352.1"	1835.31114509269	4.7988017664996	1.12426586198158	4.2683869792519	1.96891542708528e-05	0.00041601325506928
"AJQ46025.1"	502.601600593838	-4.79403396050917	0.389296331666004	-12.3146137544964	7.55761343974407e-35	3.0226135122725e-31
"ACT01401.1"	168.181237812004	-4.7799823776103	0.65110177003257	-7.34137518528201	2.11410253763332e-13	3.6991509152239e-11
"ACT03723.1"	1924.62114108975	-4.77291519583904	0.497896448409318	-9.58616035741481	9.14241248106475e-22	5.22348938407936e-19
"CAY48504.1"	746.087313295145	-4.77062933089181	0.718340790070132	-6.64117838891767	3.11185134004941e-11	3.47089203649495e-09
"ACY49514.1"	1967.57086215665	4.76529246435657	0.497034280758968	9.58745231230328	9.02868379633901e-22	5.22348938407936e-19
"CDR47410.1"	981.589360776167	4.75927225922674	0.870144467460434	5.46951964553306	4.51256905195443e-08	2.23996246770419e-06
"ALJ56196.1"	1967.47948571181	4.75325048448604	1.00964097872882	4.70786208625423	2.50328364749743e-06	7.26990964681929e-05
"AAN59631.1"	177.030035532343	4.70880888203553	0.776022353971201	6.06787788771646	1.29611389172951e-09	9.58778958295317e-08
"CCA66590.1"	561.897361060001	4.70294214531074	0.815549494422575	5.76659317119743	8.08899989489012e-09	4.99910907411355e-07
"AHG44731.1"	3823.51093897916	-4.7005013835091	0.499538695680231	-9.40968422297765	4.97629672910678e-21	2.5330255132377e-18
"AFC31541.1"	440.756660627889	-4.67799020614667	0.54102865508571	-8.6464740123711	5.31151291115247e-18	1.81342823732469e-15
"CCT63073.1"	152.213379260533	4.65572479017221	0.72369068831648	6.43330757924054	1.24856629909723e-10	1.19299870680977e-08
"AEH00519.1"	260.957784278376	4.6428958361739	0.690032356391149	6.72851902258051	1.71398593447678e-11	2.05063035135094e-09
"AEL09293.1"	8786.40110319168	4.64105284090094	0.452343202404177	10.2600256093913	1.06678444422794e-24	1.06434362641144e-21
"ACJ35104.1"	793.19674913711	4.62805793065184	0.535468774874738	8.6430024453517	5.47547478194505e-18	1.84688424090763e-15
"ABS67196.1"	2306.86946216154	4.62621641973282	0.686506693218316	6.73877831845353	1.5972387096767e-11	1.92742650500469e-09
"AQA03414.1"	841.975875406417	4.62348253928273	0.691808449538234	6.6831831012888	2.33807140405853e-11	2.68264946836158e-09
"ABQ36175.1"	26103.6493312665	-4.62008765091405	0.583048869165758	-7.92401442699751	2.29962925918914e-15	5.36503506168827e-13
"ABR63736.1"	280.291325479896	4.60899565219102	0.675324446583111	6.82486125818606	8.80103310818553e-12	1.12284678003605e-09
"AIV41319.1"	2391.37958372709	4.60620408868534	0.694473690700527	6.63265455605522	3.29702812504397e-11	3.62030231638444e-09
"ABQ13121.1"	185.369573211692	4.60314542479238	0.844365513425254	5.45160283266337	4.99178427914176e-08	2.43466886200092e-06
"AEA85782.1"	1714.77240731116	4.59399606909694	0.518876047914828	8.85374471910685	8.46308319074132e-19	3.33707714095766e-16
"ABB25903.1"	427.666918415466	-4.59108647830046	0.718069986760477	-6.39364764291685	1.6197444668066e-10	1.49657973903358e-08
"AJF71746.1"	7085.75364151084	4.58595135072284	0.666447027709154	6.88119409352997	5.93529160281775e-12	7.83794451473989e-10
"AFM17736.1"	2650.20373125046	4.55937259152644	0.722162656021952	6.31349814824522	2.72797591366156e-10	2.40164822889525e-08
"AJO25045.1"	513.106419202562	4.55633201094378	0.72473624125416	6.28688307770979	3.23903132529754e-10	2.77308626859419e-08
"AGW91096.1"	583.91866210623	-4.54748634369244	0.478237001050868	-9.5088550942313	1.92772417339363e-21	1.03785703766015e-18
"APZ48088.1"	226.612942068742	-4.53516331571641	0.819755193642872	-5.53233861875618	3.15989128374496e-08	1.64738019329095e-06
"AFC31829.1"	415.848758303149	4.52260173217284	0.786088234515639	5.7533003721389	8.75177811873697e-09	5.33801264078781e-07
"APC42639.1"	583.396597040388	4.51639993327771	0.963991239195053	4.68510474955039	2.79816788938539e-06	7.97734299707061e-05
"SCF01804.1"	1114.45094271987	4.51384749933819	0.767110861645603	5.8842179468755	3.99940535734053e-09	2.63452593844954e-07
"AEI43954.1"	868.560961165944	-4.50819370173321	0.530947106533167	-8.49085275399574	2.05126331791683e-17	6.31067778553842e-15
"ABD82184.1"	1005.84184860814	-4.49096288335669	0.540960674422601	-8.30182875705366	1.02520906280797e-16	2.92947017452975e-14
"ACU08170.1"	370.945585430882	-4.49086573346559	0.606898593538405	-7.39969705199425	1.36495534868841e-13	2.54755266279205e-11
"ADE53086.1"	585.159188713832	4.48235472351534	0.669742993099059	6.69264892608197	2.19166511790914e-11	2.52501467658371e-09
"ADR24180.1"	2103.67053938096	-4.4682655775146	1.27454728904512	-3.50576680513926	0.000455293927852689	0.00560774694419881
"ADU29633.1"	130.709046070318	4.44006392084347	0.841820519000634	5.27435934457203	1.33220646644899e-07	5.9106897360865e-06
"ACU36415.1"	554.434615026386	4.42580555958463	0.807176988493159	5.4830670629582	4.18014462326185e-08	2.08120627569695e-06
"AIQ60673.1"	3883.54221739804	4.42277137196824	0.347930673620167	12.7116454722142	5.09509103082879e-37	2.37736947498471e-33
"ABP84474.1"	2374.44745356991	4.41241316633444	0.617250375507204	7.14849814827362	8.77324336506573e-13	1.39554387072943e-10
"AAT94297.1"	637.683603118381	-4.41212811387077	0.7165587529181	-6.15738499586099	7.39559109792675e-10	5.73537308525089e-08
"AEG47711.1"	3380.22432403648	4.41170246333833	0.74219393671646	5.94413703088999	2.77917045963377e-09	1.91639547260855e-07
"AGJ81161.1"	2344.24197359351	4.41113915481349	0.406980403887195	10.8387016000803	2.25650793835155e-27	3.50962201344944e-24
"ABK60469.1"	506.059592183234	4.40801430960091	0.745727557476464	5.91102509945803	3.39985217152074e-09	2.26624431890226e-07
"CCB70077.1"	1539.80850158687	4.40793030587826	0.891263399347698	4.94570999897938	7.58668332605121e-07	2.64175107457873e-05
"ABV87727.1"	155.190617490279	4.39490659873723	0.673215904491192	6.52822752614385	6.65525468938147e-11	6.75932073664579e-09
"ACE85112.1"	1866.5515965697	4.39084015379645	0.693636905997205	6.33017089464693	2.44889816109866e-10	2.16959977588981e-08
"ABB33033.1"	624.746116233133	4.38379517790061	0.694658681455646	6.3107181914353	2.77743534193086e-10	2.42990874477176e-08
"ADP99509.1"	220.149661242916	4.38148191707336	0.702286595820322	6.23888017107242	4.40714422769033e-10	3.66119910381064e-08
"ADP36087.1"	3098.22512876348	4.3811727571792	0.681630383569788	6.42749041531045	1.29727772802213e-10	1.2311385516511e-08
"AKF41069.1"	876.988151749705	4.37956387796169	0.884838789851747	4.94956135308611	7.43809282305764e-07	2.59646940990426e-05
"AJE39240.1"	1332.7488059083	4.36982036501116	0.767253202195551	5.69540844209787	1.23076920018959e-08	7.23878456481258e-07
"AFH63886.1"	441.240760399389	-4.36557507444331	0.519234520231456	-8.40771347886749	4.18080944281489e-17	1.24516958681963e-14
"AKL64637.1"	874.144883604519	4.36508770739667	0.573221216321317	7.61501420936561	2.63662461482527e-14	5.387952023113e-12
"ADU51527.1"	982.331819735574	-4.33487779265763	0.624705516296685	-6.93907397897686	3.94678424993665e-12	5.4686414655707e-10
"AEL69550.1"	101.808928127515	4.33326089361242	0.676612693371873	6.40434466580546	1.51016614033938e-10	1.40928704216471e-08
"AEE54095.1"	245.296120084274	4.31833325552934	0.771155833539397	5.59981921644728	2.14575461579244e-08	1.17558798872261e-06
"ACV67625.1"	292.228128480507	4.31539395851014	0.703247020948924	6.13638427175586	8.44208110674102e-10	6.45750007279568e-08
"AAQ12660.1"	473.741049265554	-4.30552324129571	0.947045538811177	-4.54626843678544	5.46053850889903e-06	0.000140957863660631
"AAZ61138.1"	1618.31571984908	-4.30280408770479	0.678297346972009	-6.34353666118991	2.24549504290046e-10	2.02789932971101e-08
"AGH41937.1"	471.635820554255	4.30095211565193	0.782714797330889	5.49491606689752	3.90896283642543e-08	1.96965778676532e-06
"ABP81441.1"	1720.2480945064	4.28113318420203	0.498159095924167	8.59390748704453	8.40607122759345e-18	2.76866317750243e-15
"AMJ58303.1"	2972.80928172849	4.27738190662026	0.759198837790146	5.63407330689644	1.76002148413661e-08	9.89428945178483e-07
"AHV98773.1"	50338.0712759	4.27722234909156	0.884314745286454	4.83676470610704	1.31969490236055e-06	4.22242039845554e-05
"ADB37458.1"	460.267698984568	-4.27137196475479	0.819405034868885	-5.21277241778026	1.86039077463083e-07	7.84434911085942e-06
"ADY34912.1"	107.969350243729	4.26505117745893	0.849872239453822	5.01846157511851	5.20869086506326e-07	1.91619591929449e-05
"AIX72400.1"	2523.04447629966	4.25724279503628	0.69353477493219	6.1384705553554	8.33197517699823e-10	6.3907390974039e-08
"AAI59176.1"	222.586280838597	-4.2384135818126	0.636810110193215	-6.65569455316377	2.81965294808513e-11	3.17024112187114e-09
"ABR43910.1"	381.47274767243	4.23386550008149	0.859610218868252	4.92533174588795	8.42173500304727e-07	2.87881432411858e-05
"ABN45393.1"	294.181449840793	-4.22997550961352	0.486599812965373	-8.69292465164702	3.53226645919364e-18	1.26781194604596e-15
"ADO53168.1"	3063.68844904676	4.22379935395082	0.674611034036472	6.26108845074489	3.82299594329646e-10	3.2140719047606e-08
"ACL07680.1"	990.990770505697	4.22131926658243	0.64269225718723	6.56818130197681	5.09335042805343e-11	5.34057822411175e-09
"SDG26162.1"	405.497436601477	4.22062383911985	0.684680417115877	6.16437060796722	7.076403282014e-10	5.5338264324934e-08
"ABD83173.1"	117.026920844893	4.21832439941219	0.80221510814652	5.25834574364777	1.45357040530089e-07	6.35846204168807e-06
"ADF61080.1"	667.548368285132	-4.21771064757562	0.51001788590125	-8.26973085487489	1.34261761274691e-16	3.75879226864626e-14
"AEW96231.1"	2237.75676896358	4.21344273123555	0.838720425284155	5.02365580259721	5.06970611079349e-07	1.87492063775131e-05
"SHM61719.1"	335.456776269431	4.21139781660232	0.788731801582622	5.339454816139	9.3226499939098e-08	4.30687969025575e-06
"AFI25187.1"	177.342368687266	4.20873269541452	0.76249685830972	5.519672179036	3.39632666781238e-08	1.74465250260689e-06
"ACF07998.1"	409.577958353691	-4.20619954054256	0.54643658211528	-7.69750722812184	1.38746243784491e-14	2.96514491678673e-12
"ARU56174.1"	643.437040564998	4.20584172801473	1.01628924529891	4.13842982937177	3.49690787584249e-05	0.000681750925432356
"ABO96670.1"	1822.795088387	-4.19952603484928	0.419357525772169	-10.0141902237634	1.32038747505763e-23	1.08722258093275e-20
"CDP24220.1"	2123.49325878097	-4.18967200376707	0.855856551914282	-4.89529699152982	9.8157374910717e-07	3.28709792823018e-05
"APO44722.1"	5951.07706610655	-4.18503875827737	0.915717870562224	-4.57022724227046	4.87195641387676e-06	0.00012783063895304
"ADG76731.1"	1466.60705297265	-4.1846542188033	0.618513392198136	-6.76566469148138	1.32698549965939e-11	1.65849491287787e-09
"AJT51486.1"	225.464209301414	4.18072425477265	0.880621970145804	4.74746758144184	2.05979392005935e-06	6.14776019040314e-05
"AAO43396.1"	312.948469219074	-4.17204624355549	0.751027511446656	-5.55511772866901	2.77424716219808e-08	1.47938711529329e-06
"AKE58387.1"	10281.7295577023	-4.17048025373588	0.876391895437984	-4.75869331453784	1.94850224675723e-06	5.87826173493701e-05
"AIJ29689.1"	116.125143737833	4.16995515791519	0.635391402825943	6.5628133137607	5.28019385518914e-11	5.49532740408457e-09
"ADQ03379.1"	298.112252932425	4.16770043178654	0.599893021237377	6.94740609448994	3.72063558300142e-12	5.20814568908538e-10
"ADV47234.1"	124.499740329316	4.16116593786779	0.701454815416672	5.93219384401262	2.9891341687832e-09	2.03116019876832e-07
"ADO78181.1"	338.970107173047	4.15283776065972	0.742540283131469	5.59274406385902	2.23508641683576e-08	1.21975593227551e-06
"AFZ31002.1"	594.546924761199	-4.11914588121402	0.830429020503777	-4.96026244207501	7.03980049775434e-07	2.48846281231225e-05
"ADY37532.1"	178.851324576874	4.11823509942418	0.544716854331314	7.5603225174291	4.0207116102192e-14	7.92703114364061e-12
"ACX87430.1"	195.12423465937	4.11545784474387	0.964045488490615	4.26894570212382	1.96399066243539e-05	0.00041528612224729
"AAT44235.1"	4757.51356253039	4.110918442652	0.416544678572841	9.86909365097825	5.66743738024169e-23	4.17540991834859e-20
"AHW98115.1"	104.418684250589	4.10455903232746	0.798970111134319	5.13731236641645	2.78695500777383e-07	1.12264161723217e-05
"AEJ39452.1"	444.026077321417	4.10444926988751	0.751695349322276	5.4602563040839	4.75447696645057e-08	2.34755444713845e-06
"AAZ28124.1"	512.988591616442	4.10008259846422	0.721766622897361	5.68062094920019	1.34206607751096e-08	7.76290948471009e-07
"ABQ72605.1"	126.671240736207	4.08955025729576	0.830589513790727	4.92367190940259	8.49351938543035e-07	2.89631876117506e-05
"AEI97710.1"	298.742025201695	4.08232293646044	0.58846456101901	6.93724517478388	3.99819614061615e-12	5.48693623297499e-10
"ALG86329.1"	1810.93870065247	4.08056135393195	0.631346208626856	6.46327054502625	1.02463858609315e-10	1.00651866162329e-08
"ABJ88212.1"	2078.68009619923	4.08033080204617	0.634529760412416	6.43047979245944	1.27201790991406e-10	1.21127256482837e-08
"AAQ58428.1"	2516.62635893441	-4.06778644528501	0.489988515541851	-8.30179956521362	1.02546105552191e-16	2.92947017452975e-14
"CAP60171.1"	501.593826462694	-4.05881095511669	0.569098284697317	-7.13200349439716	9.89183626912669e-13	1.54710529715347e-10
"SDR97418.1"	2870.72436223267	4.05799680946816	0.732787533150182	5.53775361327891	3.06375856577179e-08	1.60623567054957e-06
"AEQ08501.1"	22708.8689929495	4.05631970815849	0.720724688253616	5.62811261258073	1.82192134071415e-08	1.02217454618503e-06
"ALJ59332.1"	89.0415963176365	4.03623558184441	0.639440437785554	6.31213689866455	2.75208606868397e-10	2.41527904635976e-08
"ABB12770.1"	1506.39428344367	-4.03586834632933	0.515980567875335	-7.8217448438958	5.20961234217029e-15	1.18575859456422e-12
"ABQ13629.1"	218.411782872566	4.03266232848566	0.69276106984601	5.82114455331918	5.84459919033007e-09	3.71032650640546e-07
"AIT61788.1"	1202.02125019265	4.02932517850493	0.720630343949044	5.59138983299577	2.25259198465073e-08	1.22453524664625e-06
"ADE53584.1"	209.570497480122	4.02395059494061	0.808138884071068	4.9792810051035	6.38209224941801e-07	2.29362072676132e-05
"AMQ85331.1"	339.766693122768	-4.02299408340231	0.539362662730956	-7.45879231430793	8.73191168010176e-14	1.66298366936142e-11
"CDS07261.1"	121.267039764355	4.02211219742058	0.77088808590661	5.21750468187654	1.81349641279787e-07	7.71590358247556e-06
"APU67062.1"	173.593545723709	4.00760496965141	0.88823627590628	4.51186815756021	6.42591283903392e-06	0.000163396780964209
"ASB50186.1"	138.177138810463	4.00656586668236	0.825129966340183	4.8556785356533	1.19975201176083e-06	3.89654957323157e-05
"AMS14954.1"	577.831888953558	-3.99101876154677	0.608208400613911	-6.56192640140836	5.31170331650498e-11	5.50764614995828e-09
"AHV96625.1"	257.238716640412	3.98977529972733	0.891684763035317	4.47442354644038	7.66177344486794e-06	0.000187992120387838
"ABM06664.1"	1050.5259130441	-3.98046791025376	0.630955762232519	-6.30863231388778	2.81512008687507e-10	2.45520566829141e-08
"ADI10019.1"	6438.5955127258	3.97780706698508	0.634701884428386	6.26720538346518	3.67585194682566e-10	3.09967322600395e-08
"AJE13522.1"	950.223799552047	3.97560733042669	0.699389276521954	5.68439846575471	1.31273884547005e-08	7.64063133425772e-07
"ANS66191.1"	2573.29026560276	-3.97179434404869	0.44230189779168	-8.97982659328171	2.71193835262825e-19	1.13318546448031e-16
"AEX82404.1"	194.891023525549	3.96997014921144	0.635885374558047	6.2432166362855	4.2866253654721e-10	3.58233921587334e-08
"AAO13692.1"	1085.95005519618	3.96581524492297	0.899793997705517	4.40747021544468	1.04584977037252e-05	0.000245428417194879
"ADG75397.1"	2942.20906348218	3.95982628123747	0.638991477523133	6.19699388884904	5.75517347198037e-10	4.57732490118075e-08
"AAU91727.1"	456.196152670829	3.95629539091675	0.744674865429031	5.31278222830496	1.07964031439554e-07	4.87509842609962e-06
"ADE53255.1"	972.486541751557	3.95469315326339	0.813376425289144	4.8620700456834	1.16164499036579e-06	3.79037449303969e-05
"ADZ83524.1"	245.715067637122	3.95445133256991	0.805564245649184	4.90892111203759	9.15788046577824e-07	3.09269024752627e-05
"AOH48281.1"	307.259171922959	-3.95188877669399	0.535915422349013	-7.37409041033407	1.65470871876209e-13	2.98872421228797e-11
"AJZ88643.1"	829.864555262083	3.95148434202218	0.865352833528283	4.56632738568716	4.96343388883628e-06	0.000129987179749168
"BAD40606.1"	790.652288632129	3.95113788343328	0.756875057191923	5.2203304176681	1.78604187077524e-07	7.61065878450891e-06
"ADQ81101.1"	96.1251239672853	3.94824717021667	0.635272834770594	6.21504171769354	5.13110158539844e-10	4.18805597623366e-08
"ADI68204.1"	322.460003648742	-3.946150499103	0.796844883355275	-4.9522191602548	7.33719024660501e-07	2.57331440059331e-05
"ADY17919.1"	115.958866547261	3.93542368754213	0.779586550750074	5.04809079088869	4.46247081526983e-07	1.68598290073272e-05
"ADE67693.1"	129.2943836262	3.93535139435645	0.85350373924145	4.61081916038703	4.01085338794979e-06	0.000108281438234371
"ABD51489.1"	2040.9575624687	3.92908832849	0.467831835059686	8.39850568952566	4.52196057487458e-17	1.33259798162304e-14
"AJF93427.1"	85.3449669264289	-3.92692962188938	0.765664829070706	-5.12878412693389	2.91619510728427e-07	1.16631140319329e-05
"AKD53832.1"	215.818950253906	3.923745977782	0.787513897436686	4.9824466470415	6.27853051818639e-07	2.26274251871862e-05
"SHO77371.1"	194.842769370148	-3.91995075402711	0.615791034721207	-6.36571585651913	1.94380991106048e-10	1.77839549902122e-08
"AEX77884.1"	196.503521262856	3.91662397889848	0.650275105613773	6.02302617013411	1.71185750657984e-09	1.23197521713985e-07
"AEX68898.1"	194.131646994003	3.91587936506297	0.697926176099283	5.61073577573614	2.01468175415949e-08	1.11689169088018e-06
"AGP34847.1"	9707.54671636878	3.91516826768224	0.61282226384032	6.38875004825607	1.67247170938506e-10	1.54021440710342e-08
"ADI00741.1"	124.907014858656	3.90672787817845	0.697364278238899	5.60213363386547	2.11729216470706e-08	1.16226885182625e-06
"CTQ96552.1"	918.105235812634	3.90353592090367	0.59026488308762	6.61319355555193	3.76116148705361e-11	4.08129755781213e-09
"AEH30124.1"	916.107793642926	3.90268484822737	0.656004624221636	5.94917277124074	2.69501051492016e-09	1.86295097223963e-07
"ACS86549.1"	254.19256367618	-3.90142317282876	0.659216297319809	-5.91827475851381	3.25336154373767e-09	2.17897391814545e-07
"AAU08003.2"	90.3690463226937	3.89453410498645	0.695012331472541	5.60354676978896	2.10009414832511e-08	1.15509304079587e-06
"AGH44347.1"	121.797940717539	3.88884168576985	0.783316633214702	4.96458458926142	6.88482741750326e-07	2.44914394384271e-05
"ADI18519.1"	1089.02400772404	-3.88087982651412	0.468141105719786	-8.28997876729306	1.13268686237124e-16	3.20310115140861e-14
"ANU39676.1"	394.619514002796	3.87650758436935	0.784583942623588	4.94084491635988	7.77847602526458e-07	2.69846610660852e-05
"ACU39097.1"	712.051051889516	3.87241549936621	0.717060858831088	5.40040005206643	6.64924490883282e-08	3.14978444107756e-06
"ACU75494.1"	4326.67908537855	3.86492364758604	0.537010648755322	7.1971080211242	6.15030386105727e-13	1.00106922612883e-10
"SDK00435.1"	326.241666172756	3.85829515756868	0.840870032347799	4.58845601477306	4.46536366844132e-06	0.000118720153144998
"ABQ07258.1"	142.2630134283	3.84741194306958	0.749013748479317	5.13663727919651	2.79698055174938e-07	1.12506131503988e-05
"AJE20009.1"	1832.07989675414	3.84268801368733	0.508370255914137	7.55883722342788	4.06688455126935e-14	7.96199299981376e-12
"AAT83531.1"	925.278780851697	3.84001867797508	0.653277458347552	5.87808232001194	4.15046518592482e-09	2.72761557148242e-07
"ADU12329.1"	1154.2673598687	3.83799919301354	0.848677484931153	4.52232946102592	6.11627606181128e-06	0.000156375584133761
"ABW19905.1"	109.719853038214	3.83681757479925	0.784741327792919	4.88927680869093	1.01207098072374e-06	3.38113832653244e-05
"ADG41535.1"	136.733223291098	3.83059706086301	0.691927267986685	5.53612675506918	3.09233807602854e-08	1.6181887247943e-06
"AJQ95007.1"	408.44657503155	3.8299965840648	0.747618233362152	5.12293094677577	3.00822539739221e-07	1.19969057301129e-05
"AET59923.1"	121.493844296363	-3.82369722119473	0.693738041426408	-5.51173064307207	3.55322411408112e-08	1.81195013292923e-06
"ABD82495.1"	144.314761246118	3.82273188161527	0.683668250161641	5.59150125914353	2.25114661587061e-08	1.22453524664625e-06
"ADV44431.1"	100.815747676136	-3.8221326817783	0.725359585084705	-5.26929368601638	1.36949700703224e-07	6.05694126522506e-06
"ACI07112.1"	431.77950847317	3.8212209651534	0.902217643765134	4.2353649272549	2.28180832061114e-05	0.00047214712301426
"ARU29263.1"	121.020763570691	3.81795562870986	0.844676615687879	4.52002051175601	6.18336401244675e-06	0.000157802606100692
"AGP33178.1"	913.901132930854	3.8095844546467	0.790239315809916	4.8207984321082	1.42984777357262e-06	4.51806075270192e-05
"ACY47121.1"	696.854036641602	3.80733321194077	0.689112795195642	5.52497825970544	3.29526412734402e-08	1.70841137979857e-06
"AAO75562.1"	832.734602977755	3.8032961631658	1.13180161837651	3.36039116874683	0.000778321883064268	0.00871625684875529
"ABO88941.1"	1037.6532835758	3.79925630230449	0.438361792238745	8.66694216870824	4.43880276158703e-18	1.55335902641738e-15
"ADC56139.1"	244.138277347324	-3.79681855627484	0.465898366512336	-8.14945668236059	3.65562948823117e-16	9.73597521508202e-14
"AKA36092.1"	483.519402791047	3.7964037184924	0.609211087584536	6.23167206878125	4.6148272826998e-10	3.81111223027916e-08
"AIE85386.1"	903.353919575462	-3.79411606106436	0.408102807737312	-9.29696142523617	1.44516629518685e-20	6.85743654238154e-18
"ANH22750.1"	3190.09507334511	3.79407118520536	0.662117127688352	5.73021150872746	1.0030548429526e-08	6.02607797924911e-07
"ACO81253.1"	409.870727291727	-3.76824550319495	0.754108276512059	-4.99695550435282	5.82425004420139e-07	2.12036026316596e-05
"ADU65528.1"	178.82848749855	3.76237710044276	0.769625981893485	4.88857859396366	1.01566648425169e-06	3.38910594673542e-05
"AHF92439.1"	2434.36569773326	3.76223520381336	0.463869462062084	8.11054728002299	5.03922751139173e-16	1.30627975378632e-13
"AIQ40360.1"	1078.12503287181	3.76155432593587	0.645862388551727	5.82408016415189	5.74280077773642e-09	3.65398751303429e-07
"AAK46522.1"	101.818621154253	3.75629049957681	0.772067758013093	4.86523424996217	1.14321325070332e-06	3.73894838395914e-05
"ACS21754.1"	2159.74654743345	-3.75466092771269	0.698239158682157	-5.3773279270088	7.55994064907064e-08	3.5392658597221e-06
"ADJ15508.1"	1545.2086317917	3.74878018234976	0.636873615574777	5.88622309147867	3.95120887591571e-09	2.60891612476736e-07
"AEW02398.1"	104.910340888114	3.74644127444373	0.808792992557511	4.63213864229583	3.61907654666054e-06	9.95281601181812e-05
"ANS70234.1"	1337.56892144225	-3.74469982135102	0.521428220743528	-7.18162092571683	6.88897122921854e-13	1.10207793447544e-10
"AFU99235.1"	754.178138596619	3.74113658246768	0.57912370960655	6.4599955422467	1.04706065543196e-10	1.02494790592563e-08
"ACT24861.1"	97.4849781596469	3.73867618119594	0.811088373595995	4.60945601355419	4.03723935618508e-06	0.00010888877939861
"ADE53531.1"	124.626556953337	3.72464148619047	0.867641399946405	4.29283513490775	1.7640599439739e-05	0.000381658594988356
"AAD41246.1"	239.11180492169	3.72452276442775	0.892527181195658	4.1730076606051	3.0060483036361e-05	0.000594751436809867
"ALP95339.1"	345.458726484757	3.72364874017222	0.799221212074421	4.65909648532387	3.17600319900784e-06	8.94520981483133e-05
"ABF40361.1"	699.225467126897	3.72189858057967	0.757512073630284	4.91331915376996	8.95473306410556e-07	3.03874796197211e-05
"ACS57135.1"	244.755718344969	3.71769199168803	0.838818017492469	4.43206024925592	9.33369267895047e-06	0.000222767314782521
"AHG97584.1"	1590.74967259361	3.71738676748091	0.78892985345386	4.71193573320435	2.45374769906193e-06	7.1706806454006e-05
"ASA26418.1"	83.269423779334	3.71676944349856	0.772922347969407	4.8087229632616	1.51897543234071e-06	4.75673783040385e-05
"ADY37152.1"	90.5357784258892	3.71286914497618	0.751397473377709	4.94128510744914	7.76093229898882e-07	2.69572035536589e-05
"ACA15609.1"	4506.44612533209	3.69856987733676	0.595446846560233	6.21141903547327	5.25082437457633e-10	4.26092983161272e-08
"ACK79240.1"	3122.97761758376	3.69791948207695	0.672986643030796	5.49478881991382	3.91178234440951e-08	1.96965778676532e-06
"AIQ50255.1"	624.035499890307	3.69658460482745	0.819068869679107	4.51315480501132	6.38703670400835e-06	0.000162555890514016
"AJD41040.1"	928.95826514965	3.69626235605507	0.670726555968345	5.51083347329029	3.57138491102073e-08	1.81789985398066e-06
"CAL66130.1"	882.703754766401	-3.69221034874266	0.870596492688263	-4.24101220226802	2.22514038014216e-05	0.000462815973866715
"ACK42407.1"	184.867476628993	3.69167970014497	0.902600012597432	4.09005057458545	4.31279137249417e-05	0.000813617973479426
"ACQ55094.1"	373.383644660924	3.69125421624569	0.734078952238965	5.02841581956171	4.94548533313292e-07	1.83608709324432e-05
"ADO71774.1"	405.665805384115	3.68752538620134	0.499910491023499	7.37637127528896	1.62662005205368e-13	2.95706850501915e-11
"ALG13481.1"	798.455693494966	-3.6865718630652	0.548804527377759	-6.71745891142699	1.84920885181753e-11	2.18814332828516e-09
"AJP00905.1"	1652.70445227677	3.68554681905669	0.692003664056646	5.32590650958606	1.00450790793431e-07	4.59513127296225e-06
"AEB03941.1"	98.33166937422	3.68139797954642	0.786960115726901	4.67799816785629	2.89689134306457e-06	8.21695745090534e-05
"AAH79128.1"	226.287483107926	3.67921103171806	0.709114723096237	5.18845669379612	2.12044058860304e-07	8.82078079027203e-06
"ADU62934.1"	712.274883436182	3.67235724625062	0.793451567917181	4.62833195464041	3.68622806378316e-06	0.000101176118503601
"AFS14417.1"	75.3627124122935	3.67027628298915	0.765328467502569	4.79568765417291	1.62117722694355e-06	4.99301184219048e-05
"AIV39518.1"	14908.4933407793	3.66514995210983	0.66037207639852	5.55012860643429	2.85459525048938e-08	1.51645633079129e-06
"AEO68473.1"	1525.74022597759	3.66474361117571	0.729095275496777	5.02642622211301	4.99704602377838e-07	1.85049339261507e-05
"SBV28691.1"	848.233564043113	-3.66265867348495	0.335537158603003	-10.915806430305	9.68657713178849e-28	1.59520831400912e-24
"AJE26316.1"	90.9290731315256	-3.66164650930539	0.766962433018564	-4.77421885566689	1.80406111895951e-06	5.48983642243374e-05
"CBG87545.1"	180.695999067684	3.66064213683091	0.755781120844701	4.84352153800771	1.27557886952383e-06	4.1094483350045e-05
"ACU62427.1"	222.671433089693	3.65789941421986	0.735154780734279	4.97568608690311	6.50169395624815e-07	2.33062002559697e-05
"ABQ73958.1"	102.71472545375	3.65328836376036	0.753319372873576	4.84958769854106	1.23718362059569e-06	4.00418412048521e-05
"AEB09394.1"	174.294385904707	-3.6511128672855	0.586215578072123	-6.2282767702845	4.71593422441424e-10	3.88315572196179e-08
"AAZ34265.1"	485.407672994163	3.65066851436836	0.869561684144682	4.19828585013981	2.68943015943783e-05	0.000540124008203885
"AEW01148.1"	132.132860086118	3.63928530831874	0.77212708854107	4.71332422126926	2.43707961611626e-06	7.12941284564168e-05
"AQA11669.1"	304.876750968457	3.63759295787871	0.745984864405608	4.8762289041576	1.08133122369931e-06	3.56571836733637e-05
"ADY36269.1"	332.531336178183	3.62536561881836	0.754561148967447	4.80460148760556	1.55060034683643e-06	4.82876610790132e-05
"ALV47021.1"	812.180762309111	3.62438821114301	0.680762491119212	5.32401279216237	1.01502763783577e-07	4.62812927505704e-06
"AJI94294.1"	100.848980416394	3.61876231320153	0.659202169101258	5.4896092319224	4.02823938289234e-08	2.01507854932072e-06
"AKJ14906.1"	3419.32757506498	3.61837140375868	0.502877412026685	7.19533492104169	6.23076298288871e-13	1.00830312409799e-10
"ASL07159.1"	82.0496452718672	3.61575138317815	0.538363184264323	6.7161936195899	1.86532904739211e-11	2.19419126095755e-09
"AAT97264.1"	74.056760698435	3.61551879685977	0.728438252637843	4.96338403943937	6.92754092557203e-07	2.46121111360805e-05
"AFZ45346.1"	168.647236956656	-3.61095557873226	0.765687983375483	-4.71596218973375	2.40571111680544e-06	7.05238622262671e-05
"AIG77294.1"	1184.50895085366	3.60259115629969	0.695568753464361	5.17934587825655	2.22665286910201e-07	9.2488685049525e-06
"AHZ47303.1"	962.220285267633	-3.59390922395778	0.685722090945287	-5.24105796125582	1.59658551290221e-07	6.92992372390856e-06
"ADQ45029.1"	74.3619146783655	3.59273985797466	0.611284019347303	5.87736591218399	4.16846117901776e-09	2.73302667840237e-07
"ACO67626.1"	456.438224357028	3.59242888641928	0.819245471294773	4.38504576746899	1.15961394878539e-05	0.000265791131349332
"APO85524.1"	239.329626093695	-3.59231790561668	0.531659517936259	-6.75680164546093	1.41071107907737e-11	1.73983556695375e-09
"AFN75823.1"	345.753105205764	3.5902129208337	0.864781275529568	4.15158494109988	3.30180673765822e-05	0.000649138914518817
"ADQ41898.1"	228.974012966277	3.58810749609748	0.80688527194042	4.44686205198504	8.71337525959869e-06	0.000210329789661463
"AJY40011.1"	1358.87107449427	3.58611010350648	0.492989916310636	7.27420578973233	3.48464435042648e-13	5.87687368882769e-11
"ANS25162.1"	396.901354731805	3.5858549534779	0.612406991190779	5.85534620776533	4.76017341721523e-09	3.0848568284342e-07
"ADO69655.1"	4288.02763093573	-3.58383021256471	0.491208219324068	-7.2959491954273	2.96560801936297e-13	5.03182800667185e-11
"AAO13754.1"	314.698649364728	-3.57924187524199	0.622296624924532	-5.75166525397122	8.83686423512223e-09	5.36652605480438e-07
"AAS02546.1"	3126.04598596675	3.57187369757818	0.373295193383548	9.56849635593406	1.08471721389612e-21	5.95445943534037e-19
"AFC29355.1"	734.620028219844	-3.57148126435868	0.51513480410901	-6.93310029893243	4.11716072850483e-12	5.59534134734084e-10
"SIS04669.1"	476.795157352214	-3.56548280655812	0.512724537078255	-6.95399293132316	3.55089408664305e-12	5.0462350685106e-10
"AEG59116.1"	136.230754950935	-3.56109949080123	0.864612550245484	-4.11872287742082	3.80977977688788e-05	0.000731039031074388
"AAP95805.1"	97.4577415028084	3.55946955296474	0.718772855712784	4.95214799038972	7.33987491556518e-07	2.57331440059331e-05
"ABI42569.1"	67.0380992213402	3.55870195961812	0.746743122456519	4.76563071369343	1.88263797771039e-06	5.71032858331312e-05
"ADM40168.1"	771.062398952689	-3.55772338357646	0.738728745419336	-4.81600777773571	1.46458817180964e-06	4.59670520829403e-05
"AEH25509.1"	152.062385633962	3.55578579220414	0.757659276496524	4.69311985282668	2.69069743485651e-06	7.71811120760684e-05
"ADQ79764.1"	263.156555969718	3.55513277319132	0.870549372273806	4.083780755485	4.43088378899694e-05	0.000832530352729922
"ABR43077.1"	213.610426532086	-3.55129169444657	0.388773175845201	-9.1346109122009	6.56423935142214e-20	2.9170229346415e-17
"ABF79763.1"	269.222856467447	3.54895786814611	0.584918432103608	6.06744064361691	1.29964625323098e-09	9.58778958295317e-08
"AEA79673.1"	60.1643457046942	-3.54160585566547	0.62969153969667	-5.62435038808288	1.86207354847525e-08	1.04261222126226e-06
"ACA84857.1"	99.6694931736655	3.54149195891925	0.691418674217296	5.12206582058015	3.02206356230291e-07	1.2034949002878e-05
"AKC91347.1"	108.512262882194	3.53313402942543	0.712929814201497	4.95579502925214	7.20351251483306e-07	2.53991859402099e-05
"ADB53806.1"	4191.96696747255	-3.53299987096046	0.593374460349139	-5.95408145622186	2.61536525897843e-09	1.81686763747792e-07
"AKN73151.1"	948.289879105105	3.53167714247981	0.69619615283759	5.07281910146333	3.91965079043519e-07	1.50115654622467e-05
"AIT85581.1"	110.945108493264	3.52813291952129	0.805502311507374	4.38004071387322	1.18657136945194e-05	0.000270735550604536
"AKI30033.1"	77.2692999119401	-3.52807190928859	0.512819126393573	-6.87975882276456	5.99539756935479e-12	7.88014790383365e-10
"AGP61875.1"	84.4651388214263	3.52731569494566	0.568788371562587	6.20145535896831	5.59433895581362e-10	4.47483181162738e-08
"ADV82089.1"	177.987569182467	3.52284415049966	0.849825972860346	4.14537124423541	3.39263595168303e-05	0.000664109498759541
"AGT32307.1"	144.778099296485	-3.5167408147995	0.711911761242256	-4.93985491778213	7.81807189567162e-07	2.70884580187157e-05
"ABK10021.1"	278.3904447933	3.51518078953837	0.592802038394802	5.92977176505133	3.03356042143876e-09	2.05198242387136e-07
"ACT26217.1"	120.855714864372	3.51436029987594	0.809228286556301	4.34285399838336	1.40643605890665e-05	0.000312744907904293
"ABV13340.1"	2737.12616541535	-3.51428294409939	0.447685672817872	-7.8498892358547	4.16404867656581e-15	9.6344385743088e-13
"AFJ33306.1"	85.0407814393661	3.51068323626355	0.567379473226848	6.18754008899424	6.11103090107627e-10	4.81927946778961e-08
"CAE76633.2"	419.161089849626	3.50863724884537	0.949733492546322	3.69433875543169	0.000220459736494594	0.00313299024512825
"AAU42370.1"	161.790934807162	-3.50808568071022	0.476995582039139	-7.35454543564802	1.91577934600831e-13	3.39456699815497e-11
"ACO76555.1"	693.465238744865	3.50718025504921	0.473827792732479	7.40180358527289	1.34347119212886e-13	2.52428318757313e-11
"ADH00148.1"	219.360675833706	3.50498572321534	0.958655418036774	3.65614761808073	0.000256033952757162	0.00355904992124604
"ACD94117.1"	604.331981988602	-3.50204326776697	0.546443524490365	-6.408792694603	1.46676470588688e-10	1.37336269919763e-08
"ACX62915.1"	190.839846407471	3.50129487970215	0.708859460420166	4.93933575722727	7.83891371311719e-07	2.71270986789158e-05
"AIE86071.1"	332.006217873239	-3.50069916348224	0.656688503541859	-5.33083668223391	9.77613076858234e-08	4.49413065676898e-06
"ALE17581.1"	157.49078497809	3.49810187517817	0.804059571641809	4.35055062902292	1.35796095085438e-05	0.000303653951917885
"AIY26194.1"	103.357891168148	3.49275292232385	0.815208151120156	4.28449214783311	1.83157076891268e-05	0.000392606420818736
"AHH21332.1"	491.95942296457	-3.49134248929951	0.341497489619033	-10.2236256354164	1.55416811659805e-24	1.40356421265416e-21
"ADW11818.1"	4526.11449938105	-3.48644232903664	0.750168436771034	-4.64754601519014	3.35907177652636e-06	9.37592955689251e-05
"ACK85576.1"	1828.94483181413	-3.48586258902093	0.319338075223923	-10.9159002933697	9.67657552591112e-28	1.59520831400912e-24
"AIT83634.1"	88.7574358298975	3.48316621220829	0.533552699896164	6.52825149771739	6.65418987284075e-11	6.75932073664579e-09
"AKM02852.1"	3423.86468771443	3.47363882023477	0.793874539268835	4.37555136033713	1.21125916485218e-05	0.000275246847233779
"AJK69904.1"	1672.7160006039	-3.47362370244601	0.647533136827995	-5.36439527938586	8.12208642064707e-08	3.78345975761124e-06
"ADE81837.1"	165.056694554376	-3.4730441776361	0.693428257794247	-5.00851261626349	5.4852280546903e-07	2.00737836103411e-05
"AFS12473.1"	89.0254987877708	3.46635420966867	0.530890878636701	6.52931581452309	6.60708051238596e-11	6.75932073664579e-09
"AQS90270.1"	243.449965987306	3.46377420845587	0.877655833163717	3.94662016427314	7.92621501052916e-05	0.00134161012959356
"AEO59955.1"	487.906734784493	3.46370528469161	0.759381651474218	4.56121803571021	5.08577367247249e-06	0.000132889791874893
"ABR89854.1"	210.938764936369	3.45876326788615	0.858807069773762	4.02740427928394	5.63960150519513e-05	0.00100950309296319
"ADU15260.1"	1399.53927343347	-3.4585426585296	0.794190784820819	-4.3548007917391	1.33187982337026e-05	0.000298298460280591
"ACX76458.1"	442.592506136691	-3.45556231488006	0.582752603230587	-5.92972437312774	3.03443607473476e-09	2.05198242387136e-07
"ADK85463.1"	1130.88907022538	-3.45534662715322	0.484141623604134	-7.1370575440928	9.53499361384222e-13	1.50814509159959e-10
"ABY29770.1"	1721.52788997842	3.45475844963521	0.787278291227082	4.3882302968757	1.1427673340079e-05	0.000263316166937327
"ADU12950.1"	82.189596896209	-3.4543485301861	0.621976972904861	-5.55382060858783	2.7949231723081e-08	1.48757926106345e-06
"ADX74424.1"	1670.94901794531	3.45353683541245	0.646469599584406	5.34214886149731	9.18511759898739e-08	4.25035623638431e-06
"ADB39231.1"	152.013594901084	3.45268324861564	0.724924365735065	4.76281859434351	1.90907450052157e-06	5.78424780482704e-05
"ABG82341.1"	70.7163194379866	3.45214130822179	0.836742165825884	4.12569301418489	3.69620037621174e-05	0.000713155242814775
"ADY35423.1"	266.455548272507	3.44857773216558	0.724837298346124	4.75772665125577	1.95785371978753e-06	5.89580605162475e-05
"ACA83110.1"	121.361032170962	3.44616742647495	0.732396019485929	4.7053333644465	2.53451453932217e-06	7.34469792893719e-05
"AIO28055.1"	3419.56080006092	3.44523673610956	0.80794460431616	4.26419920091624	2.00620406548265e-05	0.000422298413663551
"AGF67005.1"	1095.50375253213	3.44369057967288	0.631302246986832	5.45489992489241	4.9000434024496e-08	2.39827998417796e-06
"ADZ44382.1"	385.955487612258	3.44290900360747	0.712689777407587	4.83086626572794	1.35940293596775e-06	4.32512793120456e-05
"ABR06540.1"	98.8601316489465	3.44177747741146	0.76468016858887	4.50093727912791	6.76544689840089e-06	0.00016987035997097
"AGT95925.1"	167.630960024315	-3.44084428839682	0.733769780261246	-4.68926955150942	2.74182019101831e-06	7.83265286405599e-05
"AEB68424.1"	828.246767268836	3.43710251609223	0.905674183480472	3.79507617505842	0.000147598132025091	0.00225308468057495
"ADB50953.1"	1462.91848055571	-3.43429760460123	0.323099249363955	-10.6292342410634	2.1789418408934e-26	2.7728025353478e-23
"ACI21050.1"	1325.7261655422	3.43265998484679	0.819861923164429	4.1868757260951	2.82820575956008e-05	0.000564753555239972
"AKQ74807.1"	80.1303950198175	-3.43215878059947	0.515289694142425	-6.66063928623968	2.72639041673769e-11	3.07774298818501e-09
"ADT70315.1"	257.146685608232	-3.4311150211211	0.755876551109485	-4.53925315725811	5.64538250444772e-06	0.000145264824075844
"ACL56008.1"	1956.64977506991	-3.43108500833243	0.344499360405167	-9.95962664283938	2.28920777372173e-23	1.83110459523182e-20
"AKR78724.1"	85.1115642799117	3.42656727155023	0.603200725165404	5.68064183047961	1.3419022267639e-08	7.76290948471009e-07
"AEY92849.1"	1090.79670072235	3.42627580861971	0.628256443466561	5.45362621307055	4.93528876119981e-08	2.41131490678097e-06
"ASE99009.1"	1695.7885600761	3.42552275537994	0.800052619487325	4.28162182329335	1.85536103713976e-05	0.000396206617816665
"ALK20922.1"	1718.71128018198	3.42280461013502	0.81620581285276	4.19355578732258	2.74615500551124e-05	0.00055033182200639
"ACT03687.1"	829.885319584978	3.42069569540058	0.625716533148107	5.46684563086478	4.58114681193594e-08	2.26997851587537e-06
"ADZ78857.1"	152.815084747019	-3.42035751989972	0.555115971272526	-6.16151884814092	7.2050492934313e-10	5.61873426236498e-08
"AAS50830.2"	120.472682148621	-3.41990311992104	0.71231708335856	-4.80109659001335	1.57799128837675e-06	4.88688541033136e-05
"AFC34006.1"	564.700824107185	3.41987310771181	0.543175271538357	6.29607658321079	3.05273593538564e-10	2.62160721616737e-08
"ACV67389.1"	287.086788209527	-3.41977180087639	0.465363344625828	-7.34860585898968	2.0028481312266e-13	3.52652429445408e-11
"ADE10406.1"	915.886242757505	3.41726189200188	0.532409356480308	6.41848579557838	1.3763644676636e-10	1.29739729416533e-08
"AKN71652.1"	2575.45025191714	3.414514105929	0.497495851286852	6.8634021712881	6.7239577961642e-12	8.75553127727502e-10
"ACR14581.1"	272.878943805528	-3.41247732817611	0.819634831424769	-4.16341179918405	3.13527169988163e-05	0.000619006110789042
"ADM98059.1"	483.848320152343	3.4085666029572	0.553329068168611	6.16010760873048	7.26955290134845e-10	5.65328897294865e-08
"ACU63069.1"	81.2129521135926	3.40594073176142	0.75726340051835	4.49769621697027	6.86937539510136e-06	0.000172171023779103
"ADJ45074.1"	2341.58106113752	-3.40436660894239	0.652529394952366	-5.21718505752665	1.81662741074246e-07	7.7174963567748e-06
"ADZ77055.1"	149.823440883599	3.40360075901236	0.61827507058612	5.50499433170705	3.69180147365571e-08	1.87238539957364e-06
"AII49444.1"	102.903843151501	3.39627628749044	0.701583918475545	4.84086963519649	1.29272159919122e-06	4.15511296107434e-05
"AOS90464.1"	85.8988953132384	3.39596642590938	0.573539453193249	5.92106856294179	3.19856464875219e-09	2.14741045339248e-07
"SDT81452.1"	1347.97143744645	-3.39586861111162	0.426676792677788	-7.95887817052208	1.73606069428421e-15	4.15408164078467e-13
"ACJ31677.1"	417.688112224382	3.39508764873504	0.549361145816423	6.18006510760694	6.40751708377615e-10	5.03890023251115e-08
"ABK13648.1"	275.639741324058	3.39275714995129	0.567988386169654	5.97328613148421	2.32521551185325e-09	1.65220135710263e-07
"ASL18965.1"	89.7280458534403	3.39003376985193	0.562167508691974	6.03029118089678	1.63664522456789e-09	1.18396691749361e-07
"ABP37202.1"	91.5558820147861	-3.38985792633032	0.663558167221308	-5.10860704273383	3.24542524431394e-07	1.2725339655436e-05
"ABF88528.1"	643.235248208531	3.38315626674996	0.653774481103119	5.17480624364771	2.28147613750081e-07	9.43459467436821e-06
"ABG59366.1"	139.304815321066	-3.3784857015186	0.729240935881626	-4.63287993759446	3.60613694773477e-06	9.92698229978198e-05
"AJF71802.1"	260.076077454961	3.37718739315659	0.770672641274522	4.38212959989273	1.17524861054144e-05	0.000268391039682898
"ASL12808.1"	84.8987947586303	3.37065332143981	0.561192249559685	6.00623640844014	1.89879272142025e-09	1.35955501352638e-07
"AAM39347.1"	180.439860307538	-3.36655691709829	0.380655770940751	-8.84409793335906	9.22706623701137e-19	3.58779092182459e-16
"AAW84081.1"	1361.78907948645	-3.36628287446349	0.395786367036683	-8.50530274619462	1.81122324165697e-17	5.69741639027286e-15
"CAD77513.1"	117.947456479663	-3.36605320415844	0.676607054282762	-4.97490113774623	6.52809478263247e-07	2.33410653300867e-05
"AIQ68068.1"	555.195950138929	-3.3582637512674	0.654227200091812	-5.13317659491399	2.84892364037963e-07	1.14267143604682e-05
"AAX76986.1"	184.868219735027	3.35284160415876	0.530014898594897	6.32593840861332	2.51698203729239e-10	2.22288419924409e-08
"CAK41919.1"	173.77839695105	-3.34974324979648	0.682432981931491	-4.90853071068708	9.17612616591649e-07	3.09511841133732e-05
"AGL21436.1"	583.716833311706	-3.34739537471037	0.492181949510505	-6.8011339668988	1.03798839791963e-11	1.3089875309981e-09
"CCK25639.1"	983.534558600064	3.34363026234453	0.544296500932733	6.14303097046319	8.096148981706e-10	6.24407126423805e-08
"AAZ62020.1"	619.588803803356	-3.34311167243956	0.452939070791145	-7.38093021341738	1.57187387915808e-13	2.87622098829475e-11
"ABF39947.1"	538.456604491984	-3.34226109605274	0.536697494871103	-6.22745797771135	4.74063834668175e-10	3.89205018046048e-08
"ARR81159.1"	82.3381306777664	3.34013789992158	0.547167277972448	6.10441821795083	1.0317580293849e-09	7.78574064438267e-08
"ALJ06391.1"	562.432999014514	3.34000484490461	0.964278701148599	3.46373391938054	0.000532733181717376	0.00639864097060141
"AAO79104.1"	99.8161964921432	-3.33866137031442	0.662405977040732	-5.04020417392629	4.65035448638114e-07	1.74988338979471e-05
"ACG38761.1"	574.843958251493	-3.33862836591567	0.364543774668544	-9.15837437891038	5.26849562255572e-20	2.41798038441098e-17
"AAY47122.1"	172.436155134761	-3.33738270763659	0.343730605639674	-9.70929749309291	2.75227458239736e-22	1.71228176019548e-19
"AEB43778.1"	764.344967572873	-3.33604997281392	0.518085748664204	-6.43918498321052	1.20116736087073e-10	1.15559730016966e-08
"AGN70393.1"	95.375505063364	3.3335067556887	0.607251444036676	5.48949992367143	4.03073291762967e-08	2.01507854932072e-06
"AAW46258.1"	1672.43526203327	3.32988881669629	0.592109001260102	5.62377671950562	1.86827101722059e-08	1.0439943193235e-06
"ACF12295.1"	215.440211059755	-3.32741359789894	0.637916299041357	-5.21606612481808	1.82762954941568e-07	7.75247225233961e-06
"AAM77272.1"	107.541407142878	3.32539648904166	0.652969841462519	5.09272600032101	3.52951601116104e-07	1.36669889693588e-05
"ACY82919.1"	780.510960879357	-3.32452121328814	0.759573207492365	-4.37682790874579	1.2041897524433e-05	0.000274308350768126
"AGB21507.1"	245.303557759616	3.32034270031693	0.910230587626724	3.64780391414243	0.000264491366721633	0.00364404542457619
"AEK41830.1"	2311.6657327219	-3.32024461318318	0.645110695411875	-5.14678277200683	2.64991889312755e-07	1.07587997846617e-05
"AQQ72110.1"	149.249544116139	-3.32000183114309	0.725815788140316	-4.57416590461555	4.7812087729373e-06	0.000126040226748731
"ALC24884.1"	2027.23161917496	-3.3196903289779	0.486437637688204	-6.82449315549416	8.82362807572263e-12	1.12284678003605e-09
"ACR76485.1"	1064.36106419906	-3.31602571959861	0.806677151677436	-4.11072225450186	3.94423417674718e-05	0.000753224965976904
"ADG97356.1"	2391.88309203784	3.31033483724921	0.427630322373695	7.74111344320528	9.85499163902902e-15	2.13876237152137e-12
"AGT90104.1"	145.475961639725	3.31030728278886	0.656017826568218	5.04606300122337	4.51006745947918e-07	1.7016691185388e-05
"ABC24401.1"	480.153002584218	-3.30438311879426	0.388076381498334	-8.51477512245472	1.6691389202771e-17	5.31013786500884e-15
"AGT83912.1"	1174.01595665994	-3.3021494928741	0.645293181019837	-5.117285584291	3.09964115495541e-07	1.22567166347644e-05
"ACE84280.1"	665.538100130261	-3.30100900172531	0.818643292085598	-4.03229224943085	5.52354375879024e-05	0.000993811896343776
"AJC73971.1"	180.46372523234	3.30023433119233	0.802942648140435	4.11017441760686	3.95360371556687e-05	0.000754499588418611
"AGS49305.1"	339.425594533458	3.29934969418149	0.648400428372869	5.08844465519719	3.61012104306512e-07	1.39405446512622e-05
"ADO49173.1"	686.901266433553	3.29850447334886	0.616501623449304	5.35035813027361	8.778034444741e-08	4.07545360389667e-06
"AMF93180.1"	452.305032271931	-3.29819764772939	0.647884999702206	-5.09071463183338	3.56716537063232e-07	1.3793696369644e-05
"AIQ25945.1"	64.7878429794521	-3.29812544844073	0.624146330117988	-5.28421828230129	1.26242654147301e-07	5.63682511245267e-06
"ACU58337.1"	229.261929369477	3.29799978454364	0.870538724755114	3.7884584462011	0.000151584940006769	0.00230264350538769
"ACX75576.1"	125.94094336523	3.29756535328414	0.498914352686407	6.60948183897372	3.85667527109629e-11	4.16878304593095e-09
"AEI46409.1"	524.226970012887	3.2965581061152	0.575234661214949	5.73080575352077	9.99546789402571e-09	6.01791654109986e-07
"AIQ62339.1"	1264.21895268361	-3.2928596404653	0.73151571950233	-4.50142020557742	6.7500906348178e-06	0.000169636927659209
"ADU31633.1"	69.1489413280654	3.28889722474201	0.808522799338211	4.06778538271775	4.74620637631886e-05	0.000878801545710469
"AEL04966.1"	188.578504388047	-3.28743585223657	0.382277374297058	-8.59960874818081	7.99883175672711e-18	2.66589635549205e-15
"ABD89093.1"	340.507465856293	3.28210672030725	0.61516773186263	5.33530377214284	9.53847331812727e-08	4.39932617815966e-06
"APP80146.1"	227.324616611817	3.28196335062663	0.748945365021018	4.38211317394898	1.1753372433606e-05	0.000268391039682898
"ACM05489.1"	152.064739996436	3.27996961430947	0.857091355483621	3.8268611546767	0.000129787673143894	0.00202711996481737
"ACH40432.1"	466.917072007356	-3.27840103642588	0.723256977274222	-4.53283015503199	5.81986100821527e-06	0.000149479659436692
"ACL24608.1"	451.472431215853	3.27529028210007	0.6359399619411	5.15031367442737	2.60051167019281e-07	1.05973689546897e-05
"AKM46981.1"	79.6836124134594	3.26954606968609	0.577844258702725	5.6581786881924	1.52987808586775e-08	8.70537944958406e-07
"AAI61239.1"	65.1464584382333	3.26878672124521	0.638744372272947	5.11751940704128	3.09580216892829e-07	1.22567166347644e-05
"ABV82739.1"	208.119352475116	-3.26853143732679	1.00023991107059	-3.26774746853318	0.00108407046484237	0.0112823928378168
"ACX83674.1"	636.464457836783	-3.26632372482725	0.882777436681873	-3.7000534779236	0.000215554038715642	0.00307576496834001
"AOS94486.1"	109.611270586338	3.26319551008388	0.7728781956304	4.22213426194828	2.41999878932948e-05	0.000496421900557036
"APP84624.1"	223.244617063937	3.26011039871961	0.760649823511629	4.28595432214646	1.81956375279016e-05	0.000390648058459457
"ABG84150.1"	55.123428250129	3.25823283694052	0.587873152371758	5.54240795619815	2.98340235494549e-08	1.56998744979425e-06
"AJO19972.1"	93.3397978193775	-3.25706763827204	0.490537288189647	-6.63979623300895	3.1411709557525e-11	3.48969135227171e-09
"ACU05595.1"	131.050825779176	3.25699132001974	0.77714609364562	4.19096402420435	2.77771705954874e-05	0.000556258703856413
"ADX05721.1"	131.667481462365	3.25658002762538	0.579929404191646	5.61547664954956	1.96021128246501e-08	1.09318874629264e-06
"AKM43426.1"	905.83834285415	-3.25309164801083	0.562221020509721	-5.78614375723894	7.20205856454326e-09	4.51071211572602e-07
"AIS01020.1"	2075.28268887921	3.25017691484202	0.689412259296242	4.71441705745098	2.42403717974326e-06	7.0986762431059e-05
"AEL24539.1"	75.8219859087275	3.24904028245395	0.555775893968771	5.84595394962652	5.03673380492385e-09	3.24904146549881e-07
"BAL69399.1"	968.496302660364	3.24799650510708	1.15284776843526	2.81736808105681	0.00484190006427431	0.0356158261165065
"ADY40389.1"	915.375304909418	-3.24746492369034	0.804295611808118	-4.03765092835679	5.39891093441535e-05	0.000977038852746556
"AGP37314.1"	2941.76269630741	3.24709922624312	0.620121112289826	5.23623395799742	1.63886188404184e-07	7.06958047852623e-06
"AGN37922.1"	91.050011767054	-3.24553160732141	0.481843453970827	-6.7356557001559	1.63192304098585e-11	1.96082907534077e-09
"ACE85719.1"	122.599661745806	3.24510265952125	0.782556282500439	4.14679778578026	3.37157585500711e-05	0.000660627605278056
"ADP11558.1"	93.7199440841492	3.24503594699259	0.555265955452525	5.84411112391715	5.09280244211445e-09	3.27765740619393e-07
"AIG77835.1"	2788.86521478127	3.24404999362187	0.691452550369157	4.69164513442016	2.71016912138306e-06	7.75287196235998e-05
"AFM31873.1"	878.660233854964	3.24343480737982	0.614154400000371	5.28113908713812	1.28383178972183e-07	5.71417405167762e-06
"ADT85500.1"	196.246637290295	3.24084434362115	0.894457388107473	3.62325180238966	0.000290922357579278	0.00393082158435786
"AAW66447.1"	168.696248135378	-3.24022496078995	0.63446605886957	-5.10701071474661	3.27295196447336e-07	1.27974250275693e-05
"ADJ43732.1"	1102.40133671566	-3.23793141991342	0.406400166918148	-7.96734766244711	1.62116112534201e-15	3.91258852285129e-13
"ACF47006.1"	94.3438237237435	-3.22822337580119	0.613760848490027	-5.25974145099554	1.44258092994624e-07	6.33017174212772e-06
"ACI28732.1"	383.025216894319	3.228175852501	0.606559844796929	5.32210610410877	1.02572711875784e-07	4.6466434331302e-06
"AFS60099.1"	4053.1473136225	3.22667408740547	0.718197813890697	4.49273727237569	7.03135088538129e-06	0.000175445364872669
"ADO71463.1"	399.543825761265	-3.22443052788365	0.521970235697453	-6.17742221177648	6.5156659871531e-10	5.1095962178246e-08
"ADB19280.1"	175.7732333383	3.22252960550988	0.71775073165395	4.48976150547983	7.13029622058793e-06	0.000177124909486761
"AIW16335.1"	185.078766975511	3.22225978962318	0.639021944320345	5.04248691028965	4.59520198809096e-07	1.73145726592994e-05
"ADJ43219.1"	654.300060511061	3.22173287170029	0.427215605098558	7.54123405898772	4.65544668313511e-14	9.05096425979518e-12
"ACV59828.1"	331.433876446484	3.22019706602472	0.76276053829173	4.22176673328779	2.42394891435015e-05	0.000496421900557036
"AGK77845.1"	1446.93376121667	-3.21994579988163	0.508098294054896	-6.3372497754022	2.33902641366273e-10	2.09212087785628e-08
"ACO61507.1"	3062.62109124759	3.21971554094436	0.720343452681952	4.469695016949	7.83312101377902e-06	0.000192028069966513
"ARR76006.1"	81.6625451179363	3.21933874263851	0.543107592897076	5.92762609976732	3.07345319443433e-09	2.07335893087671e-07
"ABL89456.1"	852.215418244099	3.21800441634439	0.562916232033048	5.71666658948905	1.08633966996367e-08	6.48657460322181e-07
"AFO74932.1"	327.290434179502	3.21766521590093	0.421228015843537	7.63877305135399	2.19301465231218e-14	4.58176404523372e-12
"ADN18843.1"	85.881476450222	-3.21740021525057	0.551664145102145	-5.83217206304905	5.4710457973489e-09	3.50497478587139e-07
"AIE61451.1"	192.743409952942	3.21498224879908	0.754534279338589	4.26088295367743	2.0362085710446e-05	0.000427329049137666
"AAO79096.1"	118.532260929015	3.21438960786646	0.856856312911496	3.75137529995472	0.000175867217699379	0.00260644712901631
"ACL24721.1"	190.287648497126	3.21377885356508	0.916404393100068	3.50694396247197	0.000453284594439813	0.00559625409418847
"AJE44279.1"	3222.5022592996	3.21373589935542	0.948481648085855	3.38829528841291	0.000703285051792859	0.00802984025693022
"ABX13985.1"	2943.01836741015	-3.208174751249	0.539108847992325	-5.95088498954607	2.66696449772626e-09	1.84812718015704e-07
"ADV26648.1"	1792.78780508716	3.20483990442489	0.517159786785115	6.19700136460249	5.75490023630706e-10	4.57732490118075e-08
"AGT82572.1"	555.903190376306	-3.20271388765263	0.404065401513054	-7.92622648625648	2.25905416678283e-15	5.31466222296235e-13
"ABG06350.1"	844.210486210612	3.2000700831525	0.554372712989797	5.77241629714087	7.81427646455623e-09	4.85074243684515e-07
"ACU57822.1"	101.858860179787	-3.19998260728481	0.676624467139812	-4.72933327523846	2.25258349984542e-06	6.64524000649868e-05
"ACR13299.1"	234.837171923845	3.19997338792438	0.807190467831164	3.96433495618744	7.36008472881958e-05	0.00126335335418782
"ABB83813.1"	133.711271628045	3.19961723699813	0.816913133027529	3.91671660992908	8.97631631528906e-05	0.00149423082795536
"ACU02897.1"	78.1804995645198	3.19835162502152	0.826325570053331	3.87057080275889	0.000108580814464639	0.00175509727583836
"AHF90825.1"	2367.65103721767	3.197238860128	0.89414224228636	3.57576089007106	0.000349210725204725	0.00454932687893508
"CCM12033.1"	660.233444841329	3.19679499266646	0.914391437363126	3.49609025417518	0.000472128978993131	0.00577697679016245
"BAK05168.1"	1519.43753980061	3.19431901834358	0.660026297954195	4.83968446142923	1.30045438331212e-06	4.17039185741193e-05
"ACH38810.1"	406.855338176136	3.19428517430985	0.481307678939177	6.63668026521037	3.2082652066387e-11	3.55014200494297e-09
"ABV99044.1"	1990.50585072391	-3.19240133788247	0.329187294737334	-9.69782670509733	3.07988865326878e-22	1.87444701601984e-19
"AEG91752.1"	2046.2619187045	-3.18938971244673	0.326645581648597	-9.76406812652942	1.60581443684449e-22	1.02173593122496e-19
"BAJ64920.1"	97.6202913826552	3.18767996392001	0.670941028798253	4.75105833016291	2.02354744227598e-06	6.07194364351108e-05
"ABW39320.1"	610.416223319352	-3.18741867368155	0.678722898853269	-4.69620028890558	2.65045660675953e-06	7.62612365496811e-05
"CUW27228.1"	1243.04505544021	3.18635823194761	0.485347215792518	6.56511076661817	5.19941977296155e-11	5.43145358073998e-09
"ACT93520.1"	602.596143003447	3.18603063308546	0.514278471354491	6.19514681354284	5.82307268652493e-10	4.61820801506946e-08
"AEK35544.1"	540.194014056589	-3.18401478750063	0.620387858395766	-5.13229706934311	2.86227260440052e-07	1.14638317357363e-05
"ABO07903.1"	338.272297810926	3.18332063927994	0.536165939496277	5.93719295610356	2.89943355996677e-09	1.97500102055547e-07
"ARU26155.1"	168.477804660246	-3.18263146159055	0.687999077357918	-4.62592402567256	3.72931993800384e-06	0.000102258610170769
"AEE15635.1"	288.0606106776	3.18140639773697	0.624268410107338	5.09621558007388	3.46510517015652e-07	1.345479671896e-05
"ABA56776.1"	87.201149895974	3.18026715591376	0.748449240102209	4.24914207338824	2.14590791693336e-05	0.000448669440197658
"SCF03497.1"	2328.88449505196	3.17759479362312	0.70192175777525	4.526992871249	5.98289575413323e-06	0.000153385668070251
"ACO33063.1"	220.570974827258	-3.17723926770169	0.504595597386653	-6.29660521050302	3.04234811466275e-10	2.62160721616737e-08
"ADB23429.1"	1209.93336571881	3.17579251590307	0.762122181843534	4.167038555709	3.08582321527317e-05	0.000609673300880647
"SMQ46255.1"	220.843117161308	3.1753873824454	0.571362886966022	5.55756674940324	2.735613824975e-08	1.4643641423327e-06
"AEA21091.1"	760.35560027804	3.17512543194401	0.554729191242452	5.72373958693707	1.04204438738893e-08	6.24691106409859e-07
"AFC46690.1"	86.7325697235058	3.17118157733199	0.558746024292178	5.67553313931719	1.38257373725214e-08	7.96430747903518e-07
"ACL96896.1"	2829.01419722391	3.17035098433253	0.456196517884172	6.94952911748766	3.66507474379366e-12	5.15615238830389e-10
"ADG72756.1"	192.405051288295	3.16929205306716	0.960675093878677	3.299025938386	0.000970209459990796	0.0103238251774619
"AEI49190.1"	196.638896952657	3.16262597027068	0.705941943194239	4.48000859101878	7.46400349027517e-06	0.000183945635311394
"ADY27459.1"	1590.29975286225	3.16205265407522	0.78421475629751	4.03212593066232	5.52745529432695e-05	0.000993876932690926
"ACL50157.1"	168.23303012227	3.16080524619908	0.672400000165124	4.70078115024223	2.59168157369265e-06	7.48779332684204e-05
"ARW16988.1"	231.308983551437	3.16024955146688	0.432288722752338	7.31050657844113	2.66137118935344e-13	4.57102747344411e-11
"ABU56463.1"	555.466252288046	-3.15645636001221	0.812442780373715	-3.88514297408154	0.000102269684483258	0.00166655534737676
"ACS89078.1"	175.119357777752	-3.15565523628031	0.684337963618078	-4.61125263253911	4.00249750680083e-06	0.000108160154633587
"AKM30777.1"	1264.14931138358	3.15310639751054	0.728105574618715	4.33056208800726	1.48729201400875e-05	0.000328377186310639
"ABQ66430.1"	553.376474938421	3.15207551901648	0.613140250709624	5.14087195444826	2.73466379121523e-07	1.10475681816539e-05
"ABV93606.1"	276.479622458543	3.14972964271227	0.670911093922782	4.6947049635086	2.6699178959687e-06	7.67423217818682e-05
"AFN74120.1"	284.363886898693	-3.14835232280136	0.51358447251727	-6.13015480660874	8.77936049807029e-10	6.69719282027182e-08
"AMO50139.1"	162.96994716747	-3.14605720543208	0.683211312183073	-4.60480842358925	4.12845738544917e-06	0.000111241860407156
"AGB21164.1"	164.191933839304	-3.14213050626403	0.60153200862302	-5.22354664626534	1.75528221252401e-07	7.50242455294995e-06
"AIQ37598.1"	55.8411289801038	-3.14191571467474	0.664476711864395	-4.72840606536702	2.26289273850738e-06	6.66161357594664e-05
"ADH62373.1"	490.351778381984	-3.13547758036673	0.644455749038761	-4.86531090000122	1.14277026800603e-06	3.73894838395914e-05
"ADZ82256.1"	325.897473767329	-3.13468729570788	0.714099042185281	-4.38970942478109	1.13502223529995e-05	0.000262178898510374
"ABQ07083.1"	149.230296421232	3.13357000966284	0.584907826314436	5.35737404884421	8.44401917009058e-08	3.92688971238963e-06
"ADB42249.1"	307.99210606012	-3.13123721121978	0.441036275340933	-7.09972713423458	1.2500344632979e-12	1.93347872013746e-10
"ADW69225.1"	560.455806467738	-3.12930437460941	0.826135926418632	-3.7878807524752	0.000151937737245558	0.00230550075443178
"AII40305.1"	56.4443198660158	3.12607517667875	0.772145653429068	4.04855633492978	5.15345305728167e-05	0.000942600102273037
"ADM98906.1"	744.384630046762	-3.12524322906893	0.449969785478029	-6.94545129457702	3.77252367510168e-12	5.25450610985804e-10
"ACT93328.1"	1623.62750665531	-3.12469160118346	0.542544163939809	-5.75933132980879	8.44477960301403e-09	5.18465021416624e-07
"ABJ82092.1"	946.12308506031	3.12308573612276	0.720063380361176	4.33723727841326	1.44284838491317e-05	0.00031957265335466
"AOZ94813.1"	268.621110046244	-3.12117371239603	0.874362845701922	-3.56965500963208	0.000357451657388667	0.00462868482897924
"ARU28369.1"	113.599342453634	3.120626678652	0.746968703352985	4.17772078621791	2.94444796156611e-05	0.000583801452776238
"AKT94824.1"	137.311182244674	3.11997556459764	0.606853911323876	5.1412300495704	2.72945605575896e-07	1.10424641238479e-05
"CCV64583.1"	109.935586298157	3.11949420611541	0.555719671843956	5.6134313110862	1.98353361190156e-08	1.10399616299793e-06
"ADL59581.1"	272.832739916612	3.11905022864189	0.709655924318242	4.39515844476085	1.10691984657467e-05	0.000257172846678045
"AEV67023.1"	51.3752753162154	3.11791574030544	0.60509338025074	5.15278441653656	2.56646948267613e-07	1.04738891599127e-05
"SDL02652.1"	79.4836851717562	-3.11684362732193	0.715238785587046	-4.35776651117112	1.31396449429801e-05	0.000294757612038198
"ADC84229.1"	195.36381734377	-3.11245828998747	0.612524938790778	-5.08135766052556	3.74746766124673e-07	1.44311010514805e-05
"AHF91279.1"	915.407164980244	3.11072111057477	0.539220919373858	5.76891770850978	7.97822486844099e-09	4.94155715524057e-07
"CCT69471.1"	48.9155869800134	3.10435609555623	0.79488885290104	3.90539643904493	9.40710386506442e-05	0.00155467107323697
"ANS30396.1"	157.09652781707	-3.10274329848554	0.615929495718776	-5.03749750588696	4.71657704851682e-07	1.7653113776775e-05
"AAK25284.1"	2846.49437513622	3.10267550033036	0.459926687546731	6.74602188640144	1.51953708301814e-11	1.84160000762666e-09
"ABA02174.1"	541.795407625864	-3.09987967263255	0.636147135140388	-4.87289732421488	1.09973385396334e-06	3.62213517359501e-05
"AEL05713.1"	898.931729661134	-3.09915596289247	0.831328519961489	-3.7279557821931	0.000193039236363286	0.00280744231752028
"AGT82061.1"	330.613541932415	3.09678706682661	0.422983589480294	7.32129364789665	2.4559175516817e-13	4.24418936894326e-11
"AEI65732.1"	1557.61215737064	-3.09544414381827	0.546774365519197	-5.66128249424962	1.5024585489926e-08	8.56676772659816e-07
"ABR42751.1"	162.426171422521	3.09497841175116	0.651711549649934	4.74900040272974	2.04424535571601e-06	6.12092973033427e-05
"AEY92037.1"	1092.63994582557	3.09309505518424	0.430466033786839	7.18545671995087	6.69828917872528e-13	1.07773163130801e-10
"APU38636.1"	419.282659387677	3.09105330412661	0.559895357381548	5.5207696641431	3.37517978193323e-08	1.73697671277579e-06
"AEK40441.1"	1104.86077962699	-3.09049333968247	0.398454656367206	-7.75619832846011	8.75131308596217e-15	1.92914772562675e-12
"AKH86024.1"	1873.08326135735	3.08918956232225	0.562441994790405	5.49245893965198	3.96375725957192e-08	1.98869799711425e-06
"AET13878.1"	248.530788330156	3.08911105344625	0.510466480098613	6.05154534897079	1.43462885744518e-09	1.04866499981815e-07
"ACO45757.1"	741.814775054441	3.08325885784554	0.51713539798081	5.96218876117228	2.48881399444553e-09	1.7550840450503e-07
"CDR49015.1"	261.15233207638	-3.08300554925008	0.516558918808949	-5.96835218015148	2.39661631300082e-09	1.69862456452585e-07
"AEA83387.1"	372.870342918879	3.08296261027372	0.609561155540976	5.05767564459982	4.24397477138566e-07	1.60995010433216e-05
"CCA74348.1"	255.933321093162	3.08163269531909	0.760562231478557	4.05178244169224	5.08289182831786e-05	0.000933189616406234
"ADP76980.1"	127.838438732959	3.08128514292141	0.781215110136934	3.94422112800829	8.00597585141802e-05	0.00135265721144417
"ADV19959.1"	94.1514325502659	3.08097848518755	0.764240599017198	4.03142477532552	5.54397414762882e-05	0.000996207318594458
"ADD69868.1"	143.743353771601	3.07994984469682	0.557862382719456	5.52098499576677	3.37104567966791e-08	1.73697671277579e-06
"AIQ11159.1"	1708.30329118308	3.07648822818378	0.722637569544205	4.25730457125864	2.06906391069782e-05	0.000433898975609709
"ACT96525.1"	221.805910491706	3.0748945329913	0.754600229744108	4.07486561995087	4.60409254132442e-05	0.000860455105386638
"AJA09151.1"	4082.22252477733	3.07410195226077	0.587741054409177	5.23036791321475	1.69173015652847e-07	7.25293682422219e-06
"ADW68878.1"	394.51744595611	3.07328599421799	0.673774211995776	4.56129952660945	5.08379996360681e-06	0.000132889791874893
"AIM25582.1"	140.38564032025	3.0695769858661	0.662290065581464	4.63479243520153	3.57295807003192e-06	9.84532816226513e-05
"ABF07062.1"	898.719940604905	3.06914768249116	0.597320418517208	5.13819314951602	2.77392689508799e-07	1.11900370828362e-05
"ADN02583.1"	851.206565485536	3.06856281096302	0.607689287212282	5.049558837938	4.42831532050883e-07	1.67533940152656e-05
"ABD41975.1"	58.8397461847512	3.0665933387743	0.836466509753109	3.66612805535925	0.000246250649516557	0.00344357301891385
"ADN14620.1"	175.745563269135	3.06653482466658	0.922017504874939	3.32589653499314	0.000881346374889498	0.00955217379706871
"ABX05645.1"	141.844580495521	3.06451261235193	0.701943454844823	4.36575423732585	1.26684855383001e-05	0.000285331392703338
"AIR65645.1"	99.4647977889685	3.06274475824668	0.752919797168186	4.06782338539377	4.74543260649933e-05	0.000878801545710469
"ABV40475.1"	428.33929798383	3.06134135106678	0.7456430121356	4.10563942964982	4.0319799302533e-05	0.000766843139452252
"AMS19567.1"	139.959115546663	3.05850021149556	0.750719006226037	4.07409454953198	4.61937132141028e-05	0.000862159463428015
"AAT05029.1"	86.1931877239446	3.05790580633275	0.705166476951469	4.33643105037054	1.44814824628966e-05	0.000320492951012847
"ADK85451.1"	905.276852556708	-3.05697744704594	0.743280328870827	-4.11281898404338	3.90856856447424e-05	0.000746923450723691
"AMY53372.1"	340.728181546371	3.05441305079835	0.636858419104921	4.79606292257423	1.61814470174463e-06	4.98916069053334e-05
"AAZ36583.1"	72.3670348911318	3.04878535409556	0.473696821764004	6.4361532820553	1.22539289084062e-10	1.17486641684843e-08
"ABR07374.1"	159.109814480592	-3.04771822088444	0.460619154763183	-6.61656856726108	3.67632395596645e-11	4.00476130238275e-09
"ACT23978.1"	166.4120476262	-3.0469715793965	0.472064432589213	-6.45456715026008	1.08528647938631e-10	1.05133841788578e-08
"BAL54944.1"	727.186219921481	3.04649423089449	0.581741496838265	5.23685218856146	1.63338399820789e-07	7.05682382929445e-06
"AGF66193.1"	1090.66740896124	3.04483378102095	0.444775734387203	6.84577315175707	7.60639315309475e-12	9.81329874258251e-10
"AFZ65995.1"	446.940332934155	-3.04383761413997	0.611607830073307	-4.97677999605586	6.46507318862927e-07	2.3204639613957e-05
"AEG56685.1"	134.321242396939	3.03885928421063	0.689992811180648	4.40418977555844	1.06179964419117e-05	0.000248338703749173
"AID55365.1"	167.93880555944	3.03863094365535	0.658283854361283	4.61598886790814	3.91227918360392e-06	0.000106234886541392
"ACF53147.1"	405.94326964136	3.03800278605294	0.545825189977653	5.56588966913989	2.60818237527423e-08	1.40151005332394e-06
"AEI09999.1"	88.9133337601095	-3.03483330687058	0.589763263706909	-5.14585002767954	2.6631212429406e-07	1.07896877449154e-05
"ADV44410.1"	55.97432614572	-3.03321761773306	0.70739505132591	-4.28786943313744	1.80395072587729e-05	0.000387890971748545
"ABO90571.1"	720.060011523461	-3.0312343847979	0.569306438777521	-5.32443369392925	1.01268032283066e-07	4.62495894257212e-06
"ABZ71531.1"	1358.27688779713	3.02742635468044	0.546482060878755	5.53984580905049	3.02738079820473e-08	1.59014170406266e-06
"AKC83656.1"	1321.07180122406	3.0269361257151	0.532258078437193	5.68697075411751	1.29312591233598e-08	7.55790251393699e-07
"AGB28354.1"	842.974004511365	-3.02627054821135	0.536054666048234	-5.64545136883305	1.64748437133847e-08	9.29898638306287e-07
"ACL56723.1"	2882.71110159627	-3.02534776972256	0.577280937314596	-5.24068538239964	1.59981276148412e-07	6.93318236385596e-06
"ACF13239.1"	987.337183388498	3.02489771631499	0.749118849845949	4.0379409981968	5.39224105028464e-05	0.000976463004164093
"BAH30925.1"	159.716276775379	3.02461038274407	0.691536349567907	4.37375473412777	1.22127585271018e-05	0.000277073247751007
"ABM02010.1"	205.257102442046	3.02229215614775	0.800318584631703	3.77636133182959	0.000159136088876443	0.00239396772927721
"CQR60962.1"	966.915215696793	3.02184959407856	0.635010480264703	4.75873971846718	1.94805441755945e-06	5.87826173493701e-05
"ACV57659.1"	264.675523366722	3.02172084306254	0.516052600169638	5.85545125064621	4.75716552149558e-09	3.0848568284342e-07
"ARK10563.1"	52.5488598380913	3.01771161843451	0.786793595456651	3.8354552399261	0.000125331930897562	0.00197233993108947
"AGL03912.1"	68.0830466966811	3.01490174006911	0.854701442713665	3.52743260909545	0.000419610562038917	0.00525611512073446
"ADB66082.1"	179.32802679596	3.01405575028815	0.842329421830419	3.57823871774356	0.000345917440744644	0.00451482735248813
"AME07261.1"	92.6022908473658	3.01230486894676	0.61969270227585	4.86096553644077	1.1681459113155e-06	3.8071493519428e-05
"ABE96866.1"	217.955145468703	3.01152845595316	0.602646376725838	4.99717342086203	5.8176746505369e-07	2.12036026316596e-05
"AFU98456.1"	24134.3355742013	3.01104362491277	0.556758987521459	5.4081634825818	6.36742906347365e-08	3.0316759194049e-06
"ACK54356.1"	1023.960582481	3.01043302746615	0.698093322470927	4.31236473772677	1.61517695363296e-05	0.000351621259672694
"ACA89262.1"	111.971425717948	3.00894260390291	0.701808700422244	4.28741137306017	1.80767342591188e-05	0.000388393133014803
"ADJ19283.1"	177.66973155877	-3.00760729968038	0.526743585044406	-5.70981286734955	1.13100462117527e-08	6.73693731370697e-07
"ABX61078.1"	55.6397256629117	3.00568230015363	0.631756835516233	4.75765695150345	1.95852965709781e-06	5.89580605162475e-05
"AGJ78346.1"	480.052133587697	3.00557198440377	0.612472550773497	4.90727622096371	9.23499292045747e-07	3.11122577378011e-05
"ACP25891.1"	971.319797779516	3.00414890066859	0.711546117198986	4.22200167783147	2.4214230703827e-05	0.000496421900557036
"ADY36266.1"	213.104482838918	-3.00097849740363	0.575718576337038	-5.21257888966708	1.8623332791202e-07	7.84434911085942e-06
"ABG84962.1"	289.073399440422	2.99975668678265	0.740358063444773	4.05176472695556	5.08327677175135e-05	0.000933189616406234
"AAK16178.1"	1729.0009501305	-2.99886837312592	0.353162521799172	-8.49146834111478	2.04042515155145e-17	6.31067778553842e-15
"ACC76593.1"	105.828476533558	2.99634875059109	0.792442631062853	3.78115542139912	0.00015610217641537	0.00235973894758353
"AIY26193.1"	145.863863332378	2.99569562744417	0.916332140526777	3.26922465659888	0.00107842639978307	0.0112320035298835
"AER38243.1"	52.7212364870553	2.99551994449675	0.464225673233809	6.45272357220117	1.09857637994411e-10	1.06054290803156e-08
"AGX07000.1"	79.2944093217705	2.99430752757473	0.9393775206103	3.18754437047777	0.00143486441201292	0.0141196710294249
"AAW47079.1"	63.8214112808428	-2.99398119971685	0.799834015139342	-3.74325315383749	0.000181653050087479	0.00267075687883004
"ABR41585.1"	543.877169037283	-2.99203688405314	0.913157504239194	-3.27658357968156	0.00105071209332069	0.0110088831454364
"ARU26673.1"	346.276912823555	2.99153601415105	0.83475514420848	3.58372875555938	0.000338723841352466	0.00443541284495025
"SMY19941.1"	219.587036667622	2.99083038861614	0.533387820036436	5.60723412921546	2.05585473133409e-08	1.13522108596507e-06
"AEA21271.1"	381.173227331063	-2.98641589471532	0.643897752541289	-4.63802813867381	3.51748906853248e-06	9.72118696570931e-05
"ACQ73746.2"	89.1321616863034	2.98248723049858	0.656483191453367	4.54312809425593	5.54255480814959e-06	0.000142881551021138
"ADU32412.1"	218.504246481664	-2.98001692011225	0.573276075469049	-5.19822306848237	2.01202593280916e-07	8.40726537536199e-06
"CCK27241.1"	1063.51007240758	2.97732675009249	0.474488402574599	6.27481458753757	3.50051185089074e-10	2.96525056083627e-08
"ABR38886.1"	174.559262547967	2.97448575900124	0.821745203113665	3.61971782461358	0.000294924453438931	0.00397721820735854
"ABN67457.1"	218.817840037091	2.97350052708428	0.552598246342818	5.38094455920441	7.4096013828301e-08	3.47469347259148e-06
"ACS44814.1"	117.175804506799	2.97298077432305	0.67048388516559	4.43408236961402	9.24652719650869e-06	0.000221063856014908
"ACO53432.1"	76.6524449087727	2.97180779764645	0.489813290416658	6.06722572823309	1.30138592710466e-09	9.58778958295317e-08
"AAX08953.1"	191.864052556151	-2.97152735807865	0.643629366260341	-4.61682998608969	3.89646228814783e-06	0.000105908114775715
"SCE74500.1"	1523.1866684886	-2.9695052432507	0.498203662835897	-5.96042435004903	2.51583752619700e-09	1.76968310008571e-07
"AEB99159.1"	625.999457869381	2.96850793579386	0.593298540722228	5.00339665791233	5.63288687799384e-07	2.05872455660986e-05
"ABM18739.1"	193.054484522998	-2.96782238462938	0.67638524578447	-4.38776925299028	1.1451917755773e-05	0.00026364642852824
"ACE84847.1"	527.107355802444	-2.96682254075545	0.716821294395277	-4.13885938371615	3.490367872801e-05	0.000680950097330571
"ACO32413.1"	226.06215204723	2.96560649992744	0.503261493470477	5.89277450868872	3.79764477687559e-09	2.51344830197185e-07
"ACY30855.1"	354.887561185544	-2.96500305310312	0.881082264294059	-3.36518299511878	0.000764929087248635	0.00860038342434248
"ABX43741.1"	249.083140996613	2.96174616892986	0.822918130491038	3.59907754998979	0.000319347954547899	0.00423518016841449
"AAT75704.1"	145.021484674243	2.95743939226567	0.637106188132891	4.64198817615125	3.45072612037133e-06	9.55554188584726e-05
"ABV09481.1"	54.5222416375913	2.95590834076857	0.682652631754486	4.33003287949185	1.49087079921443e-05	0.000328907950313689
"ABC20431.1"	111.687982712953	2.95455742125254	0.697369265227086	4.23671872073462	2.26809975484663e-05	0.000469657697756555
"AEW98041.1"	2294.73966178047	2.95009502692561	0.699472960240478	4.21759695458617	2.46919661346605e-05	0.000503445797326051
"ACB79485.1"	1833.7332367967	2.94832652210187	0.722104559910005	4.08296344572221	4.44650193718115e-05	0.000834904548848582
"AIV36273.1"	1424.05923970444	2.94364183746975	0.742896314494643	3.96238584044151	7.42044912254099e-05	0.0012713763380334
"ABQ74844.1"	165.33298611168	-2.94006184715966	0.468567304388931	-6.27457746116934	3.50585060593229e-10	2.96525056083627e-08
"AFE07636.1"	844.387336260897	2.93795041398906	0.63286795521598	4.64228025731911	3.4458502886857e-06	9.55148759228166e-05
"ANQ71446.1"	162.544736245967	2.9376088356619	0.656142645881377	4.47708871554279	7.5667811411504e-06	0.000186314516119302
"ACM25985.1"	1075.78179939847	2.93566703230391	0.577854837395135	5.08028460147079	3.76869834124893e-07	1.44929229068139e-05
"SCG76455.1"	1483.5677968544	2.9347735418732	0.451900634893248	6.49428948593196	8.34261946270221e-11	8.28226859850394e-09
"ADO09205.1"	1128.96410791474	2.93456288044882	0.386116451709929	7.60020161651495	2.95669741404303e-14	5.99823918866295e-12
"ACC84763.1"	1027.59163957229	2.93418662665605	1.06482031601793	2.75556972619466	0.0058590015082885	0.0410893302169451
"ABM17898.1"	67.2280904885336	2.93402352337337	0.621106474486912	4.7238656235183	2.31403349966655e-06	6.80500859838916e-05
"AAR33451.2"	124.917488494565	-2.93330946319396	0.749772245326099	-3.91226733381971	9.14336138233674e-05	0.00151825353060438
"BAD41153.1"	385.264707216942	2.93327631509167	0.342246467536146	8.5706547571068	1.02898301584149e-17	3.34969866412773e-15
"ADJ64426.1"	1408.09804815625	2.93134833999484	0.694455252417163	4.22107591495897	2.43139029980527e-05	0.000497218428293268
"ABJ83974.1"	387.442464598723	2.92934035871632	0.486390086402848	6.02261526418142	1.71621065396679e-09	1.23197521713985e-07
"AKH18093.1"	1194.11923075086	2.92923300382671	0.591624642201585	4.95116801241797	7.37693800470985e-07	2.57833653408061e-05
"ABK43145.1"	89.4942537015864	-2.92704802851925	0.712197446918421	-4.10988278767942	3.95860001217236e-05	0.000754938460087039
"AGS35867.1"	530.734210083653	2.92563297173382	0.443623615401332	6.59485399371062	4.25674572398064e-11	4.5485440186474e-09
"ABF39965.1"	270.124685096674	2.92263119132356	0.633498987440322	4.61347413218853	3.9599356754364e-06	0.000107320773639417
"AEB03072.1"	159.706173980805	-2.91870894563593	0.476204564392611	-6.12910745481551	8.83734276528986e-10	6.72310456676779e-08
"ABO67245.1"	47.1117057339172	2.91806169632716	0.722981664182995	4.03614896599725	5.43357236128923e-05	0.000980916430574576
"AIJ17795.1"	820.146144695397	2.91543538680306	0.528288176337366	5.51864591597684	3.41621745153971e-08	1.75165611306421e-06
"AAK47445.1"	164.711863956775	-2.91454614635276	0.511950364270888	-5.69302485115645	1.24808212584857e-08	7.32522163422569e-07
"AEV69543.1"	75.5046736575719	2.91366394942189	0.680402309539109	4.28226640117602	1.84999305485034e-05	0.000395663908048817
"ABG58512.1"	253.448243296124	2.91155295704103	0.66739395728334	4.36257015105838	1.28543348812884e-05	0.000288820192083909
"ABM45088.1"	359.992787942734	-2.91080673181441	0.951998130308758	-3.05757610140511	0.00223134975312321	0.0198676434951346
"AKA83749.1"	140.729152694961	2.9043108315817	0.746617324238414	3.88995906911783	0.000100261131539502	0.00163572881036125
"ABG85709.1"	51.2159839206141	2.90402086494178	0.600994516283977	4.83202556139397	1.35150897300896e-06	4.30943567293381e-05
"ACR11078.1"	191.538180886003	-2.90347940492627	0.467662133349905	-6.20849796866894	5.34934141445205e-10	4.32832838841039e-08
"CCH03276.1"	356.705423396907	-2.90312615652515	0.754073336944317	-3.84992548375905	0.00011815376568576	0.00188265954703389
"ACD22852.1"	45.3831974141498	2.90234298430797	0.672691454496419	4.31452334485308	1.5994763219431e-05	0.000348745631690959
"ADX58138.1"	840.150463986464	2.90228649861065	0.726940172388902	3.99246954405207	6.53887333833535e-05	0.00114700687957416
"ADJ43338.1"	241.9158883982	2.90220356120128	0.488517713717952	5.94083587903812	2.83572406096673e-09	1.95058798060994e-07
"AFE09577.1"	575.04518396013	-2.90002750119782	0.242018312075774	-11.9826779896302	4.37944262934264e-33	1.36229862056752e-29
"ADK97265.1"	86.0741621349495	2.89398139230171	0.69861807712177	4.14243702972102	3.43634735247868e-05	0.000671346688625213
"ACF88424.1"	439.329913068501	2.89329758683324	0.40642407121852	7.11891295748971	1.0878157739638e-12	1.6919161337717e-10
"ABQ79734.1"	156.938956973382	2.89164488038822	0.65650193543919	4.40462506550533	1.0596699274847e-05	0.000248047820149346
"ABE62638.1"	1640.23365650366	-2.89028008869466	0.473924478915398	-6.09860899211034	1.06995432759281e-09	8.05226918152909e-08
"ACU06152.1"	854.671770899567	2.88977227860018	0.790771208462916	3.65437214667598	0.000257812094961505	0.00357843699084893
"ABP69216.1"	1074.17307899423	2.88361798484214	0.660328827129887	4.36694244801603	1.25997909861398e-05	0.000284241537830757
"AEL06905.1"	743.576361474054	2.8830479757161	0.603401185002139	4.77799521674105	1.77051591765218e-06	5.39949494886607e-05
"AKZ28223.1"	63.0821584337433	2.88191338815617	0.47359299068486	6.08521123589404	1.16337824410159e-09	8.7085393908738e-08
"ACL24959.1"	165.68004363536	2.88150966323104	0.770420780898176	3.74017645249873	0.00018389111642078	0.00269705066659374
"ACF85167.1"	107.173030334766	2.88141062299019	0.565445569137662	5.09582315303048	3.47229159013296e-07	1.34640270578064e-05
"ABR16583.1"	51.7320792469426	2.88083346859278	0.615920795734216	4.67727910560098	2.90706458270671e-06	8.23746761715154e-05
"ACU52526.1"	61.9579826475983	2.87557983054332	0.745527065885049	3.85710990536552	0.000114735581682338	0.00183550705415928
"ADX56344.1"	707.607199977814	2.87543889325669	0.38563991723036	7.45627919927973	8.90000470912009e-14	1.68354413403058e-11
"AAM22493.1"	119.846713444845	2.87495572360578	0.54711257733233	5.25477907604281	1.48202261837513e-07	6.4627266704097e-06
"ACX75579.1"	206.238880916207	-2.87346915492226	0.379927964432968	-7.56319466825991	3.93288329735433e-14	7.80886530444907e-12
"ARE32110.1"	157.907213285247	2.86876525720948	0.646881254631137	4.43476331501567	9.21734982548581e-06	0.00022055463736265
"ADQ05306.1"	142.291338728249	2.86828810003389	0.638750403497763	4.49046777008249	7.10669284930158e-06	0.000176910000908334
"XP_001390806.1"	110.162419138219	2.8681231487575	0.847801760344901	3.38301155165176	0.000716956165576949	0.00813945856102687
"ACV54571.1"	2716.6061666885	2.86793984881335	0.430244002880238	6.66584503122444	2.63146813580157e-11	2.98261465303242e-09
"ACB93939.1"	670.760985337483	2.86629439517642	0.642424428763354	4.46168337759811	8.13183162957801e-06	0.000197620449914641
"ABR18059.1"	50.8775183278718	2.86531362310723	0.594837498924924	4.81696871546573	1.45755530179176e-06	4.58999608865948e-05
"ABS04695.1"	6340.30628416825	2.86519900571712	0.513817209633889	5.57630019391266	2.4568780887082e-08	1.32785248979681e-06
"ABK51954.1"	319.801589413356	-2.86058675011209	0.503116936296173	-5.68572938762716	1.30255515347347e-08	7.59715293263401e-07
"DAA04516.1"	200.845691265851	2.8602859410955	0.623211166125716	4.58959353837783	4.44109952432532e-06	0.000118187283538984
"AEI68823.1"	750.254210515787	-2.85756782730069	0.424911468097219	-6.72508991131038	1.75484048883367e-11	2.09057507767606e-09
"CCB65334.1"	354.24977607502	2.85644131257391	0.814520574373384	3.50689890770578	0.000453361347536057	0.00559625409418847
"ACB76939.1"	390.160459694656	-2.84830457850506	0.55876382646811	-5.09751068981846	3.44148987570284e-07	1.33816598000246e-05
"ACV69560.1"	92.8121615189681	2.84568022944286	0.636854816280054	4.46833431529155	7.88310362239516e-06	0.000192747047172554
"AFG36805.1"	339.059997177165	2.84387625961755	0.523047528049849	5.43712780790834	5.41462995665857e-08	2.61809983189315e-06
"ADI82954.1"	128.960354611531	-2.84363757377414	0.748728478651874	-3.79795567399047	0.000145894404904752	0.00223072624779543
"ADO68467.1"	764.083009201088	2.84294656258441	0.590294844724726	4.81614669006667	1.4635694924893e-06	4.59670520829403e-05
"ABN80102.1"	79.9431060940394	-2.84102331468565	0.882137830071268	-3.22061158453677	0.00127917384890089	0.0129147681366672
"ACR11434.1"	68.9634363063828	2.83935725387494	0.671385484020102	4.22910134558393	2.34626641224338e-05	0.000483697161098422
"AAD26909.1"	70.1038038693976	2.83805943091371	0.696998129523539	4.07183220542324	4.66447769652799e-05	0.000868262749946793
"ADY61807.1"	2102.4061693185	2.82914690029271	0.50414767898548	5.61174238863091	2.00299472292887e-08	1.11261587823644e-06
"ADH69383.1"	677.835882025199	-2.82854918344553	0.456096066784286	-6.20165221635931	5.58734428021245e-10	4.47483181162738e-08
"AGN89526.1"	40.8936392062507	2.82593944250575	0.628959644269825	4.49303777794274	7.0214322919362e-06	0.000175354164536169
"ADK67719.1"	731.271911133483	2.82316270841767	0.319500523427548	8.83617553464781	9.9051104192041e-19	3.79867768898682e-16
"EGX49222.1"	396.247116196443	2.82253272219782	0.915782273895834	3.08210019199265	0.00205545640920131	0.0187197650071568
"AAW60475.1"	73.3772896373302	-2.82232094228507	0.514330925651972	-5.48736387707479	4.07976178728087e-08	2.03595385020883e-06
"AQT61043.1"	98.560677808607	-2.82080885204829	0.775004109143632	-3.63973405917194	0.000272919763181759	0.0037289710541906
"CED94243.1"	103.218751090584	2.82005980857689	0.76748260412417	3.6744283107173	0.00023838256191104	0.00335028022252083
"SCF37519.1"	1599.26708969303	2.81930004338533	0.399197176370506	7.06242481226535	1.63621854984549e-12	2.46277282373519e-10
"ACB96331.1"	154.263193915872	-2.81922003728197	0.655300908819241	-4.3021762969348	1.69128653760201e-05	0.000367048510904697
"ADE53100.1"	95.1717062138066	-2.81595931851705	0.738641418592728	-3.81234960243911	0.000137651989220958	0.0021209163952834
"ADO52490.1"	2321.62985814211	2.81545105334466	0.416510455549696	6.75961675350725	1.38357228357109e-11	1.71391547127682e-09
"AIR96706.1"	1379.66139021097	2.81537087992424	0.34682912247001	8.1174581300268	4.76048962937656e-16	1.24555764171987e-13
"ACA98300.1"	159.015439978953	-2.81481587147018	0.591036373931052	-4.76250869764327	1.91200953889487e-06	5.78687773523251e-05
"AHD22791.1"	101.972471916849	-2.81478427643693	0.432743926325552	-6.50450325285298	7.79505299541704e-11	7.82187468314321e-09
"ACF78280.1"	112.012587363307	2.81293051414999	0.586071379668379	4.79963808459927	1.58952610616424e-06	4.91716827272642e-05
"ASF96171.1"	143.74856732678	2.81253285740252	0.724996850975502	3.87937251536774	0.000104726270109135	0.00169769349043158
"AEJ47977.1"	162.637766325637	-2.81199683384574	0.479991366571012	-5.85843210875695	4.67257560151992e-09	3.04217271023608e-07
"ADD02972.1"	85.1371413066214	2.80995268554368	0.705179222774526	3.98473550381693	6.75553297297725e-05	0.00118057366486561
"ADC56616.1"	240.204988771347	2.80870584791109	0.800148190557351	3.51023208082825	0.000447715739025999	0.00554367528959392
"ADB37303.1"	94.1014593238843	2.80857187481504	0.779936737913236	3.6010252348537	0.000316964806743415	0.00421155516354469
"ACK49668.1"	417.22467500316	-2.80681158032337	0.3510220426888	-7.99611203565285	1.28409546911211e-15	3.12604667419676e-13
"ACE94861.1"	162.330273717857	2.80629137419699	0.674709045116535	4.15926152837078	3.19278165103916e-05	0.000629472641566847
"AAZ03639.1"	128.469248355201	-2.80604760283942	0.526475052436239	-5.3298776264033	9.82789662333835e-08	4.51052121093411e-06
"AEH83753.1"	129.860513576644	2.80582865339506	0.635897258505275	4.41239306486455	1.02234292390507e-05	0.000240516911744927
"ACF42340.2"	251.056928183856	-2.80492586174939	0.426916151580798	-6.5702031918053	5.02466472332441e-11	5.30832126770529e-09
"ALQ07772.1"	181.64323491323	-2.79922374507499	0.685318012354723	-4.084561757624	4.41600807880834e-05	0.000830850552246764
"AEB09197.1"	136.808391648171	-2.79842576531864	0.757051355241911	-3.69648075515883	0.00021860882251389	0.00311282110937693
"ADG11906.1"	622.622460019742	-2.79837430651398	0.323447351839011	-8.65171500277672	5.07312067211813e-18	1.75342081897061e-15
"AGG71756.1"	138.752690581355	2.79617015872033	0.728308800936694	3.83926454702196	0.000123403408607442	0.00194856279039704
"ACO53524.1"	1569.536146792	-2.79581765238289	0.887420983110089	-3.15049757172133	0.00162992611585193	0.0156053202155556
"AAV31355.1"	188.6342685674	-2.7953993020163	0.647141642695051	-4.31960967675443	1.56305412417983e-05	0.000342672382619722
"AAV96640.1"	115.039984532329	2.79509916862816	0.721125551087627	3.87602292612221	0.000106177684331045	0.00171923102980448
"CCH00413.1"	271.142771014339	2.79431632518101	0.587942425100389	4.75270401639055	2.00714071000414e-06	6.02917503404248e-05
"ABV41073.1"	446.134847814902	2.79316587261697	0.544003077873515	5.13446703929568	2.82944673403461e-07	1.13648767239646e-05
"ABQ05073.1"	51.2063082963913	2.79304335352857	0.604968358357885	4.61684204626826	3.89623594757985e-06	0.000105908114775715
"ADL50891.1"	79.5631406170337	2.79210676297113	0.565577160424793	4.9367388896575	7.94397149505623e-07	2.74228638687539e-05
"ALC25167.1"	356.821088752341	-2.79060719826334	0.468251194564957	-5.95963711498063	2.52798673226577e-09	1.77377234477475e-07
"ADB15271.1"	200.360096144905	2.78876852377312	0.6352267107879	4.39019404633361	1.13249554775493e-05	0.000261811274607325
"AOE77056.1"	161.743406024958	2.7866343419898	0.583131712240697	4.77873914845429	1.763978663576e-06	5.38542493625666e-05
"ABY89704.1"	52.6190601450404	2.7842824902309	0.608582785624248	4.57502669480694	4.76159269204646e-06	0.000125641422249324
"ACL93333.1"	53.5937971740745	-2.78398406058167	0.684853568656714	-4.06507929285122	4.80161346904252e-05	0.000888473038197715
"AAZ21551.1"	541.199978917171	-2.78301605913983	0.816242594047364	-3.40954524970347	0.000650712821535688	0.00754341869636155
"CDI55378.1"	129.332098592915	2.7820287962372	0.555415063500976	5.0089185170836	5.47367393316791e-07	2.0057719297509e-05
"ABX42184.1"	747.427711524101	-2.78061596373245	0.569330454213867	-4.88401058322434	1.03949491685026e-06	3.45625887080045e-05
"BAB04213.1"	125.274752447097	2.77954082052872	0.687068535804929	4.04550736306441	5.2209924562574e-05	0.000951607453160041
"AEB51572.1"	956.065385363686	-2.7765518118462	0.415944962560849	-6.67528654452696	2.46749566858099e-11	2.80813043648754e-09
"SEB07332.1"	2181.11209120747	2.77647066662524	0.514893284218468	5.39232254862192	6.95527732810908e-08	3.27260410214692e-06
"ACO34216.1"	1054.26269232176	2.7755007949353	0.658796368519733	4.21298739270777	2.52015134995644e-05	0.000510891797200438
"AEV88403.1"	1082.05139294377	2.77480450259823	0.579660731981034	4.78694579347323	1.69338546975489e-06	5.18687304280722e-05
"ABU57255.1"	488.424051810334	2.77429678150267	0.603753067070512	4.59508519760225	4.32572489837433e-06	0.000115666661179453
"ADK98562.1"	291.845815471406	2.77404496006341	0.82314155266516	3.37007037377913	0.000751489890415546	0.00846287649721385
"ADX05715.1"	142.855646402602	2.77399464145855	0.78175256675171	3.54843048739179	0.000387534273801734	0.00494278338467123
"AKI02378.1"	161.88666306224	2.77027022750913	0.565144014059343	4.90188369440685	9.49220320438368e-07	3.18637555047872e-05
"ACU62970.1"	106.448515015979	2.76986022957053	0.67008593527677	4.13358956478691	3.57141025898982e-05	0.000693378651946456
"ABH00212.1"	877.253180169581	2.76555187578344	0.75651533915923	3.65564547423057	0.000256535682147318	0.00356248658601008
"ACX67825.1"	99.4075147934913	-2.76379154358456	0.521949416047899	-5.29513293550831	1.18929860859756e-07	5.34439869121945e-06
"ABS24534.1"	3847.4836496621	2.76349572410782	0.489049071040909	5.65075344735018	1.59746081120782e-08	9.05314025720125e-07
"ABM33295.1"	213.339961893484	2.76306421314366	0.655432214943087	4.21563687311827	2.49074269000855e-05	0.000506029262332942
"ADB39125.1"	187.659900310687	2.76063063759273	0.780322414175303	3.53780769005636	0.000403463797027634	0.005094890600625
"AKL84826.1"	106.044257698189	-2.75868262128235	0.581033776228348	-4.74788684263715	2.05552978767751e-06	6.14158078290497e-05
"AEI49405.1"	111.430569480657	2.75739246025142	0.668303091161838	4.12596095501777	3.69189906069026e-05	0.000712816593814376
"ADP35390.1"	2278.64604960561	2.75687501460604	0.421878590449945	6.53475923408618	6.37119502526611e-11	6.55764617379963e-09
"AIQ50890.1"	156.682962244065	2.75612941484408	0.756816781222742	3.64173929969043	0.000270802237643629	0.00370827563999541
"ADP96206.1"	253.409433820096	2.75594536851508	0.542842092776876	5.07688221894733	3.83678542012778e-07	1.47345191525237e-05
"AEE54622.1"	183.30445588069	2.75217514844369	0.61022824520309	4.51007499255913	6.48047124176484e-06	0.000164187577270994
"AFP59701.1"	55.1345303786521	2.74945822526087	0.758221594673642	3.62619350935832	0.000287629844419317	0.00389986135872091
"ACN27802.1"	1114.95819297406	-2.74881012108996	0.765621892894749	-3.59029717749704	0.000330301163107118	0.00434749006222232
"AEI77617.1"	688.719004334312	-2.74822477191349	0.397771199038854	-6.90905922438351	4.87878262764471e-12	6.53523437528905e-10
"AKD95553.1"	159.786058057581	2.7480015101184	0.658338942572021	4.17414394382081	2.99108605747045e-05	0.000592209655339057
"AAM41677.1"	1152.27930185449	2.74616913846658	0.38782318994714	7.08098228690473	1.43136199599675e-12	2.17784839347418e-10
"AEK40040.1"	235.009165957745	2.74327257852427	0.507490881984362	5.40556032809434	6.4606100324725e-08	3.06584092524544e-06
"AET61195.1"	115.657420559643	-2.74054040649791	0.686920063404348	-3.98960600002844	6.61831381266566e-05	0.00116021486223787
"ABG62057.1"	213.170700384995	2.73970857664276	0.843185134998307	3.24923728244837	0.00115714910500251	0.0118752002725991
"ADY36941.1"	365.705517544356	-2.7392051638837	0.562363232498429	-4.87088238630777	1.11100962254602e-06	3.6506837315491e-05
"AHZ86446.1"	188.013285140597	2.73544787785456	0.595142829034278	4.59628805793273	4.30084015357092e-06	0.000115221359750595
"ABO94678.1"	46.5642968124736	2.73544662531636	0.736733954734202	3.71293681761044	0.000204868045291201	0.00294429455645404
"AAY48779.1"	1160.11107054654	2.73521690034404	0.38577317826372	7.09022050899094	1.33898475853315e-12	2.05968226922495e-10
"BAZ26532.1"	75.8784111534226	2.7333548335419	0.928398094888601	2.9441624757641	0.0032382994820192	0.0260740386248517
"ADY53037.1"	621.568721010348	2.72857218123627	0.948950426588751	2.87535797949408	0.00403569654469244	0.0310138238993164
"ABL63814.1"	309.280047894203	2.72835157923596	0.519894985085165	5.24788978064297	1.53851292344862e-07	6.69863262906182e-06
"AEI52017.1"	161.241121691672	2.72834790310429	0.939884446310285	2.90285461560195	0.00369778254334983	0.0289656183781818
"ADV46072.1"	216.779999600234	-2.72632434666425	0.607778347202688	-4.4857214134268	7.26676392595173e-06	0.000179876501212153
"AFK36090.1"	456.44720603363	-2.72426078126427	0.917803452395711	-2.96823984934163	0.00299510517548678	0.0245730252118743
"AEI46644.1"	117.042760628957	2.72225349980329	0.73916346570643	3.68288426863954	0.000230609870512645	0.00325247049615718
"ADX07316.1"	359.798036922688	2.72154591328864	0.711750236895217	3.82373727778514	0.000131443974879125	0.00204439195595333
"ACI09621.1"	246.731016177582	2.7188223843509	0.711349805617885	3.82206104911958	0.000132340914206517	0.00205605784357694
"ALS64372.1"	63.4117145524165	-2.71665806262323	0.561569157424753	-4.83761977791176	1.31403200499568e-06	4.20911212950331e-05
"ABG84247.1"	64.6086059636416	2.71563471283869	0.626090985459398	4.33744419885886	1.44149114803991e-05	0.000319524831199725
"AMY22644.1"	350.516358658722	2.71295215033914	0.581071144061471	4.66888121715461	3.02844403861049e-06	8.57273198229921e-05
"ACO53434.1"	80.1561942611872	2.71160277405496	0.550728048958315	4.92366927594095	8.49363374383743e-07	2.89631876117506e-05
"AHV98939.1"	487.559979754864	2.71098457664192	0.355806523115829	7.619266091306	2.55122064707531e-14	5.25176273790591e-12
"SDU67740.1"	150.63270834468	2.70744897132108	0.705118029989753	3.83971031255636	0.000123179570001157	0.00194612598293024
"AJI78237.1"	76.1452438214801	-2.70483885805455	0.630305174841813	-4.29131627982173	1.77617120479544e-05	0.00038339004664189
"ABE33280.1"	251.122591446453	2.70141035722947	0.67497214597233	4.00225457205786	6.27417373246733e-05	0.00110681643235133
"ABQ29348.1"	691.977262009278	-2.69772398418144	0.382480888780895	-7.05322556842006	1.748171081436e-12	2.61720842758728e-10
"AEI49779.1"	68.4406461955522	2.69763293553655	0.67238892574794	4.01201273881155	6.02032505398194e-05	0.0010667406342486
"AEB51612.1"	182.559606290655	2.69608960436707	0.560785442635444	4.80770255322007	1.52674698326567e-06	4.77040273923055e-05
"AEL05761.1"	516.649878962133	-2.69496016764242	0.358414039629372	-7.51912556335467	5.51438068315298e-14	1.06469380417621e-11
"BAA81753.1"	106.566632592118	-2.69372979986065	0.465294353869267	-5.78930257257645	7.06792777803668e-09	4.43663018102948e-07
"AEN72146.1"	409.307662374786	2.69105305894332	0.579512781294747	4.64364746698247	3.42311459691012e-06	9.51673448412073e-05
"APY85400.1"	4475.94469324667	2.68694345620524	0.78959641603552	3.40293269021672	0.000666667020874527	0.00769649893459928
"AFN73994.1"	717.91177837641	-2.68661514559094	0.612422679713856	-4.38686422724615	1.14996522291856e-05	0.000264105220515406
"AGM05993.1"	173.190634473415	2.68424346666142	0.516151481137882	5.20049552263974	1.98757907404441e-07	8.32997960433343e-06
"ABB36195.1"	268.645110263349	2.68342458436722	0.473816805112026	5.66342213998249	1.48383515177932e-08	8.47784671616608e-07
"ABG87119.1"	238.534674454432	2.68292228330729	0.756306611966768	3.54740027504238	0.000389053008583922	0.00495312779823351
"ABJ06717.1"	1378.30175664547	-2.68197779493161	0.532223379531252	-5.03919575516154	4.67492141050443e-07	1.75676644038231e-05
"API76751.1"	58.7147563095816	2.68037005160493	0.492553313628148	5.44178666033393	5.27488250158271e-08	2.5638126825401e-06
"ADU56336.1"	451.654448335762	2.6795500688661	0.762041725321692	3.51627736359836	0.000437643529620442	0.00544061645437562
"AAZ67432.1"	101.619533399936	2.67889399256162	0.727040794523154	3.6846543037776	0.00022901325371562	0.00323158016684601
"AEB47949.1"	2500.86052894829	-2.67843315644867	0.464804088741273	-5.762499128831	8.28774709597251e-09	5.09942346590871e-07
"AHD09250.1"	314.849728956919	2.67716963193842	0.561157356877884	4.77080020269788	1.83495483539393e-06	5.57778453547107e-05
"AEI49030.1"	69.8994330557743	2.67709635097562	0.778280656843627	3.43975701751702	0.00058223665849572	0.00688357157569518
"ACD19353.1"	672.81015485397	2.67708344068636	0.404093672770006	6.62490808711587	3.47464311813364e-11	3.79984799747146e-09
"ACU20569.1"	499.615137182592	2.67563950000536	0.742031304807434	3.60583102447372	0.000311155567178509	0.00415408262218863
"ACO85337.1"	476.960306057885	2.67531651674599	0.725337988690438	3.68837226018748	0.000225693285351523	0.00319439293058708
"AJK91787.1"	324.879628102818	-2.67472730280574	0.895100167164128	-2.9881876921997	0.00280637152254472	0.0233414073515039
"BAL92354.1"	1502.29090485547	2.67391876130766	0.37018375286969	7.22322019964209	5.07707019155246e-13	8.31214368904695e-11
"AFS41012.1"	77.8125772560472	2.67072361952084	0.69799015706149	3.82630556104756	0.000130080807526816	0.00202769615118082
"AEH10787.1"	194.153985677318	2.66906512175795	0.550319588276825	4.85002747242815	1.23444375736991e-06	3.99994067492222e-05
"ABE32468.1"	377.510281859891	2.66817380793369	0.783450850647718	3.4056684037394	0.000660022926414107	0.00762608413037117
"ADG79625.1"	235.286492954058	2.66758199319023	0.577661185470179	4.61790070076976	3.87641657807464e-06	0.000105671040428216
"AEN11036.1"	965.325971543485	2.66711440597893	0.650743727518952	4.09856337170957	4.15722421971406e-05	0.000788520658909992
"SMS15441.1"	171.640172567994	2.66600709591662	0.718539369529007	3.7103145756149	0.000207001867010134	0.00296734473569673
"ADE53148.1"	184.007692116607	2.66531578764376	0.54536729223708	4.88719405359041	1.02283266542375e-06	3.40490170049979e-05
"AGK56146.1"	57.6187635705314	2.66507920324663	0.707561194650248	3.76657061381665	0.000165505288070235	0.00247251122989024
"ACK82434.1"	1759.48797405248	2.66329381420909	0.804087742611887	3.31219302704207	0.000925676524331801	0.00993943486168376
"AFI27572.1"	182.810708173506	-2.66320829699681	0.736494072085915	-3.61606209463983	0.000299118653238104	0.00401444190606613
"ADO41411.1"	445.216588927607	-2.65931396662544	0.439931051087291	-6.04484261807148	1.49555917629387e-09	1.09035611196675e-07
"AQU67257.1"	1515.68097982207	-2.6588029490944	0.479296388786992	-5.54730436384744	2.90107478942688e-08	1.53822897357566e-06
"AAR01247.1"	33.9850092676305	2.65700125464689	0.555574570214225	4.78243857277767	1.73181317934151e-06	5.29878052118525e-05
"AGP53021.1"	1666.68646274114	-2.65658936923519	0.769140446807643	-3.45397174243209	0.000552395252350006	0.00658749174926305
"ALE67116.1"	371.152982096285	-2.65576057739407	0.5744288463296	-4.62330642752964	3.7767117365169e-06	0.000103456772774488
"ABG05606.1"	721.133587765233	2.65361060190457	0.504895279717134	5.25576433075636	1.47410959478473e-07	6.43824839556836e-06
"ABG05513.1"	1204.34165274503	2.65320509294544	0.670577372656587	3.95659800215805	7.60247071684843e-05	0.00129779737920054
"ACR12992.1"	580.937717719686	2.65311303101728	0.689712958765362	3.84669157988065	0.000119723522488045	0.0019001018909157
"AIV33082.1"	851.371945588193	2.65275701769112	0.380813370518102	6.96602909210358	3.26011756978656e-12	4.70465213833735e-10
"ACX83850.1"	153.207476554736	2.65266291342691	0.797006557921149	3.3282824175825	0.000873832335138612	0.00949718180809623
"ADR34882.1"	49.9184961351938	2.65226300106726	0.644386116102086	4.11595305173689	3.85582792939865e-05	0.000737852075949724
"AAO79250.1"	70.8236990438174	2.65145709632857	0.77270561806318	3.43139357906387	0.000600488687225565	0.00706653269759013
"AIO06736.1"	96.1691215626375	-2.65091371215812	0.557736127062812	-4.75298906333815	2.00431193776765e-06	6.02714468418293e-05
"AIW00656.1"	127.38494317767	-2.65062687502657	0.821765184145263	-3.22552832143108	0.00125740394416371	0.0127267826539433
"ACO31679.1"	133.205407135107	2.64932990956076	0.613676220175578	4.31714611461198	1.58059533608317e-05	0.000345705836163941
"ABQ91050.1"	315.826995118312	-2.64876040762599	0.410120662368042	-6.45849051430868	1.05752490487792e-10	1.02825662204471e-08
"SKC16102.1"	68.6195713733076	-2.64771002979191	0.629903885284714	-4.20335560971362	2.62986934198138e-05	0.000530445404165064
"AEB82859.1"	418.829556703217	-2.64741372840022	0.490271777000139	-5.39989012747	6.66817236900597e-08	3.15123060875131e-06
"CAP73493.1"	91.4523847465485	2.64615454733035	0.658881729276853	4.01612979955386	5.91616796760825e-05	0.00105027925441446
"AFE76496.1"	81.0780152219787	-2.64592244131449	0.771308321292485	-3.43043419638038	0.000602616115883344	0.00708561141548513
"APW40088.1"	476.829169924297	2.6445708228059	0.536438527273579	4.92986742814092	8.22854369652629e-07	2.82311653588174e-05
"ABD68665.1"	120.068168249907	-2.64149792234503	0.465909122884724	-5.66955612714756	1.43167944609134e-08	8.23024594923473e-07
"ADO71457.1"	481.522703405947	2.64143978556154	0.67337498223878	3.92268773749138	8.75666119811133e-05	0.00146184547944141
"AHK00940.1"	1480.08782593773	2.64010899505116	0.744752986673938	3.54494583075372	0.000392693779859021	0.0049972068458787
"ACT95409.1"	599.962980418067	-2.63976140117957	0.515466662894653	-5.12110984317731	3.03742642825649e-07	1.20789474837314e-05
"AEW21183.1"	45.7687058737595	2.63846874122832	0.710417008273757	3.71397180881062	0.000204031532984495	0.00293679526860355
"ABR43914.1"	61.9387405245583	-2.63549946713226	0.804711342484757	-3.27508676464589	0.00105629526121503	0.0110343440794687
"AAM18407.1"	354.110278261557	-2.63296992359052	0.595571698406858	-4.4209117569449	9.82853075833995e-06	0.000232791495017331
"CAB61821.1"	256.135371006353	2.63266778857718	0.373444467665045	7.04969015885519	1.79316625766849e-12	2.67029162498336e-10
"ADY36172.1"	139.402220149289	2.6324878988036	0.777574700067021	3.38551125515876	0.000710457959489679	0.00808142779494855
"AIR99874.1"	8294.61524900603	2.63160738372504	0.514362365321158	5.11625181224508	3.11666915000254e-07	1.2306667069601e-05
"ADI02567.1"	67.4579638084638	-2.63079804024327	0.753725251602118	-3.49039392623671	0.000482309036579974	0.00588867151683077
"ADX99504.1"	446.762117806023	2.630502667623	0.751074264675775	3.50232033147687	0.000461224735647262	0.00566583927125088
"ADO75397.1"	650.063247823042	-2.62888292765468	0.583455526307931	-4.50571261924637	6.61505644636611e-06	0.000166692277472966
"ABD81807.1"	79.4297063251838	2.62749458364025	0.807578711645885	3.25354611971542	0.00113974222682096	0.0117525684648544
"ACG33724.1"	382.305661668014	2.62365924792665	0.690551382929533	3.79936861004647	0.000145065195156707	0.00222168774814397
"ANZ13601.1"	317.199064353844	2.62089608815872	0.571242820569215	4.58805956729071	4.47384996640378e-06	0.000118832925673093
"AKA18646.1"	109.853980703723	2.62005462986029	0.556419437990403	4.7087762413963	2.4920845825729e-06	7.25243242969968e-05
"AFI34524.1"	62.158391450992	2.61508779254469	0.78914118614145	3.31384020815249	0.000920240810189485	0.00990506025454242
"ABU78811.1"	105.081801489872	2.61429490911204	0.613224380401182	4.26319466848615	2.01524806271772e-05	0.000423883431734374
"ADN75669.1"	215.263263893034	2.61418283890221	0.473474782078461	5.5212715393763	3.36555201099355e-08	1.73697671277579e-06
"CBL17517.1"	231.436227537826	-2.61409231750372	0.662352502368855	-3.94667840485937	7.92428805556658e-05	0.00134161012959356
"ABV84537.1"	194.955464217979	2.6101688428099	0.480217552029333	5.43538825638441	5.46772425945373e-08	2.63467140047619e-06
"AIG56439.1"	589.121621496586	2.60918470566569	0.546232100794992	4.77669602696043	1.78198833851522e-06	5.4285686099099e-05
"AJU44745.1"	136.452554882041	2.60860582810088	0.593455758425208	4.39561970891153	1.10457169770849e-05	0.000256840442267831
"AEF41469.1"	541.731711653216	-2.60561399482077	0.83636708273601	-3.11539519979315	0.0018369861184093	0.0171132802569219
"ADO73102.1"	981.679547184761	-2.60367270441319	0.353454348752168	-7.36636205949984	1.75347197785702e-13	3.14680778795418e-11
"CAP71603.1"	96.8678110571165	-2.59644539285165	0.735926543434242	-3.52813119191923	0.000418504683522315	0.00524460927479442
"ADG20346.1"	333.247751866183	-2.5960979833683	0.346203600564279	-7.49876078451209	6.44239752577691e-14	1.23535178857295e-11
"ACS17643.1"	1333.74081816819	-2.59497985589668	0.523963745756328	-4.95259429094831	7.32305519770485e-07	2.57331440059331e-05
"AET58457.1"	56.4786786126934	2.59322422714314	0.72694152198928	3.56730789025061	0.000360667615967847	0.00466530734420412
"ADX05738.1"	150.323337031389	2.59219676391208	0.842578427437516	3.07650502255983	0.00209442774284495	0.0189697829468415
"ACX82227.1"	126.189140220417	2.59010915537308	0.766829007941208	3.37768802242763	0.000730979607726761	0.0082651474547328
"AAX49506.1"	103.560167809451	2.58946474137058	0.593442201898296	4.36346578165057	1.28017972507891e-05	0.000287870775769551
"ADQ81053.1"	48.3197596748708	2.58886634753177	0.758260423667338	3.41421794772128	0.00063965384754752	0.00743060129292131
"AIV33025.1"	715.930440977636	-2.58711073850322	0.470688968079915	-5.49643376826281	3.87548553215624e-08	1.95844933137629e-06
"AEB22139.1"	113.348330458489	2.58610801904599	0.863259531748438	2.99574800385709	0.00273772575508565	0.0229408471234295
"ALU68007.1"	156.35191134764	2.58554197456122	0.662771711267297	3.9011049062691	9.57546412520343e-05	0.00157834636168222
"ABR40294.1"	191.178998462404	2.58440801685092	0.553642025096096	4.66801272248498	3.04127071984765e-06	8.59535883463802e-05
"AAT70229.1"	52.9993074808508	-2.58395319797818	0.761178933486423	-3.39467250642752	0.000687107377467014	0.00789665769276129
"ALC49422.1"	373.667330891696	-2.5817175644139	0.784328357421422	-3.29162848695363	0.000996091032429501	0.0105311799637071
"ALA82637.1"	158.962953372125	2.58130408151669	0.626138978517069	4.12257369383102	3.74662692431617e-05	0.000721889658452549
"ABA29460.1"	134.498613027708	2.58126860507821	0.848474232850265	3.04224748983478	0.0023481874004197	0.020569416289784
"AEB43376.1"	519.608304747205	-2.58107638396478	0.384248290131617	-6.71720981004412	1.85237165596365e-11	2.18814332828516e-09
"ABP56833.1"	353.979035871868	-2.58029739077714	0.407572940354835	-6.33088494179893	2.43759070583386e-10	2.16643775874682e-08
"ARJ04338.1"	917.520577559027	-2.58007933377829	0.467185705431369	-5.52259905168976	3.34021379923268e-08	1.72851433499664e-06
"ABL02608.1"	684.712350399241	2.57986813142881	0.857151295046376	3.00981652403526	0.0026140554660999	0.0221498477085148
"ARE78888.1"	358.305295339724	2.57899687989939	0.45198180944068	5.70597494419268	1.15679015754682e-08	6.8613341632798e-07
"AIJ11116.1"	217.526257444441	-2.57891796848173	0.796187709180565	-3.23908286795327	0.00119914727670227	0.0122255379310112
"AJE38020.1"	36.3040810753203	2.57841791072955	0.623421688288721	4.13591307323178	3.53546016127855e-05	0.000687352379688571
"AGL16685.1"	2009.52959843596	2.57787496267155	0.589119492769874	4.37580999153687	1.20982369631488e-05	0.000275246847233779
"ABI65453.1"	757.0902632027	2.57781155496939	0.612086317756815	4.21151638287979	2.53662153470733e-05	0.000513487031711254
"APA94863.1"	138.231819703905	2.57684835484027	0.476704451816092	5.40554707434198	6.46108781931279e-08	3.06584092524544e-06
"ADE53164.1"	180.826422855232	2.57551596998352	0.65664767021203	3.92221900239423	8.77371880966225e-05	0.00146294837281301
"AHG42456.1"	33.9875096238597	2.57538544208997	0.598408550747059	4.30372433494614	1.67950618063556e-05	0.000364774670543624
"AFL03844.1"	1227.89759217923	2.57520208128555	0.396177532908165	6.50012145409186	8.02551915520185e-11	7.99581616615769e-09
"AJE06636.1"	53.9034116176666	2.57287239076473	0.821652471066882	3.13133895578012	0.00174011194198424	0.016455496516876
"AGF55629.1"	85.6906444069376	2.57233994681442	0.777783339293148	3.30727056862927	0.000942098489406981	0.0100860379768405
"AIE86959.1"	116.184265912758	-2.57153696578631	0.510381751030884	-5.03845790056609	4.69297615407709e-07	1.75882945662038e-05
"AIF91523.1"	39.0762705713935	2.56951762756063	0.701221096615355	3.66434729354714	0.000247970131754735	0.00346588707369225
"AKC06760.1"	1482.9446396491	2.56906380104085	0.744519192428167	3.45063475484377	0.000559269887769842	0.00664726365236149
"ADV63996.1"	894.821908545847	-2.56767526925911	0.840905107115168	-3.05346613730037	0.00226214250805999	0.020004109550787
"ALA68251.1"	233.74056071832	-2.56756764174978	0.776189822576971	-3.30791201722458	0.000939943344882409	0.0100668147985187
"CCT74463.1"	34.1811969978187	2.56685146378461	0.647803848719882	3.96238995624514	7.42032116361859e-05	0.0012713763380334
"AID53183.1"	230.15907702808	-2.56533394137997	0.865505688034332	-2.96397120994797	0.00303696698623621	0.0248089155204638
"ABP67988.1"	55.2679087038793	2.56314171969287	0.633052414205089	4.04886177222996	5.1467329715393e-05	0.000942367143696626
"ADZ63875.1"	75.6753991616464	2.56207102912061	0.783787750163918	3.26883270194614	0.00107992133161394	0.0112433907028129
"AKL67969.1"	427.013125327433	-2.56150752793706	0.329679193437698	-7.7696972660822	7.86739296817779e-15	1.76204426829684e-12
"ADI15213.1"	550.648297192233	2.55983050114685	0.593246847527499	4.31495002765808	1.59639011280113e-05	0.000348344018690415
"ADF57309.1"	79.9837438869319	-2.55915822767501	0.541797832537817	-4.72345600883588	2.31870133407968e-06	6.80880042968489e-05
"BAW03418.1"	136.271488879969	2.55905010898321	0.441738811525649	5.79312942900564	6.90868234029442e-09	4.35620429727213e-07
"ABR16205.1"	130.756825247109	-2.55889932773644	0.557384075117666	-4.59090857089207	4.41320641529453e-06	0.000117556733399225
"ACY56120.1"	73.3434877697583	2.55709432970786	0.608580371569573	4.20173644955543	2.64875394548634e-05	0.00053386980171228
"AAL99398.1"	84.6636487208848	2.55543582993931	0.595608907635614	4.29045938900346	1.78303891448992e-05	0.000384279887991222
"AAL02787.1"	187.626724430389	2.55483952821362	0.489984903363999	5.21411886503712	1.84693015968741e-07	7.82248967482733e-06
"ABD82249.1"	50.0554783307463	2.55446538729892	0.839708925335596	3.04208435831262	0.00234946040340104	0.0205741299510839
"AGP59587.1"	1055.82784198844	2.55383611640958	0.626461294865733	4.07660638788057	4.56977521211224e-05	0.000855755363466851
"BAV04506.1"	89.9989748463697	-2.55302978295762	0.708894007233428	-3.60142666873603	0.000316475694171232	0.00420740242833575
"AAC79665.1"	797.169012596077	2.55257058457859	0.443699323517088	5.75292872737564	8.77104705615827e-09	5.33813550835232e-07
"AEA71005.1"	250.220955290179	2.55082111297133	0.55216784879258	4.61964802649988	3.84391560772528e-06	0.000105092052103395
"AAT77161.1"	337.780568068405	2.54871036748264	0.513619557677171	4.96225334371828	6.96800255081116e-07	2.47222163827593e-05
"AKJ07842.1"	558.292124537039	2.54834926836268	0.489949079235755	5.20125330644098	1.97949092081351e-07	8.30851991290778e-06
"AKC80346.1"	342.278747197044	-2.54829371081451	0.510924059410668	-4.98761736480735	6.1128485113641e-07	2.2110104197717e-05
"AEL26048.1"	54.1674631812532	2.54800322061567	0.590239232409225	4.3168991159996	1.58236434501877e-05	0.000345822577698247
"ADY60296.1"	73.0607335027522	2.54608583213414	0.60599348891286	4.20150691173558	2.65144150706074e-05	0.000534027024688291
"AEG95576.1"	237.499943346658	2.54607251790888	0.757227528266999	3.36236127566024	0.000772789446370179	0.00867243986276758
"AJT65903.1"	352.199856776718	-2.54597976972208	0.420509639282736	-6.05450988963002	1.40845822313505e-09	1.03223027264107e-07
"ADU07106.1"	551.524582894065	2.54494326128594	0.595645699450532	4.27257892339957	1.93225129178269e-05	0.000410123632788083
"AKH82794.1"	2971.92619841113	-2.54339807479335	0.73236020995962	-3.47287856468006	0.000514908274592288	0.0062319777157281
"ACZ22176.1"	686.619693027362	-2.54308981183101	0.512010177426732	-4.96687355827984	6.80409191971877e-07	2.42350327461128e-05
"CCH01533.1"	58.9546408190656	-2.5426816464287	0.766521614176477	-3.31716888265501	0.000909346316213841	0.00980664848564049
"AEN08183.1"	1903.95632537138	2.5423391035093	0.444727903855569	5.71661701788551	1.08665648268004e-08	6.48657460322181e-07
"ADY53115.1"	80.8099117736582	2.54198257699634	0.747398596219175	3.4011069727122	0.000671135593305612	0.00774489368103212
"BAI44125.1"	582.713058346007	2.54168309598601	0.630068616176377	4.03397825368675	5.48403954574332e-05	0.000988221720294181
"AAN17506.1"	42.3813132445486	2.54038482320035	0.63831380117996	3.97983690545983	6.89625638898603e-05	0.00119843323318469
"AAN58216.1"	102.995610366761	2.53835515258054	0.602261205301885	4.21470805397167	2.50101502164465e-05	0.000507379830043214
"ACN82553.1"	54.4892206098433	2.53600131742199	0.582764972333796	4.35167080695684	1.35104008869044e-05	0.000302347868289188
"AAW84046.1"	33.0382262119217	2.53570791992186	0.619531037576829	4.09294735230663	4.25924453594621e-05	0.00080548212153748
"ARD59078.1"	74.7915576267841	-2.53452840462109	0.511790801911446	-4.95227424009006	7.33511317500822e-07	2.57331440059331e-05
"ACB46466.1"	1255.06211636567	-2.53442258067848	0.414628631482147	-6.11251222960373	9.80747891348724e-10	7.42081566654023e-08
"AEG70580.1"	395.226110074323	-2.53379763806485	0.310954685341639	-8.14844656635746	3.68628865837511e-16	9.73597521508202e-14
"ADT97001.1"	993.771298171273	2.53348423986247	0.525228947731168	4.82358074665603	1.41003645701511e-06	4.46554079757861e-05
"ABC98469.1"	271.629478357201	2.53071381421244	0.797943176572347	3.17154640645391	0.00151629639388073	0.01472560908632
"AII86928.1"	142.07537041444	2.52969187642293	0.63532528524217	3.98172705413209	6.84163206785008e-05	0.00119264216296096
"AAH49554.1"	3427.17975059191	2.52938268316203	0.644603275551595	3.92393706190464	8.71135028589224e-05	0.0014560176871871
"ACX76164.1"	81.3311412893135	2.52932341844939	0.543706625800396	4.65200035906487	3.28730506948695e-06	9.18476973306953e-05
"ACM31886.1"	418.660873825919	-2.52829478869489	0.499508422743478	-5.06156587872652	4.1582700404888e-07	1.58172456594462e-05
"AEK46956.1"	7017.446645356	2.52739462623233	0.551954889958605	4.57898765317919	4.67231774323956e-06	0.00012363535684285
"AOD24295.1"	116.502475427223	-2.52669776786148	0.403668191827132	-6.25934324035995	3.86602124353288e-10	3.24051289622595e-08
"BAQ09944.1"	127.286916191017	-2.52590997585199	0.436700116346961	-5.78408358802712	7.29086847468634e-09	4.54599451708951e-07
"BAH32244.1"	45.967483635174	-2.52481497920241	0.482540569275335	-5.23233721673206	1.67380036491802e-07	7.18707285525228e-06
"ACI21688.1"	365.758698729156	2.52388631197485	0.865632838956066	2.91565453433883	0.00354943280120617	0.0279994141173761
"ADE82782.1"	45.9581190993787	2.52260066524537	0.784474078993046	3.2156584045242	0.00130145646587175	0.0131016092119905
"ACL48043.1"	2322.88839443205	-2.52184327207836	0.942130885822616	-2.67674408092081	0.00743413950400714	0.0490285440645898
"ABM20668.1"	182.82323520616	-2.52148845365855	0.637340425854855	-3.95626630819239	7.61302903452746e-05	0.00129880780530549
"ACU59305.1"	40.7054406350687	2.5208322957517	0.686990000231508	3.66938717434346	0.00024313261330132	0.00341019070239666
"ADJ49963.1"	6997.09454047146	2.51958894163132	0.554808225490142	4.54136911796037	5.58900787676946e-06	0.000143946517495895
"AEE50540.1"	70.7751631519485	2.51933327055409	0.689039662818267	3.65629644634631	0.000255885424202874	0.00355875227818364
"ADG99409.1"	1243.66359851859	-2.51896299560604	0.749250537950328	-3.36197689293223	0.000773865991520638	0.00867994883758485
"ACF44803.1"	67.366809456945	2.51796105590537	0.652598285959052	3.858362962454	0.000114149041514518	0.00182716784805057
"AFE08294.1"	1482.16803491503	2.51780143865685	0.63570153800973	3.96066595424583	7.47410281700281e-05	0.00127978582547285
"ABJ83977.1"	588.001919657952	2.51507581305174	0.699425667045344	3.59591580857538	0.000323252341100164	0.0042727915681965
"AAH93324.1"	169.520358880974	2.51452260896395	0.632777892003034	3.97378391492838	7.07397450236054e-05	0.00122247567471221
"ADL48027.1"	773.461081999273	-2.51419535265677	0.468000177909214	-5.37221024976725	7.77773453112192e-08	3.63514951474606e-06
"ANQ72567.1"	49.5890505196178	-2.51352737785854	0.384442250693986	-6.53811430278847	6.22993057409356e-11	6.43590909049163e-09
"ADY51078.1"	176.56656045012	2.51332140235431	0.717048946504579	3.50509043295591	0.000456452209365871	0.00561954092058351
"AEE50254.1"	103.231967748264	2.51311598045246	0.460651880744059	5.45556435456902	4.88175467587804e-08	2.39771234922599e-06
"AFL04535.1"	2169.56712221787	2.5130021547055	0.724463079237373	3.46877877800327	0.000522829776100063	0.00630911310849024
"AEJ61964.1"	962.110029997547	2.5122465397222	0.557307045996623	4.50783200709332	6.54933983213826e-06	0.00016533392059562
"AGA28338.1"	85.4186717544338	2.51101211126835	0.647096873678204	3.88042689341914	0.000104273284631585	0.00169188196961909
"AAN60060.1"	1926.53912411462	2.51065813566943	0.675021351461379	3.71937588379095	0.00019971565587627	0.00288356859304387
"SCF12533.1"	827.508715765137	2.50914488366824	0.508769432434006	4.93179173847814	8.14787623083966e-07	2.80230888155512e-05
"BAO51935.1"	121.543786539748	2.50768704453721	0.720350279304074	3.48120507006657	0.000499163163521206	0.00606272100908446
"AKS18590.1"	373.829182708677	-2.50584324104556	0.563156361790035	-4.44964029720014	8.60142266691681e-06	0.000207949420537999
"ABF65723.1"	291.254330065294	-2.50505957080046	0.678675037183615	-3.69110315475287	0.000223283554873845	0.003166690173378
"AKD02428.1"	45.0191602863704	-2.50393486079249	0.565359133095528	-4.4289279401619	9.47026554941471e-06	0.000225258754733572
"ANB10624.1"	387.994770206778	-2.50105994855053	0.510573536540083	-4.89853031847095	9.65561417306944e-07	3.23734819627847e-05
"ABP42962.1"	975.377018919611	2.49979209707795	0.517776759075863	4.8279341497282	1.3795669264721e-06	4.37895189042097e-05
"ACT02150.1"	67.0600392150433	2.4991897523753	0.792204359348754	3.15472860365197	0.00160647467651163	0.0154234790958915
"AAN77504.1"	336.865276735309	2.49839823205071	0.505360839414283	4.94379072772313	7.66179495399572e-07	2.66459144760328e-05
"ADY33812.1"	669.256745288311	-2.49810143431822	0.921759765340389	-2.71014371450214	0.00672540603835368	0.0455784234930403
"APS22769.1"	208.324687428094	-2.49780599230589	0.560398945603837	-4.457192526682	8.30400188580262e-06	0.000201106260203227
"SDT27359.1"	266.97437044649	2.49612287678631	0.688784664927236	3.62395245406633	0.000290134963506221	0.00392397026005806
"AJY10880.1"	454.115258165223	2.49334426690511	0.543627219005667	4.5864963705563	4.50746235062938e-06	0.000119612242623905
"ADV49788.1"	160.358180383422	2.49253482301245	0.838405495447947	2.97294666667318	0.00294955698256388	0.0242941445377636
"AEB46474.1"	709.91827249993	2.48971420900023	0.567059048982676	4.39057310427701	1.13052298408514e-05	0.000261571251755765
"AEJ60508.1"	190.727099018413	2.48878884063468	0.410035298242947	6.06969412462646	1.28154098147201e-09	9.51671652978523e-08
"AKN71916.1"	290.340169367633	-2.48860950317574	0.313612879850336	-7.93529112823227	2.10002133580283e-15	4.98238960314711e-13
"ADK97091.1"	76.3419916034479	-2.48801689163094	0.646410284506784	-3.8489747939721	0.000118613210609605	0.00188624438799953
"ABF52968.1"	570.631205442945	-2.48619035844834	0.254601025897822	-9.76504454246037	1.59042105584588e-22	1.02173593122496e-19
"ADP88278.1"	207.893730076309	-2.48217491884919	0.544417055131884	-4.5593261552908	5.13180179782911e-06	0.000133770878148998
"AQA13293.1"	717.985602699319	2.4786893908064	0.490866496171727	5.04962023307299	4.42689241291143e-07	1.67533940152656e-05
"CAK97337.1"	39.2838198598554	2.47834110491984	0.604106672158122	4.10248921116227	4.08728919894892e-05	0.000776307655453012
"ACU59074.1"	456.175518400541	-2.47803871616475	0.700050925356641	-3.53979778671432	0.000400433724285072	0.00506405246947677
"SMQ50187.1"	61.0429318061696	2.47678659963261	0.653244584876124	3.79151493479626	0.000149731142372332	0.00228067087152112
"AEW03032.1"	79.5297071029016	-2.47673538318578	0.729750598980594	-3.39394772220206	0.000688928425708374	0.00790639722220635
"ABJ88064.1"	194.806676836742	-2.4765921000587	0.36909631320812	-6.70988035218395	1.94784060849676e-11	2.28166299897386e-09
"AEB48759.1"	102.204749119721	2.47558435941792	0.698781173220748	3.54271759785358	0.000396026549084955	0.00502145193177452
"AKE06995.1"	458.050576876133	2.47210483620126	0.540565020783094	4.57318683443487	4.8036143584577e-06	0.000126392845469344
"AGB41598.1"	195.140866086343	-2.47003762355288	0.711485202489009	-3.4716640836828	0.000517243123903581	0.00625517861633031
"ABG73453.1"	965.956645787696	2.46569772679242	0.474859473274948	5.19247875542488	2.07512555715316e-07	8.64512129435414e-06
"AMJ64654.1"	617.365783389618	-2.46492153052513	0.482899472132401	-5.10441960029581	3.31811304877482e-07	1.29559125402371e-05
"ABQ06885.1"	36.1874657466493	2.46424774012172	0.680604408521543	3.62067554848011	0.000293834803396979	0.00396443332814546
"ARE33211.1"	47.1676500681395	-2.46413058100347	0.453448337696977	-5.43420358208515	5.5041711301226e-08	2.64767654568578e-06
"ADL44886.1"	588.932048149342	2.4640030793575	0.586582475189426	4.20060807060729	2.66199063999384e-05	0.000535766282942254
"ABX46791.1"	123.350449567482	2.46359542889314	0.645992760055794	3.81365795598136	0.000136924942479126	0.00211203894746315
"CAP74178.1"	123.272625171631	2.4631508885992	0.672915414223924	3.66041680207305	0.000251805307496774	0.00351310851298573
"AKD55478.1"	137.276205010618	-2.46243349928155	0.681252588284496	-3.61456755046224	0.000300849370074641	0.00403388947898544
"AAS50540.1"	138.895542671499	2.45785621568632	0.443408507593362	5.54309665600814	2.97168713761847e-08	1.56676747843252e-06
"AAS12663.1"	62.2916257797579	2.4549555690663	0.803153846060807	3.05664422962925	0.00223829767700532	0.0198994543554909
"AKQ46366.1"	68.8575231075274	2.45352945786281	0.479696368341889	5.11475512383729	3.14148229916985e-07	1.23871744292337e-05
"ADI01429.1"	47.0692666197925	2.45333773957342	0.833488781432361	2.94345622187898	0.00324569723904073	0.0261035736581972
"ABV92875.1"	234.975353607566	-2.45251462729409	0.35855437133489	-6.84000760655471	7.9188975636521e-12	1.0169608082202e-09
"ADB39574.1"	710.201221565043	-2.45075473483825	0.623631120981257	-3.92981468112447	8.50113554171741e-05	0.00142684526754149
"ABS14700.1"	71.0999578419043	2.44916503630248	0.758459194032991	3.2291322401663	0.00124166464931268	0.0125856783208392
"AGL19301.1"	996.611382175814	2.44791219876022	0.474937716551629	5.15417519697894	2.54749691066656e-07	1.04116384687622e-05
"BAQ02385.1"	146.806183514644	2.44584706457658	0.478325061142316	5.11335755382648	3.16482432101804e-07	1.24616626851225e-05
"ADL29728.1"	198.97595277538	-2.44544129982327	0.821416590917558	-2.9771023946468	0.00290986807612637	0.0240379659661357
"CDR49403.1"	50.3825342475542	2.44496939123881	0.643155475790559	3.80152153448354	0.000143810236950539	0.00220488028130739
"ADL46835.1"	1338.05288316963	2.44399039336843	0.591059884743013	4.1349285520046	3.55065084450274e-05	0.000689826655396938
"ACY16659.1"	2321.14448685488	2.44230601411509	0.453788215934209	5.38203930458427	7.36466782583472e-08	3.45941678610854e-06
"ABK51955.1"	336.512875909133	-2.44193579443696	0.411077846815814	-5.94032447467567	2.84458483172063e-09	1.95188718011889e-07
"ABP60751.1"	45.1924697560602	2.43897425374623	0.74535125728444	3.27224812450471	0.00106695893544543	0.0111291290449815
"AIO30349.1"	617.330606966842	-2.43867082899765	0.42744872655912	-5.70517743409479	1.16221956291853e-08	6.87113108057842e-07
"ACB74105.1"	598.807913754901	-2.43860205469912	0.350068282633242	-6.96607540779117	3.25904504740226e-12	4.70465213833735e-10
"ACD03242.1"	640.885713162148	-2.43788317071719	0.279640223314081	-8.71792742054512	2.8334048180779e-18	1.04373685903828e-15
"ABI67262.1"	590.444878011183	2.43755294719163	0.522555897659754	4.66467407239707	3.09106574400501e-06	8.7235359444722e-05
"ABQ06872.1"	40.9658544440135	2.43708908291305	0.768429090411902	3.17152111147523	0.001516428453917	0.01472560908632
"ABD26051.1"	498.622991283448	-2.43667257528322	0.45895221742499	-5.30920754442474	1.10102900251205e-07	4.96367277847461e-06
"SHI28306.1"	1448.1315918901	2.43628092377495	0.684731515809306	3.55800904080694	0.000373676455079916	0.00479003939396397
"ACY47018.1"	143.562709120624	-2.43539577691354	0.56955733214562	-4.27594491276056	1.9032828585579e-05	0.00040520385481511
"ACU63160.1"	76.2585473871011	2.43312617553591	0.807920480457527	3.0115911582759	0.00259882358739167	0.0220608444974583
"ABV42497.1"	141.063355080744	2.43183948247408	0.636974724484706	3.81779588576512	0.000134649252614715	0.00208613197354818
"ADD45678.1"	284.855679795097	-2.43154839052768	0.483273988476186	-5.03140754211624	4.86891904104901e-07	1.81022918291113e-05
"SBP00035.1"	1366.54799847118	2.430278338078	0.590177825074069	4.11787470627686	3.82382481646468e-05	0.000732729634235081
"AAS94405.1"	209.941912095622	-2.43026815314444	0.549391060971629	-4.42356697403553	9.70845167283825e-06	0.000230337129688796
"AGA85278.1"	479.336175454013	2.42951619111383	0.634024735070883	3.83189496675113	0.000127160028816727	0.0019910358874458
"AOW29993.1"	220.5283422366	-2.42883371385375	0.730110412652849	-3.3266663120563	0.000878915537540266	0.00952986808248539
"ABA39290.1"	185.13683492978	2.42761612341274	0.594020010269134	4.08675815872407	4.37442685240538e-05	0.000824134953969994
"ADP31492.1"	92.5379512178152	2.42717229881219	0.817465280059192	2.96914420467673	0.00298630417777881	0.0245246617075669
"AGA79324.1"	44.426790642543	2.42623570072002	0.708189394255673	3.42597011533908	0.00061260778066058	0.00717296839287897
"ADU26027.1"	118.940076523911	2.42536270160445	0.609864890047837	3.9768852760391	6.98238299480715e-05	0.00121039501128558
"AFH49458.1"	49.1186674603528	2.42446173582766	0.668102073614878	3.62887922605854	0.00028465436507268	0.00387041457240154
"ACO66559.1"	304.406487462754	-2.42354282150886	0.577899934947033	-4.19370668683497	2.74432792104744e-05	0.00055033182200639
"AAT01328.1"	250.634444813515	-2.4227308489932	0.541327542634126	-4.47553589681411	7.6219890931453e-06	0.000187344342977784
"ACQ96943.1"	247.634053352849	2.42259039016026	0.62189837709079	3.89547630192094	9.8005944715211e-05	0.00160548532957697
"AMR28544.1"	265.156629002631	2.42211346949679	0.50285248982722	4.81674749254801	1.45917149553755e-06	4.58999608865948e-05
"AEH52450.1"	103.457445184145	2.41959078261141	0.459608120854223	5.26446481866853	1.40598319165654e-07	6.19872526513644e-06
"ABR74229.1"	42.8585320124183	2.41952172450508	0.717501816205239	3.37214717769157	0.000745845801818459	0.00840607852967374
"ACB08979.1"	79.6276570556773	2.41942839680543	0.634106814903572	3.81549029270936	0.000135912799342892	0.00210045583772596
"ANN17475.1"	189.163931540095	2.41808169631275	0.596553491418832	4.05341973703251	5.04743223832613e-05	0.000929046107456794
"AEI48971.1"	61.2727683631866	2.4165488008929	0.661035971311282	3.65569939575186	0.000256481760979111	0.00356248658601008
"ACB85636.1"	57.2649739377617	2.41518204521018	0.714933253908181	3.37819234454069	0.000729640258300596	0.00825667286636358
"ABF42886.1"	159.196933843228	-2.41343147317272	0.537124827860504	-4.49324132490019	7.01472155230865e-06	0.000175342986230744
"ALC48846.1"	369.790563206685	-2.41322989358481	0.846273288176353	-2.85159643734605	0.00435002888130883	0.0328522817807181
"AAH93489.1"	82.7395424457041	-2.40884296741865	0.635667852629483	-3.78946797050427	0.00015097027469676	0.00229579783292259
"ACV49028.1"	987.203523184637	2.40873190222173	0.635074781186389	3.79283192086758	0.00014893897209481	0.00226983966399908
"AOS64562.1"	703.602848348316	2.40868169009329	0.687051372357211	3.50582472723884	0.000455194864363654	0.00560774694419881
"ABP88726.1"	58.7451720686605	2.40681073133804	0.786775496841973	3.05908196302339	0.00222016399112768	0.0198069884713268
"AGF58045.1"	63.5110247533105	2.40622056667249	0.695271484702577	3.46083597503186	0.000538500809598792	0.00645371090133895
"ADG65882.1"	416.760931099068	2.40559587859538	0.585853664788623	4.10613780057742	4.02329522925344e-05	0.000766232471008023
"ACB35335.1"	151.907422763414	-2.40374213534202	0.387321425757335	-6.2060654936451	5.43275447115704e-10	4.3705573038653e-08
"AJE39239.1"	319.989201430107	2.40372327324579	0.650767245832866	3.69367587050183	0.000221035513567207	0.00313957901462584
"ADP77078.1"	52.2498002034897	2.40321708815966	0.591868370496089	4.06039114093113	4.89905748802694e-05	0.000905307019371632
"ABK19021.1"	77.4402349128563	2.40187322577983	0.65354496349668	3.67514610307609	0.000237713341131386	0.00334255283692329
"AJY69507.1"	119.307756461201	2.40107421082502	0.835387064011984	2.87420563983089	0.00405045141866486	0.0311016011840212
"ALV32732.1"	364.388065672524	2.40102929768361	0.450166424854161	5.33364810239117	9.62589832621637e-08	4.43234620955187e-06
"AEK61665.1"	139.253310861172	2.39974983111655	0.640592908213266	3.74613861681656	0.000179577388018059	0.00265021009749794
"ACV56468.1"	1839.72655376948	2.39941741594631	0.837945523367194	2.86345275323449	0.00419051304562678	0.0319405399470099
"CBL17979.1"	250.454893748361	2.39687694906239	0.598976923197366	4.00161818633639	6.29107581016343e-05	0.00110909923413939
"BAC19517.1"	155.798378962497	2.39682340962696	0.589662442349267	4.06473812386254	4.80864226505887e-05	0.000889185923729117
"ADU28083.1"	294.171917345813	-2.39641214901381	0.52569926404156	-4.55852292923194	5.15146411872379e-06	0.000134158501830504
"ABG64714.1"	57.6379120733882	-2.39604266073135	0.452933634996373	-5.29005239531514	1.22281324936128e-07	5.46867088324576e-06
"AKC82243.1"	381.204443951812	-2.39514799513243	0.457660053820699	-5.23346526562004	1.66361280367877e-07	7.15430169766371e-06
"ACZ37689.1"	945.878202391531	2.39333345169721	0.545052402183803	4.39101532643118	1.12822586807256e-05	0.000261255677440523
"AEM85607.1"	497.84387902438	-2.39061990740205	0.434236170232446	-5.50534495116415	3.68446110299939e-08	1.872053957161e-06
"ACL23746.1"	226.052338463028	2.39041235205717	0.769019475028791	3.10838987786061	0.0018810973410816	0.0174497021739299
"BAC06186.1"	718.073353328388	-2.39036717937993	0.508033066220207	-4.70514094124697	2.53690630707325e-06	7.34469792893719e-05
"AAF56462.1"	38.7853022768622	2.38971318278764	0.726041004119941	3.29143005591577	0.000996794008669732	0.0105319564418229
"AFZ66118.1"	81.8950284016167	2.38862068073014	0.668284571415434	3.57425681049469	0.000351224079290925	0.00456281639156786
"ADV43668.1"	93.1608028084139	2.38731418393427	0.579720564789929	4.11804294850115	3.8210349571985e-05	0.000732696538778968
"ADI12636.1"	1066.51053788996	2.38730185795763	0.622784234639565	3.83327278562097	0.000126449597393531	0.0019843514173931
"CAD79663.1"	144.839926326216	2.3872865625498	0.49001440918012	4.87187012835837	1.10546830048545e-06	3.63674389428798e-05
"ABF42123.1"	1360.34629047718	2.38699132128487	0.477727557613511	4.99655354447019	5.83639754655751e-07	2.12202319108343e-05
"AOW87177.1"	164.030589606006	2.38505960789167	0.70194674867256	3.39777855286319	0.000679353873145004	0.00782360799365181
"ADE83742.1"	178.638536111038	2.38470136836922	0.841122086583625	2.83514296724169	0.00458051822048686	0.0342145645946505
"AKT29415.1"	123.941688316748	2.38459190110553	0.748260055719626	3.18684912134217	0.00143831784060741	0.0141437113683334
"AAU37719.1"	48.3931487682436	2.38356859671461	0.584930370973007	4.07496125179761	4.60220093765091e-05	0.000860455105386638
"AAT42222.1"	52.3817626819107	-2.38355417842321	0.75961256472351	-3.13785512393518	0.00170188973290045	0.0161628683280082
"AAQ58251.1"	241.206580895894	-2.38043688051544	0.528014939809259	-4.50827562071511	6.53566381872394e-06	0.000165137585080321
"AKZ58808.1"	159.975076193677	2.37900468164729	0.598696682086384	3.97363932827681	7.07827214140765e-05	0.00122247567471221
"ADV43394.1"	50.1493875119885	2.37720484348939	0.84313569137104	2.81948074054814	0.0048101417450387	0.0354567478394164
"AJV37320.1"	129.526591967358	2.37506809645009	0.576303234793323	4.12121250248031	3.76883585075564e-05	0.000724672585698865
"ADN65120.1"	75.7778778948441	2.37297728028845	0.744133663565369	3.18891268662514	0.00142809005158488	0.0140777496775248
"ABP77603.1"	128.557696115434	-2.37280542989592	0.799414699384318	-2.9681783831638	0.00299570420946303	0.0245730252118743
"ADM71096.1"	51.8561883679718	2.37270821725695	0.585104614110398	4.0551863035031	5.00943598929638e-05	0.000922659012870667
"CCD53425.1"	123.598507417018	2.3720558726436	0.499561298311378	4.74827790035307	2.05156014485901e-06	6.13626899737959e-05
"ABC27349.1"	504.638031232405	-2.37171759999063	0.405382460645428	-5.85056787166991	4.89897500087589e-09	3.1674758458319e-07
"ADG88849.1"	1132.57556082621	2.37089932568369	0.542767860379644	4.36816454833075	1.25295080177922e-05	0.000283031995540624
"ALU72338.1"	51.9576681214028	-2.36457138040796	0.423353556444766	-5.5853348682485	2.33250328261283e-08	1.26307082978779e-06
"CDI52872.1"	37.2503064083646	2.36264254793809	0.611079389466199	3.86634304587157	0.000110479508698826	0.00177859938213475
"ACX47327.1"	53.6943733066055	-2.3617343960761	0.770464155326476	-3.06533974325559	0.00217422861843867	0.0195401093001963
"ADW72053.1"	111.541900812922	-2.36126529552558	0.629498910174091	-3.75102364334922	0.000176114089802772	0.00260706809034813
"AAH45893.1"	60.3892582696914	2.36116072282252	0.842244055549302	2.80341631058779	0.00505643533179155	0.0368262132020906
"CCA73365.1"	73.6607994693	-2.35997461388637	0.775645132913894	-3.04259578735518	0.00234547156113668	0.0205584914920421
"AGM02855.1"	448.110401557146	-2.35963245546975	0.491959888473227	-4.79639196356587	1.61549022508448e-06	4.98646795385502e-05
"ANY07514.1"	616.050456038534	-2.35875875118401	0.445840726315095	-5.29058610387461	1.21925004450819e-07	5.46145987936821e-06
"ALJ91322.1"	160.633964680888	-2.35702827935603	0.527608906897863	-4.46737772721551	7.91842430854497e-06	0.000193104709879813
"AFY21670.1"	146.282035757063	2.35673402918482	0.666876018013062	3.53399127502987	0.000409334590734856	0.0051471680107479
"ABC31486.1"	373.914216894773	-2.35642379376452	0.643706623336466	-3.66071080883195	0.000251516516555244	0.00351194832792051
"ABC25063.1"	45.1280833453736	2.356384795407	0.496922960774462	4.74195193503343	2.11668849450075e-06	6.29222809121624e-05
"CAP65640.1"	63.9516451397439	2.35302532388448	0.586084351334431	4.01482366578629	5.94902546477298e-05	0.00105544307295174
"ADY36919.1"	109.552979431357	-2.35239159193558	0.502686509680519	-4.6796393908216	2.87379924140476e-06	8.17630930511866e-05
"ABK50302.1"	36.7318328872307	2.35197677186606	0.415175502343293	5.66501818770919	1.47008942411132e-08	8.41648742687537e-07
"ADW16514.1"	77.6553640196805	2.35091711297918	0.508788020003559	4.62062198902155	3.825913050612e-06	0.000104702113162203
"ABR79321.1"	320.480427534663	-2.3507418586518	0.590171976047913	-3.98314720802833	6.80085997482324e-05	0.00118627336981403
"ADQ67288.1"	229.654260834063	-2.35030234664004	0.625689344817488	-3.7563406922418	0.000172415939163447	0.00256343952884751
"ACN27961.1"	114.234278229364	2.34970746968997	0.698833816647686	3.36232651270591	0.000772886750164492	0.00867243986276758
"AOZ78796.1"	50.9325699677415	-2.3482205609231	0.772504201188336	-3.0397511849267	0.00236773669464125	0.0206824201257961
"AEG99244.1"	163.07370201004	2.34808586944715	0.516443759828584	4.54664389831434	5.45081070454778e-06	0.000140905721592354
"ADQ45007.1"	47.1689770940256	2.34736446586597	0.663203446798044	3.53943345318707	0.000400986855003097	0.00506818419533486
"SCF38246.1"	1743.65453960626	-2.346527597332	0.396596732969406	-5.91665891890494	3.28547021076461e-09	2.19522730359346e-07
"ABB58058.1"	30.6190788350515	2.34438110247308	0.567994498193477	4.12747149827939	3.66773874135008e-05	0.000708640536941593
"ACA16381.1"	162.189090417384	2.34366737849443	0.654028328524614	3.58343404448761	0.00033910641898845	0.00443834656662021
"SMY22984.1"	44.5546259581664	-2.34322215081295	0.430689572969285	-5.44062893061973	5.30927989527061e-08	2.57605892457532e-06
"ADP39936.1"	63.8629350727058	2.34309211360135	0.593843935299074	3.94563617530474	7.95883842745203e-05	0.00134631807018095
"AKA50811.1"	139.124074128036	2.33846102750853	0.816496279623382	2.86401920727327	0.00418302646022019	0.0319011972754612
"AAL90890.1"	87.535836107558	2.33827673695727	0.565933652883737	4.13171530804448	3.6006620429656e-05	0.000697606467507716
"ABQ07233.1"	42.9942434092231	2.33714920461839	0.559632344916258	4.17622252510818	2.96389888837998e-05	0.000587242132194521
"AGJ57836.1"	356.408936542802	2.33427504112258	0.442409454327229	5.27627748071594	1.31834420436427e-07	5.85847053101304e-06
"ADG20624.1"	92.9555221307772	2.33317782104037	0.642571987122291	3.6309983438421	0.000282326996466781	0.00384063488488046
"SCF32481.1"	340.137170340901	-2.33223678140628	0.458916604253029	-5.0820492433531	3.73384577951325e-07	1.43984499233131e-05
"ASK78888.1"	60.3836794460264	2.32995887546735	0.76023629816993	3.06478246444706	0.00217828371556462	0.0195584448046655
"AMJ61041.1"	300.793436629604	-2.32918968278859	0.402585663149653	-5.78557533461582	7.22645652392164e-09	4.51589010811853e-07
"ABP61028.1"	139.988262368183	2.32790903345172	0.58707358258913	3.96527641932908	7.33109410373132e-05	0.00125992210268915
"APS23301.1"	100.905529888847	2.32609859389681	0.715472806729753	3.25113487475341	0.00114945313771184	0.0118092073553691
"AAW61625.1"	172.849337847613	-2.32602289125098	0.605620627086446	-3.8407260043984	0.00012267097499102	0.0019391849891861
"AHX97726.1"	26.7607480525599	2.32392844479975	0.65597429213623	3.54271268349816	0.000396033928609735	0.00502145193177452
"ARU28397.1"	70.6556298446382	2.322961738375	0.398717415302705	5.82608546609736	5.67425651237861e-09	3.61859875445448e-07
"SCG15869.1"	1762.96089756766	-2.32282861521419	0.389893232238975	-5.95760178209626	2.55966297498723e-09	1.7870405149063e-07
"AIF99772.1"	32.4853048426975	2.32228151645092	0.634438880603237	3.66037074247853	0.00025185057813839	0.00351310851298573
"ACF79049.1"	383.892632807535	2.32164894983029	0.604744246390808	3.83905917862996	0.000123506662140171	0.00194909386317713
"AAI66514.1"	63.0895685906404	2.31965785948353	0.70031782138491	3.31229305988002	0.000925345568326327	0.00993943486168376
"ADO75074.1"	1528.92209484548	-2.31716713613388	0.406163428096472	-5.7050117658144	1.16335052585876e-08	6.87113108057842e-07
"ACT07852.1"	198.674502592399	2.31689260424856	0.8259612901259	2.80508618496564	0.00503031273821202	0.0366844894618068
"AFC30478.1"	57.8599024288786	2.31435135332252	0.622113514809622	3.7201431864581	0.000199109861826246	0.0028763053104683
"ABY70643.1"	96.7669958243255	2.31430091021727	0.479067108322399	4.8308491023763	1.35952013839835e-06	4.32512793120456e-05
"AME15774.1"	40.6198281935584	2.31392322474635	0.5863000828759	3.94665341576651	7.92511479341453e-05	0.00134161012959356
"SCG81265.1"	717.606555988675	-2.31371481215784	0.456273743852937	-5.07089185676127	3.95955734125923e-07	1.51436840609144e-05
"ACT01137.1"	215.02297062853	-2.31331634979574	0.666381522982944	-3.47145932174196	0.000517637751157309	0.00625724804896374
"ACR76878.1"	146.18359816712	2.3128753669451	0.764187976748195	3.02657911053107	0.00247338089122148	0.0212407274327106
"ACG41348.1"	263.307785255658	2.31190591580723	0.656457701697721	3.52178961390539	0.000428644174379933	0.00535012140255934
"AAZ54496.1"	544.436461735531	2.31161748600524	0.639177180959753	3.61655195908941	0.000298553410926018	0.00400877759821813
"AFL88076.1"	272.364459809462	2.31123976496966	0.53946330526292	4.28433174679643	1.83289252753996e-05	0.000392606420818736
"AEO64596.1"	455.398874166747	-2.3081818745285	0.438323911831184	-5.26592734785018	1.39483442324399e-07	6.15927200522693e-06
"ACM21310.1"	53.6105194689288	2.30814572149132	0.826128614233166	2.79393024490963	0.00520717095120021	0.0376814437507885
"AJE99968.1"	61.2986341221487	-2.30769467494579	0.551916168636662	-4.18124129366646	2.8992199384222e-05	0.0005764670553698
"ADB73293.1"	1449.31746426702	-2.30634112686951	0.26255332032679	-8.78427712892336	1.57373269968278e-18	5.95381360274584e-16
"AHX67929.1"	34.5585806410538	2.30592509019438	0.635666523784245	3.62757043813912	0.000286100737337172	0.00388630579451308
"ABN53708.1"	169.936008956438	2.30458513306517	0.550178996858645	4.18879155006581	2.80443849599452e-05	0.000561106553072879
"ABQ06884.1"	51.5601589773554	2.30424923943531	0.628305147021376	3.66740468442624	0.000245024841749437	0.00343329102583445
"ABJ83972.1"	225.88283973509	-2.30326661295244	0.589106080616436	-3.90976547134316	9.23857744331253e-05	0.00153224652904608
"ABQ06141.1"	59.4340143700434	2.302179358335	0.717983858219849	3.20645002248792	0.0013438364594492	0.0133933946310928
"ABM72556.1"	45.9391386966699	2.30211997297704	0.621766996561491	3.70254449931932	0.00021344790704447	0.00304882020694744
"AET57943.1"	148.256908759482	-2.3005575431499	0.780921799185617	-2.94595124063515	0.00321963149064836	0.0259535857219095
"AIY84110.1"	82.3929298876619	2.29958090970837	0.536845448304463	4.28350639270801	1.83970810312476e-05	0.000393765046292667
"AGK95776.1"	132.483470044135	-2.29822346745554	0.733568689586669	-3.13293560654896	0.00173067406504878	0.0163744343106136
"ADU09300.1"	807.826834907542	-2.29818525489568	0.449908927416769	-5.10811214191973	3.25393520889123e-07	1.27408629521845e-05
"ABJ87782.1"	408.351912329623	-2.29606198689448	0.517075177977684	-4.44048000113743	8.97584463718268e-06	0.000215512647051944
"ANE44867.1"	181.235405611599	-2.29563759530384	0.592539084942286	-3.87423826316443	0.000106958728795485	0.00172987670211345
"AHY57694.1"	841.375666822549	2.29491694423644	0.606375266517345	3.78464800752356	0.000153926280548763	0.00232936224337468
"AJX59046.1"	55.3016263009437	2.29255790419268	0.633822321911655	3.61703560278243	0.000297996328126599	0.00400321746748189
"AJU53154.1"	124.294393152487	2.29199802415623	0.576503596575846	3.97568729452789	7.01762880820143e-05	0.0012134992965683
"ADC49391.1"	184.301991801948	-2.29166020866079	0.82326818539479	-2.78361322509001	0.005375709589268	0.0385985641269878
"AFZ66941.1"	625.386223327627	-2.29137033730202	0.376490245512028	-6.08613467311948	1.15669157636559e-09	8.68169902732737e-08
"ABY99089.1"	390.025806969246	-2.2910016594427	0.341983383297609	-6.69916075264092	2.09619900904579e-11	2.42500774616718e-09
"AEN67146.1"	43.7304127982769	2.29020442590297	0.687555827226735	3.33093595488898	0.000865545138074347	0.00944220421036167
"ADL54707.1"	332.820225060148	2.28681442400145	0.598938299018399	3.81811353147613	0.00013447604143358	0.00208460202434912
"ACZ24646.1"	101.04905854904	2.28547670075373	0.61686351503353	3.70499574874274	0.000211394278176229	0.00302257109898964
"ABQ89270.1"	61.2335770627253	2.28464161971168	0.536699312647863	4.25683723804333	2.07339186581837e-05	0.000434481127810262
"ABG03680.1"	637.598132072873	-2.28378525619743	0.506021866301586	-4.51321456301714	6.38523659161504e-06	0.000162555890514016
"ADD41528.1"	621.390541893498	2.28284203257519	0.467993721080784	4.87793303573217	1.07203304809505e-06	3.5525527187759e-05
"ADM94922.1"	71.3854168261436	2.28208745838433	0.769467163297388	2.9658022684229	0.00301894517917861	0.0246997417441918
"ADZ83921.1"	68.0145786971525	2.28196279228702	0.641193310497391	3.5589310663844	0.000372367240416654	0.00478201525812139
"AAF63208.1"	64.8917889046694	2.27939917799578	0.707635664541661	3.22114796103749	0.00127678213111757	0.0129042572356562
"AFK06814.1"	372.599624147998	2.2793370937997	0.489305489710855	4.65831089519683	3.18814482376192e-06	8.96270579808909e-05
"CDP26593.1"	246.013823385811	2.27838717245537	0.60824232507787	3.74585437171555	0.000179780865633379	0.00265181512869972
"ACU05015.1"	40.6008252675162	2.27671813727195	0.417207951585521	5.45703438445913	4.84152627196957e-08	2.38213303181125e-06
"ACF88385.1"	372.659897599397	2.27601768017391	0.750877807552488	3.03114256045556	0.002436301885035	0.0211133494380463
"AKI62663.1"	61.8122423415476	-2.27399140090208	0.555739755971846	-4.09182783212162	4.27986361922053e-05	0.000807950518433567
"ADU01353.1"	582.257474559245	2.27218671362668	0.570705031569696	3.98136793603718	6.85197879212975e-05	0.00119296018821184
"ABG82227.1"	64.6945084980081	2.27186607196088	0.658112624252205	3.45209313457911	0.000556255687926369	0.00662678052731346
"ACV07738.1"	9352.20433570964	2.2716904763994	0.502438089818599	4.52133411545206	6.14511058398296e-06	0.000156969448822251
"AAY92522.2"	541.414356400323	2.2716648670311	0.552765215945403	4.10963787427512	3.96280057524085e-05	0.000755225084441409
"SCM59414.1"	57.6574158042414	2.27033192425912	0.735664195837362	3.08609816422415	0.00202801857104754	0.0185362089177431
"AEI50054.1"	89.3299083764691	2.27008925408822	0.727356866589666	3.1210116496623	0.00180230904149187	0.0169206720072456
"ANN18316.1"	513.049296025387	2.26842686034359	0.54560219430416	4.1576571429238	3.21528096056099e-05	0.000633110990157927
"ADH68351.1"	272.143091834814	2.26448212733743	0.435509573851975	5.19961503327847	1.99701703785502e-07	8.3570237655888e-06
"AKD96630.1"	49.8709403119666	-2.2640250657149	0.414786631572403	-5.45828841477427	4.80746299379185e-08	2.36953756996825e-06
"CBL01779.1"	111.623556794571	-2.26384993079833	0.432549329301216	-5.23373815988938	1.66115727991131e-07	7.15430169766371e-06
"ABM37250.1"	358.840206740829	2.26339013069048	0.362892282041817	6.23708533550368	4.45798830609876e-10	3.69248049164322e-08
"ADP99733.1"	144.373253443557	2.26332028602616	0.63320130851174	3.57440873163357	0.000351020226499732	0.0045623885988629
"AMO51326.1"	69.608634111078	-2.26310022072892	0.645959482299188	-3.50347085652149	0.000459236904486478	0.00564637522090621
"ABB26736.1"	49.0279046882403	2.26019738256153	0.670780382578088	3.36950429867172	0.000753035165909858	0.00847686871926513
"AFI61839.1"	112.979316554654	2.2599667710136	0.709891420701198	3.18353864423564	0.00145486691855188	0.0142663587571903
"ACT02733.1"	1678.01475100373	-2.25982194647706	0.469137252375712	-4.81697399861836	1.45751672558475e-06	4.58999608865948e-05
"AEB56610.1"	327.81984760748	-2.25977509276912	0.565558418816931	-3.99565282309165	6.45162226467645e-05	0.00113312181255886
"ANQ72568.1"	50.7671821801572	-2.25968537363645	0.399655822702781	-5.65407844768708	1.56684641379871e-08	8.89765359040743e-07
"ABI93796.1"	102.013949314094	2.2596111351443	0.558027771410671	4.04928079015153	5.13752744957855e-05	0.000941913677003281
"ABX81281.1"	40.3027105284651	2.25944354223826	0.588055972165201	3.84222531389158	0.000121923831289473	0.00192955318303001
"ADQ04491.1"	47.1214884670647	2.25941097867156	0.674005376771019	3.35221506614057	0.00080167715627729	0.00890920167584788
"CBL17515.1"	129.825967728634	-2.25915334782967	0.455288565966631	-4.96202522247231	6.97619336418769e-07	2.47222163827593e-05
"AHH97336.1"	2112.70977471625	2.25737777906832	0.38704699265301	5.83230931106103	5.46654617661876e-09	3.50497478587139e-07
"AAN75154.2"	102.284945597192	2.25592304215879	0.788094403647806	2.86250356774129	0.00420308528532836	0.0319928155649953
"ADO73088.1"	3819.42717142224	2.25506828991278	0.694529285800074	3.24690165845925	0.00116668694975511	0.0119389038112323
"ACX95981.1"	63.5995741917277	2.25468506939446	0.762522430111708	2.95687704434368	0.00310772016049593	0.0252491356058077
"ACU06295.1"	62.1788951806772	2.25431594759159	0.720153252715769	3.13032807821161	0.00174611172844581	0.0164981923555751
"ADY53181.1"	329.703105005442	2.25423407050746	0.677539319776595	3.32708966802214	0.000877581295334945	0.00952417723386094
"AEK40013.1"	3044.28849659027	2.25412323938214	0.451570813784317	4.9917381074561	5.9838355787383e-07	2.16999301635178e-05
"ACX74327.1"	72.2595806404509	2.25410850718658	0.673370363683575	3.34750180399357	0.000815434570411777	0.00903042176948106
"ARU29965.1"	227.86639401493	2.25094443042682	0.698919882522909	3.22060437356787	0.00127920603096793	0.0129147681366672
"AKS31238.1"	89.9935220567419	-2.24997304901258	0.487157965103406	-4.61856976624613	3.86394068913442e-06	0.000105433609681294
"ABG93525.1"	291.336101912574	2.24778496954338	0.520304835682741	4.32013084520703	1.55936712531127e-05	0.00034213199091077
"SDS47394.1"	110.558170031991	-2.2477498047591	0.703558640247342	-3.19482936627555	0.00139913535490191	0.0138544686728033
"ACM06262.1"	537.265988689478	-2.24717935688454	0.324715112731194	-6.92046433559377	4.50165644129743e-12	6.08832723336053e-10
"BAU95303.1"	51.4640558210849	-2.24668261351597	0.736554040342202	-3.05026174654091	0.00228642007383986	0.0201495835052253
"ANU60490.1"	76.0407996827264	2.24475226887527	0.580933313137122	3.86404466418579	0.000111524815556989	0.00179336515584921
"ACA83218.1"	35.4853240317673	2.24462680445611	0.452418414217745	4.96139576532752	6.99884249937442e-07	2.47711244769262e-05
"AEE50695.1"	60.5840437689854	2.24398585562784	0.760416904556014	2.95099417462062	0.00316752891013945	0.0256073171724702
"AJQ53550.1"	582.077334827826	2.24140269612675	0.56553424394152	3.96333682732486	7.39093866534896e-05	0.00126787205193082
"AOX61292.1"	416.82061461978	-2.24012956419245	0.346852340217222	-6.45845307772618	1.05778649503099e-10	1.02825662204471e-08
"ADL06023.1"	543.327529370599	2.2396532925212	0.437636950742274	5.11760556032241	3.09438883106131e-07	1.22567166347644e-05
"AIF91548.1"	34.0792494269577	2.23832639322251	0.440934135005137	5.07632822121253	3.84798358208392e-07	1.47572805978112e-05
"AJP43907.1"	45.5066496805703	2.23808586783976	0.601010677580583	3.72387039253505	0.000196191673441044	0.00284148064648498
"AAT70228.1"	54.0258035746229	-2.23748039592633	0.759733531009282	-2.94508574993908	0.00322865168525342	0.0260183069735439
"AIF53118.1"	70.5835472583726	2.23618509402536	0.650274298249892	3.43883358152658	0.000584226260137645	0.00689835444066365
"DAA04511.1"	34.3330864906928	2.23533498684624	0.536130159301251	4.16938862338876	3.05417822838597e-05	0.000603847271764784
"SMD46306.1"	61.5936177962443	2.23370876822118	0.708076877248941	3.15461334777618	0.00160710937122211	0.0154242831528057
"ACB00100.1"	47.3395151594883	2.23362164103981	0.663088205877278	3.36851360232638	0.000755746678122653	0.0085039726691004
"AIS01329.1"	525.841747424263	-2.23354217516491	0.392552516989572	-5.68979201125399	1.27194202222959e-08	7.44964201973629e-07
"AGT88011.1"	125.381791614743	-2.23312748182859	0.391350264845089	-5.70621175563162	1.15518270969622e-08	6.8613341632798e-07
"ACD26501.1"	803.70071099322	-2.23207864427082	0.429046427687219	-5.20241750130136	1.96712691213004e-07	8.26902177657545e-06
"ABP58797.1"	154.366284007189	2.23146039536952	0.708618132855321	3.14903089817647	0.00163812874146696	0.0156599127320447
"ADB35747.1"	1102.45012320376	2.23015730289494	0.496086099076879	4.49550452440582	6.94051823680718e-06	0.000173643206932666
"ABI77634.1"	162.277409031685	-2.23009337863148	0.502164711867818	-4.44095995980398	8.95584594016362e-06	0.000215401944107234
"ADU10559.1"	1399.25901150256	2.22980210258237	0.566499659705628	3.9361049285379	8.28147750554349e-05	0.00139331877551199
"ADN76372.1"	263.118165930989	2.22921559169742	0.583849595156498	3.81813331753683	0.000134465259106969	0.00208460202434912
"AHC15530.1"	52.8388097101113	2.22751032543626	0.676902514265595	3.29074021515933	0.000999241464236673	0.0105406043831085
"ABJ88348.1"	128.305041081003	2.22675732221663	0.574348673556478	3.87701308410468	0.000105746673557667	0.00171324298201414
"ACK49434.1"	173.80492964595	-2.2266786441619	0.521787389571334	-4.26740601376203	1.97759043771846e-05	0.000417216442308712
"CAK40369.1"	184.780848681798	-2.22581339715494	0.676639215403457	-3.2895128548347	0.00100360972100468	0.0105787115019755
"ABF72529.1"	178.039446912919	-2.22563977846773	0.394769143456881	-5.63782609496383	1.72210287581067e-08	9.7006020344458e-07
"AEB47930.1"	444.156071127015	-2.22516561528141	0.338745910618524	-6.56883388265388	5.0710817990126e-11	5.33721827237431e-09
"AGL12188.1"	283.928166311792	2.22475357101148	0.475477770511728	4.67898545207931	2.88297895137742e-06	8.18578891711585e-05
"ABI38943.1"	52.3142230935854	2.22403675741839	0.719879666170698	3.08945628267132	0.00200523215259091	0.0183759343188004
"AEA96627.1"	69.8202563442255	-2.22264933037619	0.558255017469958	-3.98142293543435	6.85039321850241e-05	0.00119296018821184
"ACU86403.1"	1398.18336618452	2.22197003165155	0.515981291917523	4.30629960127842	1.66008182170762e-05	0.000360835797209057
"AHV98111.1"	114.719170920168	-2.22173090114702	0.500010782398919	-4.44336598200491	8.85623294410731e-06	0.000213372717300541
"ACM36008.1"	208.680650403333	2.221533737904	0.684842177235734	3.24386232587324	0.00117920727577262	0.0120504539123833
"ABG84084.1"	83.7817990201888	2.22058647151562	0.545302229099825	4.07221234943661	4.65686934616048e-05	0.000867423248270851
"SDU62105.1"	229.374985059358	2.2204733311974	0.63021373161391	3.52336551841071	0.000426103274889058	0.00532315362953774
"AHH96695.1"	666.601742219175	2.21823903741709	0.476302995861154	4.65720152233459	3.20536649735304e-06	8.98272677276233e-05
"ADL07025.1"	74.5733842907453	-2.21742120895997	0.786995806156067	-2.81757690652831	0.00483875249066951	0.0356020275239905
"CAQ47359.1"	460.107917477071	-2.21737294102147	0.506749409053963	-4.37567938196716	1.21054840940048e-05	0.000275246847233779
"CDU25119.1"	39.678576556399	2.21413071548592	0.599929732915813	3.69065007784275	0.000223681669841302	0.0031707301412036
"ABO18055.1"	153.484588677516	2.21364225974155	0.739063349100108	2.99519961642923	0.00274265289704625	0.0229666338040806
"ADV83775.1"	245.463804106685	-2.2131997894346	0.64357107417487	-3.43893608374518	0.000584005100689062	0.00689835444066365
"ACD26198.1"	85.1595033038169	2.21160962834665	0.582171070773768	3.79889990996493	0.000145339767992447	0.00222467585823758
"ACE85531.1"	91.3655493208826	2.21145072219252	0.782673146546758	2.82550989764973	0.00472054295808064	0.0349746521491986
"AJV33282.1"	59.7358024932222	2.21101546279139	0.68905057656195	3.20878544768565	0.00133296920333198	0.0133277877916008
"ADQ79715.1"	136.672917531795	-2.21069573224236	0.68171457442789	-3.24284651549019	0.00118341944212108	0.0120739834918447
"ABM00134.1"	220.649086475218	-2.2102701247335	0.798156247610257	-2.76921985056338	0.00561907046710716	0.0397652924158574
"ACD05322.1"	76.4664317582283	2.20895264853103	0.600726414655912	3.67713587190317	0.000235867420434983	0.00331993177601698
"AEI03365.1"	91.6716184930005	2.20856095341288	0.588900963618952	3.75030962734495	0.000176616350587455	0.00261201867461511
"ABI15082.1"	36.0466922981337	-2.20844706351505	0.563219020943635	-3.92111590942889	8.81398511586185e-05	0.00146878766252184
"ALJ05485.1"	67.3969112792301	2.20833688864312	0.635537492643676	3.47475469851037	0.00051132069509384	0.00619425970568895
"AOW17789.1"	60.7732808081031	2.20827654209432	0.564952230096895	3.90878453867786	9.27616479836132e-05	0.00153756962519197
"ANV75273.1"	133.930306983239	-2.20771773725152	0.503560548553797	-4.38421505336743	1.16404737693562e-05	0.000266465007070234
"ADI06306.1"	3456.53241869256	2.20585321552875	0.45924273346684	4.80324032320923	1.56118318220942e-06	4.84660467679111e-05
"AGL16460.1"	283.094738648018	2.20545855193607	0.483642180637392	4.56010381275987	5.11283385730112e-06	0.000133400649272136
"CCD48175.1"	90.8358042381968	-2.2054329719068	0.708627613712916	-3.11225942826479	0.0018566126531451	0.0172475992431747
"AGA24701.1"	129.54173777422	2.20507007697147	0.593005836110963	3.718462690743	0.000200438888805949	0.00288954023224065
"ADO76263.1"	115.056489200355	2.20346853773738	0.804773639918015	2.73799790207076	0.00618144702498595	0.0428461973041611
"ABQ07122.1"	30.9040405543608	2.20345263657337	0.565875177711721	3.89388459391992	9.86515965864084e-05	0.00161323019744923
"ACM32038.1"	98.7185970751747	2.20338483555153	0.705946796264736	3.12117690342948	0.00180129790373268	0.0169168521009393
"AIQ56104.1"	160.024049279005	-2.20336274604274	0.504427059175283	-4.36805025813869	1.25360649546497e-05	0.000283031995540624
"CBH46405.1"	922.829575407495	2.20231403769034	0.720663126755534	3.05595493362521	0.00224344973393574	0.0199018694736286
"AAZ64244.1"	173.63034225857	2.20223273387464	0.554994157891264	3.96802867662998	7.24696151798134e-05	0.00124852882866096
"ACU83992.1"	1452.00802306925	-2.20148998427638	0.457765245180951	-4.80921172468248	1.51526645878973e-06	4.75043670551816e-05
"ABR38820.1"	45.2395594185512	2.2011926645902	0.70587959814798	3.11836844465471	0.00181855307499148	0.0170262181738362
"ADW67276.1"	280.513443622675	-2.20039914620301	0.514549586483254	-4.27635976008043	1.89974135948737e-05	0.000404757679605848
"AIE86527.1"	616.16949410734	2.20018341290017	0.546933901505061	4.02275925270983	5.75202840828825e-05	0.00102504002112309
"ACG73646.1"	1214.65444759422	2.19979052675968	0.372793904903788	5.9008221374419	3.61694664325645e-09	2.3995269721471e-07
"AIV24875.1"	35.508196900909	2.19851137678348	0.613175681211723	3.58545102838865	0.00033649614533602	0.00440830420441142
"ADY44705.1"	110.706962966635	2.19841473699604	0.692260719227187	3.17570342493254	0.00149473679780264	0.0145502960331303
"AIM03351.1"	36.1013223704604	2.19802406265706	0.569219440003447	3.86147047726225	0.00011270663301384	0.00180717920839374
"ALL05500.1"	84.3223455071968	2.19771773851111	0.72789527401467	3.01927738366773	0.00253378428477238	0.0216420785653271
"CCK29817.1"	52.3247513288301	-2.19723566552173	0.61447690251366	-3.57578235493219	0.000349182070724449	0.00454932687893508
"ACG60512.1"	70.3845963505029	2.19646949163691	0.514872333094422	4.26604684395442	1.98967020956017e-05	0.000419448849298543
"ABY32954.1"	313.889595965057	2.1961028877246	0.695215539645838	3.15888060966438	0.00158376356501898	0.0152472643625417
"ACE86114.1"	113.985200120961	-2.19538279620387	0.819727980259966	-2.67818453080939	0.00740224249025938	0.0488296844385725
"ACG42119.1"	480.474573625167	-2.19085127136123	0.377220574124108	-5.80787852425151	6.326939255378e-09	3.99839709692014e-07
"ADJ43311.1"	3049.84303866189	2.19066519239232	0.457374474177823	4.78965337173717	1.67069660958185e-06	5.12859893441377e-05
"ACU18220.1"	342.634855081168	-2.19057955200538	0.733781262037258	-2.98533045927542	0.00283272118276084	0.0235047013137441
"AIQ54317.1"	90.064467999457	2.18910501112112	0.754614872854603	2.90095662021614	0.00372025375935837	0.0291009288200606
"ABX07144.1"	50.7035121873068	-2.18904886715874	0.69515876689993	-3.14899123968591	0.00163835106499035	0.0156599127320447
"ABQ24722.1"	67.0857577543486	2.18851883509405	0.516551737419423	4.23678535286203	2.26742706319164e-05	0.000469657697756555
"AGA16234.1"	46.3146329256196	2.1878372032108	0.66775820216979	3.27639135858117	0.00105142755293089	0.0110122580515725
"SCG71515.1"	297.537211353652	-2.18735286107586	0.514014183399153	-4.25543288827361	2.0864494232425e-05	0.000436890336971555
"ACR14722.1"	32.2484816937897	2.18701461671049	0.633812172849371	3.45057212593209	0.000559399670130149	0.00664726365236149
"CAN94263.1"	838.99774767486	2.18691413067606	0.393219240968334	5.56156439672334	2.67366983158016e-08	1.43394752116701e-06
"ADV84543.1"	168.879629662551	2.1864642541284	0.573606163022154	3.81178654463647	0.000137965996101523	0.00212458527329937
"ABB30002.1"	87.2599239010534	-2.18375003288272	0.589226144993422	-3.70613227440392	0.000210448419173911	0.00301212369283886
"AGZ43959.1"	715.965258724783	-2.18305139636514	0.352603228991271	-6.19124051305606	5.96925436355172e-10	4.72076963734446e-08
"ADV22197.1"	257.814227567339	-2.18300623686502	0.561110690972468	-3.89050907777505	0.000100034134369628	0.00163297704128985
"AGJ57461.1"	193.199840170562	-2.18290248990216	0.469150326198684	-4.65288494540597	3.27322903868336e-06	9.15457743925866e-05
"AAP46398.1"	46.5849265342989	2.18217585425193	0.649299922392046	3.36081336066191	0.000777133201315731	0.0087096161345217
"AIT09475.1"	26.3332181524207	2.1815951019973	0.54730628667365	3.98605891274579	6.71798382550914e-05	0.00117547921986846
"SHK71458.1"	639.008620460056	-2.17947691992635	0.510204849332019	-4.27176833536531	1.9392898651177e-05	0.000411305750483599
"ABX57602.1"	208.636723260155	-2.17921765447493	0.43070344973955	-5.05967076835053	4.19981001294952e-07	1.59535795281594e-05
"AIJ46113.1"	228.17498883578	2.17909771103034	0.462534225570042	4.71121398280257	2.4624551138781e-06	7.181134725847e-05
"AQT70881.1"	1319.28972423121	2.17681208685573	0.526298920532039	4.13607553033774	3.53295946695567e-05	0.000687343524926275
"AHI19588.1"	85.1991497083424	2.17629660752207	0.536997218183299	4.0527148630018	5.06266915162801e-05	0.000930626957117385
"ANU22777.1"	37.2205719527543	2.17595241072921	0.65844182553338	3.30469955939775	0.000950782613643671	0.0101673453214546
"ADT84632.1"	125.96530102091	-2.17496575472171	0.650680991082533	-3.3425991915074	0.000829976860146378	0.00914804416403859
"AIV37171.1"	724.240647182182	-2.17343559567641	0.512909688770906	-4.23746254605689	2.26060115038285e-05	0.00046883469953285
"AKH74115.1"	62.7499475967609	-2.17334617218537	0.55980517635599	-3.88232596620954	0.000103462059522053	0.00168206958094042
"AKS35647.1"	228.033030246515	2.17331460112373	0.713682257849673	3.04521315644295	0.00232515454604386	0.020417364903311
"ADW70856.1"	166.934923621355	2.17271681300944	0.488261869435242	4.44990065581521	8.59100195556389e-06	0.000207877001510775
"ADV27424.1"	1917.76374230518	2.17078486557034	0.579888782687153	3.74345034837735	0.000181510482877908	0.00267029294726742
"CAP61917.1"	39.2971505818922	2.16999270712753	0.640830107132982	3.38622153199993	0.000708621539422275	0.0080710205930293
"AJX74857.1"	51.7956639778466	2.16973603212035	0.600296948517345	3.61443788358298	0.00030099996862411	0.00403388947898544
"AEK46136.1"	130.054314090551	-2.16939648115122	0.354857815230108	-6.11342455497132	9.75154835097561e-10	7.3984918057971e-08
"ADI01878.1"	100.639861296028	2.16865324297338	0.613541474504137	3.53464815842496	0.000408318454483502	0.00514221617862725
"ADG66282.1"	73.6052804558013	2.16864643317911	0.772870395369122	2.80596390568611	0.00501663113724718	0.0366468440645408
"AJA93823.1"	29.4966202626455	-2.16689243149734	0.49440562032282	-4.38282321726535	1.17151173466713e-05	0.000267954595782198
"AEM23896.1"	157.754632717201	2.16428114865962	0.571228025129568	3.78882171995799	0.000151363484020651	0.00230052774084807
"ACV57112.1"	1136.23393013563	-2.16226101590371	0.492834714898919	-4.38739591700067	1.14715859407188e-05	0.000263676945809822
"ACO78265.1"	217.655761428088	2.16222956431957	0.512663111009728	4.217642186232	2.46870150658318e-05	0.000503445797326051
"ADU73607.1"	276.893436192151	-2.16031236513302	0.50494358669941	-4.27832419707321	1.88305627160926e-05	0.000401508327341758
"AAC51362.1"	216.289816940486	-2.15984932427862	0.643535772329503	-3.35622263306403	0.000790149338570829	0.00881666834700237
"AEE53454.1"	25.6328026291388	2.15859052845767	0.576678633840848	3.74314289066135	0.000181732813765224	0.00267075687883004
"AAO78704.1"	49.3397969027254	-2.15730155071583	0.513062585201809	-4.2047532073836	2.61367189644227e-05	0.000527939093887431
"SDN74908.1"	99.2117689699369	-2.15603811235618	0.586810862557747	-3.67416189768302	0.000238631396797986	0.00335209462356066
"AIV80198.1"	57.316503324079	2.155896052085	0.550438393546765	3.91668909247668	8.97734052229215e-05	0.00149423082795536
"APO97428.1"	123.495641180674	2.15494690860021	0.497929737491756	4.32781323617147	1.50597083101987e-05	0.00033145565554428
"ADH62748.1"	167.407457295745	2.15418529730633	0.512434334876083	4.20382700902985	2.6243954242607e-05	0.000529722958165844
"ABM78667.1"	81.8565055296755	2.15410178587352	0.498720031015351	4.31926061098439	1.56552823062659e-05	0.000342946231178576
"ADJ45855.1"	859.141911818165	-2.15395157730867	0.416948427124822	-5.16599041315928	2.3916904994892e-07	9.84673047407348e-06
"AAX69221.1"	1308.70185830379	2.15296254951318	0.788683114117813	2.72981950668665	0.00633690097332296	0.0437129552654884
"ACL16117.1"	286.883626053568	2.15293281784574	0.53646115397202	4.01321288951711	5.9897846246627e-05	0.00106200133218529
"ACA19680.1"	395.45981552381	2.15272041935122	0.556885596560248	3.86564212227443	0.000110797306003103	0.00178269044762235
"ACA57450.1"	40.425922824723	2.15108575989779	0.57732408245921	3.72595882495473	0.000194574167223948	0.00282536223319588
"ACY17037.1"	496.505552049074	2.15097233732618	0.562257536390821	3.82559983301149	0.000130454053308451	0.00203238268025788
"AEI40472.1"	61.0978036825882	-2.15042204394836	0.577341175696408	-3.7246989033035	0.000195548479653343	0.00283509851702485
"CCF00316.1"	81.0273248129619	-2.14950508499951	0.530884700545327	-4.04891134137323	5.14564315846655e-05	0.000942367143696626
"ADJ49175.1"	132.257076844145	-2.14904989588184	0.395927490133451	-5.4278875537475	5.7024945950917e-08	2.7290092082767e-06
"AID59415.1"	56.4624168259157	-2.14876330908721	0.387433691541441	-5.54614468488312	2.92037194675947e-08	1.54553370550998e-06
"ACV08399.1"	88.4334199446924	-2.14861788782618	0.601077375899223	-3.57461114654633	0.000350748791443144	0.0045623885988629
"ABW39337.1"	383.641430146977	2.14715396410866	0.706935947952394	3.03726804433667	0.00238733062471706	0.0208210928877192
"AAS53900.1"	136.201201752594	2.1457756862557	0.639680757583342	3.35444776291576	0.00079523566268507	0.00884873514011574
"AMO04965.1"	346.055570249124	2.14513256752441	0.517512779381281	4.14508134482988	3.39693099808424e-05	0.000664109498759541
"ACB95246.1"	97.2613454552604	2.14507370546535	0.441585854712275	4.85765946208359	1.18781467960487e-06	3.86226013591382e-05
"ABA79302.1"	486.597335320629	-2.1449894233368	0.429561540927159	-4.99343916754534	5.93134738989058e-07	2.15374839853926e-05
"AIQ12062.1"	80.5674916891686	2.14440748395795	0.559370696631887	3.83360711755187	0.000126277773966329	0.0019838702978469
"ACN82436.1"	70.9301508215712	-2.14414708601728	0.606442847782876	-3.53561278504012	0.000406830538508805	0.00513277501401194
"AJA66761.1"	82.480990715362	2.14403419152058	0.340532911820937	6.29611446381424	3.05199040987151e-10	2.62160721616737e-08
"ACM30378.1"	58.9759403996574	2.14367160390687	0.580015474515745	3.69588691697686	0.000219120494362413	0.00311553954300159
"AHG92062.1"	2170.76014282998	2.14121835184964	0.630441953657614	3.39637668373275	0.000682843179821295	0.00785409928606285
"ABQ07962.1"	56.5674530085221	2.14113098604499	0.79938117417706	2.6784856276472	0.0073955905990564	0.0488123276414279
"AEE53960.1"	50.8131799764437	2.14069156788402	0.583870079225702	3.6663834028332	0.000246005007886564	0.00344268007371381
"AEK35326.1"	24.4467909140525	2.14052167810702	0.515034150689997	4.15607717515303	3.23758500362249e-05	0.000636960152926319
"CDS06551.1"	41.265404253196	2.14035061240605	0.545082359032896	3.92665544378199	8.61352334410644e-05	0.00144138792314168
"AIQ71967.1"	83.6200098980271	-2.14020151389665	0.705592469734516	-3.03319778157768	0.00241976950573733	0.0210123657204163
"ABR30877.1"	49.5566759515483	2.13934845034547	0.579887674948269	3.6892462846987	0.000224919406124841	0.00318504992102734
"ADD40002.1"	4700.57679472057	-2.13932554634809	0.769686822291535	-2.77947534554226	0.00544467864229434	0.0389446150407952
"ADK97378.1"	229.972225328387	2.13923350641875	0.625649750943742	3.41921898505017	0.000628011630792415	0.00732270454629923
"ARE33212.1"	51.0057238745015	-2.13859380397316	0.431861716722121	-4.95203376720985	7.34418561963871e-07	2.57331440059331e-05
"ABV99424.1"	1237.79890004123	2.13805246935886	0.561525225008026	3.80758045077726	0.000140333092614164	0.00215747680440754
"ADX55897.1"	346.956066530819	2.13638091635349	0.534068500698312	4.00020018697995	6.3288922976321e-05	0.00111436269663213
"AEO12134.1"	105.053045483866	-2.13445140533199	0.750798984142762	-2.84290662402673	0.00447041654952785	0.0335353112863295
"APC36453.1"	303.855725550274	2.13361857923603	0.391675313543764	5.44741653471001	5.1106684006608e-08	2.48831778338956e-06
"ACR73263.1"	83.5055275833396	2.13336947658341	0.785751752898164	2.71506804625595	0.0066262154037785	0.0451136980652196
"ADR62269.1"	138.449396281133	-2.1332029677635	0.743701454397668	-2.86835927931753	0.00412606697965098	0.0315524094953043
"ADV23067.1"	70.2474038203331	2.13300350809499	0.6377985333616	3.34432175134163	0.00082484015073078	0.00911295377263572
"ABC29397.1"	79.5369969780953	2.13295963097068	0.624572117822079	3.41507340802923	0.00063764824183605	0.00741653518007564
"ACB63782.1"	562.12442659258	2.12980276541497	0.522595015602893	4.07543643132134	4.59281278199282e-05	0.000859494563132828
"ACS39314.1"	405.419546357089	2.12978469579676	0.39213503685613	5.4312532562046	5.59596507423725e-08	2.68261366812237e-06
"ACG39534.1"	128.610340431275	2.12941438642661	0.593391378003279	3.58854959030909	0.000332522749231001	0.00437009739852754
"ADM96987.1"	279.784114682219	-2.12905956224147	0.591340318525233	-3.6003964139486	0.00031773239340683	0.00421575169943963
"ABG84510.1"	60.8339962150487	2.1289100507539	0.556754353858569	3.82378698253467	0.00013141746583384	0.00204439195595333
"AEK42473.1"	936.334022052512	2.12798438177678	0.569057051341888	3.73949215945713	0.000184392399069393	0.00270274848395117
"ABE59843.1"	395.421524556615	2.12778799347251	0.707582645090853	3.00712292512389	0.00263733092415417	0.0222833127459929
"ADW73625.1"	338.253336023289	2.12730705852541	0.782923489293019	2.71713275641579	0.00658501886584202	0.0449647175402608
"ADB38143.1"	52.3260490893091	2.12719830674728	0.476852829986482	4.46091157057321	8.16117631254799e-06	0.000198152855808441
"ACT60291.1"	86.2746976093303	2.12622903663408	0.757268907773608	2.80775958818282	0.00498874544908925	0.0364755595697839
"ABD88359.1"	291.788252680428	-2.12591865072378	0.380365781575363	-5.58914275074602	2.28193309879681e-08	1.23808137662627e-06
"AAY47902.1"	348.281230002336	2.12591320416421	0.479096722284502	4.43733614796426	9.10790031479189e-06	0.000218308884600097
"ADE12794.1"	232.288996719791	2.12573621022823	0.503842706448333	4.21904729992596	2.45336804412976e-05	0.000501346655207713
"ADG11196.1"	1478.60482174126	-2.12527583494815	0.335593633718224	-6.33288483872911	2.4061916254728e-10	2.14534206199797e-08
"ADP78715.1"	618.757280878571	-2.12435681185454	0.43871654629998	-4.84220809488679	1.28404186367718e-06	4.13195816270188e-05
"ADY50883.1"	38.5797441985083	2.12223645169873	0.643000806679045	3.30051911234701	0.000965061402203282	0.0102846817723955
"ABQ06126.1"	36.8952980462868	2.12181265786011	0.635060884747128	3.34111690520032	0.000834420807154792	0.00918978950318865
"AQW53527.1"	354.089555387021	-2.11915894019716	0.67583079500852	-3.1356353629468	0.00171482270344825	0.0162636316837905
"ALJ90919.1"	81.3579686111339	2.11817202724241	0.591398521996227	3.58163226396417	0.000341454196127588	0.00446490036188135
"ACV81595.1"	952.683855626988	2.11771217344582	0.531209306537829	3.98658710866356	6.7030525102178e-05	0.00117360011304601
"BAH32245.1"	52.2487075673201	-2.11764588830009	0.420293637163881	-5.03849142849235	4.69215429450941e-07	1.75882945662038e-05
"ABV92449.1"	633.731814427978	-2.11737398069658	0.385004702091212	-5.49960550922038	3.80641885981991e-08	1.92702535984662e-06
"SDR76565.1"	96.3592969709576	2.11725646082951	0.635957811759306	3.3292404333746	0.000870831931033629	0.00947893108134428
"AGQ97139.1"	39.5491052656324	-2.11701651871481	0.505728670678778	-4.18607178405249	2.83823620696574e-05	0.000566352536352194
"ABG38662.1"	42.7160611136701	2.11687699925998	0.723557833267422	2.92565003366856	0.0034373738238495	0.0273155599127137
"AIW49305.1"	55.4806996614893	2.11669169786013	0.570613468107321	3.70950181894765	0.000207667465502206	0.00297536252006129
"ALX07533.1"	142.55049095368	-2.11518930485502	0.470409718617917	-4.49648300436805	6.90866990396157e-06	0.000173001004142494
"ADY52739.1"	84.3531378322103	2.1147781520856	0.710093816160435	2.97816725615281	0.00289977696983527	0.023975828720469
"ACB74648.1"	678.300073733131	2.11460576651846	0.549438268544527	3.84866851761181	0.000118761584851548	0.00188693076440547
"ACT00387.1"	36.8760673730173	2.1135288372194	0.624927229991696	3.38203991726762	0.000719496888031824	0.0081649918432667
"CDI09052.1"	46.3799450341013	-2.11311490620865	0.478047522639683	-4.42030301619482	9.85625956595458e-06	0.000233053921290933
"ANE78740.1"	228.252314044525	-2.1124928894747	0.499918144482637	-4.22567756899664	2.38222887696063e-05	0.000490028505800072
"AKH61981.1"	48.1363495442077	2.11236121272296	0.697621447527203	3.02794763579941	0.00246220748498374	0.0211967898984025
"ADU69676.1"	212.214802765416	2.11234910476935	0.562761581373896	3.75354177449778	0.000174353459913054	0.0025853810718887
"AEG77303.1"	107.640400274309	2.11043061654628	0.658272678662586	3.20601277396785	0.00134588013629528	0.0134042192442983
"AFC85570.1"	238.031946329918	2.11011140167734	0.602135555383096	3.50437934251337	0.000457672910257157	0.00563209265738874
"APG11294.1"	107.358704479462	2.10963526581466	0.330894207452057	6.37555816422179	1.82297785737808e-10	1.67331436377563e-08
"ABR44183.1"	32.6086911116871	2.1077623255526	0.503861450742207	4.1832180700623	2.87411457070701e-05	0.000571881389634068
"ACZ90564.1"	246.154425829129	2.10539347877232	0.449434436225296	4.68453974389472	2.80589720408788e-06	7.99124090800043e-05
"ACE84401.1"	234.328788602536	2.10379890384706	0.30997163291431	6.78706913941589	1.14434377348154e-11	1.43663893643001e-09
"AKF80916.1"	468.499022642344	2.10337760119299	0.511339793484519	4.11346354810281	3.89766611176632e-05	0.0007453487736681
"ADB37287.1"	191.158296416416	2.10189718271884	0.72840495801503	2.88561624902541	0.00390648162296283	0.0302199114441745
"ADO70097.1"	137.21916831731	-2.10180940973663	0.407718533958115	-5.15504995402674	2.5356332426625e-07	1.03783023774239e-05
"ACT51154.1"	198.208581877705	2.0993806247569	0.686847661037346	3.05654476800024	0.00223904042060436	0.0198997382905523
"AHF03803.1"	1200.15779617826	2.09792771802918	0.639363640665333	3.28127466842819	0.00103339057668266	0.0108599108801831
"SMD46304.1"	36.4671835944588	2.0976508846356	0.69340708079914	3.02513623342019	0.00248521157435535	0.021296597256092
"AGZ32472.1"	59.729051935905	2.09697844926729	0.571910743409643	3.66661839007505	0.000245779155694978	0.00344213769026344
"AEK63560.1"	268.322509084062	2.0963891835738	0.724123304544367	2.89507211053357	0.00379071440884819	0.0295694735553396
"AEL05117.1"	312.435320208107	2.09561853221318	0.461935978100957	4.53659951066895	5.71685209221115e-06	0.000146968770590949
"ADQ43777.1"	400.344607551722	-2.09540178683126	0.376079583593275	-5.57169779547886	2.52268738437383e-08	1.36079298676165e-06
"ACX63968.1"	133.744431397052	2.09379680282303	0.67093905411919	3.12069597077155	0.00180424203522796	0.0169331411392028
"AKU90669.1"	839.330969870884	2.09375069355371	0.322807104673344	6.48607376740492	8.81020428021231e-11	8.71556462999377e-09
"ABN54169.1"	413.817022636331	-2.09360327177522	0.481553816325666	-4.34759979216811	1.37635453337764e-05	0.000307276088647849
"ANI42603.1"	516.061768005872	2.09299292423491	0.321122527378779	6.51773932311553	7.13748885936695e-11	7.18781072326753e-09
"AEO67457.1"	718.736711367892	2.09283917472931	0.429935696662661	4.86779579126552	1.12849850157636e-06	3.70188467338544e-05
"AAM42647.1"	97.6319782894032	-2.09260345804677	0.614145248360683	-3.40734291054516	0.000655986565804429	0.00758884293233917
"ABL99150.1"	155.821279711356	2.09200689202122	0.359790059253108	5.81452110256753	6.08077148817381e-09	3.85152213988493e-07
"AKJ36317.1"	33.4170868634394	2.09174544657495	0.641002809270855	3.26323912519873	0.0011014653921313	0.011429438516719
"ABZ71539.1"	476.103456441381	-2.09168668000948	0.358988543129329	-5.82661123883258	5.65641690570044e-09	3.61545770986277e-07
"ACB09674.1"	47.6906357407525	2.09089488313372	0.770344633658905	2.71423307410164	0.00664294105222912	0.0452055852450672
"AHW94984.1"	81.2218933390824	2.09069821386214	0.539570966517975	3.87474186640192	0.00010673778327131	0.00172730114477665
"ABX40879.1"	35.123016717193	2.090208562404	0.626694331308151	3.33529195651242	0.000852098862266854	0.00933673571351188
"AEJ19163.1"	50.2952319416985	2.08869773675141	0.66990012931588	3.11792406859877	0.00182129719887815	0.017041790233888
"ABG60674.1"	149.905043733804	2.08789242614544	0.642186541734467	3.2512242011586	0.00114909202978844	0.0118092073553691
"ADU73606.1"	419.289865214373	-2.08783856981243	0.466606807411445	-4.47451373758338	7.65854028370142e-06	0.000187992120387838
"ACS86778.1"	106.743316219275	2.08616419180002	0.561727324891137	3.71383783440536	0.000204139634225	0.00293684131539727
"XP_001394039.1"	43.7758871005461	2.08509984411783	0.647510659489338	3.22017840719758	0.00128110841673383	0.0129293119087528
"ASB73601.1"	54.3389575965348	2.08336524215359	0.762691091957994	2.7315977125223	0.00630280480813239	0.0435257334505363
"ADH87039.1"	191.483589784915	-2.08174348042087	0.364931384962752	-5.70447916019433	1.16699369997557e-08	6.87813802621391e-07
"ABA76698.1"	185.20935513469	2.08028382674011	0.439638481766207	4.73180559259227	2.2253148693299e-06	6.57172100018564e-05
"AGF78656.1"	42.6606571585799	-2.0796624915091	0.684870530791648	-3.03657756905556	0.00239280533258845	0.0208467124779371
"ALI97831.1"	45.1224826399914	2.07772393674816	0.556422904273655	3.73407334743056	0.000188407585267026	0.00274864969105557
"ADE10722.1"	133.608074144066	2.0771508277568	0.582912656690059	3.56339977167667	0.000366082510940569	0.00471624453261527
"ABZ71537.1"	634.123750703466	-2.07700479489336	0.327086726377738	-6.35001248107731	2.15297459215006e-10	1.95697002213744e-08
"ACB67897.1"	1142.89941905841	-2.07593729596147	0.496544827927208	-4.18076511767794	2.90529852741683e-05	0.000577265703148059
"AIV37300.1"	804.828746972979	2.07561841400428	0.539636090787977	3.84632986828856	0.000119900317124619	0.00190182961938858
"ADE81565.1"	65.7008441387801	2.074902298529	0.727429181132818	2.85237704555347	0.00433935960742673	0.0327893958352277
"BAL09801.1"	78.6888164232323	2.07482083571798	0.343356156201034	6.04276579361278	1.51494488741372e-09	1.10162070306583e-07
"AEM81499.1"	379.157090885275	-2.07364198909516	0.62875146896896	-3.29803124356205	0.000973652998580447	0.0103486671785339
"ADV84346.1"	30.2750115743216	2.07193689863354	0.663378079196783	3.12331227637525	0.00178827901526276	0.0168228021879355
"AJQ53193.1"	49.0583881561613	2.07183078603627	0.531257601640231	3.89986097072229	9.6247940866508e-05	0.0015831711824317
"AHZ73934.1"	174.21841150526	2.071479930276	0.691873800288495	2.99401412426983	0.00275333198307123	0.0230096364770335
"ACE86277.1"	392.405097440347	2.06972785207076	0.774907857992139	2.67093413845825	0.0075640486657907	0.0496281008782462
"ARK10560.1"	112.142569752034	2.0695863563827	0.616046404967672	3.35946503330591	0.000780935332787079	0.00873823564216909
"CDP31732.1"	98.3632005954265	-2.06930376941801	0.63730585233047	-3.24695554238373	0.00116646609098549	0.0119389038112323
"AGW13874.1"	453.634858397089	2.06722555749635	0.394282498393582	5.2430061337209	1.57981285209445e-07	6.86777028062676e-06
"ACF51483.1"	716.599430400502	2.06619920793714	0.531966117911708	3.88408046747081	0.000102717887638506	0.00167191278042304
"ACU73788.1"	288.682309694699	2.06583551209243	0.516371171638769	4.00067940573877	6.31608805096311e-05	0.00111280806214451
"AGO04561.1"	34.7261003499595	-2.06504048219211	0.566946472710537	-3.64239056346761	0.00027011782541605	0.00370333919703611
"ADE53403.1"	80.4289322710803	2.06475936591001	0.610313863843574	3.38311070455908	0.000716697360337049	0.00813945856102687
"ALI97699.1"	957.85087691636	2.06463718898762	0.739821339584428	2.79072402824629	0.0052590291501981	0.0379561175790013
"ADQ78740.1"	27.5471569491948	2.06461382412149	0.693095306788614	2.97883105526665	0.0028935026835077	0.0239310195354451
"AEA20265.1"	41.237794155522	2.06393294975635	0.619746403117215	3.33028629028765	0.000867567325544787	0.00945074507624586
"AHJ98355.1"	137.039243326119	2.06376634587699	0.487980173980145	4.22920121742683	2.34522517844721e-05	0.000483697161098422
"AAO79179.1"	60.0321272589649	2.06183339634186	0.667463241210607	3.08905909575219	0.00200791494760632	0.0183944983223778
"AQM59403.1"	30.4899764495472	2.06127343186361	0.594173431391801	3.46914439953205	0.000522118745505202	0.00630324984871221
"AEJ41120.1"	184.383060915256	-2.06111710600573	0.482796592271496	-4.26912107293143	1.96244730768519e-05	0.000415273430279325
"ABP55699.1"	894.550511015532	2.06111576347661	0.58041810874884	3.55108796987673	0.00038364216433607	0.00489983851859152
"AFK20875.1"	109.632206630423	-2.06107921279226	0.5204935758839	-3.95985523796743	7.49952101545964e-05	0.00128256927519125
"AKF07337.1"	1350.91062470852	-2.06060455604791	0.410384223155602	-5.02115929360815	5.13605421257376e-07	1.89445288188689e-05
"AEK35441.1"	193.912842604606	-2.05980534574872	0.428840499528722	-4.80319687159296	1.56152215261665e-06	4.84660467679111e-05
"AIX51156.1"	161.730009444706	2.05887954696639	0.443566409910221	4.64164891877883	3.45639778886296e-06	9.56178977243157e-05
"AJP05941.1"	181.851344702638	2.05792482804114	0.394807029764297	5.21248273940245	1.86329909941474e-07	7.84434911085942e-06
"AAW75017.1"	197.130672034443	-2.05766274684117	0.486015137411705	-4.23374209659259	2.29834508743735e-05	0.000474516733539056
"ACM01305.1"	486.063156659843	-2.05677314451004	0.39378202092685	-5.22312608297603	1.75927513255977e-07	7.50802844682061e-06
"ADJ65361.1"	249.747588186559	-2.05665272156951	0.700097010329354	-2.93766819630037	0.00330690737375675	0.0265196731124875
"AAI51380.1"	22.0962519326452	2.05582841201638	0.408203969264138	5.03627736820488	4.74672605559265e-07	1.77185790203162e-05
"ADO77238.1"	53.0625591865662	2.05465413741244	0.520964099421776	3.94394573386712	8.01518028368707e-05	0.00135339558035044
"ACT05407.1"	32.2772549733071	2.05367944408806	0.568248378007696	3.61405245235956	0.00030144803559158	0.00403796134182864
"AAW45012.1"	77.5840987275943	2.05295992627796	0.63120657773336	3.25243747245168	0.00114419767294137	0.0117724946900649
"ACU95608.1"	311.131525857147	-2.0518590104781	0.426904733794061	-4.80636275040211	1.53700912797012e-06	4.7969420104922e-05
"AAY88924.1"	417.608311815716	-2.05139783577352	0.333559878282458	-6.15001374366853	7.74762330645771e-10	5.99178072065166e-08
"CAN36314.1"	39.3978476677944	2.04744176804371	0.554389241546416	3.69314844987354	0.000221494635473878	0.00314450497704194
"ADY64245.1"	540.353398881475	2.04712618272861	0.514593906496712	3.97813918292422	6.94567122155881e-05	0.00120552393997992
"ABZ70421.1"	847.341685181293	-2.04497442059235	0.449565300946459	-4.54878171488572	5.39573756663833e-06	0.000139843496732285
"AGK80319.1"	1884.10035355386	-2.04439450948698	0.419994767386902	-4.86766661929306	1.12923614483182e-06	3.70188467338544e-05
"ABK48155.1"	59.3833041535196	2.04414915109117	0.663703504921241	3.07991314786524	0.00207060966612725	0.0187966239341434
"ABE35904.1"	246.129301437936	2.0436244646739	0.370764223700699	5.51192465194167	3.54930871982602e-08	1.81195013292923e-06
"AHF16646.1"	50.351737083241	-2.04315834340573	0.473662662147732	-4.31353050743207	1.60667957201097e-05	0.000350043589867853
"ABX38498.1"	564.795481291106	2.04289252515231	0.462678890180461	4.41535710513075	1.00843376499612e-05	0.000237844243343146
"ACO53433.1"	88.5741257071725	2.04213007727123	0.481898233738563	4.23767910794859	2.25842239891832e-05	0.00046883469953285
"AAU92152.1"	1599.99229345076	2.0389944998535	0.643833770466406	3.16695798416479	0.001540425729806	0.0149017825610397
"EIN09066.1"	667.751340215108	-2.03867513463033	0.664703186278005	-3.06704582844842	0.00216185709629234	0.0194671441839177
"ALZ75622.1"	37.1820290752598	2.03281947945717	0.669462571948886	3.03649459228078	0.00239346401993837	0.0208467124779371
"ABN76874.1"	525.184343624772	-2.03081506992136	0.373355773313751	-5.43935627912402	5.34734256734781e-08	2.59003810580397e-06
"AJX51042.1"	59.461169049982	2.03036131620797	0.654695695930967	3.10122905775457	0.0019271914883386	0.0177821357355889
"ABE42150.1"	621.248807563002	-2.02950260393114	0.411374895334283	-4.93346246197636	8.0784573615786e-07	2.78527699870387e-05
"ABM15659.1"	531.773168812861	2.0293749526933	0.385709167426606	5.26141228696477	1.4295308144327e-07	6.28275426701064e-06
"ADN30030.1"	45.1476521994021	-2.02905175695219	0.459667290074363	-4.4141747754641	1.01396019932855e-05	0.000238745414132903
"AJX05875.1"	53.0392893071472	2.02685207492894	0.624855379583377	3.24371389149333	0.00117982190933857	0.0120504539123833
"ABF09971.1"	1551.10473932425	-2.02677845792443	0.672822035727071	-3.01235445675354	0.00259229710645411	0.0220373028070715
"AJI57197.1"	129.814100812587	2.02664068301185	0.669116300703169	3.0288317305707	0.00245501381736896	0.0211543757559438
"ADP72269.1"	742.434492338623	2.02606689672137	0.590981944814023	3.42830591442003	0.00060736064187951	0.00712942076732023
"AOZ92378.1"	143.526991150331	2.02582382133411	0.635854213077136	3.18598788790026	0.0014426063666043	0.0141709501191067
"ACD05828.1"	27.1545667759869	2.02481958798018	0.498836168153338	4.0590873662508	4.92648804095846e-05	0.000908576806289018
"ANA11091.1"	374.865889600527	-2.02317392484786	0.452860512313936	-4.46754324970893	7.91230181511019e-06	0.000193104709879813
"CAJ50449.1"	95.0640153605385	2.02087330075456	0.474943394020889	4.25497717453393	2.09070341976905e-05	0.000437453908369613
"EAA64499.1"	142.308681295426	-2.01872376360366	0.553054629743436	-3.65013446237699	0.000262103065855081	0.00362720584858074
"ACR11610.1"	83.4493078145944	2.01866346849023	0.451716733717845	4.4688702405945	7.86338120780692e-06	0.00019243288487217
"AMY07609.1"	341.189682138247	-2.01863066538348	0.450519826939881	-4.48066998315006	7.44090906834011e-06	0.000183699903242725
"AAN13048.1"	98.1154748751652	2.01810352160074	0.711209027047281	2.83756736044153	0.00454587536165284	0.0340193335003563
"AEI47623.1"	37.1769708305318	-2.01800437674759	0.543451072307668	-3.71331381899477	0.000204562968644171	0.00294142006685271
"ABS14982.1"	144.951696028025	-2.01784258456501	0.469774182556625	-4.29534584804858	1.74421202923002e-05	0.000377656302941406
"ADY58312.1"	51.5613191239607	2.01631977098504	0.5666475941235	3.55833112483945	0.000373218629038549	0.00479003939396397
"AEI48680.1"	198.528837414209	-2.01624252799779	0.425373205100777	-4.73993778597341	2.13783850821428e-06	6.33343141544625e-05
"CAP68427.1"	407.781065228098	2.01545659806763	0.454829261799516	4.43123775742473	9.36937111800336e-06	0.000223238224527338
"SDU83103.1"	101.80268005838	-2.01272197118724	0.622681927468815	-3.23234364512377	0.00122779306189308	0.0124676440191362
"ABV67235.1"	107.650064424186	-2.01219212551417	0.523461973362007	-3.84400821437054	0.000121040951265319	0.00191813133216154
"AAZ96255.1"	693.01085753769	-2.00870631138803	0.444031275079392	-4.52379466070015	6.07406563496336e-06	0.000155438337766393
"ADB37909.1"	593.347570314875	2.00856063669603	0.551626467269084	3.64116074168764	0.000271411606510123	0.0037138022169391
"ACX75587.1"	278.137249858794	-2.00842356734564	0.516014167239961	-3.89218687170593	9.9344676130864e-05	0.00162361561760634
"ADV17660.1"	25.544566515159	2.00837687117982	0.498872698861987	4.02583038871694	5.67746027785937e-05	0.00101433425615157
"AAZ97823.1"	375.122211096448	-2.0068540666598	0.307739068485866	-6.52128466019574	6.9707745968983e-11	7.04526374060523e-09
"ALC19479.1"	686.291355881367	2.00642877084384	0.514785485459726	3.89760167587479	9.71500378276762e-05	0.00159519792318101
"AEM70861.1"	23.4915626286936	2.00639900674706	0.500627231997319	4.00777040981623	6.12946627081274e-05	0.00108265323481182
"ACJ75408.1"	39.0235268039887	2.00510245224801	0.529090855537531	3.78971292219919	0.000150821486006717	0.00229478169687176
"AAM42607.1"	353.956103415198	2.00391907197877	0.497200174897456	4.03040701341681	5.56803531686493e-05	0.000997968737073948
"ABS75792.1"	127.26995676156	-2.00254582874043	0.527872131599036	-3.7936191529458	0.000148467336152257	0.0022638842826354
"AEM82375.1"	1268.63730835499	2.00168752749953	0.346172014382838	5.7823493648618	7.36645225494095e-09	4.58291549620726e-07
"ADV89072.1"	58.4634030918479	1.99929209794673	0.580115734109976	3.44636764767996	0.000568176803655838	0.00674297490256416
"AEB84918.1"	236.199537996898	-1.99846349045629	0.430023518589084	-4.64733532950311	3.36250321293277e-06	9.37615935749659e-05
"ABZ91899.1"	58.378322771705	1.99795607615758	0.645752899497747	3.09399474274378	0.00197480985806438	0.0181446592669414
"ACL62097.1"	612.020547948406	1.99756272529535	0.56790964819162	3.51739529634008	0.000435804244736782	0.0054201579900715
"CBQ70546.1"	1268.77957582092	-1.99690776131915	0.503362432705309	-3.96713705984536	7.27411645412928e-05	0.00125221688476375
"AIL10186.1"	695.725958651507	1.99538783487468	0.438700604238636	4.54840457386118	5.4054143876012e-06	0.000139861350457748
"AAQ55313.1"	224.536482493051	1.99528826005775	0.572986388348325	3.48226118566152	0.000497198483681458	0.00604410280032397
"ABS27515.1"	2332.83952584968	1.99384103781572	0.460144570019971	4.33307522835526	1.47040836820642e-05	0.000324905703838255
"APC34687.1"	293.126426360317	1.99320720686031	0.386522881767304	5.1567638059272	2.51254408914565e-07	1.03139566451205e-05
"ADL47224.1"	90.1369336189637	1.99202203001197	0.558005167870913	3.56989889110273	0.000357119040098928	0.00462651765229504
"BAL88285.1"	703.43585394178	1.99143026945374	0.475432534587502	4.18867057800652	2.8059336130234e-05	0.000561106553072879
"AIY41926.1"	62.5939059496564	1.99120316277237	0.400826039571215	4.96774901376784	6.77345507446599e-07	2.41566430910509e-05
"ABD26332.1"	1316.10756302336	-1.99102736566783	0.555030437992973	-3.58723995906876	0.000334196749142771	0.00438844849390291
"ADL18861.1"	37.9460097266929	1.99089926483763	0.668690561237394	2.97731025416827	0.002907895791881	0.024028763456169
"ACR72246.1"	60.4991161466511	1.99076209390101	0.509844438315565	3.90464609259666	9.4363374628012e-05	0.00155766334674872
"ALF95043.1"	68.9463445499805	1.99069965114332	0.594555976519279	3.34821232947235	0.000813346709197213	0.00901597951634127
"ABE33945.1"	439.376328525847	-1.99066754110905	0.283581416945002	-7.01973903140177	2.22283030868933e-12	3.25813389120767e-10
"ACX51582.1"	87.0929357601679	1.99035171902788	0.544084512745402	3.65816646569251	0.000254026043374306	0.00353816572652092
"AJC74373.1"	82.514683219955	-1.98944366764885	0.651511270275885	-3.05358289014158	0.00226126242421159	0.020004109550787
"AIR01824.2"	220.137406580889	1.98879273467352	0.419505541440003	4.74080205912597	2.12873827572991e-06	6.3131521999295e-05
"AAC79667.1"	42.4618832337042	-1.98749705124186	0.601918412389236	-3.30193762199888	0.00096019421025106	0.0102445110938219
"ADB44000.1"	130.690991919589	-1.98664288386815	0.428411163986573	-4.63723415930966	3.53102314379959e-06	9.73936196392251e-05
"AIQ52172.1"	51.422843197846	-1.9837828062978	0.609142307470812	-3.25668202974533	0.00112722628157528	0.011653555014395
"SDJ09020.1"	251.881153587871	1.98351917990732	0.526143987020156	3.76991703571694	0.000163301823316754	0.00244350499496304
"AKG42356.1"	887.182505318693	1.98294000794094	0.344862422765245	5.74994512896166	8.92724172506338e-09	5.40967660897997e-07
"AJF65548.1"	492.977472630848	1.98183951946396	0.553731278213415	3.57906370371249	0.000344827413035682	0.00450480086577086
"ACU08317.1"	38.0112117575847	1.98101754373081	0.731572797054486	2.7078884722162	0.00677127728947806	0.045753705516854
"AKU15638.1"	559.798036285087	-1.98037455565924	0.372066223708372	-5.32263997500476	1.0227203199324e-07	4.64078800348424e-06
"ABL98500.1"	400.735902167431	1.98003242317927	0.690330145552098	2.86823983558725	0.00412762510416002	0.0315557051928083
"ABX04818.1"	104.312238683828	1.97854436666622	0.416795496757935	4.74703873255932	2.06416435452714e-06	6.15093885425104e-05
"ADI05425.1"	448.143510523548	1.97788029758652	0.444784903131837	4.446824259681	8.71490770136079e-06	0.000210329789661463
"ADY37155.1"	39.6406715047636	1.97527832117296	0.711353161980378	2.77678996417739	0.0054898642297373	0.0391777310669705
"AJP07641.1"	100.192007869059	1.97459242985824	0.699149003447786	2.82427983179656	0.00473869923932899	0.0350413924759746
"AAM82669.1"	170.943094762365	1.97436342848779	0.601913675169689	3.28014383114188	0.00103754177139547	0.010887188692649
"AIJ17959.1"	2324.88442125309	-1.97343883262551	0.438555406032065	-4.49986205957572	6.79975722638125e-06	0.000170578856012338
"AKD96631.1"	56.7537918089937	-1.97327801158522	0.427615612690016	-4.61460702796105	3.93839782143174e-06	0.000106840489737212
"ADY34197.1"	39.5999245469546	1.97292536719624	0.69065133439502	2.85661558726218	0.00428184068724307	0.0324599003195388
"ACF52384.1"	393.728196875418	-1.97249598631804	0.2842863923644	-6.93841154306703	3.96533153847282e-12	5.4686414655707e-10
"ADQ69076.1"	192.774381309065	1.9710035024984	0.424241133007133	4.64595096785502	3.38513405577648e-06	9.42987194283766e-05
"ABQ66886.1"	1693.44065897003	1.96642213080141	0.444824907164468	4.42066552283762	9.83973800523106e-06	0.000232859936766229
"AGC49241.1"	913.481675345514	1.96597444493182	0.712069008592659	2.76093246751098	0.00576365930380264	0.0405323802736144
"ADB43097.3"	51.8235473652632	1.96558571470765	0.564919212776371	3.47941027717487	0.000502518608190576	0.00609290210259998
"AIS18844.1"	286.376389847263	1.96465147829446	0.711382020594632	2.76173901141364	0.00574944171813012	0.0404646789137951
"AIR56322.1"	36.466893505392	1.96380263298611	0.568000051104629	3.45739869066379	0.00054541727386626	0.00652414804384406
"ADV42626.1"	182.120935413882	-1.96350327207556	0.636856082985513	-3.08311928633996	0.00204843027095283	0.0186739999562342
"AED97742.1"	40.3079755382518	-1.96124949952915	0.533534293366529	-3.67595771052304	0.000236958777097846	0.00333361704705091
"ADW07721.1"	159.09455999541	-1.9601651162322	0.520431290597852	-3.76642440922497	0.000165602191909556	0.00247263944783996
"ADY53610.1"	103.149736460099	-1.95864556810086	0.602126684624925	-3.25287953202229	0.00114241919180226	0.0117715008073964
"BAK53380.1"	29.9127553983226	1.95832952533928	0.525260519856839	3.72830138818167	0.000192774749394827	0.00280505295429188
"ACN67534.1"	319.157431482414	1.95674297926941	0.367582897507777	5.32326991417767	1.01918342903379e-07	4.63952183402116e-06
"ADU22705.1"	186.306892734819	-1.95658389479434	0.62913492957196	-3.10995909275857	0.00187113255730817	0.0173630185861451
"AEV97065.1"	137.740538941855	-1.95572332292281	0.614692361190826	-3.18162945629265	0.00146449055964614	0.0143445811866509
"ABR40337.1"	84.4412296499769	1.95519613599822	0.508036443118799	3.84853520348937	0.000118826222947809	0.00188693076440547
"AFQ50237.1"	76.2660363197434	1.95513504332846	0.521346570800233	3.750163812006	0.000176719087064105	0.00261215816338263
"AEE48069.1"	134.69557697103	-1.95419073462595	0.599231186405942	-3.26116326879907	0.00110956131936	0.0114848025484312
"ACS61622.1"	107.328382162589	1.95382313620804	0.582219991396743	3.35581595458587	0.000791312101328602	0.00882612493577511
"ACF50724.1"	699.924245638052	-1.95324085270694	0.440348298870857	-4.43567252948508	9.17852862247092e-06	0.000219813590517276
"ADI06003.1"	107.512918877842	-1.95295722647344	0.401458874663382	-4.86465077677252	1.14659073088099e-06	3.74561891502267e-05
"SCG70955.1"	220.640313804587	1.95226535896199	0.520476716046653	3.75091776206757	0.000176188485031385	0.00260706809034813
"ACG31574.1"	675.021262976309	1.9521707120536	0.53853203164028	3.62498532558519	0.000288977860000244	0.00391020984464323
"ACV07889.1"	82.648334750431	1.95170902629141	0.673574416317436	2.89754031479073	0.00376101396981673	0.0293623388452285
"AGL17323.1"	711.511462252697	1.95136368557643	0.556543892134124	3.50621705341824	0.000454524402823497	0.0056042896544512
"ADH66367.1"	563.353501405885	1.95054371355902	0.409821894771022	4.75949122886379	1.9408155887004e-06	5.86771849041647e-05
"AEG48978.1"	833.320866220546	1.95038166951404	0.373219756507371	5.22582643471481	1.73378941406975e-07	7.42189119821051e-06
"AEI95396.1"	158.602657237974	-1.94952360324098	0.525837687905857	-3.7074626792251	0.000209346256439604	0.00299788122520877
"ACM04860.1"	226.974722516668	1.94881990209626	0.378033115814444	5.15515657377706	2.53419089375513e-07	1.03783023774239e-05
"BAJ62458.1"	71.7783809276991	-1.94622992103746	0.580074729566848	-3.35513653989158	0.000793258206652547	0.00883726890308186
"ACS15389.1"	385.009902008525	1.94619224918367	0.44237388037157	4.39942848241622	1.08536338126491e-05	0.000253215276849103
"CEF78472.1"	60.5429202638102	1.94515301449387	0.427865613153556	4.54617747885193	5.46289763079669e-06	0.000140957863660631
"AIQ64402.1"	102.108554835822	1.94346144589355	0.687041184950923	2.82874082145799	0.00467315272408723	0.0347212270869284
"ADH64790.1"	284.591152883648	-1.9433069101726	0.663629167496464	-2.9283024396045	0.00340818346938654	0.0271674409785216
"ADV88047.1"	35.6971490814004	1.94277931396832	0.617192450437411	3.14776908335715	0.00164521604029169	0.0157145916970339
"AAI51374.1"	173.834791070721	-1.94236240184275	0.461772472263449	-4.20631916909634	2.59563591646899e-05	0.000524674535144157
"EMD37281.1"	187.462648910289	1.94219344459849	0.639145135548974	3.03873617520424	0.0023757280581549	0.0207263579670005
"AHY49890.1"	89.1062385092465	1.94123773163509	0.319390457789634	6.07794529952327	1.2173226343323e-09	9.0880438588712e-08
"ADV81053.1"	211.120008942873	1.94108838566841	0.328860876760804	5.90246065384135	3.58119544146432e-09	2.38145243656141e-07
"ABR77902.1"	37.0359959251283	1.94065827107263	0.597052586584638	3.25039756074739	0.00115243778692681	0.0118355276165822
"ADV42929.1"	40.9083318352623	1.93991514512272	0.613811786118245	3.16043971294649	0.00157531201798486	0.0151763369771178
"ADO73399.1"	198.966746102976	-1.93943198733395	0.308034732005863	-6.29614710881706	3.05134806847621e-10	2.62160721616737e-08
"CBL17490.1"	37.0197581046375	1.93860340218462	0.672175574267017	2.88407296605295	0.00392567782398121	0.030334376781574
"AIY82906.1"	132.028085948096	1.93805126143556	0.610933252345158	3.1722798750863	0.00151247170472867	0.0147075921658853
"KEZ92913.1"	56.4702129060327	1.93668227840757	0.613505016473312	3.15675051777155	0.0015953777962476	0.0153379796647486
"ADU86017.1"	956.687185792536	-1.93620466847914	0.633585267915095	-3.05594963539873	0.0022434893769157	0.0199018694736286
"ABM50755.1"	132.154261988642	1.93546505970141	0.554906579382354	3.48791153612866	0.000486809116938112	0.0059410235561462
"ACU58984.1"	44.2031628568781	1.93450536353403	0.693692214850624	2.78870848211925	0.00529186749467896	0.0381537786198898
"ADN68540.1"	43.2279777136434	1.93414441844058	0.595512195491229	3.24786701781167	0.00116273599635791	0.0119213639073191
"ABG59412.1"	37.4684475918404	1.93284271651543	0.583493143454542	3.31253715351672	0.000924538451083362	0.00993803794625023
"ADO84203.1"	47.090781069179	1.93226825960363	0.584861521837543	3.30380472548912	0.000953822457016332	0.0101897386561293
"ACR12221.1"	32.8972494287265	1.93186940640084	0.539448058329877	3.5811963294147	0.000342024512903635	0.00447026996416908
"AGK51140.1"	147.150222725234	1.93146362218094	0.582258816260054	3.31719085781655	0.000909274792033755	0.00980664848564049
"BAJ12091.1"	34.7599507121117	-1.93083963147943	0.491510211445328	-3.92838151989076	8.55194650091466e-05	0.00143279649455181
"ACR02050.1"	868.774025137103	-1.93053809820862	0.292900633931889	-6.59110249197191	4.36572358388836e-11	4.64725465606611e-09
"ABY27942.2"	176.742436194284	1.93019998324681	0.717968843309842	2.68841747275351	0.00717915791451458	0.0477745911515926
"SET74231.1"	120.131430822231	-1.92859140159563	0.421511068929885	-4.57542290998872	4.75258948805994e-06	0.000125522165384647
"AII76920.1"	69.661122326908	1.92764414303628	0.569024913039628	3.38762697179488	0.000705000767942025	0.00804286939661978
"ADE82486.1"	76.745876328745	1.92761290788973	0.401072396935867	4.80614702636332	1.53866764017074e-06	4.7969420104922e-05
"ABA72234.1"	164.112514327131	1.92751711171324	0.465002199641334	4.14517848130605	3.39549128362445e-05	0.000664109498759541
"SDS06699.1"	43.7190417690949	1.92659540157006	0.509872859820046	3.7785800213999	0.000157725170208779	0.00237913462562767
"AFC31669.1"	447.254958789171	1.92470432248963	0.534534354877782	3.60071210564137	0.000317346818853296	0.00421463071186759
"AGP52124.1"	416.464326286998	-1.92365283982593	0.473908206418514	-4.05912540397566	4.92568569473308e-05	0.000908576806289018
"ACC72808.1"	186.704183778771	1.92199764437564	0.419439377999287	4.58230138892421	4.59886425369339e-06	0.000121806815181079
"ADB53850.1"	1327.17939007824	1.92170199649226	0.371118359676461	5.178137772994	2.24111705496805e-07	9.28140725900675e-06
"ADQ18247.1"	517.735680308493	1.9215682953694	0.623747294160231	3.08068397788636	0.0020652572015522	0.0187583066168462
"AJO20572.1"	42.3405115103988	-1.9215269545208	0.7183283130068	-2.67499821422549	0.00747296482417302	0.0491879627289906
"ACD86466.1"	74.3245119253697	1.920110629748	0.530798472856268	3.61740044091636	0.000297576735345931	0.0040014208850839
"ABF39669.1"	430.648495253448	-1.91872205615505	0.378449765249209	-5.06995176728824	3.97916531502128e-07	1.51979143464305e-05
"SDU21735.1"	206.459183164779	-1.9172086149104	0.444153355838728	-4.31654650293027	1.58489303747317e-05	0.000346105034922768
"ACL17063.1"	83.6979420943888	1.91562461068298	0.580741414749384	3.29858446811419	0.000971736393567936	0.0103361444051398
"AEG56620.1"	37.5591865404654	1.91452614805538	0.574444846662414	3.33282848506516	0.000859679211101315	0.00939772713549099
"AIE86402.1"	143.147796478839	-1.91451391234544	0.552662233886036	-3.46416634783159	0.000531877493883502	0.00639623810943407
"AEI44103.1"	678.724852181616	1.91392775478106	0.519091177150836	3.6870743311149	0.000226847111183547	0.00320748066903766
"BAS98176.1"	325.875638952312	-1.91222929473922	0.354450980216081	-5.39490480058338	6.8559893167707e-08	3.23131779313658e-06
"AKJ27396.1"	580.839786207699	1.9114328024919	0.643822542061194	2.96888145042648	0.0029888588125594	0.0245384432012941
"ABQ29367.1"	600.840575434929	1.91115939659691	0.411675670182154	4.64239092815778	3.44400454101427e-06	9.55148759228166e-05
"AEO61028.1"	31.9757212424457	1.91110452289824	0.560501829110087	3.40963119769389	0.000650507811208832	0.00754341869636155
"ADV00102.1"	240.18020598034	-1.90999547873233	0.434337805358736	-4.39748844140978	1.09510714710096e-05	0.00025527576761231
"ACX96162.1"	64.0994356415033	1.90967958521063	0.557888827566567	3.42304683451072	0.000619234071227301	0.00724146911365059
"ABJ83655.1"	949.291931543253	-1.90922332960173	0.60629755144414	-3.14898736611117	0.0016383727815459	0.0156599127320447
"ADQ04952.1"	39.8079117942863	1.90744789474447	0.459984440052513	4.14676612653835	3.37204189149286e-05	0.000660627605278056
"AIV33730.1"	231.913528578652	1.9072811548068	0.40532521483721	4.70555762382763	2.53172978778463e-06	7.34469792893719e-05
"ABX03818.1"	45.1082591548642	1.90417718178874	0.690410993344188	2.75803427255025	0.00581501008361601	0.0408319594434196
"ACR12737.1"	45.3071246746666	-1.90266547381854	0.583202346515607	-3.26244481900009	0.00110455674575531	0.0114530261682095
"ABG84474.1"	84.6032419184172	1.90176625758523	0.613995845946233	3.09736013711038	0.00195252508275715	0.0179788373229477
"ACU62975.1"	25.2600894153407	1.90145182009846	0.604432746260235	3.14584514466362	0.00165607664810084	0.0157913902725583
"AIQ38854.1"	171.471061499735	-1.90130972540758	0.384989515375646	-4.93860131113547	7.86848964897135e-07	2.71958316311854e-05
"AIN59937.1"	96.410050333353	1.90121477908883	0.483657773365813	3.93090917542403	8.46252386178771e-05	0.00142121666487468
"ADW02501.1"	230.574562112055	1.89955825460355	0.459583333855742	4.13321831900849	3.57718636162715e-05	0.000694018776022965
"ABM93480.1"	277.624737314949	1.89775964229636	0.633979444287494	2.99340879171434	0.00275879954394677	0.0230415728020089
"ABV53445.1"	79.4501621931745	1.89681824305844	0.522217738925022	3.63223632916609	0.000280975614450112	0.0038259695049345
"ACN62224.1"	68.8760761594675	1.8964530557956	0.560182230668704	3.38542165739844	0.000710689928245582	0.00808142779494855
"AJZ74457.1"	91.8852906758266	1.89519956806595	0.443267661807825	4.27551958186294	1.90692038276333e-05	0.000405575185431054
"AAN58619.1"	43.6298294009294	1.89494039272897	0.596067123218844	3.17907215297505	0.00147747308307586	0.0144072923837659
"AAH80228.1"	2129.5351335263	1.89469357337389	0.651812355256348	2.9068083139184	0.00365136872263655	0.028682300437411
"ADO76495.1"	120.495257799998	1.89450953946273	0.682734010622478	2.77488672013779	0.00552209383689303	0.0393266602709216
"ACU19200.1"	151.120290881157	1.89352515707118	0.610408113080063	3.10206420343372	0.00192176273693721	0.017744613978659
"ACL55248.1"	601.460249840773	-1.89352485914576	0.395430581424893	-4.78851395944804	1.6802087774521e-06	5.15214949984107e-05
"AGR56827.1"	91.125804491131	1.8931899727911	0.655701043433706	2.88727613254517	0.0038859302778802	0.0301191871704136
"AIQ32147.1"	423.759526283318	-1.89205701756354	0.604603308693584	-3.12941889393869	0.00175152418315249	0.0165401319742338
"ACL98482.1"	70.5977579017822	1.89132218901701	0.582466508088203	3.2470917430511	0.00116590800560675	0.0119389038112323
"BAX91287.1"	280.44954714605	1.89128627590063	0.550319677123105	3.43670479999492	0.000588836994904561	0.00693816519753708
"BAC74089.1"	524.106115455981	1.89110906310904	0.501371312492327	3.77187329228771	0.000162026533322147	0.0024296169399501
"ABR63987.1"	41.3644978384584	-1.88899581940453	0.538410362698454	-3.50846854049593	0.000450694534252165	0.00557316439086732
"CBG69223.1"	213.792863516947	1.88821476717245	0.526191540863044	3.58845519271454	0.000332643147459001	0.00437009739852754
"AGE97206.1"	101.148599316376	1.88788783985786	0.696927654665199	2.70887204320339	0.00675123715661875	0.0456871248336231
"ADX73085.1"	140.721679751479	1.88689522669639	0.705836775339318	2.67327417984037	0.00751148297595268	0.0493757871319022
"AEB50198.1"	99.9609650912709	1.88596102842129	0.524666029824642	3.59459336266087	0.000324898624093153	0.00429252566310142
"AAR00925.1"	92.1715685741335	1.88524380019422	0.518600604407924	3.63525183767684	0.000277709212707085	0.00378333193136134
"ADW17101.1"	110.046019317502	1.88518406516938	0.563049970890618	3.34816475025733	0.000813486364419133	0.00901597951634127
"SBT38907.1"	728.413009458889	1.88515683232889	0.462415693039454	4.07675790572282	4.5667997077032e-05	0.000855755363466851
"AJE44325.1"	2814.95302351401	1.88503037281278	0.653181911964839	2.88591943267751	0.00390272049315073	0.0302070478372059
"AFC41554.1"	120.271992265753	1.88432691046154	0.487969019473687	3.86157078679694	0.000112660360233594	0.00180717920839374
"ADV83433.1"	67.5921717849178	1.88365546188501	0.536985461274245	3.50783326128639	0.000451772108090481	0.00558402293072896
"BAB90989.1"	29.8909232598715	1.88347608993054	0.574927777201491	3.27602207550053	0.00105280331386189	0.01101552647151
"ABI13865.1"	150.573074144946	1.88341488097592	0.497288311384383	3.78737009871145	0.000152250236687555	0.00230899113017594
"CAI36286.1"	189.720908710214	1.88326259881018	0.534729706365348	3.52189634574642	0.00042847164035298	0.00535012140255934
"AIA99580.1"	82.6153508284557	1.88220205930265	0.697345311105166	2.69909617133541	0.006952808086317	0.0466452947961972
"ACS41009.1"	222.626128644346	-1.87967569009684	0.234099607930472	-8.02938418698722	9.79631372604202e-16	2.4932509006752e-13
"AHE72721.1"	52.3977130489641	1.87899065133783	0.569903921276692	3.29703057162431	0.000977128646826055	0.0103777289819963
"AOH83331.1"	784.879080038209	1.8787665396861	0.428077523803114	4.38884649442655	1.13953465208719e-05	0.000262787579240798
"AJX26266.1"	56.9348479572372	1.87875405962119	0.573627456254527	3.27521641291095	0.00105581058547089	0.0110333979659736
"CCH14568.1"	136.765174706103	1.87740680263476	0.598111088260992	3.13889315794716	0.00169587268503987	0.0161283130114476
"AJX19481.1"	58.1171989265512	1.87601730246027	0.54438741342696	3.44610704838048	0.000568725021100022	0.00674376352846938
"ACS84568.1"	107.525591940898	1.87568180244493	0.409940314752644	4.57549973726469	4.75084562900985e-06	0.000125522165384647
"ADL52520.1"	28.0108773425353	1.87225714390254	0.623521350569415	3.00271537164325	0.00267582562728474	0.0225406454509768
"ACL73446.1"	118.773490980988	-1.87051260326277	0.469843034427087	-3.98114362926253	6.85844891245444e-05	0.00119310531035633
"AFY52524.1"	41.397559889363	1.86907583660584	0.63831796088457	2.92812665652664	0.00341011099894236	0.0271683174520177
"AQZ67968.1"	1593.77750676738	1.86827298441128	0.424159408865803	4.40464821800611	1.05955676497332e-05	0.000248047820149346
"ABL03018.1"	383.426296178508	1.86749528856514	0.55049504108242	3.39239257249829	0.000692850948338338	0.00793985065480152
"ABU56590.1"	114.26901529031	-1.86722668655032	0.370942849143752	-5.03373145178681	4.8102341165082e-07	1.79078875433196e-05
"ACN34619.1"	279.997852663534	1.86665520398651	0.658222222895308	2.83590425703905	0.00456961426255352	0.034142226019335
"AAH99094.1"	52.6635046507169	1.86547944896219	0.613630704580734	3.04006861950754	0.00236524252883359	0.0206670817219804
"AIA04037.1"	173.375108383669	1.86537141898731	0.591275560519226	3.15482584355295	0.00160593937219803	0.0154234790958915
"ADV51457.1"	99.8975869571828	1.86518940568996	0.672159635364037	2.77492028315533	0.00552152400351579	0.0393266602709216
"AEY93037.1"	645.826553946951	1.86389428940529	0.380212951929482	4.90223775898876	9.47510576366411e-07	3.18445451331981e-05
"ADP09755.1"	38.6468546346281	1.86388985340523	0.584641542302238	3.18808999795924	0.00143215953610674	0.0141009820004995
"ADE81919.1"	156.7605136211	1.86376204590381	0.474667855728718	3.92645514839535	8.62069584089361e-05	0.0014417264083731
"ADQ41743.1"	32.5565378694768	1.86248753157713	0.609900053542511	3.05375859660802	0.00225993853874	0.020004109550787
"AEB99846.1"	154.066282995487	1.86220030015079	0.500744632986151	3.71886222533372	0.000200122162149391	0.00288699663823894
"ANN18361.1"	290.174467388393	-1.86205893831803	0.293496776633805	-6.34439314691799	2.2330391006218e-10	2.02317678514589e-08
"ADQ08082.1"	52.8189393937372	1.8609603205663	0.536999284966291	3.46548007169715	0.000529285751122144	0.00637602576954197
"APZ45418.1"	28.4727667300074	1.86050443366473	0.587991274063326	3.16417014287929	0.00155525846374398	0.0150126688671157
"SDS38751.1"	40.6938930072511	-1.86029913343643	0.558938461577356	-3.32827182474894	0.000873865564282608	0.00949718180809623
"APP77854.1"	124.246049646583	1.85990689383955	0.524860964398726	3.54361825320775	0.000394676268740767	0.00501104617671951
"AGJ53169.1"	563.412633742412	-1.85862280227417	0.30826579546533	-6.02928651058596	1.64685104969328e-09	1.18827943266013e-07
"ACT94257.1"	206.430389550383	-1.85589661572048	0.536323811121561	-3.46040316919628	0.000539367177209573	0.00645856436833157
"AGM08151.1"	326.237537561011	1.85538598405551	0.268753792514848	6.90366437881243	5.06779523127775e-12	6.74512770175924e-10
"CAI56705.1"	39.3578700840364	1.85302238550693	0.57247251274719	3.23687573507176	0.00120846022020973	0.0122980924481976
"ALJ60391.1"	54.1973217493379	1.85188816654275	0.597673048126462	3.09849703336616	0.00194504917465962	0.0179300614730888
"AHZ24256.1"	105.33255593023	-1.85162318557182	0.542299645078525	-3.41439129155932	0.000639246973754306	0.00742895735874867
"APJ13921.1"	26.1646133932196	1.85120575357738	0.551690411385991	3.35551554888667	0.000792172031799304	0.00883219761141112
"AGB28750.1"	336.659779764051	-1.85093098061479	0.335651370575268	-5.51444487607039	3.49882545523333e-08	1.79073340849566e-06
"ACR14353.1"	273.104213980579	1.85090499460991	0.575586901239239	3.21568296746314	0.0013013450874391	0.0131016092119905
"ACS25418.1"	27.0313656198513	1.85050995681801	0.575991910344731	3.21273601865429	0.00131477072732781	0.0131976770463497
"CBG74050.1"	438.181015982161	1.84988246384336	0.521371895315896	3.54810545114352	0.000388012841602742	0.00494655840334018
"AAO77961.1"	51.7862183901917	-1.84828592124079	0.544537786614339	-3.39422895283816	0.000688221290958744	0.00790297098510295
"AEE52727.1"	110.441116054061	-1.84827173410159	0.550245068986552	-3.35899736004134	0.000782258147102578	0.00874604596097594
"ADU10177.1"	93.5255871066033	1.84738694265155	0.52297825888673	3.53243545264025	0.000411750730241221	0.00517089371100598
"ABM40662.1"	240.28614123245	-1.84725170379879	0.545758979510313	-3.38473900229045	0.000712459635599915	0.00809826226482144
"ABD61564.1"	51.3277785257743	1.84676156554744	0.518274211219128	3.56329048517258	0.000366235019785169	0.00471624453261527
"ADX59146.1"	88.0221229692686	-1.84629529180464	0.371115218809977	-4.97499212704075	6.52502918086039e-07	2.33410653300867e-05
"ANN17816.1"	280.211488999184	1.84570471353201	0.477315530978712	3.86684403448486	0.000110252888690518	0.00177597230827373
"AAW77682.1"	41.1905830707039	-1.84490093535255	0.468460641831608	-3.93821971497813	8.20884104012957e-05	0.00138192852531249
"ABV68408.1"	34.2014607920547	1.84463538099002	0.604188855296403	3.05307746877436	0.00226507455622213	0.020004109550787
"AIX49461.1"	144.71293264658	1.84352875724346	0.562986683804391	3.27455126431373	0.0010582993520017	0.0110478666795199
"AEB46680.1"	1179.43306594914	-1.84187238669859	0.326075751116457	-5.64860275685071	1.61757153057318e-08	9.14859243836905e-07
"ACA14629.1"	1184.60135856159	1.84162718553443	0.496211217173319	3.71137757833309	0.000206134356038182	0.0029564228645722
"CCT62801.1"	54.0350734831122	1.84089852747521	0.541860275257908	3.39736757155524	0.000680375100403908	0.00783214692060354
"AIS00826.1"	692.526327323932	1.84033745501948	0.418638958278344	4.39600141990578	1.10263212547954e-05	0.000256602568453244
"ACA14477.1"	27.7447335361344	1.83986750327309	0.621324808444204	2.96120077336058	0.00306442102956372	0.0249829735421275
"ABS02056.1"	848.521164244904	-1.83925931513662	0.565965923021759	-3.24977041959806	0.00115498209176934	0.0118573078992206
"ADV83491.1"	160.999674894044	1.83918856987238	0.562940324651586	3.26711107613528	0.00108651041384059	0.0112951895825775
"AKT42101.1"	236.480450228399	1.83914482416087	0.378579366794322	4.85801653622623	1.18567509334027e-06	3.85978603641327e-05
"ACU72618.1"	796.84212489062	-1.83814701861036	0.448957482805387	-4.09425633608864	4.23525546606141e-05	0.000802234181514583
"AAT94296.1"	555.788420567931	-1.83700888954974	0.451231343787056	-4.07110214049462	4.67912256768575e-05	0.000870410069135749
"AJE43210.1"	318.054186638611	1.83692663822103	0.319876098590837	5.74261924011614	9.32231889191059e-09	5.63688206690991e-07
"AHF25111.1"	74.2866207654108	1.83575639761851	0.687487523994341	2.67023958042564	0.00757971426856462	0.0497075850697435
"ANY23714.1"	155.592735711929	-1.83441745347482	0.475971755905332	-3.8540468645784	0.000116181341703079	0.00185439728752531
"AEI47500.1"	35.5483709475153	1.83440194308339	0.620226415011611	2.95763272683097	0.00310011252890559	0.0252005663063998
"AAY93713.1"	286.111382053812	1.83361214670434	0.560864997283941	3.26925758530812	0.00107830089547669	0.0112320035298835
"ACN78955.1"	36.3416252667934	1.83220735586007	0.622644061814246	2.94262399374922	0.0032544342918709	0.0261663246511251
"ADW03210.1"	599.711890396663	1.83103527589351	0.277349288304508	6.6019108507074	4.05891585618321e-11	4.35377043332204e-09
"ADE19838.1"	139.131074527123	1.83098512301856	0.494586833979231	3.70204986713303	0.000213864569430392	0.0030532139142138
"AEZ36152.1"	64.6811128875677	1.82882436533066	0.63299570096948	2.88915763966434	0.00386275375703922	0.0299893661070633
"AGB21969.1"	99.3988707515616	1.82748836639316	0.467751925527146	3.90696064871058	9.34643680711787e-05	0.00154624134898118
"ACS87748.1"	39.4275193558495	1.82609009435036	0.4484097765034	4.07236904732499	4.65373655999628e-05	0.000867416835776669
"ADB95323.1"	37.1990053182798	1.82537453360659	0.648797931512905	2.81347156787334	0.00490097200360994	0.0359936023643924
"ACX75652.1"	265.540609499964	1.82504375666973	0.418709322728472	4.35873685538464	1.30815291975551e-05	0.000293689247325383
"AIV69426.1"	58.718222724727	1.82503138619831	0.565344787002611	3.22817407740576	0.00124583135640486	0.0126233422562108
"ANB05725.1"	265.223562947083	1.82457875534127	0.41670915878548	4.37854248430512	1.19475652717714e-05	0.000272381137905954
"AEU36039.1"	99.439410971212	-1.82368897812077	0.426814198396771	-4.27279360661158	1.93039121379458e-05	0.00041003969970708
"ABJ62941.1"	31.4340684868129	1.82271647035284	0.440256289920433	4.14012590412339	3.47115253469784e-05	0.000677673545058583
"ACH84098.1"	172.085309055053	1.82149861662517	0.656020016495954	2.77658999851022	0.00549324245573836	0.0391918490802373
"ADW75215.1"	32.9736943568691	-1.82062566052052	0.449908066001884	-4.04666152509677	5.19532792662354e-05	0.000948358274880952
"SCA88359.1"	77.7775057828359	1.82049055712593	0.546598474050564	3.33058111859553	0.000866649081854935	0.00944677593633295
"ACR13391.1"	115.707807346684	1.81859977502864	0.561504634270244	3.23879744535354	0.00120034786645713	0.0122333232141732
"CBX92880.1"	49.5159393784507	1.81859233022463	0.613414793958493	2.96470242996403	0.00302975837134241	0.024765289157402
"AEI46874.1"	62.8084073285406	-1.81812498631735	0.504339331208092	-3.60496370957668	0.000312196550793939	0.00416599363013685
"ACE83962.1"	72.9628139573565	1.81694915203004	0.543501158844753	3.34304558962135	0.000828642850537609	0.00914414081342172
"ADI12260.1"	432.361636179784	-1.81688293477343	0.237011370292037	-7.66580494655057	1.77713092294117e-14	3.76913313020159e-12
"AJE83012.1"	694.176603865961	1.81676612991553	0.437813071136081	4.14963885203612	3.33000242021592e-05	0.000653305870752382
"ABI63231.1"	44.5135824082959	-1.81673588368362	0.585406386798863	-3.103375577465	0.0019132666588836	0.0176895024379476
"CDU24419.1"	62.579023801669	-1.81605532179629	0.459214891479832	-3.95469605949408	7.66320087549953e-05	0.00130534505895449
"ABN82531.1"	126.908242210149	1.81557434526509	0.505436436067078	3.59209232993274	0.000328033577661763	0.00432577863411151
"AEG45248.1"	1606.71177268859	-1.81528072593102	0.31346582385627	-5.79100044655382	6.99683910554309e-09	4.40187657525358e-07
"ABF88670.1"	710.837744143833	1.81503383562072	0.582395039192627	3.11649947797787	0.00183012004522093	0.0170843750536863
"ADL42951.1"	92.8444592476889	-1.8149490129635	0.480501859496598	-3.77719456666608	0.000158604827576724	0.00238725846926772
"AEE44723.1"	4689.11692511109	-1.81400683587302	0.421071786192063	-4.30807025157843	1.64685082529133e-05	0.00035823803966477
"AIP43018.1"	60.4414574986454	1.81388093510394	0.600772446207515	3.01924788088134	0.00253403105933498	0.0216420785653271
"AJX41288.1"	54.5374304407644	1.81373874419732	0.592192683361751	3.06275101863994	0.00219312451052286	0.0196475884149114
"SCY41802.1"	1318.66374656361	1.81245160159946	0.557011153894061	3.25388744718778	0.00113837372772842	0.0117427821965677
"ADU14365.1"	207.128589424088	-1.81244246214135	0.415117617711092	-4.36609381248365	1.26488171435916e-05	0.000285117781603858
"AEY86327.1"	101.502753709771	1.81117446172785	0.543812687546187	3.33051159563839	0.000866865530091418	0.00944677593633295
"AJF67302.1"	426.020742757511	1.8106735274117	0.548492220420006	3.30118360844787	0.0009627785446112	0.0102681707180705
"AET58933.1"	42.9536115027509	1.8102410439683	0.489687905603116	3.69672402208656	0.000218399539251606	0.00311160992411602
"CCT73237.1"	38.3675891149258	1.8099062630954	0.522162944568867	3.46617139711011	0.000527926620156834	0.00636239072660815
"ACM52191.1"	99.5182701097183	1.80936546065245	0.635484953210974	2.84721998768043	0.00441028739353022	0.0331553184396541
"ACV50538.1"	48.1360373000844	1.80911619241746	0.65458408406469	2.76376440622206	0.00571387781357733	0.0402530758099927
"ADB41691.1"	37.1997951412264	1.80890148219643	0.616697608146709	2.93320658017876	0.00335480591133309	0.0268346132267661
"AAI61138.1"	27.837970176364	1.80864437400959	0.526755552361964	3.43355540515833	0.000595720440211695	0.00701336814304736
"ADU10229.1"	354.821344145356	-1.80828891438327	0.393470941097833	-4.59573687789475	4.31222587861836e-06	0.000115415942349713
"AOE82875.1"	40.2263425571686	1.80670381966532	0.519115700980892	3.48034901709094	0.000500760978144029	0.00607422198618728
"AFE64897.1"	61.1843454623698	1.80627950736517	0.646525530587412	2.79382549011489	0.0052088579552633	0.0376814437507885
"AEE54090.1"	33.9680363191232	1.80527390584475	0.665702949460819	2.71183101608145	0.00669126947713662	0.0454350667673822
"AJE42988.1"	175.907515179795	1.80423142782635	0.594426348214129	3.0352480727796	0.0024033791546949	0.0209024550527612
"ALV47837.1"	352.951756111318	-1.80381499949201	0.351979511451564	-5.12477272342663	2.97896866453005e-07	1.18971764239919e-05
"AEB08292.1"	24.4225576309626	1.80331184039261	0.448712872842696	4.01885470538928	5.84817184597275e-05	0.00104018690597111
"ADU98254.1"	254.525731502456	-1.8032469713528	0.476983417307869	-3.78052340169488	0.000156499007769958	0.00236446099380882
"ASF09659.1"	246.98676664352	1.80158677466264	0.366838342986302	4.91111905041484	9.05580828981918e-07	3.06191315074611e-05
"AGB72392.1"	682.375871431579	-1.79963230839779	0.372869774535656	-4.82643655050591	1.38997649459134e-06	4.40699682248914e-05
"ANQ73810.1"	205.173182318075	-1.79832563705023	0.629928919796177	-2.8548072338576	0.00430629576273747	0.032607984484015
"ADZ98864.1"	127.217255032014	1.7975519275589	0.568343873938761	3.16278930764473	0.00156265381219158	0.0150751399469729
"ADG31292.1"	346.32500375	1.79689577321598	0.573164879426746	3.13504165679717	0.00171829709541692	0.0162848495204103
"ABF39055.1"	76.6636667084608	-1.79538365855541	0.609869887625221	-2.94387982582068	0.00324125829328316	0.0260828592063108
"AGF65529.1"	204.395568829836	-1.79351717516823	0.413123985532134	-4.34135329338975	1.41607815715277e-05	0.000314639080060705
"ADU21576.1"	80.313784455212	1.79343529022805	0.573458052626532	3.12740449282005	0.00176357108465303	0.0166350862823269
"YP_758410.1"	276.531545085037	1.79302619472349	0.443109718831493	4.04646099718104	5.1997783681321e-05	0.000948358274880952
"APT83559.1"	39.2928713926771	1.79246132573081	0.54346240408424	3.29822506995895	0.000972981103519035	0.0103454534652939
"AGA31222.1"	289.310189576998	1.79235703113553	0.543767858058857	3.29618053838983	0.000980090100636357	0.0103934100217483
"AEI42748.1"	116.880659785441	1.7914076901172	0.591228549306172	3.02997494322539	0.00244574028370993	0.0211297502144228
"AEO59465.1"	486.688049999782	1.79032725880866	0.372816979225838	4.80216127099767	1.56962194641326e-06	4.8663495029663e-05
"CCF65281.1"	395.797727424222	-1.78974142274479	0.481647135591099	-3.71587681207392	0.000202500231117037	0.00291625332837067
"AEY91371.1"	208.296707059143	-1.78962753661026	0.405806738242418	-4.4100488433516	1.0334730618068e-05	0.000242931249692219
"CRX78957.1"	267.985718589641	1.78954526926427	0.55168854723394	3.24376004946397	0.00117963074780084	0.0120504539123833
"ADE85551.1"	87.8621905139129	1.78910094293108	0.621695134314362	2.87777858339553	0.00400486124219663	0.0307882415465669
"AJR02902.1"	47.1311227071897	1.78859774163968	0.475481075072227	3.76165916039453	0.000168789959517836	0.0025175512555468
"AJY03392.1"	277.627581694198	1.78747699541638	0.467270471587518	3.82535833977173	0.000130582005964291	0.00203324462679438
"ABL83981.1"	876.225589844141	-1.78741151142856	0.460248360700555	-3.88358039713145	0.000102929476154631	0.00167438327392507
"ADG14863.1"	284.3552111749	-1.78678194684637	0.475721149243096	-3.75594389631249	0.000172689379557773	0.00256478083294398
"AEE54084.1"	99.3342615533292	1.78477069958657	0.636804771864444	2.80269680511517	0.0050677286347835	0.0368892695942275
"ACF87003.1"	701.883931402195	1.78288011248844	0.56815328049112	3.13802660955736	0.00170089435056206	0.0161628683280082
"ADZ77929.1"	33.7789640830346	1.7828095639237	0.546217330578698	3.26391980648963	0.00109882262225235	0.0114104740847837
"AFE56688.1"	116.73108913576	-1.78262602510753	0.606207040514539	-2.9406224375	0.00327553521173707	0.0263065803778806
"CDP32453.1"	94.6246783793513	1.78249169343858	0.471731658884051	3.77861366704816	0.000157703865021113	0.00237913462562767
"ANZ34776.1"	246.492947987483	-1.78244834544489	0.43816957547948	-4.06794183163994	4.74302169805831e-05	0.000878801545710469
"AGF67194.1"	655.820070989939	1.78228358517098	0.385844043184324	4.6191812900933	3.85257143594564e-06	0.000105225941386082
"AHH96052.1"	408.822194645101	-1.78184210966534	0.329399871336125	-5.40935885140989	6.32507784580295e-08	3.01664189729301e-06
"ACU37207.1"	381.440317768157	1.78156070811708	0.278622318841725	6.39417802394043	1.61413284502327e-10	1.49633321620104e-08
"AJR05473.1"	41.8069505433752	1.78102833605168	0.561666463278172	3.17097147950883	0.0015193005902801	0.0147432718632519
"ADR20168.1"	37.6977167401887	1.78051183356493	0.618716963481624	2.87774853229446	0.00400524273869826	0.0307882415465669
"AMV35076.1"	198.280287568655	-1.780383986688	0.617190305116968	-2.88465967778056	0.00391836991036742	0.0302867708477765
"CAP91580.1"	50.4491750001097	1.78035664843881	0.64399697130087	2.76454195870285	0.00570027755850656	0.040187602751939
"ACU62935.1"	24.1306681625587	1.77969874680052	0.572860578784883	3.10668740826173	0.00189196342819175	0.0175330712133917
"ABZ69338.1"	275.894228941961	1.77825909846815	0.455882535333852	3.90069581666667	9.59166072492261e-05	0.00157957725679373
"AJY23252.1"	1258.50116063964	1.77819134125218	0.443436320319415	4.01002637756716	6.07119651552229e-05	0.00107439454897953
"CEF84640.1"	59.7705582061139	1.77787239884569	0.622301268539361	2.85693198572234	0.00427757487412088	0.0324553010718734
"AJX84162.1"	54.0801987689816	1.77743974714926	0.62920598738809	2.82489325082177	0.00472963703440729	0.0350117842084748
"AAU90816.1"	987.655860832084	1.77736945802344	0.326938438674483	5.43640406808538	5.4366588465897e-08	2.62421898395044e-06
"AHN23111.1"	39.2030109113994	1.77628866924161	0.590703585010759	3.00707277611877	0.00263776605372984	0.0222833127459929
"AKZ55003.1"	270.160777156635	1.7762190371416	0.433980975858095	4.09285000023225	4.2610337976747e-05	0.00080548212153748
"AEI04689.1"	81.2993196886477	-1.77301656354349	0.531790451403396	-3.3340511452669	0.000855909180819806	0.00937115112484603
"ACG46665.1"	391.670372954379	1.77285965821784	0.477672235994227	3.71145635987782	0.000206070198939919	0.0029564228645722
"ADE81436.1"	34.1157626705095	1.77220384353694	0.492547384467452	3.59803726387272	0.00032062768893658	0.0042447370520891
"ANI29010.1"	30.4023869106699	1.77182551873451	0.572357588626869	3.09566179245611	0.00196374206526115	0.0180633562942656
"ABY22472.1"	29.5738023792365	1.77140425250404	0.598165102827137	2.96139685202591	0.0030624705422161	0.0249743446839155
"AIQ60570.1"	2301.47904667175	1.76911431676799	0.367921570852987	4.8084006400236	1.52142616153046e-06	4.75908902996723e-05
"AJD38355.1"	39.2499337581457	1.76858819088663	0.492260127178228	3.59279188632374	0.000327153869317126	0.00431824598085915
"AAW66422.1"	22.298103842419	1.76855848364777	0.551328081212319	3.20781499059303	0.00133747507361495	0.013344245246231
"ADU26293.1"	675.559035513395	1.7676077234611	0.613601115626975	2.88071139123495	0.00396778779658455	0.0305422565722246
"AIQ35770.1"	105.861674598098	1.76665586592683	0.658029580445566	2.68476664032427	0.00725804631050657	0.0482422280410593
"ACO34594.1"	78.0576321575989	1.76658069132846	0.570671226302086	3.09561900076125	0.00196402545219833	0.0180633562942656
"ABC43952.1"	377.761604038252	-1.76607101562518	0.301343175450292	-5.86066371998029	4.61020747405071e-09	3.0085633669819e-07
"ARE34396.1"	201.519867689581	-1.76515855158995	0.585281959088198	-3.01591143239724	0.00256208084826291	0.0218350123068397
"AIY84741.1"	115.73852244507	1.76433962964573	0.512647895257348	3.44162074197152	0.000578240344673278	0.00683921279656657
"ABJ85391.1"	500.123551581392	-1.7638784874394	0.357560755925712	-4.93308747732335	8.09398828805839e-07	2.78719921417568e-05
"ACD57013.1"	50.9621559938651	-1.76375638074361	0.400730021313135	-4.4013582385568	1.07575342433585e-05	0.000251392260999219
"SCG17578.1"	585.156971191856	1.76367270756463	0.581062415548073	3.03525518149559	0.0024033225037118	0.0209024550527612
"AIV75519.1"	55.046749192269	1.76222721421533	0.586939877678031	3.00239816927554	0.00267861572063795	0.0225406454509768
"ACT01843.1"	181.423504042057	1.76100584803187	0.537641002235503	3.27543070693946	0.00105500992196135	0.0110291477876138
"AJG20133.1"	412.307438302684	1.7609235941927	0.435175528074032	4.04646741508206	5.19963587569179e-05	0.000948358274880952
"AGZ42058.1"	3130.44045876126	-1.76064955439041	0.645007062399276	-2.72965934332751	0.00633998015625211	0.0437129552654884
"AIT09632.1"	25.0598699710756	-1.75990273224398	0.593508499401525	-2.96525278748091	0.00302434305806013	0.0247354683767022
"ANB09419.1"	323.969885802982	-1.75881073010274	0.335739483327671	-5.23861749196234	1.61783964901983e-07	7.00046967758255e-06
"AKV86539.1"	307.67512125294	1.75874586857123	0.458459350434604	3.8362089613921	0.000124948107252288	0.00196851278032362
"AGZ42439.1"	184.872742808085	-1.75807554433903	0.478956462149711	-3.6706374864392	0.000241946285466869	0.00339539133267303
"ABG04203.1"	394.093846572214	-1.75766506452631	0.39203509361625	-4.48343807263036	7.34499252154988e-06	0.000181652306213172
"AJP00870.1"	335.629521140748	1.75728862358302	0.619926167545898	2.8346740556857	0.00458724616549002	0.034239559343459
"AKR56075.1"	130.136443178172	1.75460106034676	0.568657422303351	3.08551509490501	0.00203199909545222	0.0185665295940862
"ADZ70308.1"	2693.11593892299	1.75424796704996	0.448888964782419	3.90797748369748	9.30719776103903e-05	0.0015408888735544
"ACR35387.1"	336.773246356566	-1.75307488997353	0.362605924455321	-4.83465594944943	1.33376110125235e-06	4.25769393280054e-05
"SBT38933.1"	307.815204230917	1.7521919703253	0.363307908840689	4.82288419185952	1.41497132101582e-06	4.47610588736259e-05
"ACT95482.1"	85.5489007891504	1.75213003307521	0.496364121122172	3.52992885366901	0.000415671429704133	0.00521377121236421
"AFJ88920.1"	268.522224105981	1.7518096589089	0.463694509141041	3.77793919137406	0.000158131475805734	0.00238141409180061
"ADW22537.1"	114.372527823902	-1.75154815055427	0.41449518959349	-4.2257381859415	2.38158763615752e-05	0.000490028505800072
"ABL98326.1"	57.7465545433227	-1.75142098998336	0.456962034512579	-3.83274945773454	0.000126718994131301	0.00198603609305053
"ADW06331.1"	238.134782415823	1.75060158583348	0.529806482371385	3.30422832502517	0.000952382325211734	0.010180563412229
"AGY57649.1"	197.672177070545	-1.74977711453464	0.487113804241345	-3.59213206297825	0.00032798355319939	0.00432577863411151
"ADT97172.1"	60.2456109011054	1.74960297117779	0.498677495013094	3.50848592261388	0.000450665084082877	0.00557316439086732
"AGZ38525.1"	267.565071426701	-1.74943725959603	0.372203559833621	-4.70021635574374	2.59886001225343e-06	7.49306744624582e-05
"ABX43817.1"	36.4502755434251	1.74880265125672	0.598191712017803	2.92348191411363	0.00346140333161121	0.0274675305192141
"AKC91689.1"	61.1806586993544	1.74728975929074	0.389404109106243	4.48708608468747	7.22039057530345e-06	0.000179045221032946
"ADJ43220.1"	31.0134639241596	1.74682588267801	0.537053386655808	3.25261124141747	0.00114349826566642	0.0117724946900649
"ABJ83595.1"	895.912118100643	1.74643151798536	0.417359559353659	4.18447709857169	2.85823258810054e-05	0.00056953081520614
"ARS68658.1"	33.2603701305248	1.74585777625126	0.568239002856639	3.07240046437243	0.0021234463756125	0.0191891558204156
"AHH99338.1"	211.109406328258	-1.74585424427851	0.352799530849263	-4.94857303261108	7.47595391354089e-07	2.60643593727884e-05
"SDS03320.1"	47.4994249213974	1.74578881100104	0.560978797867871	3.11204062905106	0.00185798926353881	0.017252493340641
"ACB36631.1"	320.882119004067	-1.74552905866121	0.407360446265465	-4.28497433823926	1.82760282287844e-05	0.000392073322829922
"ABY83272.1"	26.3305378358821	-1.74549319694789	0.63388467550699	-2.75364473127832	0.00589357052389215	0.0412697349642033
"ADK97261.1"	84.8647478422893	1.7454638230229	0.559947803236579	3.11719023261431	0.00182583713571143	0.0170557679183774
"ADQ47209.1"	53.867008624309	1.74514292469262	0.635301493879465	2.74695233917351	0.00601518749613206	0.0419402993939114
"SBO94195.1"	409.799275134816	-1.74443385103205	0.523539476655125	-3.33200060132461	0.000862240699068063	0.00941469992632975
"ABN01327.1"	135.118432322824	1.7442637346212	0.52016787633086	3.35327076890027	0.000798625365572925	0.00887939465233503
"SCG56773.1"	426.784236469052	1.74415964311076	0.378158071325188	4.61225020795843	3.98333094975195e-06	0.000107746215719087
"ADU26244.1"	119.722786429593	1.74389423555154	0.371100527410368	4.69925022128335	2.61118367570975e-06	7.52085372275413e-05
"ARN57023.1"	27.0949546285918	-1.74238126784679	0.547686609226489	-3.18134721297567	0.00146591823028319	0.0143445811866509
"ACT94088.1"	89.4413910273976	-1.74108458871685	0.5474888966288	-3.18012766914124	0.00147210180192114	0.014379538803952
"ABR59528.1"	348.002457996201	-1.74017114490588	0.454038516268513	-3.83265093720982	0.000126769770620135	0.00198603609305053
"ABK48599.1"	30.2353319794886	1.73925564565723	0.5955958330976	2.92019444899679	0.00349813043253668	0.0277040055415267
"AKT27959.1"	47.4247701911811	1.73775607946319	0.580779891833015	2.99210786030937	0.00277058355670406	0.0231011793874607
"ACD03244.1"	225.346428017711	1.73653455680878	0.590713668482954	2.93972299856964	0.0032850578530324	0.0263671099924011
"CAE47863.1"	74.069182263255	1.73634836470345	0.470860832417986	3.68760416063252	0.000226375439099702	0.00320242889996728
"ABI58986.1"	52.6328047460217	1.73604804242207	0.517895031420234	3.35212337847937	0.000801942714071176	0.00890920167584788
"AGC43808.1"	144.212821075333	-1.73574825151011	0.466747634526127	-3.71881531498785	0.000200159325432983	0.00288699663823894
"AAN16204.1"	35.0270985364433	-1.73208617260359	0.399652558466931	-4.33397994309828	1.46437522302025e-05	0.000323828189128554
"ADW03246.1"	380.566929486267	-1.73197348590598	0.453554321464085	-3.81866824753235	0.000134174059866201	0.00208222670732493
"ADO69829.1"	166.101279594813	-1.73131596750013	0.411331531023819	-4.20905239914582	2.56443917774802e-05	0.000518743057949665
"ADO73089.1"	670.311679827696	1.73104346307274	0.519623880402665	3.33133931745271	0.000864291806131128	0.00943341653194817
"AAZ62215.1"	180.944469948071	1.73058501033244	0.504002154553275	3.43368573863807	0.00059543409869502	0.00701294616199654
"ADL52345.1"	52.1861009483513	1.73027570610857	0.637742240341752	2.71312702320196	0.00666515522439312	0.0452909572227377
"CCT61140.1"	32.4022881121532	1.73025656341399	0.429729620275067	4.02638422342511	5.66411082647421e-05	0.00101259544507006
"AEV68181.1"	50.0059758605368	1.73021041046085	0.601931745712462	2.87442957243088	0.00404758029657412	0.0310880817511356
"AEG44519.1"	2530.905335375	-1.72901593811481	0.387455243267516	-4.46249203787654	8.10119396909661e-06	0.000197046938626263
"AIQ18502.1"	200.281915717826	1.72873489469947	0.496926206916047	3.47885635862938	0.000503558422463619	0.00610286649146818
"AFH62783.1"	59.4465338581171	1.72858923282926	0.63690204186034	2.71405823693105	0.0066464480853762	0.0452082147354618
"ABG06589.1"	93.4756952277906	1.72778457148885	0.377954242575103	4.57141203050665	4.84448658283122e-06	0.000127348588143608
"AAZ98315.1"	760.568175322165	-1.72744331057382	0.436441830534267	-3.95801499700242	7.55752136707299e-05	0.00129091133735555
"CBL17717.1"	54.3179280682518	1.72629830903551	0.522995428295865	3.30079043838012	0.000964128664381643	0.010278654260483
"AHF94509.1"	584.597938091972	1.72558319114368	0.271739769981906	6.35013119816279	2.15131372247327e-10	1.95697002213744e-08
"AJY09756.1"	220.191544308006	1.72466719739708	0.427308708462349	4.03611525635229	5.43435270689087e-05	0.000980916430574576
"ARU28396.1"	180.555095974954	1.72430757994423	0.533156071145714	3.23415163638448	0.00122004659783229	0.0123990027674816
"AEW75101.1"	58.3680904794179	1.72423713907084	0.632145536089355	2.72759521444617	0.00637978425717319	0.0439165084986035
"AKA04277.1"	175.497605275625	1.72229958488051	0.571886745719792	3.0116095499167	0.00259866615567217	0.0220608444974583
"SDP31699.1"	123.1460578661	1.72166614996907	0.600402733335992	2.86751884090042	0.004137041709182	0.031614164705947
"AEB45932.1"	684.994968476534	1.72126936010975	0.323723567119693	5.31709623560812	1.05436310566299e-07	4.76865097029744e-06
"AIZ72724.1"	46.9346282781857	1.72099867615499	0.463064857271166	3.71653916105145	0.000201970348325399	0.00291011933696236
"AOS63291.1"	1028.30530151519	1.71997437941612	0.432400728417975	3.97773238197121	6.95756144375034e-05	0.00120683946827283
"ADH91676.1"	282.688545650444	1.71878458280516	0.376835109879506	4.56110520952981	5.08850753285774e-06	0.000132889791874893
"ACS84165.1"	146.609963821523	1.71789545248346	0.486031877449092	3.53453247037977	0.000408497241794078	0.00514221617862725
"AIF98912.1"	41.5400594157342	1.71786840413734	0.538135092217341	3.19226236865357	0.0014116304456081	0.0139548043627275
"AEV83904.1"	686.768110184252	-1.7178023407798	0.342033697323195	-5.02231901190897	5.10512965141117e-07	1.88553047125207e-05
"AHF24951.1"	44.1445943586853	1.71720311101687	0.442485381412096	3.88081320457817	0.000104107779667701	0.00169127048077951
"CCH30819.1"	366.790900204744	-1.71694294309217	0.491387760603546	-3.49406941064903	0.000475717317660889	0.00581326146889317
"ADG99925.1"	100.181330279349	1.71689579834455	0.535125809745656	3.2083965435354	0.00133477321615592	0.0133374137620581
"ACT93093.1"	141.912926732004	1.71663458295367	0.588453721222506	2.91719556023434	0.00353194251765077	0.0279165055686479
"ADP15653.1"	395.008257901168	-1.71651807869609	0.641905755663549	-2.67409672455998	0.00749308363725657	0.0493011444203607
"ABY33944.1"	97.4956938960622	1.71571373287949	0.621594516521959	2.76018157701827	0.00577692433171944	0.0405944746760727
"ABA48523.1"	70.7517683123816	-1.71534855305463	0.297664745508438	-5.76268630712267	8.27855776228463e-09	5.09942346590871e-07
"AJZ89040.1"	98.3772771480316	-1.71436639317051	0.483702641166367	-3.54425683729286	0.000393721498411296	0.00500346212869843
"ABR59813.1"	377.889755697607	1.71396351847175	0.444401408244202	3.85679137526477	0.000114885134083744	0.00183684992222074
"AEI66060.1"	666.671025806622	1.71322821321483	0.494447286180722	3.46493602270199	0.000530357631732332	0.00638344465089354
"ACB64707.1"	500.477413165108	-1.7124445630567	0.504195588527941	-3.39638942112998	0.00068281140108687	0.00785409928606285
"ADQ45027.1"	61.6250051934596	1.71237706331772	0.565302119871482	3.02913610815225	0.00245254162374766	0.0211526048362413
"SMY27869.1"	444.823264434156	1.71191974652391	0.626484215721658	2.73258240760611	0.00628399491627616	0.0434065437147958
"AAV95896.1"	105.539745162153	1.71136084191256	0.490899632397911	3.48617258797491	0.00048998477407203	0.00597084850830496
"ACB73620.1"	455.084637598873	-1.71038715229085	0.30108695158708	-5.68070832453918	1.34138059216391e-08	7.76290948471009e-07
"APA94163.1"	89.9140892257583	-1.71033901952062	0.46617591300918	-3.66887042378558	0.00024362451124876	0.00341537897692554
"ANS68960.1"	179.981077566347	1.70961230532275	0.380726193823872	4.49039843608354	7.10900668030702e-06	0.000176910000908334
"AEI66438.1"	695.872761958679	1.70883987706076	0.418396003467797	4.08426434023596	4.42166737996005e-05	0.000831356614972206
"ANY72974.1"	63.568052217058	1.70851658960173	0.477938895906829	3.57475946032815	0.000350550029746144	0.0045623885988629
"ARE36351.1"	27.4954922672638	1.70798251242086	0.594756731327711	2.87173296653243	0.00408227760237948	0.031277351876359
"ABW75910.1"	111.24060839023	1.70770429427895	0.629208205255253	2.71405280480437	0.00664655707426635	0.0452082147354618
"AKJ99157.1"	46.0550848571959	-1.70762565518004	0.367799254577437	-4.64281978260647	3.4368611369542e-06	9.54547265775493e-05
"ADO42496.1"	119.41830067241	1.70738409931195	0.503275310166457	3.3925449248588	0.000692465757910261	0.00793868605997365
"AIQ46685.1"	128.919835611164	-1.70729372075533	0.447442445220893	-3.81567224788537	0.00013581267687646	0.00210045583772596
"AHE50829.1"	229.12220700447	1.70672391018695	0.424049444662322	4.02482288721317	5.70182121692488e-05	0.00101803690554228
"ALU72339.1"	53.0190800057694	-1.70665880287394	0.456967683815232	-3.73474725526543	0.000187903801380291	0.00274272931357802
"ADU09762.1"	191.559064951699	1.70568841290653	0.562988556143828	3.02970352468545	0.00244793907509273	0.0211297502144228
"ABS66976.1"	48.2784927840225	-1.70512013304706	0.370432899838012	-4.60304722877664	4.16353764445199e-06	0.000112079230667383
"AGU13697.1"	35.9755996432853	1.70501543071288	0.562853054559245	3.02923723501515	0.00245172076275443	0.0211520414403923
"AGL18221.1"	62.6966356701656	1.70484848822116	0.556614622383875	3.06288843243036	0.00219211771447374	0.0196448551646629
"AMW10693.1"	39.8145247114927	1.70448046659623	0.563262741563552	3.02608417142023	0.00247743326114649	0.0212559673855523
"APU68904.1"	41.2477285955344	1.70306376272459	0.556632420046839	3.05958420923682	0.00221644467530132	0.0197868575031045
"ADD68700.1"	20808.017920332	1.70233268869754	0.588947596882174	2.8904654636669	0.00384671795680278	0.0298814417088376
"ABM13861.1"	583.445007061455	-1.70183646546347	0.348879032032204	-4.87801303377379	1.07159845468604e-06	3.5525527187759e-05
"ADV42547.1"	97.1844328007989	-1.70163028932734	0.391487625433202	-4.3465749075578	1.38279841253815e-05	0.000308468719979428
"CQR64705.1"	355.218736996547	-1.70130263327184	0.309638867799829	-5.49447375699511	3.91877192180412e-08	1.96965778676532e-06
"APU40413.1"	125.798827774478	-1.70106260243595	0.319590621440152	-5.32262991564191	1.02277689603864e-07	4.64078800348424e-06
"AAB00965.1"	50.1575603460625	1.70084278670236	0.50164619230504	3.39052266875	0.000697594850406406	0.00797788620587326
"ADV68760.1"	458.689747726153	-1.7004273946925	0.311369470618464	-5.46112433988789	4.73128517072909e-08	2.3402307356843e-06
"ALR30070.1"	32.50935406604	1.70017759046717	0.584461602836697	2.90896370645277	0.00362628955058449	0.0285251661760715
"ABM27928.1"	123.119596414442	1.7000097147906	0.618150614066703	2.75015453532681	0.005956716513933	0.0415974645856993
"AOZ52220.1"	118.458429230809	1.69886210054403	0.605255281966052	2.80685216827123	0.00500281947616033	0.0365593667592233
"AMB44279.1"	206.736744706085	1.69792101252035	0.39072981481323	4.34551177859813	1.3895131517563e-05	0.000309719826405808
"ANY73736.1"	381.138095306249	1.69777502335052	0.375075677068185	4.52648659230942	5.99724024011559e-06	0.000153612751841058
"ADC71175.1"	180.609391099506	1.69759028796867	0.559074736951259	3.03642818351256	0.00239399130649263	0.0208467124779371
"AKM89064.1"	23.7264567655828	1.69743795788005	0.536851479464766	3.1618390240302	0.00156776204761324	0.0151192098811506
"ABG39595.1"	25.5391938263087	1.69650694762103	0.434846944089753	3.90138868555754	9.564243962711e-05	0.00157784663512114
"ACV59084.1"	66.8030691543862	-1.69602559758636	0.619616843309931	-2.73721674273145	0.00619614546012929	0.0429268221484236
"ABD48218.1"	112.474802066574	1.69322239859986	0.341968937742198	4.95139239773977	7.36843579585772e-07	2.57833653408061e-05
"AKT42401.1"	746.061386451345	-1.69320899754733	0.239600794491624	-7.06679208280555	1.58556240230315e-12	2.39942729810156e-10
"CCA67936.1"	168.129263233996	-1.6925087413592	0.614398354960785	-2.75474165530151	0.0058738495229873	0.0411728320594773
"ABI44367.1"	242.341322693853	1.69203127591003	0.457755241660961	3.69636679586784	0.000218706926780412	0.00311282110937693
"ACX74006.1"	74.6030340696952	1.6915456858831	0.454427811090073	3.7223639147997	0.000197366286489628	0.00285336035527548
"ADB75269.1"	5156.73343400027	1.68994286092324	0.445288446381886	3.79516440333131	0.000147545652536913	0.00225308468057495
"ABR30599.1"	46.3837865218035	1.68788707204697	0.536674654451686	3.14508437848897	0.00166038933287955	0.0158163524203116
"ABD80204.1"	44.1598882769129	1.68730462330522	0.43838050376906	3.84894996195839	0.000118625233855446	0.00188624438799953
"ADU12519.1"	323.935400682267	-1.6867220242471	0.330813742564354	-5.09870603068727	3.41983170570709e-07	1.33159399767699e-05
"AHH96905.1"	924.068789362454	1.68550304362709	0.380553831501069	4.42907915807532	9.46362861842193e-06	0.000225258754733572
"ABS55266.1"	155.817659757576	1.68538659119722	0.529484782390649	3.18306898941953	0.00145722888645125	0.0142845167734906
"AQH03897.1"	124.121567688688	1.6849496194752	0.558455940111967	3.01715766357034	0.00255157062900799	0.0217653172851029
"AGB80697.1"	326.617042142192	-1.68286459662139	0.365643834016814	-4.60246950737313	4.17510704421637e-06	0.000112267906214888
"APE38141.1"	199.343896485148	1.68258804065986	0.386281014871788	4.35586522733542	1.32542313305881e-05	0.000297090040297154
"ACS17846.1"	220.855206844771	-1.68133554041832	0.372672990350799	-4.51155727394052	6.43534011153524e-06	0.000163488005229166
"AHF91254.1"	1062.90871194165	-1.67906932232601	0.418616354006945	-4.01099791313493	6.04626448179019e-05	0.00107065920576975
"AFK87257.1"	27.478330580557	1.67806753664747	0.584070907759295	2.87305447738382	0.00406524009426294	0.0311894934719061
"AGL19711.1"	1497.09591705003	-1.67801133809618	0.406876304269292	-4.12413138953794	3.72136431886495e-05	0.000717515946769581
"AAM22492.1"	79.2887479154901	1.67660802516334	0.525438634955912	3.19087313650626	0.00141843548542961	0.0140121806104755
"AIQ67951.1"	247.838056706041	1.67583846232925	0.368103148794945	4.55263278191294	5.29787017518917e-06	0.000137715109957842
"CAJ25363.1"	22.1677973607755	1.67561358596873	0.414611473055906	4.04140670208321	5.31315194554471e-05	0.000964307403466276
"ABK02606.1"	147.544253843169	-1.6751964462874	0.578137759066515	-2.89757314760454	0.00376062031482991	0.0293623388452285
"AGT91331.1"	53.8699645527792	-1.67514092273088	0.414690021028322	-4.03950140535567	5.35649470695801e-05	0.000971246281191687
"ADL47171.1"	357.042515311747	-1.67498397090233	0.392942191566639	-4.26267274640134	2.01996233915775e-05	0.000424556048401354
"AOS44237.1"	345.497627410535	1.67488229440676	0.448110316374573	3.73765618242705	0.00018574370855872	0.00271686565559557
"ABA50272.1"	250.776813355819	1.67481272888762	0.478727869832659	3.49846506632892	0.00046794438623118	0.00573831407662204
"AGL12187.1"	461.915310229925	1.67326355789959	0.298925072448291	5.59760191473748	2.17337092798413e-08	1.18839243163757e-06
"AHB89703.1"	351.800716389267	1.67315467762856	0.337397925891086	4.95899514856136	7.08587365548517e-07	2.50159040175237e-05
"ADV83782.1"	285.220094550647	1.67306234931826	0.372636834311686	4.48979326589829	7.12923317896729e-06	0.000177124909486761
"AKJ06226.1"	144.118382197495	-1.67279391819094	0.535222743459279	-3.12541635913909	0.00177553554533278	0.0167310310087972
"ADB80099.1"	211.499929857752	1.67263736916945	0.463264152795553	3.61054780318306	0.000305550978132381	0.00408510276207934
"AAT85054.1"	52.920162623325	-1.671219145785	0.472770364411309	-3.534949039934	0.000407853806575861	0.00513873769977399
"EAA63130.1"	31.2774616365196	1.67120032229112	0.520007032766633	3.21380330838933	0.0013098936999963	0.013162880123868
"AFZ68935.1"	182.308538939847	-1.67117872338142	0.468517117566911	-3.56695339555603	0.000361155680119678	0.00466801219789036
"ADU21434.1"	183.67428466332	-1.67091322719209	0.578508988975637	-2.88830987769225	0.00387318095317647	0.0300453239027788
"AMP26136.1"	170.529439617416	1.67086734722425	0.415844304498106	4.01801185960901	5.8691243939013e-05	0.00104325083512166
"ADY37835.1"	50.3354129807674	1.66849794310224	0.530439290957183	3.1455021744174	0.00165801962445873	0.0157991550055638
"ACE91307.1"	188.229088459862	1.66651554320705	0.518332036604075	3.21515057052128	0.00130376116552756	0.0131140130014784
"CAQ16278.1"	51.3096516113413	-1.66635824362959	0.433500488706988	-3.84395931963047	0.000121065083009338	0.00191813133216154
"AOR75329.1"	287.244047875224	-1.66475596011699	0.410452527200723	-4.05590378860764	4.99408149005022e-05	0.000920436506882462
"AKQ64576.1"	1012.48937499475	1.66440638386352	0.425845037055762	3.90847899830186	9.287901955949e-05	0.00153860416070265
"AAO78761.1"	30.4932512236008	1.66345481828477	0.48925864889353	3.39994974446892	0.000673982393592938	0.00777133899959963
"ACL75999.1"	82.8268070836791	1.66304830705673	0.498936783430674	3.33318440789565	0.000858580149579538	0.00939148600047277
"CAW41338.1"	154.176252704766	1.66233475045687	0.439081177272065	3.78593944924869	0.000153128961399268	0.00231854970434499
"AIS98420.1"	68.9592860394047	1.6619442872004	0.537585075230757	3.09150005045623	0.00199147948484343	0.0182808662442718
"ADU14163.1"	112.692631995742	1.66176336238735	0.499053773777097	3.3298282664216	0.000868995631776669	0.0094626222120652
"ADZ27558.1"	88.7846596268132	1.66094538490624	0.5206375681537	3.19021424211921	0.00142167358807796	0.0140392147343318
"ADL02180.1"	477.687187370315	1.65942776086953	0.459103596306233	3.61449523423609	0.000300933351350534	0.00403388947898544
"SHH84583.1"	194.737163658662	-1.65913543615181	0.428922284326452	-3.86814930531574	0.000109664513100338	0.00176928175593174
"BAS00923.1"	478.531228983083	-1.65895316111388	0.515310304848498	-3.21932852012656	0.00128491185790732	0.0129630242789093
"ACH75472.1"	29.1408865538285	1.65888417614802	0.520198204354355	3.18894637132965	0.00142792365533047	0.0140777496775248
"AKE49856.1"	133.556472018173	1.65814345446687	0.581622501325352	2.85089289133147	0.00435966524675311	0.0329062909786856
"AEB15412.1"	73.9545805891394	1.65776928492025	0.608159462651013	2.72587929108907	0.00641304467477545	0.0440587972306781
"AAM38765.1"	412.877726590588	1.65708103803317	0.435176355946453	3.80783793832096	0.000140187092025529	0.00215641638920149
"ACU03006.1"	38.2988447838326	1.65706322599663	0.490371953804589	3.37919657341774	0.000726980071886277	0.00824037105952114
"AHY11898.1"	1711.90056506797	1.6569362675524	0.351698521454191	4.71124035637499	2.46213641364645e-06	7.181134725847e-05
"ACU07003.1"	61.7366246070253	-1.65648247477396	0.598090288740754	-2.76961941358652	0.00561218276408961	0.0397345439978341
"ABM14738.1"	121.333030225833	-1.65622819451197	0.475160204255653	-3.48562059633441	0.000490996850576665	0.00597909866409061
"ABM59788.1"	283.005178721845	-1.6561833477962	0.403911844977788	-4.10035845293737	4.12510686203145e-05	0.00078295926582666
"AEH22532.1"	65.9644843016233	1.65594979684019	0.535032275265026	3.09504654839733	0.00196782011592242	0.0180923126323035
"AKT38592.1"	746.870517318338	1.65562887942674	0.56741121427282	2.91786421871931	0.00352437782360341	0.0278803282140721
"CDR17364.1"	314.14729274711	-1.65460369008888	0.409420099286878	-4.04133478783978	5.31478183865004e-05	0.000964307403466276
"ACU40147.1"	668.439990099205	1.65364520279849	0.454506618778518	3.63833030032135	0.000274411350490673	0.00374569486510818
"AAO34674.1"	27.681206671206	1.65333682791496	0.530649221706886	3.11568689877061	0.00183517012430302	0.0171132802569219
"ADY36175.1"	24.8030724959579	1.65266374287322	0.486027705395033	3.40034883717167	0.000672999353285212	0.00776320143987342
"AGL16228.1"	274.465969986873	-1.65217140926333	0.419168657999067	-3.94154328510651	8.0959021107903e-05	0.0013641573613761
"AFN78827.1"	34.7632356498405	1.65159671169997	0.382396611788871	4.31906732639108	1.5668997975777e-05	0.000342978316911536
"ADI84396.1"	93.3531586443963	1.65012737371186	0.518922381374908	3.17991174198303	0.00147319913978356	0.014379538803952
"ADZ78879.1"	25.5146079315451	1.6499753971148	0.491183625414994	3.35918241517266	0.000781734469992475	0.00874368286932055
"SCF39848.1"	225.371311639376	1.64953557098059	0.481222493925107	3.42780229894513	0.000608488414225818	0.00713966540011149
"ACZ37643.1"	1001.41430270442	-1.64887239597964	0.522970290287243	-3.1528987910078	0.00161657844363792	0.0155098458218257
"ALK09211.1"	479.365902107628	-1.6487887304967	0.52103629449879	-3.16444122588954	0.0015538104127246	0.0150084723357712
"CAK42001.1"	56.1905025309744	1.64874481195729	0.521893430842576	3.15915992522737	0.00158224639564571	0.0152378982086334
"AKH85728.1"	242.922031225411	1.64796382653386	0.606508857127949	2.71713068517681	0.00658506007697776	0.0449647175402608
"AIG77407.1"	1167.09094593766	-1.64794573563328	0.544076024104594	-3.02888872624991	0.00245455071772375	0.0211543757559438
"AIQ46626.1"	53.9879796219841	-1.64762512335245	0.567426262637986	-2.90368146813046	0.00368803171192591	0.0289054131598762
"ABF39292.1"	495.421898254275	1.64745631705653	0.321912565819123	5.11771360296076	3.09261728050503e-07	1.22567166347644e-05
"AIU29276.1"	76.4772775545047	-1.64711688621182	0.313045186497145	-5.26159467469352	1.42811320151144e-07	6.28275426701064e-06
"AIV56071.1"	60.3473407207692	1.64655222669169	0.592575854836905	2.77863536499454	0.00545877636459371	0.0390255115176623
"AEG00846.1"	53.5894358162324	1.64522707822896	0.474228076328083	3.46927387970752	0.000521867159301004	0.00630293054003059
"SHI28350.1"	409.815108676208	1.64507180388699	0.450934689771938	3.64813761549148	0.000264148148979862	0.00364290225558631
"BAL90477.1"	124.801644606013	1.64452858385057	0.419261300797015	3.92244307004802	8.76556091183423e-05	0.00146245913759065
"ABF91523.1"	377.900700198445	-1.64424836486884	0.373925728982353	-4.39725923472478	1.09626382809122e-05	0.000255332796432959
"ABE53843.1"	24.1100910950693	1.64274452783744	0.551065485763507	2.9810332352087	0.00287277613373781	0.0237877079680934
"ABQ92220.1"	229.886391662891	1.64271791033457	0.556931827462142	2.94958526220382	0.00318200760028667	0.0256946884273509
"AEI49611.1"	68.0094215931171	1.64200682190989	0.548231411178549	2.99509803420423	0.00274356648006895	0.0229666338040806
"EAA59311.1"	28.8115622931336	1.64164041123349	0.525328017774247	3.12498164135415	0.00177816157052999	0.016744504315021
"ABY28340.1"	49.0594616380858	1.64141548202241	0.523837767286906	3.13344242154157	0.00172768811469168	0.016351709418157
"AEI40530.1"	82.6481024212239	1.64058534009788	0.527142722110035	3.11222230960714	0.00185684612512246	0.0172475992431747
"ACB22822.1"	476.15852550527	1.63991392930865	0.332739448701577	4.92852270960946	8.28537053718752e-07	2.83566300194501e-05
"AMP12429.1"	1005.22444242601	1.63951017890923	0.52945534081924	3.09659767785585	0.00195755356777339	0.0180156705073583
"AKA22314.1"	560.638466772385	1.63896709036034	0.405162167459939	4.04521256423182	5.22756698874861e-05	0.000952185851769721
"AHN74142.1"	76.560088417499	-1.63877215092853	0.356854414584708	-4.5922709204415	4.3844867129195e-06	0.000116902942871328
"ABF39392.1"	148.981072407417	1.63838739695344	0.589994449508548	2.77695391595325	0.00548709582262775	0.0391679588603484
"CUU41874.1"	459.718824539505	-1.63761856210083	0.52381351206282	-3.12633890571427	0.00176997447089061	0.0166898636871181
"ACO34222.1"	212.486923666338	1.63721926287518	0.514875870061523	3.17983296183514	0.00147359968668875	0.014379538803952
"AAK85912.1"	132.198682531462	-1.63701155974369	0.545236287777595	-3.00238923277872	0.00267869436403056	0.0225406454509768
"AFC29056.1"	26.3791926214961	1.6368744189042	0.544359143176415	3.00697515495524	0.00263861327480837	0.0222837457742188
"AFM19830.1"	3578.46292324489	1.63663943698122	0.451128555043427	3.62787817061075	0.00028576003711834	0.00388356213551701
"AIQ60350.1"	226.540718691487	-1.63613216576695	0.383231249557495	-4.26930780737777	1.96080521669306e-05	0.000415239809731762
"ABF43153.1"	128.716279794054	-1.63553738695543	0.412282349793698	-3.9670322723586	7.27731415741758e-05	0.00125221688476375
"ADN69073.1"	29.1224189846324	1.63540352213188	0.504417066444752	3.24216532493354	0.00118625185398055	0.012098472460488
"ADL42950.1"	91.9200420531074	-1.6347177271756	0.530030914668141	-3.08419317050425	0.00204105023431218	0.0186249160234041
"ABS06081.1"	1290.47796596222	1.63432261371202	0.545210910924463	2.99759704174088	0.00272117209220076	0.0228294677534469
"ADY62275.1"	64.3701799287866	1.63403793052801	0.550755890225597	2.96690050806119	0.00300818284343084	0.0246493188203059
"ABA04971.1"	221.961415409689	1.63331660222571	0.543829824876313	3.003359741436	0.00267016596469835	0.0225094749616667
"SDT43147.1"	2364.9524376014	1.63313384933311	0.439943200367479	3.7121470407293	0.000205508533650821	0.00295198404724904
"ABN96267.1"	93.8941781459218	1.63176361382683	0.385081941068824	4.23744517672719	2.26077598360247e-05	0.00046883469953285
"ABN13591.1"	120.487190049328	-1.63159749578842	0.456791210017539	-3.57186710253416	0.000354445273038378	0.00460039400277349
"ABQ27375.1"	64.1206715092461	-1.63044883078736	0.425650163256543	-3.8304903217074	0.000127888163782922	0.00200131751440285
"AEF20032.1"	362.676757999497	1.63038260782902	0.350235839536607	4.65509928962771	3.23824617234383e-06	9.06579398409378e-05
"ABD53753.1"	127.907073044411	-1.62990907339918	0.450531419770694	-3.61774784592992	0.000297177706411791	0.0039979755255668
"AFM15856.1"	176.415578745545	-1.62938461424886	0.336376439487479	-4.84393204450191	1.27294484946434e-06	4.10790045823104e-05
"AMV19001.1"	348.258427361318	-1.62878734468946	0.425536895190351	-3.82760546288441	0.000129395947366248	0.00202265155916554
"ADY28795.1"	60.9081784114493	1.62847516895626	0.535444754997398	3.04135049182465	0.00235519497759623	0.0206178982466492
"AGI39701.1"	125.883327747767	1.62793426499598	0.514301493412596	3.16533061997154	0.00154906822812238	0.0149802121293659
"AEG96860.1"	345.651561663096	-1.62733276483649	0.376257602521096	-4.32504952440196	1.5249759835319e-05	0.00033511167688351
"ACZ30555.1"	895.666768480038	1.62623858493002	0.244737663358707	6.64482353313343	3.03580570708855e-11	3.39961666302604e-09
"AEE44519.1"	1065.56031237825	1.62505651332481	0.511366598354778	3.17786988542684	0.0014836131452109	0.0144537181290105
"ARU29109.1"	36.8358460552772	1.6247673183496	0.495249517822666	3.28070449314678	0.00103548171023777	0.0108778033620325
"AJE39277.1"	253.730917769366	1.6240705203789	0.401027779331262	4.0497706245865	5.12678592313271e-05	0.000940560279842879
"ADH93476.1"	83.6598665085746	-1.62310175878916	0.476728373494278	-3.40466783399591	0.000662445787213957	0.00765092089886219
"AJQ82405.1"	38.341702738557	1.62273477046802	0.553732205740919	2.9305407083858	0.00338372655846169	0.0270273348732363
"AEQ51754.1"	108.108132041854	-1.62250556276682	0.591101348910045	-2.74488556955355	0.00605320004948739	0.0421765526593949
"ACF69403.1"	30.1465202523096	1.62232008552246	0.604392413241239	2.68421649574036	0.00727000122393849	0.0482987551650171
"AJE44151.1"	649.62995021655	1.62213428846717	0.465314054225817	3.48610636995706	0.000490106082014745	0.00597084850830496
"ABM43768.1"	103.566357263321	1.62196729483994	0.48829682784359	3.32168304677065	0.000894762709063883	0.00967546419581015
"EKM54423.1"	44.8536208571117	1.62186286680872	0.495628128757147	3.27233821630697	0.00106661897073863	0.0111291290449815
"AGK80288.1"	1306.67831812861	1.62137594080459	0.326165729161889	4.97101870564653	6.66020225789731e-07	2.37830385729711e-05
"AGJ55179.1"	406.045451104232	-1.6201063502886	0.486695685764743	-3.32878716141264	0.000872250338308806	0.0094906803230833
"CBX99804.1"	78.1873276842183	-1.61889318035535	0.411539258523869	-3.93375151173203	8.36302418726187e-05	0.00140619354442392
"AKE05711.1"	215.139093943758	1.61876457252158	0.427550678712866	3.78613496157893	0.000153008594023001	0.00231798084321858
"ACT05046.1"	101.219090013676	-1.61842521193154	0.420221086425062	-3.8513660171124	0.000117460788219452	0.0018726835005648
"ACT00914.1"	35.620530406772	1.61836322476116	0.455117728119318	3.55592218182472	0.000376655563050085	0.00482381022102021
"AIQ23051.1"	48.1566644689752	1.6174232027623	0.538706574461794	3.00241964631343	0.00267842672599679	0.0225406454509768
"ACU92675.1"	36.6343411709498	1.61643115551765	0.604908203784131	2.67219248376154	0.00753574088588634	0.0494771580303175
"ABC91024.1"	146.418173010307	1.61640532845404	0.405311069570043	3.98806114564978	6.66154960211655e-05	0.00116706347096905
"AGZ32627.1"	34.6715689925254	-1.61603334394994	0.425411490166156	-3.79875339831267	0.000145425697469638	0.00222477476850272
"ADV84584.1"	263.434415264921	-1.61475631360841	0.431206049245983	-3.74474411115523	0.000180577727539971	0.00266076529484686
"ABR89018.1"	83.4611644600662	1.61472411269777	0.39579947102216	4.07965202310078	4.51031658454708e-05	0.000845752331553784
"AIW16245.1"	49.4645603272498	1.6144198729755	0.587694241134125	2.74704048462345	0.00601357109477094	0.0419402993939114
"CDR14872.1"	42.1010666891692	-1.61435986911771	0.549558540498338	-2.93755760333343	0.00330808709759262	0.0265215367652357
"AKL65907.1"	270.363648768828	-1.61407123163544	0.348490621094756	-4.63160594269355	3.62840250161727e-06	9.9686708964943e-05
"ABC55718.1"	34.6778613226182	1.61340471445414	0.566036255071612	2.85035578551415	0.00436703492686688	0.0329274198256302
"AGL50935.1"	31.7689579049914	1.61235996466078	0.556302527872208	2.89835095811602	0.00375130555947684	0.0293192491465979
"AGK75212.1"	692.335590155561	1.61203787499973	0.352719822522988	4.57030700307372	4.87010245118857e-06	0.00012783063895304
"AFU71934.1"	226.167283004619	-1.61175252282468	0.359295174528425	-4.48587300105021	7.26159874837628e-06	0.000179876501212153
"ACU62778.1"	41.5586059603703	-1.61085578413899	0.551695568522139	-2.91982730340591	0.00350225406897961	0.0277209796197776
"AEH89749.1"	249.172571387083	1.60970061634064	0.600426186659199	2.68093006618698	0.00734178573606589	0.0486234918603197
"AJW95111.1"	294.758772782862	-1.60845471536095	0.265456331178932	-6.05920645485288	1.36794723455815e-09	1.00517193644856e-07
"CEF79749.1"	385.125052417813	1.60823276834059	0.423105234774787	3.80102309345483	0.000144099869702532	0.00220811163228904
"ABJ15796.1"	467.329574163729	1.60722013058997	0.415339145696767	3.8696572361214	0.000108988472824882	0.00176067010109947
"ADG16281.1"	251.394862049378	1.60717760309862	0.253388815264285	6.34273301061977	2.25724430150811e-10	2.02947048840258e-08
"APX78113.1"	115.262283777566	1.60698930415385	0.456318783067186	3.52163742494301	0.000428890302891234	0.00535080789649866
"AJP01442.1"	340.166025265094	-1.60661852429461	0.329383225352107	-4.87765739307809	1.0735317902859e-06	3.5525527187759e-05
"ABY79073.1"	2354.57315303146	1.60634150788516	0.592563511281934	2.71083432796941	0.00671141504638155	0.0455276897597524
"AGM10176.1"	81.7104818000947	-1.60603176475358	0.383848888200998	-4.18402088457424	2.86397782506102e-05	0.000570269723971609
"ACI53593.1"	284.960178335703	1.605707926452	0.411710611188276	3.90008875850351	9.61574294134246e-05	0.00158261222449044
"BAU27076.1"	116.280787496038	1.60562567598179	0.600553081358899	2.67357828278671	0.00750467584285542	0.049342626795815
"AAH35300.2"	119.712839149074	1.6053150798405	0.574703701478437	2.79329170094224	0.00521746193510109	0.0377339355037691
"AEE52239.1"	39.9949776288591	1.60423713865341	0.560171291561278	2.86383319320448	0.00418548359101832	0.0319108928687769
"ANB19106.1"	1434.15848324284	1.60388927213195	0.475490959371467	3.37312253896912	0.000743208690664329	0.00837973036803808
"AFC86207.1"	82.460336880747	-1.60356625692637	0.579938536423847	-2.76506242681277	0.0056911903137259	0.0401538719816205
"ACL76655.1"	85.3984389315457	1.60336073007262	0.588760682472929	2.72328091498593	0.00646370707581198	0.044319848957735
"AKK82275.1"	165.837930403195	1.60328568623772	0.524117358234688	3.05902039123041	0.00222062034599969	0.0198069884713268
"AMD56122.1"	108.810884913304	-1.60260195392	0.397672916836194	-4.02994995653709	5.57887287278602e-05	0.000999271432799215
"ADG17356.1"	181.659925154674	-1.60196587832279	0.343185907348159	-4.66792442236741	3.04257772722042e-06	8.59535883463802e-05
"AFK82658.1"	31.1220142313008	1.60189752763466	0.577789346844969	2.7724594376512	0.00556344525468386	0.0395508732812463
"AJS59949.1"	38.7737636298013	-1.60185273487809	0.506135257272656	-3.16487087564258	0.00155151788480025	0.0149987205465704
"ACF82787.1"	299.587578594391	-1.60094402383981	0.362325962430289	-4.41851865403608	9.9379704012738e-06	0.000234787695657436
"ACS62202.1"	100.475729699042	1.60091186944821	0.424200518184223	3.77395076342872	0.000160682486502142	0.00241473917125272
"ACU95222.1"	490.116308647037	1.59996715752033	0.523417558784095	3.05677012677426	0.00223735784625206	0.0198974174916368
"ARR78159.1"	79.6257912168936	1.59896851645294	0.531133540509686	3.01048304145609	0.00260832512982152	0.0221213784715187
"ABY31954.1"	103.286996278175	1.5986903843945	0.360144578445408	4.43902388117398	9.0367790172009e-06	0.000216789773235267
"AGJ54248.1"	231.036960783163	1.5983101897325	0.527529993371019	3.02979965085774	0.00244716013961846	0.0211297502144228
"SDV09827.1"	199.244136214691	1.59826122977481	0.468951114320597	3.40816170591753	0.000654021245476619	0.00757332356783103
"AGC44820.1"	301.862516236843	-1.59809085662309	0.340833836499139	-4.68876820751665	2.74854502741596e-06	7.84385999872959e-05
"ABI44366.1"	65.5261328915294	1.59753935314339	0.558596830271213	2.85991481972382	0.00423754811270497	0.0322026050388948
"ADU15200.1"	80.2985550908897	1.59750440957231	0.56040092239352	2.85064557486671	0.00436305729793117	0.0329062909786856
"AFH59871.1"	50.8106889507766	-1.59707126114	0.425052593508513	-3.75734976219599	0.000171722401324721	0.00255448477549781
"ALG75245.1"	365.039990525855	-1.59670810777009	0.42884804080598	-3.72324916016692	0.000196675255309369	0.00284701160684648
"AEB45019.1"	342.881239884703	1.59656740003541	0.423050539475528	3.77394011130381	0.000160689351194593	0.00241473917125272
"ACG71792.1"	689.165370343831	1.59655268613015	0.357470765449028	4.4662468667184	7.96037492013484e-06	0.000193790135881822
"ADO69422.1"	383.423302791205	-1.59612776402037	0.431593415246216	-3.69822084312805	0.000217115953579623	0.00309647388508158
"CBG74048.1"	557.11260607416	-1.59531214015781	0.356083190982634	-4.48016694007779	7.45846804182712e-06	0.000183945635311394
"ABN75677.1"	162.211059010896	-1.59464434215529	0.301829936176368	-5.28325441258914	1.26908955123563e-07	5.65755271917082e-06
"AEI10800.1"	2170.31453265549	1.5944389884717	0.493969310470857	3.2278098146459	0.00124741878928805	0.0126348539887511
"ACD96886.1"	26.314800026138	1.59367979280352	0.532124339846223	2.9949387266594	0.00274499977749835	0.0229666338040806
"ACU24477.1"	51.8908420152402	-1.59235103442774	0.416146970549075	-3.82641505794635	0.000130022987017142	0.00202769615118082
"ADN02827.1"	24.9763848359767	-1.59134171615735	0.412929114565186	-3.85378908879562	0.000116303792859485	0.00185529400848669
"AIQ40883.1"	33.5982382474966	1.59110667173096	0.536487123791578	2.96578725037415	0.00301909259353566	0.0246997417441918
"AGG89309.1"	1459.42964164827	1.5899353999084	0.468416918552373	3.39427406854143	0.000688107913494667	0.00790297098510295
"AHM02722.1"	619.947172907783	1.58943111732556	0.470375409279126	3.37906932626739	0.000727316648381081	0.00824037105952114
"ADI10071.1"	3187.3019576347	1.58862964157197	0.470124753451671	3.37916612539161	0.000727060595606275	0.00824037105952114
"AAT90348.1"	330.995325673152	1.58783340561092	0.515349022625138	3.08108356841865	0.00206248753580086	0.0187489550316664
"ADU21934.1"	49.2592214594778	1.58732532970063	0.545792173264033	2.90829624801663	0.00363403899950634	0.0285621998400279
"ACE82688.1"	40.9024926684877	1.58727850423895	0.58555497572651	2.7107249874695	0.00671362840774676	0.0455316717304453
"ABU25235.2"	50.772846159415	1.58726302958055	0.554784456166475	2.86104452267542	0.00422247749415276	0.0321166166878999
"ABF10146.1"	793.390626193172	1.58647198938865	0.47549875005691	3.3364377702334	0.000848594241401494	0.00930561863778936
"ACB66462.1"	141.770891928229	-1.58636234957204	0.453620272815961	-3.49711519664742	0.000470318691634378	0.00576490459325571
"AMS28475.1"	108.109653866288	-1.58623364832318	0.35696188698071	-4.44370591420842	8.84224488070514e-06	0.000213219196968321
"AEU35330.1"	38.1702147883615	-1.58459221539412	0.511585113296642	-3.09741658662241	0.00195215326522026	0.0179788373229477
"ADH69168.1"	568.454921470672	-1.58445971060611	0.284653501946975	-5.56627513720615	2.60242226862036e-08	1.40110411215953e-06
"ADY37518.1"	48.9289868238342	1.58424270954596	0.544078725176635	2.91178948236146	0.00359364743198832	0.0283162830019547
"BAD68734.1"	113.454003920261	-1.58397943968069	0.404864506399643	-3.91236923623317	9.13950288706154e-05	0.00151825353060438
"SBT43401.1"	809.268456320931	1.58305338568013	0.431276013290617	3.6706270158674	0.000241956197624043	0.00339539133267303
"ADV82904.1"	273.876378921983	1.58291504309975	0.422162801358679	3.74953699853547	0.000177161358636422	0.00261731366563866
"AAQ12269.1"	32.7001897489102	-1.58191102171207	0.412125290758221	-3.8384225797007	0.000123827244181398	0.00195228587609137
"AHZ58329.1"	82.8312230096817	1.5813175646069	0.512073278314838	3.08806889867559	0.00201461757236266	0.0184498637735901
"AJD45107.1"	36.0361139929385	1.58113965271915	0.571471854308274	2.76678482203294	0.00566121081140147	0.0399793967267144
"ABB92850.1"	362.39278662937	1.58020672533706	0.42753798346578	3.69606160493	0.000218969860471253	0.00311497978341118
"ABR42905.1"	501.94030670796	-1.58002373335715	0.38003052767475	-4.15762318628627	3.21575877984202e-05	0.000633110990157927
"AIQ23046.1"	47.8676574545687	-1.57846167428733	0.529555904233849	-2.98072717472769	0.00287564859146064	0.0237974158931517
"ACB76628.1"	1413.6823797213	1.57702369720316	0.405699116921345	3.88717557279994	0.000101417400474532	0.0016536293207251
"AKA06859.1"	1232.56596150134	1.57537031355915	0.552159519172611	2.85310722510005	0.0043294010679822	0.0327318153657115
"ADE00389.1"	46.3493211347537	1.57315918557293	0.499351094899283	3.15040700149106	0.00163043154845336	0.0156053202155556
"AEV69156.1"	80.8610201827574	1.57260403309538	0.538296985510896	2.92144313534067	0.00348413871876301	0.0276166329474771
"AHF89581.1"	1228.34313144516	1.57238395347655	0.332100938831652	4.73465675528734	2.19426127204515e-06	6.48685729378838e-05
"ADC51636.1"	45.1219160690955	1.57208468849899	0.549128944878669	2.86286982895493	0.00419822999986209	0.0319776604266231
"ACM45714.1"	32.2014695817611	-1.57204928085925	0.519243550417237	-3.02757594118604	0.00246523763023411	0.021202404028591
"ABV39536.1"	244.01358437073	1.57196259572253	0.390908906893857	4.02130155645023	5.78774546856252e-05	0.00103072081807315
"CAN95067.1"	634.699340014496	1.57175604050361	0.291081477147634	5.39971164055359	6.67480979779085e-08	3.15123060875131e-06
"AIQ52956.1"	43.0149228112955	1.57144184157309	0.535513655436315	2.93445708735989	0.00334131752529762	0.0267496498250593
"ABS26669.1"	497.851154819806	-1.57062553135387	0.337188407438122	-4.65800572234113	3.19287339431392e-06	8.96497173556344e-05
"AIR98808.1"	434.807536103925	-1.56974524319973	0.350635402658687	-4.4768589574731	7.57492564630936e-06	0.000186351158518521
"ABQ70441.1"	1877.49693421948	-1.56974514234844	0.386615601288031	-4.06022192875493	4.902609405821e-05	0.000905365784468105
"ADL02235.1"	987.11004355655	1.56946311301708	0.307173387369732	5.10937202749266	3.23231336670678e-07	1.26917033680677e-05
"ADD78269.1"	23.0417291707107	1.56886150887898	0.587353346841328	2.67106932703458	0.00756100289443066	0.049619746139822
"AHK28971.1"	74.5056271461726	-1.56834128503822	0.409117894110786	-3.83347027254086	0.000126348076191635	0.0019838702978469
"CAW41285.1"	110.323439880119	1.56757363621965	0.542122875095994	2.89154674748244	0.00383350556467432	0.0297953419735209
"ABO55400.1"	773.9552282795	1.567090398495	0.488754801532116	3.20629156702417	0.00134457674105879	0.0133960037162569
"ADU27002.1"	70.4277624397441	1.56681870496207	0.456765887814494	3.43024456677115	0.000603037448485461	0.00708758875222459
"ACK84116.1"	237.126452342151	-1.56667292760178	0.239991418319466	-6.52803728805125	6.66371097054665e-11	6.75932073664579e-09
"AKV09289.1"	84.142364447542	1.56617561253509	0.515174900754153	3.04008524142461	0.00236511199242456	0.0206670817219804
"ADG15481.1"	161.056565231464	1.5654583674649	0.565033915128718	2.77055646670038	0.00559605962808985	0.0397028092620383
"AIQ59176.1"	244.01853679212	-1.56504101065235	0.562495038321313	-2.78231967222857	0.00539718494125323	0.0386839707156491
"ABF78419.1"	151.127368278343	1.56437796592184	0.542841673314382	2.88183100676547	0.00395371719260926	0.0304926354061402
"ADU14926.1"	155.757414808507	1.56195989076217	0.4536440481599	3.44313982978041	0.000575001929771447	0.00680666132172576
"AAW29035.1"	63.8368381250312	-1.5618747120156	0.454218262225752	-3.43859954983344	0.000584731500705817	0.0069014093987184
"ABC70181.1"	99.8333252041342	1.56143126763717	0.576259303605148	2.70959836634075	0.00673647265001684	0.0456423737439186
"AAT63265.1"	34.8931991346232	1.56137719988033	0.514904190621592	3.03236452201999	0.00242645990340622	0.0210508743277845
"AAW45360.1"	49.9791576636955	1.56137367827919	0.408011621742206	3.82678726554928	0.000129826621550133	0.00202711996481737
"ACK46663.1"	59.2857322524873	1.56120096869116	0.541899359953375	2.88097953986416	0.00396441374327395	0.0305331012010698
"AHI00070.1"	633.601973032762	1.56082860513484	0.204002528226857	7.651025792186	1.9938234203401e-14	4.19692334404822e-12
"AIZ34005.1"	303.3867782974	-1.56062889025265	0.332590480480682	-4.69234383376554	2.70092693237654e-06	7.7395240940444e-05
"ADI09891.1"	213.042284876138	1.55984527329937	0.562011911144607	2.77546657351542	0.00551225653667741	0.0393174863696359
"ACR71158.1"	34.8400287343982	1.55941919976857	0.427301097159088	3.64946219454239	0.00026278990976679	0.00363011708542623
"ADO47831.1"	252.570009595688	1.55893485405076	0.417212948366447	3.73654475527329	0.000186566254905009	0.00272462643313543
"AEM40695.1"	107.639682828555	1.55821578525655	0.532441817053321	2.92654659222699	0.00342748162113755	0.0272756610191492
"AAZ64248.1"	412.518689418226	-1.55778284754268	0.417711074888224	-3.72933096868338	0.000191988844199605	0.00279652428835179
"ABB34052.1"	120.916885522528	1.55730567391506	0.385816026358978	4.03639446658466	5.42789246185219e-05	0.000980916430574576
"AEL06088.1"	137.606795316173	1.55716383486445	0.414185676752771	3.75957915076318	0.000170199425086146	0.00253722210048548
"ABN90274.1"	69.8626802414689	-1.55609727549037	0.308951489764435	-5.03670423041766	4.73615742016421e-07	1.77027320607366e-05
"ADV83436.1"	76.0223769706204	-1.55555662323618	0.446501451289899	-3.4838780898524	0.000494204540178015	0.00601292929457789
"AQT91856.1"	86.8269729320904	1.55514503000055	0.451262669597275	3.4462080175797	0.000568512555823167	0.00674376352846938
"AEA27818.1"	569.092814981935	-1.55512669779612	0.399026228344656	-3.89730445601911	9.72693049732349e-05	0.00159622008325363
"AHJ97138.1"	451.23499963954	-1.55437265888662	0.214413259398421	-7.24942414124819	4.18547296824343e-13	6.93352078218598e-11
"ABF52322.1"	605.757467030611	1.55415158347439	0.441416331204344	3.52082937039077	0.000430199345724409	0.00536474872289557
"AEE49863.1"	26.05045503508	1.55410841454084	0.568209868963791	2.7350957796192	0.00623621273379821	0.0431510162371267
"ADV49810.1"	36.9048319698426	1.55324485836224	0.557854867228758	2.78431712190351	0.00536405605485853	0.0385650008504929
"ABA50787.1"	36.6127245812872	-1.55309290787344	0.392300989550777	-3.95893191513965	7.52856930321485e-05	0.00128675107578024
"AGS71497.1"	320.128749840454	-1.55279193583404	0.323887044478275	-4.79423910991968	1.63293416217885e-06	5.02369503344605e-05
"AIF91535.1"	116.688539965883	-1.55265769324449	0.576719859243103	-2.69222165382379	0.00709777553718116	0.0473230111785958
"AEC17234.1"	43.8626590291566	-1.55257638672719	0.575341443008144	-2.69853042153477	0.00696463720360468	0.0466910879195682
"AAO77546.1"	35.8615288986292	1.54955500892406	0.425079556985439	3.64532940589552	0.000267049517253735	0.00367224111671086
"ACR68033.1"	43.0059799340367	1.54884004349483	0.543570461039887	2.84938228713127	0.00438042118047338	0.0330105710278688
"ACK82703.1"	301.925693954004	1.54830737346314	0.37298958543554	4.1510740082868	3.30918729315603e-05	0.000650133385678569
"SCE78484.1"	222.631806906354	1.54808204515994	0.518308058656265	2.98679910394102	0.00281914912399104	0.0234337585734124
"AEF40533.1"	71.752498154177	1.54786624753033	0.501771124563402	3.08480534601737	0.00203685411564681	0.0185938848256933
"ABP43649.1"	639.534604080053	1.54762895355982	0.554082889034824	2.79313616100957	0.00521997144913519	0.0377363397600212
"AKT38989.1"	74.2970062972819	1.54665237100649	0.514047536338154	3.00877304465683	0.00262304982352264	0.0221991846612273
"ACF88167.1"	404.748360200721	-1.54544120868764	0.5347602095992	-2.88997045955596	0.00385278029069754	0.0299202321826265
"ABZ09097.1"	39.8609005915676	1.54400245574566	0.501377710230006	3.07951954034285	0.00207334769041877	0.0188153782628732
"ADX07323.1"	416.569348907713	-1.54351784758501	0.544810022152532	-2.83313042129183	0.00460945751300875	0.0343544442145148
"AMW14809.1"	259.508134728557	1.54328748624993	0.51120621353169	3.01891378742849	0.00253682710147646	0.0216593508792116
"AGT87625.1"	96.0069765466324	1.54320245860388	0.355245378639845	4.34404654189299	1.39881859513768e-05	0.000311545945819207
"ACF93784.1"	113.979609328732	1.54247084913314	0.401474503325926	3.84201446506536	0.000122028642710219	0.00193012083690129
"ABC24202.1"	168.749514773791	1.54211187664717	0.3601522153374	4.28183365525734	1.85359528633199e-05	0.000396131707146185
"AKF86991.1"	724.85488426827	-1.54202497639305	0.348307072436343	-4.42719972812173	9.54643300143934e-06	0.000226877706543545
"ABF91607.1"	576.080059607604	-1.54185848781747	0.24468233450106	-6.30147039818598	2.94835097187677e-10	2.56341719902677e-08
"CAW61333.1"	111.444284133026	-1.54183842358923	0.408094273195015	-3.77814275980402	0.000158002300640139	0.00238141409180061
"ABB56841.1"	97.2192094808136	-1.54171961656108	0.465385237010903	-3.31278152797304	0.000923731058757823	0.00993498836764657
"ABA04321.1"	160.516279714897	1.54106954372696	0.439479684143675	3.50657743538188	0.000453909344161405	0.00560054914021274
"ACG38268.1"	305.158458997881	-1.54047784477042	0.344821598601562	-4.46746332311515	7.91525764590454e-06	0.000193104709879813
"ADW20837.1"	39.8501612780817	1.54042199698921	0.51243434313421	3.00608657016917	0.00264633644608792	0.0223273395049409
"AEX01147.1"	71.4656649327166	1.53958407135648	0.520545530029389	2.95763575430099	0.00310008208484044	0.0252005663063998
"ADU49005.1"	159.617466638524	1.539296988305	0.458911984632903	3.35423139915669	0.000795857779571195	0.00885213921210774
"ABQ80800.1"	35.7890934521136	-1.5381556684242	0.403308826306456	-3.81384082890224	0.000136823609367862	0.00211163934281293
"AEE62238.1"	52.7316512807574	-1.53771341147003	0.570226136196479	-2.69667297561434	0.00700360126620899	0.0468961542809823
"AEB60126.1"	185.759573793488	1.53759891901543	0.441781748260157	3.48044916991448	0.000500573797855748	0.00607422198618728
"ABV95880.1"	531.545815848403	1.53720999999735	0.360709597141541	4.26162766995678	2.02943360654827e-05	0.000426226731049703
"AKN74671.1"	144.850254556885	1.53694580190865	0.437174031231893	3.51563837764508	0.000438698076776106	0.00545130552926049
"AFY18325.1"	50.5342128695522	1.5369289770802	0.501213190312929	3.06641765776481	0.00216640469306773	0.0194892884920065
"ABE62593.1"	621.230637004146	-1.53676338005745	0.372051563594746	-4.13051181725809	3.61956487531653e-05	0.00070078380532062
"ADE19509.1"	88.6505522668997	1.53605944757461	0.379428981432667	4.04834507310086	5.15810600329437e-05	0.000942600102273037
"ABP42792.1"	58.4537132930303	1.53413194123516	0.497106011969975	3.08612630765733	0.00202782662129966	0.0185362089177431
"BAL90742.1"	116.60632419419	1.53405608781312	0.424092010947616	3.61727183774421	0.000297724576001252	0.00400148690817621
"ABM15634.1"	320.192533874853	1.53383510702008	0.316028817971332	4.85346594929587	1.21322181130368e-06	3.93573091880161e-05
"ACS99503.1"	433.454557926528	1.53373876698032	0.533729180410026	2.87362734374398	0.00405787451856494	0.0311415172756974
"SMQ49286.1"	51.1892952252576	-1.53338164020329	0.446083537930194	-3.43743157911209	0.00058725906686502	0.0069224862467171
"AIQ40299.1"	165.572254802378	1.53272648081263	0.491678541304909	3.11733450222333	0.00182494377946443	0.0170557679183774
"ADI04829.1"	337.312863784193	1.53228570865174	0.404504454368991	3.78805645302976	0.000151830355303866	0.00230512073052442
"ACM27971.1"	148.376919760411	-1.53214735958136	0.45873591985588	-3.33993326718934	0.000837985234289304	0.00921454619762897
"ABX05012.1"	42.7261892927089	1.53104875628981	0.356731811476285	4.29187615748026	1.77169758310644e-05	0.000382719487165494
"AEA65144.1"	1668.87813195936	1.53094972867668	0.360847108023184	4.24265483812139	2.20891036368393e-05	0.000460123917720948
"CAD92854.1"	128.824894991413	-1.53089037380411	0.556376741716807	-2.75153553162603	0.00593165845615146	0.0414638477249479
"ANS70584.1"	153.333793818932	1.53058075989721	0.362990175957326	4.21659003817544	2.48024283740773e-05	0.000504628477296996
"ANS66663.1"	218.275582034943	-1.53018054725616	0.345744887277226	-4.42575032506331	9.61076338450833e-06	0.000228212834361913
"AEV37742.1"	50.0394592620547	1.52994006130611	0.455166463936576	3.36127589030658	0.000775832883246244	0.0086985251899727
"ADU14953.1"	348.633770240479	1.52989137868302	0.508346753154147	3.00954293342188	0.00261641097197905	0.0221630988113541
"ABQ79060.1"	60.6990312779018	1.52966699598237	0.522387079020728	2.92822517518982	0.00340903058142401	0.0271674409785216
"ADB82653.1"	74.9844404582115	1.52943600923482	0.502210644756252	3.04540739071178	0.00232365326866592	0.0204119852242143
"ACV76912.1"	223.236988137893	-1.52762342154679	0.437109309550471	-3.49483158598892	0.000474360972893839	0.00580142038059479
"AIC89531.1"	66.6747410472204	1.52716733911059	0.570703268250818	2.67593936125737	0.00745201266643764	0.049088599202256
"ACB34020.1"	1612.42903700191	1.52674402264824	0.55662671595803	2.74285078110293	0.00609083565768911	0.0423965775914133
"XP_003711481.1"	195.938766835351	1.52665098726588	0.512760135392745	2.97731996286442	0.00290780370032153	0.024028763456169
"AGT31620.1"	53.1005249380615	-1.52614873137682	0.49526387011671	-3.08148609955574	0.00205970093349071	0.0187401323802425
"AFC42341.1"	51.8315143131657	1.5260517072491	0.564217654533925	2.70472165304664	0.00683616450977243	0.0460836170516708
"AEF35973.1"	190.292260037651	1.52592983617359	0.372746998106827	4.09374144908945	4.24467620000334e-05	0.000803475016195358
"ACL57267.1"	168.323155055359	1.52535267785946	0.514939883090926	2.96219564253507	0.00305453629033301	0.0249241614643436
"AEV15706.1"	100.99045005872	-1.52463046910301	0.324318252264088	-4.70103195999441	2.58849993157102e-06	7.4863268682089e-05
"ADC92551.1"	326.183540319152	-1.5235491820049	0.341056178388336	-4.46715021907666	7.92684697346703e-06	0.000193141869337844
"AJP05105.1"	158.440809842768	1.52232344672434	0.50223958800552	3.03107019653657	0.00243688586624514	0.0211133494380463
"ALC29778.1"	34.1954179822182	1.52207033538316	0.424781635057853	3.58318300454742	0.000339432623988158	0.00444054006596845
"ACM29077.1"	120.356820754609	-1.52055293546956	0.456910224564232	-3.32790306218196	0.000875023082998146	0.0095060714907319
"AAT68493.1"	84.6672589966506	-1.51950848543931	0.471523868321346	-3.22254839579776	0.0012705569995222	0.0128506191324507
"ACT01197.1"	115.320059992193	1.51950233163821	0.394788477262149	3.84890243549136	0.000118648248580768	0.00188624438799953
"CAP91879.1"	88.3087777946408	1.51945079423049	0.544316396685044	2.79148451798282	0.00524668675752738	0.0378865727272986
"SDT02564.1"	364.592155121003	1.51918057427734	0.542838477327516	2.7985867578078	0.00513267787778371	0.0372742213433893
"AII53927.1"	78.661259532446	-1.51870319406391	0.353948024888885	-4.2907519954114	1.78069092674923e-05	0.000384069516065266
"AAC53246.1"	44.672518418414	1.51816071280714	0.357358127850152	4.24828930557791	2.1540910423002e-05	0.000450044274777884
"ALE80806.1"	640.363602300044	1.51808447370387	0.382328854785008	3.97062490760088	7.16843617353651e-05	0.00123652211407473
"ACJ78453.1"	40.5936044044143	1.51699399973012	0.544927730121006	2.78384438133339	0.00537188010745323	0.0385985641269878
"ABX57600.1"	684.372646776155	-1.51600167534033	0.533689098384182	-2.84060828660402	0.00450275829315184	0.0337417615564986
"AEE95353.1"	31.9913150433452	1.51462234889131	0.525606084974764	2.88166821539754	0.00395576023011646	0.0304999899207767
"ABS01506.1"	805.988991793106	1.51417596303541	0.255703357122012	5.92161158960812	3.18801867763495e-09	2.14547526199683e-07
"ACB35877.1"	1505.41269895217	-1.51401637759688	0.517431971980728	-2.92602015256466	0.00343328696164159	0.0273025502938237
"ALG83664.1"	259.098278835694	-1.51360255310486	0.434889163895614	-3.48043289822731	0.000500604204332739	0.00607422198618728
"CBH50342.1"	583.18276174206	1.51292033388491	0.487426979556626	3.10389124389687	0.00190993523876329	0.0176681021093801
"AEI40438.1"	24.9130880557283	1.51211449376624	0.495736216095266	3.05024011696506	0.00228658475482571	0.0201495835052253
"CDG18272.1"	28.5638186233148	-1.51154776228703	0.546120287222059	-2.76779273294497	0.0056437335549564	0.0398894129271798
"ADL48285.1"	525.79769925445	1.51065977139119	0.515093715096408	2.93278626222113	0.00335935072244297	0.0268632912954908
"ACE83851.1"	56.4388276677267	-1.51041835600528	0.551488185071988	-2.73880455989845	0.00616630176295766	0.0427835896296809
"SDT60053.1"	312.407781733071	1.50994647191199	0.426163250499142	3.54311750284302	0.000395426471706184	0.00501829533177078
"ABD79742.1"	43.9224780909695	-1.50977775833693	0.489200553362993	-3.08621433062168	0.0020272263762135	0.0185362089177431
"AJY05691.1"	70.243669585002	1.50964950534991	0.437772063166758	3.44848297177621	0.000563745014565541	0.00669442203657462
"ACR72234.1"	40.7820884591024	1.50939015842615	0.525522624627509	2.87216969868044	0.00407663990029821	0.0312683864791092
"ACX67001.1"	32.9653777598158	1.50932891968279	0.551244840326089	2.73803727358236	0.00618070703528383	0.0428461973041611
"ABG58607.1"	31.2886520557996	1.50825720643265	0.545531630653071	2.7647474897598	0.00569668747456363	0.0401825302438608
"ABF54744.1"	910.84280799361	-1.5080886789971	0.453073859667334	-3.32857137267731	0.000872926350402775	0.00949434580647867
"ACX96105.1"	52.9454524220479	1.5074734045153	0.482788253132324	3.12243182126912	0.00179363643760565	0.0168618689413055
"CBL17231.1"	75.8266757367231	1.50671022970273	0.419323814849328	3.59319021802785	0.000326653944990532	0.00431368105846931
"AAW62376.2"	1315.86318960721	-1.50512442657247	0.337534192146954	-4.45917617115711	8.22752762284529e-06	0.000199426721497123
"AEV84670.1"	545.917207104595	1.50487413678578	0.372083540797967	4.04445231186105	5.24455817786265e-05	0.000954039316097743
"AKG47134.1"	272.236931004326	1.50283920281485	0.388551039992705	3.86780383561209	0.000109819951198824	0.00177001689911472
"ADW17056.1"	94.2882039853677	1.50266582066807	0.533897693262828	2.81452015925519	0.00488501136497996	0.0358952173684984
"ABJ04658.1"	365.663969553979	1.50253245774842	0.392345877213065	3.82961194449473	0.000128345488945438	0.00200735212766285
"ADH69945.1"	888.936438361023	-1.50076575386884	0.343101236618458	-4.37411933766288	1.21923671527032e-05	0.000276834964158214
"ABO91117.1"	282.197166473033	1.50032433810412	0.378851343046795	3.9601927395538	7.48892949083189e-05	0.00128154077032597
"ACP32218.1"	98.7872950762055	-1.49996335541416	0.477956123932157	-3.13828671777218	0.00169938558349611	0.0161548383006985
"AEG91700.1"	398.033820194977	-1.49951820214267	0.355051287691779	-4.22338477320044	2.406604362572e-05	0.000494316182938853
"AHB06421.1"	80.1320996373211	-1.49937839978008	0.309544294968978	-4.84382501680527	1.2736310893501e-06	4.10790045823104e-05
"AEI40705.1"	962.068289432864	1.49930443329172	0.312944518112141	4.79095924842007	1.65985839695652e-06	5.10092158959328e-05
"ADZ80786.1"	23.2609155239829	1.49915113647002	0.554532208552194	2.70345187051279	0.00686233853185698	0.0462262968900311
"ACE83242.1"	56.2812794495606	1.49884165299652	0.519174795864373	2.88696921525458	0.00388972286463976	0.0301402383942581
"ARI08479.1"	28.4398997348381	1.49850345181919	0.503802679890466	2.974385630789	0.00293575871684629	0.0242018554289838
"ADW74906.1"	87.395421829636	1.4981918577838	0.530469579054995	2.82427478773195	0.00473877382176167	0.0350413924759746
"ABG65214.1"	195.751788275202	1.49613771212674	0.453502910460197	3.29906970301143	0.000970058210380855	0.0103238251774619
"AFY62890.1"	49.6873986397813	1.49565766979447	0.397897243168067	3.75890432888151	0.000170659074347501	0.00254136779012374
"ADE82685.1"	43.8315648787218	1.49442212230331	0.503723051840515	2.96675349052014	0.00300962152819646	0.0246493188203059
"ADJ43205.1"	47.6018555676596	1.49404600699127	0.477674804622964	3.12774714624218	0.00176151652212803	0.0166213065566216
"AEB44824.1"	321.407774610058	1.49341467676168	0.386535332431023	3.86359163435125	0.000111731951785049	0.00179566459367062
"AFM17681.1"	242.830601479151	-1.49275849263019	0.388453225967989	-3.8428268652175	0.000121625270780899	0.00192591690089483
"AEA20197.1"	75.3886831481847	1.49232350800387	0.551049967959916	2.70814553084671	0.00676603459899436	0.045753705516854
"ADJ62504.1"	253.125926516663	1.49220819474444	0.414340559455725	3.60140507775681	0.000316501982928814	0.00420740242833575
"ABK99935.1"	130.525788798978	-1.49139463273719	0.544853774595113	-2.73723832388875	0.00619573896285298	0.0429268221484236
"AJY30968.1"	71.3552182788803	1.49131854335023	0.495278933647336	3.01106799024915	0.00260330553875733	0.0220854975342576
"AAW28933.1"	115.240597682436	-1.49128707047893	0.550069403469785	-2.71108893000053	0.00670626372195742	0.0455148022205867
"AOL06603.1"	93.4802027004642	1.49040112598294	0.538229611846898	2.76908050612216	0.00562147429196606	0.0397722502597629
"AGN80783.1"	137.977042289248	-1.48951629455657	0.369556516608167	-4.03055074830645	5.5646312549462e-05	0.000997968737073948
"AQZ70315.1"	245.433522643636	1.48924342007502	0.434985153086741	3.42366494467007	0.000617827446903255	0.00722877655426359
"ABL97352.1"	51.1891585515669	1.48858585162085	0.546827542535768	2.72222178992288	0.00648446067979481	0.0444295059205912
"ACJ23248.1"	105.428457987849	-1.48789249813	0.289098663531947	-5.146659897878	2.65165446900149e-07	1.07587997846617e-05
"AGT83925.1"	93.3662351015906	1.4876208658979	0.31457240119162	4.72902536987573	2.25600195230056e-06	6.64831901648489e-05
"ACF10675.1"	136.311810521984	1.48723389726912	0.4677717846704	3.17940060945969	0.00147579971054972	0.0143959890928745
"AGH41235.1"	1333.77715389674	1.48705555565863	0.493741025631025	3.01181282993063	0.00259692666748788	0.0220581186234802
"ADG73600.1"	1128.1004958014	-1.48614222978663	0.373070567185289	-3.98354188323981	6.78956988626054e-05	0.00118504238488622
"ABK52540.1"	155.049937212491	-1.4852418655906	0.434645516802995	-3.41713375192545	0.000632841800863109	0.00737375567838461
"ACU37894.1"	648.906249157757	1.48510805736835	0.52634057788736	2.82157241862163	0.0047788846387677	0.0352913886433502
"ABO07303.1"	154.230193112076	1.48402982572648	0.455032399240313	3.26137177968888	0.00110874563922998	0.0114848025484312
"ADQ79765.1"	9739.48608542223	1.48370841064827	0.380337903355103	3.9010269488261	9.57854860872303e-05	0.00157834636168222
"CAQ04116.1"	217.660949498186	1.48361323523787	0.483897228124742	3.06596762495902	0.00216966806352257	0.0195061101818811
"AAS52247.1"	78.8102810302448	-1.48350200592079	0.338211426345253	-4.38631545347733	1.15286890648529e-05	0.000264555064802969
"ADJ48788.1"	193.304800138557	1.48312627692208	0.342849528921264	4.32588104055024	1.5192339977376e-05	0.000334112136690194
"ADU62933.1"	279.307266500065	-1.48286798507927	0.330081022573004	-4.49243635250585	7.04129658124624e-06	0.0001755370784404
"ADC62226.1"	104.916752334888	-1.48213856326622	0.427909682410179	-3.46367148066888	0.000532856841139763	0.00639864097060141
"ANH80495.1"	29.8607832371007	1.48199025676105	0.489107452679661	3.02998911311146	0.00244562554156477	0.0211297502144228
"AEL78901.1"	56.3481492684468	1.47898829001057	0.469528445876497	3.14994395547144	0.00163301785909637	0.0156247327352228
"SDN65010.1"	107.568437997477	-1.47821057001496	0.49654921078702	-2.97696691063517	0.00291115427933563	0.0240406155699932
"AFJ58701.1"	50.2326057318497	-1.4777221806659	0.440457701608229	-3.35496955841695	0.000793737185450299	0.00883862082238632
"ACC73466.1"	31.200254216186	1.47732525755412	0.490485614768377	3.01196449614891	0.00259562953743844	0.0220537919666545
"ACL40866.1"	142.821139507139	1.47682615815805	0.375867246013152	3.92911639368112	8.52585671884457e-05	0.0014301371162419
"AKK04831.1"	40.6404130553061	1.47681637912476	0.527860953402372	2.79773749053765	0.00514619189093963	0.0373342286029401
"ABI64926.1"	285.376508674248	-1.4751550212653	0.373939906185834	-3.94489862371683	7.98337458314117e-05	0.00134965310887452
"ADW68919.1"	431.28556345906	1.4747888741138	0.431294219966844	3.41944966066824	0.000627479412985443	0.00731954735247519
"AEK45728.1"	191.318091499658	1.47245029986164	0.337001091341976	4.36927457415103	1.24659947955809e-05	0.000281904677138192
"ABQ80893.1"	26.2915175746582	1.47170122840076	0.541024597814853	2.72021130711029	0.00652402114046744	0.044635018535808
"ACZ86276.1"	697.32908013523	1.47030361697845	0.325552514000206	4.51633316822586	6.29196445832992e-06	0.000160427902527691
"AAO78121.1"	24.91173447676	1.46984859773856	0.495295482913915	2.96761962998566	0.00300115469299488	0.0246105233699721
"ABP83792.1"	173.726191810193	1.46875162995971	0.270409968722729	5.43157353590663	5.58592882785959e-08	2.68239559973855e-06
"ABC27701.1"	64.9177403052048	1.46829898126772	0.300055990711928	4.89341665128551	9.91002946499459e-07	3.3147094970369e-05
"AGT86208.1"	120.786079626427	1.46777904944011	0.344167056490566	4.2647284850761	2.00145437928759e-05	0.000421615626806136
"EGX49092.1"	26.3112800352739	1.46755451334788	0.507319072797537	2.89276432138707	0.00381867718574929	0.0297213473706525
"ACP31851.1"	73.3390148561936	-1.46437202495943	0.437159177108489	-3.34974558842675	0.00080885815610383	0.00897534401041729
"ABQ36816.1"	114.586297865154	-1.46414506725566	0.417828985249673	-3.50417304433956	0.000458027623853975	0.00563398126424248
"ADY57893.1"	107.315996160925	1.46314266827511	0.407627860320752	3.58940791516018	0.000331429879070351	0.00436029647295749
"ABZ00834.1"	115.098602064618	-1.46238935245084	0.3907891783987	-3.74214393152628	0.00018245695647641	0.0026799921057259
"ACQ96008.1"	72.7196424521237	-1.46229761613676	0.264367856851495	-5.53129882562913	3.17868275883349e-08	1.65409670104651e-06
"ACA98172.1"	88.9593156226717	1.46160895640871	0.464393703044486	3.14734878364339	0.00164758301620389	0.0157318329200697
"AAY92813.1"	87.2545870307126	1.46146713050378	0.401185334946958	3.64287276526946	0.000269612125204441	0.00369821707850246
"ADU37741.1"	975.227606965323	1.46089921664165	0.311387925421511	4.69157310664533	2.71112360735477e-06	7.75287196235998e-05
"AAO77298.1"	23.441770012996	1.46024675088477	0.490607245565875	2.97640681845311	0.0029164769638621	0.0240640210248521
"AGL02936.1"	67.3595467669181	1.45901741988415	0.523001848399646	2.78969840039505	0.00527571614858232	0.038056931021827
"AAR34935.1"	85.401476298511	1.45885700928642	0.539588988362058	2.70364488666611	0.00685835409645746	0.0462109461575026
"AGK58775.1"	316.866664917316	-1.4577440229666	0.492158843244542	-2.96193808762323	0.00305709248976744	0.0249377509742218
"ADU10146.1"	225.132097936598	-1.45762520515741	0.200666010653275	-7.26393672955402	3.75983926897564e-13	6.30302156731988e-11
"ABL89695.1"	87.2345206503481	1.45756789601158	0.390882952015597	3.72891140044762	0.000192308747188084	0.00279972734595819
"AEM84498.1"	142.784302836837	-1.45672382566346	0.475002416131499	-3.06677140197996	0.00216384270952014	0.0194724977485458
"ACL52974.1"	1230.33830713869	1.45624854090106	0.40305914577504	3.61298969683679	0.00030268673541548	0.00405067774602857
"ADH97723.1"	66.1750972472581	-1.45587315592854	0.517940932219136	-2.8108864647766	0.00494052161347735	0.0362270411448172
"AKJ27595.1"	989.308373989303	-1.45587253116661	0.302227925849871	-4.81713437655592	1.45634615469862e-06	4.58999608865948e-05
"AEL08787.1"	138.577931561844	-1.45530127043565	0.367955145757721	-3.95510509151538	7.65010165009514e-05	0.00130433767232682
"ACM34400.1"	100.535858176531	1.45529236419774	0.526935188674366	2.76180523805761	0.00574827569506063	0.0404646789137951
"ADG73719.1"	842.419964536503	1.45468261699794	0.45098856025062	3.22554216494883	0.00125734313489552	0.0127267826539433
"ABC20131.1"	109.084741564123	-1.4543780732904	0.506392246297917	-2.87203859048578	0.00407833161129279	0.0312727942453445
"AOA70546.1"	904.582851922805	-1.45428803453519	0.330547728789	-4.39963099992593	1.0843510313837e-05	0.000253190087361286
"ACT08030.1"	27.4206951602188	1.45384453188764	0.484042814707247	3.00354532226025	0.00266853799183173	0.0225025269937714
"AFV00461.1"	194.487736989188	1.45242666470107	0.36015534155529	4.03277835177713	5.51212648219424e-05	0.000992395453347331
"APU42278.1"	239.673258544659	1.45230295691606	0.359162219563639	4.04358498140625	5.26400640583349e-05	0.000956955346348795
"AEG53201.1"	47.9851050776815	1.45080910788368	0.516330554405621	2.80984554468948	0.00495652804671333	0.0362883777628754
"ABE02800.1"	87.6422818685101	-1.45054099941194	0.383946910834307	-3.77797283551506	0.000158110119927429	0.00238141409180061
"ARF53866.1"	554.833211172287	1.45049332795831	0.356141475455859	4.07280091739298	4.64511272820156e-05	0.000866386248759033
"AIC15269.1"	51.3386605109635	-1.44968432183311	0.440927144461725	-3.28780919941514	0.00100970244716589	0.010636975553593
"AHE99466.1"	191.030073285637	1.44958836638624	0.501290274461682	2.89171452197611	0.00383145919860652	0.0297877066715324
"AAT95379.1"	38.0439069966545	1.4491195579445	0.515301748097805	2.81217667763365	0.00492074664879774	0.0361104123669048
"ADZ19661.1"	42.9018343372786	1.44900420251321	0.403521071507814	3.59090095865082	0.000329536851875643	0.00434101299703565
"CCT64153.1"	93.2839661731691	-1.44895410220541	0.496730386928748	-2.91698301600632	0.00353435017399388	0.0279248176262715
"ABD27349.1"	125.889397714055	1.44887062496502	0.484126791714084	2.99275034921161	0.00276475807114061	0.0230775691591093
"ACB74447.1"	284.239678709267	-1.44847988078086	0.448384608704026	-3.23044068119874	0.00123599549086224	0.0125418375361288
"AAW84082.1"	351.345094835468	1.44817870306403	0.343396175516836	4.21722432081375	2.47327906951839e-05	0.000503577606038086
"ACX75358.1"	40.8617108695351	1.44687850435054	0.488895883023452	2.95948187455106	0.00308156828904295	0.0250935386329396
"AEF38121.1"	230.242735172452	-1.44668785290142	0.495889518742708	-2.91735920648089	0.00353008978426426	0.027909741203124
"AHK67542.1"	39.2280043274486	1.44611573033854	0.520641112454685	2.77756730259062	0.00547674965706955	0.0391084328409617
"AIY42461.1"	128.810115085837	1.44548952170722	0.461651314655344	3.13112835557802	0.00174136033622705	0.0164588534682689
"ABB09584.1"	979.258544500196	1.44495770538649	0.500620129309624	2.88633560815692	0.00389756300501777	0.0301842804670754
"AIW13839.1"	44.2554429723699	1.44460778759588	0.477855325775459	3.0231070151862	0.00250193750313735	0.0214071645286777
"ADG73094.1"	1550.01820114602	1.4444797339369	0.519317543565559	2.78149612281402	0.00541089769891891	0.038742581068781
"ADF64286.1"	121.460587115445	-1.44351119235889	0.529777765248798	-2.7247485399486	0.00643504766663357	0.0441600956707682
"AGZ45017.1"	551.218077982591	1.44265902521085	0.405056627476906	3.56162306045247	0.000368569283472483	0.00474412214257271
"APJ17347.1"	39.9468086664641	1.44255521260375	0.4232691858134	3.40812717049453	0.00065410402868322	0.00757332356783103
"ABS26829.1"	758.565369924489	1.44233166418843	0.433955204940168	3.32368790089127	0.000888355540003349	0.00961410032581515
"ANS63411.1"	157.190194816556	-1.44073573974995	0.447704534294492	-3.21805036444473	0.00129065152875932	0.0130115521062823
"AFH63098.1"	246.837232450943	1.44019886701248	0.444077230989761	3.24312702050173	0.00118225491082964	0.0120709002493022
"AEI11333.1"	1886.42248386846	-1.43976007846907	0.295167998250132	-4.87776482208271	1.07294743065536e-06	3.5525527187759e-05
"CAW41332.1"	108.648929569153	1.43856673867665	0.534495637679574	2.69144710875837	0.00711427781597301	0.0474104550668841
"AOW95155.1"	67.1150351171347	1.43855744254235	0.534334784172237	2.69223993113397	0.00709738654042057	0.0473230111785958
"AIW22870.1"	30.1561386612351	-1.43846236718782	0.525859982470893	-2.73544748628489	0.00622955252576802	0.0431262493846196
"CAP99777.1"	41.1440916817126	1.43828467937831	0.527525725118014	2.72647306262941	0.00640151775555926	0.0440396026634946
"ACF79171.1"	542.548509520613	-1.4381646613804	0.440153571027331	-3.26741563864559	0.00108534207830598	0.0112872350758745
"ADF57298.1"	45.1969305396414	1.43813034379774	0.508646101329175	2.8273692456104	0.00469321772744445	0.0348333307257515
"SBO95741.1"	254.890173555063	-1.4379867577214	0.288738468997323	-4.98023960130762	6.35055991468789e-07	2.28522204847818e-05
"AKN74150.1"	700.072764867625	1.43793738469401	0.362713460259022	3.9643893658293	7.35840633623324e-05	0.00126335335418782
"ABX02976.1"	42.9215969847734	1.43607985145309	0.452762122596365	3.1718197697676	0.00151486989429725	0.01472560908632
"AGP35992.1"	358.807066790156	1.43592961871381	0.47445500638615	3.02648217299057	0.00247417410036623	0.0212410236473023
"AEH51685.1"	27.1693769870093	1.43471207103614	0.526269325493755	2.7261936075983	0.00640694050698834	0.0440492893992253
"AAO56655.1"	527.500768660445	1.43444453519411	0.482733679219971	2.97150291546255	0.00296346060254097	0.0243728093503927
"ABM40973.1"	74.5918407078194	1.43332748000238	0.460511630355583	3.11246749380822	0.00185530444463863	0.0172447221886132
"ABN84575.1"	71.9579028735322	-1.43310206837847	0.303409531481697	-4.72332580120318	2.32018703026125e-06	6.80880042968489e-05
"AGW43035.1"	114.266350680155	-1.43307083771722	0.468578113808979	-3.05833925120417	0.00222567452581979	0.0198439439569589
"ADQ03729.1"	26.1371248233203	1.43274880014692	0.514842531942862	2.78288740974867	0.00538774993629654	0.0386436501949071
"ACG25919.1"	66.3175659087694	1.4319810887582	0.528785452115039	2.70805689345378	0.00676784193939452	0.045753705516854
"ABL80477.1"	1293.7052581948	-1.43177814988589	0.409517232704668	-3.49625860779941	0.000471831181772556	0.00577585735238499
"AGR67806.1"	45.6206149467427	1.43163340741616	0.52433420548959	2.73038339369714	0.00632607080434024	0.043664861498597
"ACC79430.1"	62.1531399960597	1.43159324219083	0.406160827004427	3.52469550731742	0.000423969826054319	0.00530360109482427
"ACM00081.1"	127.071150347432	-1.43072605252155	0.293396388153715	-4.87642694419255	1.08024669430109e-06	3.56571836733637e-05
"AAZ54191.1"	80.8656442816627	-1.43058843478803	0.434644965207846	-3.2913953900373	0.000996916865653333	0.0105319564418229
"AEH89696.1"	526.747106519796	-1.43020361076967	0.257381200871968	-5.55675241985182	2.74840158866354e-08	1.4684017342791e-06
"ADB48040.1"	178.937258625373	1.42904194068491	0.446806843249523	3.19834389798469	0.00138219341985419	0.0137073634368536
"ABC81214.1"	1382.88156801736	1.4284592926427	0.434146085894955	3.29027334128339	0.00100090102083311	0.0105541337021634
"ADG96633.1"	231.806516862509	-1.4283552764886	0.430552717703245	-3.31749218564468	0.000908294563854661	0.00980659462726413
"ANG85144.1"	978.779433743705	-1.42712932739176	0.329679912233767	-4.32883313309009	1.49901454546209e-05	0.000330444182793361
"AIO34190.1"	245.25324713723	1.42599584525333	0.530012988720883	2.69049226264206	0.0071346689490347	0.0475124148185479
"ADE60622.1"	31.7613523254236	1.42591236024106	0.505703251174952	2.81966223655492	0.00480742223802312	0.0354460344945208
"ADE54274.1"	34.3926060844041	1.42584622674856	0.394825292294698	3.61133456892197	0.000304625373988368	0.00407467365990366
"ACG24143.1"	110.42199083971	-1.42561579504635	0.465598094158223	-3.06190212746422	0.00219935352342539	0.0196844952819109
"CBG75160.1"	453.090456924198	1.42500100717291	0.452104664618326	3.1519272387422	0.00162196685259393	0.0155455611109961
"BAE61182.1"	201.859335334352	-1.4247387775774	0.477179038018626	-2.98575306973521	0.00282880964827606	0.0234861669374664
"ADO73975.1"	388.565506240638	1.42352187333925	0.487252776927584	2.92152644529888	0.00348320703324855	0.0276166329474771
"APD08309.1"	30.0056667223896	1.42323883600561	0.498187703843254	2.85683252522307	0.00427891542564241	0.0324553010718734
"ADI12151.1"	763.215754136004	1.42314955842498	0.439637104547192	3.23710065348275	0.00120750813419718	0.0122928718999943
"ADY65346.1"	51.6722542838991	1.42238614852179	0.434378719290528	3.27453000194156	0.00105837899823091	0.0110478666795199
"AAO61685.1"	84.6950681241335	-1.4220113502594	0.385799246302359	-3.68588421021677	0.000227909962119411	0.00321925696240919
"AFO57931.1"	187.021147734937	-1.42155814776496	0.480077438875512	-2.96110175703045	0.00306540642232993	0.0249837316447012
"AIC32940.1"	623.367491872911	-1.42143839512761	0.436660789562836	-3.25524624400256	0.00113294088998993	0.0117009880108418
"AJF71723.1"	54.0534546599579	1.42086736750804	0.471205719689119	3.01538650346916	0.00256651972905016	0.0218661857378236
"AAS81731.1"	40.9165412991782	-1.42042209637014	0.433147424904997	-3.2793040306812	0.00104063457724055	0.0109155510020332
"AGS72000.1"	1107.97906259418	-1.42040183208835	0.347065206215448	-4.09260797870533	4.26548507127517e-05	0.000805779487553438
"AIZ65232.1"	51.7750482187326	-1.41981539860681	0.491650481761125	-2.88785519648213	0.00387878391231831	0.0300721225171043
"AGZ41147.1"	1235.53746626993	1.41825762366665	0.442521044288478	3.20494955431337	0.00135086153806241	0.0134394881377382
"AEK42492.1"	738.173430783841	1.41789477682449	0.494843494673834	2.86533983387831	0.00416561939106556	0.0318084069422314
"SCG41663.1"	229.732058323745	1.41765073309599	0.393625640605363	3.60152029455134	0.000316361720842651	0.00420740242833575
"ADJ22317.1"	392.707033983036	-1.41761816096123	0.310274223783407	-4.5689201754343	4.90243438762777e-06	0.000128509881194782
"CBK62969.1"	42.7117279086866	-1.41757582606939	0.446482111872658	-3.17498907206769	0.00149842144208703	0.0145810937409345
"AEJ61055.1"	218.496908276096	1.41729996546621	0.474353037216778	2.98785894527435	0.00280939181974515	0.023359588175107
"ABG58510.1"	46.7910406006679	1.41713012996209	0.431032777391774	3.28775490935352	0.00100989716464674	0.010636975553593
"ACL96602.1"	310.729013618844	-1.41649987101897	0.316940079089303	-4.46929866077254	7.84764899162241e-06	0.000192215906534961
"ADU35209.1"	277.759354875748	-1.41647967706362	0.525688400387497	-2.69452336406795	0.00704893845026614	0.0470871106785137
"CEF87943.1"	81.8734627881304	1.416361486283	0.40256244964609	3.51836463517197	0.000434215278580687	0.00540519828330143
"AAO79256.1"	147.1806270199	1.41635410079358	0.518068692231502	2.73391178048773	0.00625868106119006	0.0432637123429819
"ACB75560.1"	1432.9375157631	-1.41599839716772	0.375523875753908	-3.77072801116823	0.00016277200396268	0.00243840809446259
"CUU17781.1"	97.2126150460482	1.41545666272968	0.343492370355748	4.12078050311195	3.77591035235476e-05	0.00072553456571396
"ACE93632.1"	133.820562716933	-1.41518261765395	0.356492732700675	-3.9697376351349	7.19518155401233e-05	0.00124037132257469
"AFO70072.1"	100.488625364955	1.41323160081649	0.494682808067587	2.85684397712768	0.00427876105482906	0.0324553010718734
"AEK44212.1"	239.120707557511	1.41245242998319	0.329282875335936	4.28948037015953	1.79091640693049e-05	0.000385384286921029
"AFH62834.1"	26.333537049114	1.41191592364679	0.435378893172096	3.24295905426149	0.00118295210424879	0.0120736154249176
"ADE82580.1"	40.7081695697132	1.41154423236303	0.52819922756992	2.67237087577182	0.00753173547006287	0.0494760138423401
"ACG40693.1"	323.172979273625	1.41092091940751	0.422761826835363	3.33738958876475	0.000845693150103063	0.00928107621728159
"AAM37919.1"	434.294730566959	-1.41089876858502	0.254915454727944	-5.53477140132907	3.11634532666264e-08	1.62770902547103e-06
"ADQ65879.1"	80.559632833011	1.41038884092713	0.50594690151478	2.78762225186971	0.00530964163158164	0.0382425333464779
"AFL75076.1"	150.756442587214	1.41026365782633	0.446645714877269	3.15745480333076	0.00159152906277568	0.0153114940348687
"AJY24222.1"	179.434502401955	-1.40933650193532	0.309836576901752	-4.54864469530406	5.39925134487096e-06	0.000139843496732285
"ADJ61927.1"	178.212162623166	1.40923644636168	0.40039288725842	3.5196340674557	0.000432142569983009	0.00538418486392715
"ALM38868.1"	48.0038937927464	1.40873894127367	0.499481321537818	2.82040364780088	0.00479632749529242	0.0353974465903225
"ABK71200.1"	106.725962157895	-1.40647332191217	0.418582764790763	-3.36008417024821	0.000779187297255484	0.00872216216471993
"ABV79901.1"	58.7973750075359	1.40625590845307	0.522780152859002	2.68995657306897	0.00714613178160958	0.0475774329031966
"ANF95809.1"	47.5229821739033	1.40517853967062	0.392698428133433	3.57826372351345	0.00034588435410312	0.00451482735248813
"ADV67464.1"	222.024658073655	-1.40512751491353	0.305310044840222	-4.60229703758641	4.17856687655071e-06	0.000112267906214888
"ACS57253.1"	98.5785894391628	-1.40508838729522	0.489335895564416	-2.87141899875247	0.00408633493080651	0.031299872153997
"CDR03152.1"	99.7650753948394	-1.40491072662203	0.323144734513006	-4.347620668303	1.37622357449631e-05	0.000307276088647849
"ACP25334.1"	54.9075985570394	-1.40472738515997	0.498285852551135	-2.8191195434669	0.00481555800633953	0.035477989985653
"ABO97678.1"	696.083982748696	1.40374419534399	0.390137435356098	3.59807613453634	0.000320579784997372	0.0042447370520891
"ABR90824.1"	109.813000437227	1.40289602966525	0.405795000943668	3.45715453961445	0.00054591168639404	0.00652414804384406
"ADG72997.1"	891.922284002839	-1.40221595160693	0.331121537672152	-4.23474704021002	2.28809124271582e-05	0.000473097506876455
"ACU37796.1"	235.248600192033	1.40143572887785	0.436918813880161	3.20754264718443	0.00133874209752819	0.0133521281661558
"ABJ82579.1"	174.975279630274	1.40061617450212	0.396418816327426	3.53317278800729	0.000410604017614572	0.00515945694665061
"CAN00065.1"	24.1640423861985	-1.40014022522206	0.493613626322422	-2.83651048220356	0.00456094811708644	0.034095675163138
"AHK27700.1"	100.397043930777	-1.40011943912039	0.518837823074466	-2.69856856391797	0.00696383912640983	0.0466910879195682
"ALD20528.1"	36.807562124509	-1.39962338226883	0.492717472858157	-2.84062055715194	0.00450258506306495	0.0337417615564986
"ADF59763.1"	221.381575085304	1.39743299396308	0.351201887513081	3.97900194631224	6.92051744858469e-05	0.00120190326607058
"CCT75924.1"	61.063032867682	1.39691589875168	0.408021005851543	3.4236372116095	0.000617890494869008	0.00722877655426359
"CCA60450.1"	270.770558498348	1.39661300640856	0.500021838815832	2.79310401664869	0.00522049020897851	0.0377363397600212
"AKA04743.1"	283.61157257727	-1.39647694135456	0.395046582088217	-3.53496778524898	0.000407824874748249	0.00513873769977399
"AEK41834.1"	121.824264912835	1.39589726049028	0.388134084357025	3.59643050365621	0.000322613722106236	0.00426636455554377
"ADJ45078.1"	122.993848963055	1.39583118760848	0.373882464827438	3.73334221023903	0.000188955586997285	0.00275520865290417
"AJZ68823.1"	138.517873569785	1.39565767185823	0.284692063716221	4.90234133554706	9.47010975832988e-07	3.18445451331981e-05
"AEU34729.1"	287.389682158143	1.39520766952989	0.425323227485273	3.28034675599325	0.00103679571956899	0.010883439431966
"AQQ74965.1"	61.4208463582911	-1.39517962380218	0.408603283990481	-3.4145090812209	0.000638970634470552	0.00742882968548072
"AQA09922.1"	266.612401753715	-1.39473334021757	0.217080902255634	-6.42494722347865	1.31915276665429e-10	1.24766894781261e-08
"ARX83717.1"	78.6281795749317	-1.39469904729355	0.455636206678665	-3.06099257883858	0.00220604562156726	0.0197128800578988
"SAM84677.1"	45.787738341526	1.39342115643534	0.34382256838803	4.05273325415556	5.0622710458515e-05	0.000930626957117385
"ADG10723.1"	1318.00285599094	-1.39335994531142	0.495666513511451	-2.81108347513822	0.00493749741305826	0.0362143509499552
"ABQ92573.1"	44.7420882140007	1.3928229524184	0.520653443227217	2.6751440339761	0.00746971507710715	0.049182065686428
"AEM84668.1"	153.070731866394	1.3927904515618	0.455755051217531	3.0560066154857	0.00224306306783223	0.0199018694736286
"ACU90285.1"	184.589689821148	-1.39235189189682	0.277946432803194	-5.00942529772526	5.45928116415331e-07	2.00311973095198e-05
"ADJ46991.1"	493.610756032268	-1.39230242232434	0.293616735687312	-4.74190416654955	2.11718776322535e-06	6.29222809121624e-05
"ABD10536.1"	805.840990906619	-1.39146422229532	0.169923270968415	-8.18877964368968	2.63888181596637e-16	7.24295444311711e-14
"ABZ82761.1"	334.235134287917	1.39090745207505	0.331257815683344	4.19886682282735	2.68254022763555e-05	0.000539127036704127
"AAY38185.1"	210.387622904429	1.39022417087824	0.390446242531691	3.56060327758282	0.000370003746615688	0.00475821079019421
"AMW08997.1"	107.62695401765	-1.38975047612761	0.321481665159675	-4.32295408025009	1.53953786262979e-05	0.000338046290213205
"ACK84592.1"	192.846786331201	1.38926222636605	0.329408305031332	4.2174474812768	2.47083342451062e-05	0.000503445797326051
"ABJ85953.1"	97.3446276789444	1.38898550256159	0.392587964158314	3.53802365169164	0.000403133946013872	0.00509302254178898
"ADK75021.1"	115.877513250527	1.38833093075779	0.437009170150266	3.17689198668397	0.00148862467057753	0.0144958387052134
"ALQ32033.1"	89.4975689638499	-1.38587048580865	0.453047917981263	-3.05899316783962	0.00222082214643145	0.0198069884713268
"ASB37074.1"	65.4018217967015	1.38495559086814	0.495539370439173	2.79484471564938	0.0051924649793288	0.03760172001068
"ABR62007.1"	160.858723542012	1.38490388795014	0.470255567989106	2.94500263733661	0.00322951910033808	0.0260183069735439
"ACA92574.1"	94.5314450848836	-1.38475673355591	0.294974984940044	-4.69448869990579	2.67274383951692e-06	7.6744755416529e-05
"ADG87604.1"	497.479926223489	-1.38455401102281	0.394008951326178	-3.51401663937481	0.000441385163336421	0.00547755535981959
"ACA94827.1"	134.817653469848	-1.38399368519395	0.418102653734471	-3.31017675403921	0.000932370739084075	0.0100010157898076
"AEK43119.1"	180.902273946603	1.38390177272394	0.304246106975999	4.54862606617712	5.39972924587798e-06	0.000139843496732285
"AFE07938.1"	203.209724636558	-1.38386516936972	0.42242645553517	-3.27599077007738	0.0010529200184941	0.01101552647151
"ABO91424.1"	611.319378067385	-1.38385297952822	0.505051253816097	-2.74002483722597	0.00614345416396062	0.042688543751363
"ABV98590.1"	241.803493635766	1.3836969193857	0.377407338630845	3.66632224059409	0.000246063824385674	0.00344268007371381
"CAP61651.1"	103.296753724556	-1.38335646493806	0.402365198626366	-3.43806191405395	0.000585893719588264	0.00690930099982858
"ACZ76599.1"	88.5986544681129	1.38235667518064	0.411593171880027	3.35855103928589	0.0007835225051825	0.00875668505193184
"AIG56171.1"	2040.76489836479	-1.38119307496888	0.474374709877543	-2.91160773584542	0.00359573881841854	0.0283247900845372
"ALC48840.1"	246.211539330862	1.37983637164539	0.355562192015733	3.88071736149138	0.000104148818004853	0.00169127048077951
"AGB76875.1"	25.6221558857465	-1.37975349119485	0.490773117557441	-2.81138766944252	0.00493283117772254	0.0361896073510273
"ABB39348.1"	102.354791016235	1.3793716627976	0.495460178535385	2.78402124440175	0.0053689517446081	0.0385902883291523
"ACT02248.1"	189.103306708989	-1.37892883471577	0.50837933688502	-2.7124014189185	0.00667976467658217	0.0453679504817066
"AAK78587.1"	50.2556193640949	1.37754673825083	0.432253972133034	3.1868920288993	0.00143810448935858	0.0141437113683334
"AAW40799.1"	44.6103172795505	1.37575200082399	0.42292318749268	3.25295950070791	0.00114209773718729	0.0117715008073964
"AAC12819.1"	45.2500126939473	1.37525117809379	0.454551405239878	3.02551298321922	0.00248211747919905	0.0212831120819775
"ALD62807.1"	93.3670630456995	-1.37504704285446	0.441514515054778	-3.1143869475817	0.00184327579367692	0.0171557011701394
"AEI46897.1"	51.975826908001	1.37466040344062	0.459020819809089	2.9947669999203	0.00274654557708465	0.0229666338040806
"ABY96528.1"	296.722940317951	-1.3744924559124	0.337656462892512	-4.07068309647592	4.68754814133303e-05	0.000871398391532267
"AFR06815.1"	434.064317299182	-1.37446674636674	0.410663259961821	-3.34694354321961	0.000817078492915327	0.00904504922406385
"ALW84995.1"	179.486289627932	1.37404035479437	0.470353434465671	2.92129333839202	0.00348581452296065	0.027622095495275
"ADG16905.1"	555.177616314643	-1.37390967774496	0.416701458731854	-3.29710791492349	0.000976859600098019	0.0103777289819963
"AIQ47466.1"	96.3323728621479	-1.37379613411227	0.468008577030859	-2.93540802783553	0.00333109344404684	0.0266754267904849
"ABQ30275.1"	701.680420281627	-1.37375625954219	0.266808594803251	-5.14884560055205	2.62094510706018e-07	1.06651132583222e-05
"AEH89752.1"	413.097289829178	1.37343502628556	0.478790309842805	2.86855226192126	0.00412355067994115	0.0315476216236587
"ABR90940.1"	32.6336733818984	1.37309598941566	0.413887222749175	3.31756071205847	0.000908071782162616	0.00980659462726413
"AEP71394.1"	56.9784832785844	1.37284464709867	0.383891081957761	3.57613060479931	0.000348717482328284	0.00454713303924669
"ABM93105.1"	794.559576912159	-1.37166389427166	0.278747798278619	-4.92080620095383	8.61884423778658e-07	2.93543994259213e-05
"AQA04173.1"	93.3784653057266	-1.37160533811016	0.311384205006144	-4.40486484561122	1.05849851286688e-05	0.000248047820149346
"ACY23691.1"	502.587721755903	1.37076620737288	0.491751867048063	2.78751602022673	0.00531138280598036	0.0382452348344203
"AEM83745.1"	194.99001898358	1.37069475134785	0.31259113738843	4.38494438069947	1.16015417384228e-05	0.000265791131349332
"SDS85544.1"	324.785567197495	-1.37034174133258	0.30263062122826	-4.52810008376183	5.95163925723017e-06	0.000152724191242361
"AFZ69107.1"	171.710694550831	1.37031833624457	0.475645389422495	2.88096629698932	0.00396458031418451	0.0305331012010698
"AGT82062.1"	36.1329567040601	1.36922753780891	0.464054959039258	2.95057193364262	0.00317186175603713	0.0256275445085182
"ACA61156.1"	149.281086722834	-1.36827379862849	0.409615291834011	-3.34038749506197	0.000836615698225327	0.00920310140963311
"AGT85164.1"	91.7572022801889	1.36773981101255	0.296226372847653	4.61721148547422	3.88930856422387e-06	0.000105908114775715
"ADI10340.1"	714.854310841581	1.36715486238177	0.258338258622431	5.2921114730432	1.20912150256155e-07	5.42477012591558e-06
"ARI07953.1"	24.0085936073334	1.36658761366143	0.485430877375546	2.81520537187458	0.00487460714208126	0.0358375791884735
"ACQ63639.1"	310.273897785565	1.36554385351342	0.416803670798142	3.27622799218281	0.00105203596774754	0.0110145097057069
"AEE48407.1"	46.8268738360985	1.36495879942995	0.360702090200947	3.78417213681665	0.000154221060882648	0.00233256230171291
"AKM39565.1"	109.574729094582	1.36477982690494	0.462216797243656	2.95268331883123	0.00315024958226578	0.025497076410845
"ACB81620.1"	525.720916475643	1.36420591301339	0.448401881941347	3.04237329938734	0.00234720607224043	0.0205672554611715
"AAW75035.1"	229.78892750462	-1.36412103074808	0.292837899822519	-4.65828033726111	3.18861800789282e-06	8.96270579808909e-05
"ACU39141.1"	481.38643593732	-1.36385271178088	0.396600052102525	-3.43886165559128	0.000584165679602424	0.00689835444066365
"AIS00037.1"	450.116468605665	-1.36344059227241	0.322768193101039	-4.22420988627464	2.39780510099465e-05	0.00049287042296216
"ACC70060.1"	319.682467100413	-1.36305055494736	0.383576598695155	-3.55352896809703	0.000380099333269449	0.004863464777976
"ALC22590.1"	505.93347071222	-1.36183024505181	0.467041138791698	-2.91586785818281	0.00354700693565236	0.0279881640841385
"AMU95187.1"	280.536427085022	-1.36153302573026	0.297714119717027	-4.57329006438921	4.80124725261921e-06	0.000126392845469344
"ANE75117.1"	37.3934937241951	1.3606779729071	0.460899476302957	2.95222286608262	0.00315495130662093	0.0255203746836636
"AKZ55929.1"	38.101544246715	1.36054456841562	0.484207694550865	2.80983673685238	0.0049566636864279	0.0362883777628754
"ADJ45086.1"	181.488905114789	1.35985624446239	0.322889186521324	4.21152612483844	2.53651212269699e-05	0.000513487031711254
"AFL90083.1"	930.142273184876	-1.35906918195996	0.323889507692906	-4.19608894292603	2.71563638481706e-05	0.000544996102002425
"ANU62443.1"	68.3494212580199	1.35885684091112	0.474969517002003	2.86093484375207	0.00422393851424658	0.0321166166878999
"AIR71087.1"	94.3829452269347	-1.35871151817564	0.270702027082249	-5.01921442118648	5.18832127823672e-07	1.91121371717783e-05
"ACZ83940.1"	921.796938743226	1.35749196695712	0.349837733672857	3.88034747625752	0.00010430733960432	0.00169188196961909
"SMY26845.1"	102.592011040678	1.35720732153298	0.500205005719082	2.71330215814593	0.00666163333102694	0.0452887534568796
"AEK39902.1"	46.4923922833029	1.35677868443679	0.488230201451329	2.77897328023458	0.00545310104406512	0.0389948957419278
"AIT07692.1"	283.874083873508	1.35644296328902	0.47698743003889	2.84377087919994	0.00445830948286074	0.0334645154608775
"AGJ54224.1"	216.140778322223	1.35602748865811	0.372176384597372	3.6435076076229	0.000268947699230438	0.00369265601507864
"AEL07411.1"	157.971148785672	-1.35523023657022	0.373630232772531	-3.6271964035504	0.00028651535509597	0.00389005037888787
"AGS21259.1"	534.451095888946	1.35506937762957	0.334999699405751	4.04498684635629	5.2326061967853e-05	0.000952484025261386
"ABC55716.1"	32.418296052036	1.35456033528488	0.475564527491768	2.8483207997643	0.00439505972085851	0.0330941613623332
"AAM41545.1"	183.289667062504	-1.35270577961613	0.295032182606041	-4.58494313287308	4.54110013527885e-06	0.000120390756995518
"ABA49363.1"	156.042119714302	1.35226191310877	0.462488513065084	2.92388216119537	0.00345695587479944	0.0274455921614262
"ADJ46378.1"	877.628761842895	1.34970344300693	0.455291787822229	2.964480096298	0.00303194855902136	0.0247759579271343
"ACZ39406.1"	392.186928099459	-1.34958943380138	0.378381037480486	-3.56674700927894	0.00036144011470778	0.00466953274174388
"ADG20802.1"	27.2457619602098	1.34871503720917	0.445006046811167	3.03077912507891	0.0024392361247461	0.0211133494380463
"AIQ52861.1"	154.132777580419	1.34846826338717	0.335143109141464	4.02355956785609	5.73250763878928e-05	0.0010222119990799
"AJC19322.1"	303.483912874617	-1.34824546069283	0.378098370214335	-3.56585895868459	0.000362666387431304	0.00467889777996626
"AEM87142.1"	834.742255163526	1.3468576009481	0.199637412768679	6.74651901299035	1.51434231453017e-11	1.84160000762666e-09
"AEE21070.1"	54.3744198909002	1.34429175764966	0.427773017762179	3.14253518064812	0.00167491584067282	0.0159423085125403
"ACT93491.1"	268.909947856671	1.34372450106503	0.394296698596679	3.4079019830686	0.000654644053626924	0.00757644271407167
"ABG96998.1"	84.648215303342	-1.34300411266177	0.421063616004896	-3.18955155851356	0.0014249371852578	0.0140664814663178
"ABU59570.1"	80.6767172000042	-1.34162291562156	0.429732660381751	-3.12199429857097	0.00179630417343141	0.0168756146440892
"ANC31630.1"	382.18718938932	-1.33774215178802	0.288461161251688	-4.63751219049144	3.52627818721243e-06	9.73586628493087e-05
"ADU86912.1"	42.0143868252182	1.33705609577083	0.497378189859008	2.68820813423655	0.00718366048491625	0.0477931936634305
"CCO21046.1"	109.96039352589	-1.33701687705516	0.482929206081726	-2.76855667501066	0.0056305191810486	0.0398261786237081
"ABM27206.1"	73.2204220166624	1.33690882526337	0.437718241511216	3.05426801644755	0.00225610425515464	0.0199816180725433
"ACU38080.1"	515.248945507382	-1.33643910766146	0.365382960655419	-3.6576393854387	0.000254548838670525	0.00354368437962209
"AGI88588.1"	1108.47691642639	1.33635803785453	0.403087207888604	3.31530748607593	0.000915423701651916	0.00986079336338862
"AFJ54162.1"	64.4817767536514	-1.3358954203289	0.486938893291774	-2.74345598335361	0.00607961982729347	0.0423290317545158
"AJQ50263.1"	123.836241182261	-1.33581572883939	0.373717178420397	-3.57440279969341	0.000351028184095967	0.0045623885988629
"AQA25364.1"	139.258097250008	-1.33525638029091	0.312311282317105	-4.27540231779126	1.90792441496177e-05	0.000405575185431054
"ADN60032.1"	347.760472762807	1.33522195451459	0.29646421802332	4.50382161940893	6.6742234717994e-06	0.000167881006573671
"ACI93557.1"	58.9296613301549	-1.33488317747557	0.478728719608842	-2.78839167737059	0.00529704585544298	0.0381812810939706
"SCE68159.1"	1078.61623392834	1.33475431174623	0.256978111307728	5.19403892010039	2.0578009194834e-07	8.58572198835427e-06
"ABP56070.1"	587.69565032649	-1.33412923481794	0.432641659044848	-3.08368185755234	0.00204456107414674	0.0186494725927483
"ACJ73932.1"	373.564671160511	-1.3318145722151	0.413186533840148	-3.22327680875085	0.00126733018909806	0.0128226150972134
"ADU68874.1"	44.7723327417425	1.33098766775011	0.401212150038094	3.31741615408142	0.000908541804319356	0.00980659462726413
"AGL15292.1"	276.098349084268	-1.33065180646442	0.325617367161626	-4.08655047506705	4.37834266611118e-05	0.000824317964226285
"ACG47735.1"	214.526691182834	1.33061148905332	0.473752755109835	2.80866227098739	0.00497478042685049	0.0364019740800069
"ACT57225.1"	127.080226588625	-1.33036640789864	0.482892998101054	-2.75499212688986	0.00586935478055618	0.0411516294606688
"AIQ74378.1"	39.7858688943205	1.32845215516006	0.479078946765097	2.77292952263969	0.00555541509130551	0.0395145835610236
"ADG09479.1"	509.975925010595	1.32778354190105	0.397060247265951	3.34403544813112	0.000825691864171845	0.00911876506088954
"AKN21378.1"	112.43861636632	1.32763839945229	0.363509067419489	3.65228413386507	0.000259918064026211	0.00360230996063258
"ADO73171.1"	56.3781977836707	1.32713448064467	0.347718415875868	3.8166931058332	0.000135252227969727	0.0020931571996907
"AEB51306.1"	26.4031291206349	1.32692538844487	0.49219127214066	2.69595473051309	0.00701872046625686	0.0469524726817986
"ANT60669.1"	280.035351618318	-1.32689295780366	0.294409478052314	-4.50696413234321	6.57617446328348e-06	0.000165861784030707
"ABK52389.1"	652.868649993437	-1.32620236295325	0.442007984025592	-3.00040363722584	0.00269622051063677	0.0226744936665025
"AAO58560.1"	169.821221710317	1.32568911537524	0.40368399794012	3.28397737373747	0.00102353139331664	0.0107603397999597
"ACT96791.1"	37.0847441655414	1.32468660722139	0.467318616669723	2.83465404537395	0.00458753347254303	0.034239559343459
"AAW84060.1"	188.179603382366	1.3246356099065	0.383155372729435	3.45717613319726	0.000545867941975719	0.00652414804384406
"AEE72811.1"	161.867887300157	-1.32454157082983	0.353776837804059	-3.74400308129679	0.000181111429912878	0.00266708470552853
"AEI43187.1"	47.5648026092695	-1.32418987883129	0.411868749714133	-3.21507732681921	0.00130409387755807	0.0131140130014784
"APA97425.1"	278.517283364071	1.32412001161157	0.496219367706968	2.66841662736852	0.00762096901851096	0.0499313476813089
"AJE17843.1"	169.205885289644	1.32399314150257	0.466672677852741	2.8370916154649	0.00455265464468917	0.0340518619911082
"ADE83469.1"	46.5622877199631	-1.32315853644142	0.493699738011176	-2.68008758070571	0.00736029000545316	0.0486791115031105
"BAW03913.1"	91.8688514142042	-1.32264182468158	0.438195342159046	-3.01838403430934	0.00254126641256324	0.0216906385628416
"ACY16636.1"	864.03262958669	1.3226390486913	0.363376819512527	3.63985531731394	0.000272791275514433	0.0037289710541906
"AKC82215.1"	1007.20220306523	1.32220036094931	0.300934623496715	4.39364651892157	1.11465003701346e-05	0.000258539705354008
"AGU68559.1"	63.5774924176245	-1.32210588714511	0.438343520018513	-3.01614105551116	0.00256014132763641	0.0218251268600819
"ABM13863.1"	66.1114933692944	1.32142603632631	0.47116100706683	2.80461671595604	0.00503764449508771	0.0367275768969988
"ADF57301.1"	71.6348988490044	1.32081030689567	0.371845019160833	3.55204517698376	0.000382249224771463	0.00488427626503965
"ANQ26929.1"	31.4895982517526	1.32025780659086	0.456191829345801	2.89408472853222	0.00380265536077919	0.0296346702536127
"ANC28180.1"	475.038742588875	-1.31941879972177	0.199693923280553	-6.60720555761781	3.9164207662066e-11	4.21708137579693e-09
"AIA04549.1"	304.370540160814	-1.31916880620466	0.382259657337243	-3.45097574615581	0.000558563762583294	0.00664296987989885
"ALV32767.1"	183.29699358989	-1.31863389388178	0.267474039686174	-4.92995094188927	8.22502687358296e-07	2.82311653588174e-05
"AAW46651.1"	37.8112264719598	-1.3168799460474	0.472108441488905	-2.78935903347609	0.00528124818129671	0.0380870232054567
"ACY96152.1"	331.181610687262	-1.31586232897522	0.350545888402098	-3.75375199798619	0.000174207226703578	0.00258458162098218
"AIQ19408.1"	120.137439909312	-1.31564790438699	0.449923253993565	-2.92416071565353	0.00345386370957067	0.027438810559915
"ABR79357.1"	43.7923211091845	1.31559155062914	0.423936350550671	3.1032761142569	0.00191390984625589	0.0176896071494816
"ACL55973.1"	477.855924952578	1.31550062324485	0.360111704972849	3.65303489189286	0.000259158999447661	0.00359356877094439
"ADX05754.1"	26.5216115406175	1.31539830568454	0.365632883679805	3.59759300762586	0.000321175663395233	0.0042493543820477
"ADG20215.1"	797.676167800843	-1.31515851658418	0.485267599645203	-2.71017170226436	0.00672483853090443	0.0455784234930403
"ADG99208.1"	1317.33398424171	1.3148547676238	0.388005385540305	3.38875391070369	0.000702109913033494	0.00802152738149736
"CTQ92707.1"	195.313607362714	-1.31477376099561	0.426644023378851	-3.08166454690523	0.0020584667013613	0.018734991473118
"AAF16405.1"	293.726973335005	1.31415297327981	0.392701367106298	3.34644359138198	0.000818553321259136	0.0090534714067762
"ABM16566.1"	144.521277627341	-1.31413215408999	0.293195551788187	-4.4821012668001	7.39116536083466e-06	0.000182632890946096
"AEE48305.1"	54.5118952421358	1.31407801036719	0.487136626820413	2.69755534282919	0.0069850673053801	0.0467933129932413
"ACB63427.1"	192.41193262296	1.31399336713871	0.356053891939756	3.69043393959315	0.000223871823417075	0.00317181961962774
"APX73802.1"	269.025965534224	1.31391909041037	0.393308922403342	3.34067959196443	0.000835736098110037	0.00920065584061683
"ABS62130.1"	119.136790136787	1.3132265994571	0.464213585724762	2.82892754507992	0.00467042712894447	0.0347178000042624
"ANR90837.1"	23.659418042679	1.31291987633214	0.385377912372555	3.40683737749584	0.000657202716315419	0.00759977168358797
"AGH86228.1"	217.872400686342	1.31239141881069	0.231633819581452	5.66580226144049	1.46338209072252e-08	8.39525512538272e-07
"ABO54290.1"	71.709541194533	1.31140022576829	0.444116885763601	2.95282676206627	0.00314878617586148	0.025497076410845
"AIW20954.1"	57.2238568484116	1.31001920646959	0.392663519845844	3.33623863755892	0.000849202353322849	0.00930864098810747
"AAP44580.1"	157.516859035119	1.30883906213438	0.437583317209332	2.99106252606119	0.00278008562977915	0.0231598439123934
"AFC33532.1"	99.9217849143396	1.30860953991043	0.367104888565008	3.5646747855244	0.000364307616596137	0.00469790697108497
"ABC28604.1"	109.234796397443	-1.30810009578136	0.432036225974974	-3.0277555842207	0.00246377271055548	0.0211972282743427
"ALA56962.1"	82.4656195575583	1.30806522651731	0.442175268687949	2.95825053806985	0.00309390549970295	0.0251793541772336
"ACE84897.1"	28.4409252574839	1.3073984793234	0.480582062902778	2.72044793229807	0.00651935379986421	0.0446139889955997
"AAY95920.1"	136.799816968971	-1.30716092866508	0.426066738158618	-3.06797224846603	0.00215516631393154	0.0194234824025521
"AAM35551.1"	238.820728881108	1.30679809651821	0.360706531259422	3.6228844871632	0.000291335946696593	0.00393451093281129
"AGA70556.1"	36.4494044271104	-1.30590792968223	0.474234647692053	-2.75371682781439	0.00589227250946811	0.0412697349642033
"AJC53962.1"	99.2129234101405	1.30574441490863	0.381548059448526	3.42222790176394	0.000621102294082322	0.00725725368327575
"ADG89116.1"	1160.08479413447	1.30459496166823	0.305668685631116	4.26800330879373	1.97230403112028e-05	0.000416414959692634
"ACU35919.1"	611.102011338338	1.30451119895735	0.377786694642235	3.45303637597064	0.000554314248656086	0.00660646305039411
"AHD21702.1"	102.357465343781	1.3031985541904	0.42534185605901	3.06388505063938	0.00218482841398102	0.0195983518993312
"ABG83674.1"	144.107110273391	1.30139223647608	0.418752015470948	3.10778739778119	0.00188493612600248	0.017479520299293
"AEX53498.1"	40.880720681153	1.30087534517275	0.45095591239663	2.88470626376574	0.00391779017846771	0.0302867708477765
"ACD05971.1"	141.410910058978	1.30032622017095	0.43180001310149	3.01140847780688	0.00260038779853833	0.0220674315877172
"BAU72798.1"	84.3245958529352	1.29962001656042	0.401686770392177	3.23540657137293	0.00121469630983298	0.0123570631868039
"ACU38428.1"	1284.82178787296	1.2981558753557	0.423029328796808	3.06871364935369	0.0021498254570649	0.0193962338047016
"AEE48812.1"	41.7947879984166	1.29808379549568	0.42713407238958	3.0390546655143	0.00237321786916501	0.0207109125514787
"ABY65801.1"	66.8056360563273	1.29781239407136	0.486381600343988	2.66830076045949	0.00762359796130945	0.0499368854760925
"ALO12948.1"	340.615597913014	-1.29689075241695	0.335803862305633	-3.8620483502259	0.000112440305902927	0.00180497637847382
"AEK43803.1"	497.218104699047	-1.29657767326474	0.291936194545016	-4.44130497516918	8.94149630991604e-06	0.000215241728884273
"AKQ17849.1"	30.2192870917013	1.29603954282756	0.398967915553109	3.24848062288617	0.00116023110908258	0.0119024661523913
"AEG42991.1"	234.778292311915	-1.29586187720274	0.357439764431219	-3.62539931522392	0.000288515291211016	0.00390583853614294
"AJE39172.1"	506.084559197896	1.29521359422818	0.46786393961422	2.76835525152069	0.00563400061427355	0.0398407378623901
"ABK53232.1"	356.52125119508	1.29514485232347	0.400039605009293	3.23754157364839	0.00120564371691184	0.0122810066571601
"CUM36389.1"	332.8736443358	-1.29462067301993	0.328461450312367	-3.94146914893285	8.09840525291855e-05	0.0013641573613761
"ADI06126.1"	1806.92636460774	-1.29349668733284	0.423628667044757	-3.05337383410877	0.00226283851236397	0.020004109550787
"AEG26430.1"	28.6733713798456	1.29322778654414	0.344141036995336	3.75784241785054	0.000171384751164122	0.00255081738096266
"AEE96984.1"	40.3153271132256	1.29264532697624	0.482087531271311	2.68134984443055	0.00733258135527953	0.0485761825893057
"ALV34875.1"	747.370539758902	-1.29246520434748	0.301115291160509	-4.29226028132373	1.76863450860654e-05	0.000382352831683002
"AEU38397.1"	109.611243725791	1.29246209090771	0.421649142719591	3.06525487653425	0.00217484571293798	0.0195401093001963
"ASE12738.1"	30.0716048910329	1.29128686487036	0.373191475963084	3.4601188613378	0.000539936996044136	0.00646262340369886
"ADU09070.1"	242.711760221333	-1.29113736953249	0.395134564895898	-3.26758902975914	0.0010846774499633	0.0112845150089828
"ADP65782.1"	235.950157536113	-1.29070242944578	0.280985675318115	-4.59348124414002	4.35912215298734e-06	0.000116448457819688
"ABA72741.1"	112.225300192425	1.2903944607189	0.342247824575222	3.77035109666647	0.000163018044944961	0.00244056320121879
"AKM03177.1"	65.9614375365194	-1.28907839746695	0.478716168181215	-2.69278224373441	0.00708585318469723	0.0472885687148471
"AEY87486.1"	146.311734374801	1.28820007739431	0.420422170219529	3.06406314567487	0.00218352816296323	0.0195929661699739
"AIQ63112.1"	115.969065924104	1.28771273774849	0.407389431230511	3.16088891618759	0.00157288470541662	0.0151581687479669
"AEX80261.1"	79.8338887867142	1.28668709162697	0.276035212285284	4.66131505822948	3.14195324470946e-06	8.85821984278812e-05
"ABA73348.1"	212.276841597751	1.2861509753235	0.372031073874661	3.45710631622351	0.000546009389438728	0.00652414804384406
"AEB80431.1"	92.1276227787487	1.2857942547177	0.469330139916106	2.73963708136779	0.0061507059497581	0.042692180018304
"ACU75531.1"	434.139948521188	1.28468074111107	0.362866044913255	3.54037187860381	0.000399563585046474	0.00505933158161967
"AKJ10098.1"	93.7749006029681	1.28437948322271	0.40208380457171	3.19430792441592	0.00140166523552771	0.0138709861908214
"AEJ06124.1"	31.8146450083008	1.28437041643691	0.318392682504484	4.03391939266326	5.48541417822959e-05	0.000988221720294181
"ADK99668.1"	276.93530042954	1.28318958033918	0.38888716777297	3.29964495277021	0.000968072188258553	0.0103089193543121
"ASF08122.1"	188.206266258834	-1.28264195618161	0.325336891352226	-3.94250387913419	8.06353456319913e-05	0.00135991996163448
"XP_003712139.1"	112.498764795648	1.28225980457359	0.353653304245856	3.62575377970222	0.00028811978381879	0.0039023712954963
"ABI66681.1"	575.815312154667	1.2818869446772	0.400780946909902	3.1984727681313	0.00138157580732696	0.0137073634368536
"CAQ45011.1"	38.8458933399399	-1.28052100840076	0.316761439008139	-4.04254069690554	5.28751316988125e-05	0.000960604923452275
"AGJ57253.1"	102.52529205893	-1.2796093707974	0.452985410156476	-2.82483572783366	0.00473048617001241	0.0350117842084748
"AGZ41008.1"	490.860571906115	-1.27940041158946	0.264073757616581	-4.84486009945402	1.26700924406254e-06	4.09598046152136e-05
"AEW79636.1"	84.0634834895342	-1.27933536584283	0.366279536165188	-3.49278417035524	0.000478012689902398	0.00583876233268217
"ABP72276.1"	132.981762705654	1.27714962412589	0.360289301506547	3.54478919797367	0.000392927196537491	0.00499790540402708
"ABJ85318.1"	159.49419263566	1.2771033284243	0.418280040227141	3.05322560390591	0.00226395664002821	0.020004109550787
"AAZ34840.1"	43.5773918847662	1.27704967372794	0.409734717547313	3.11677194788963	0.00182842953940559	0.0170742873199463
"AIQ16995.1"	166.76439908848	1.27651700064395	0.33986018734109	3.75600628785276	0.000172646357232392	0.00256478083294398
"ACZ86333.1"	306.298600330215	-1.27573285237337	0.282910280638611	-4.50931952523489	6.50358935037658e-06	0.000164624310536295
"AAN66905.1"	22.0914509306099	1.2756840757669	0.364591296693621	3.49894275408034	0.000467106856479974	0.00573055370465089
"ACG32118.1"	50.6883402657514	-1.27510170231174	0.309693627862927	-4.11730041431822	3.83336252537037e-05	0.000734054837621539
"ACD04657.1"	100.11070895946	1.27382756367816	0.304826390304076	4.17886247449728	2.92970769979678e-05	0.000581702813925607
"AAR23175.1"	36.5679383711373	-1.27344861347508	0.380271678341269	-3.34878637039134	0.000811663528087695	0.00900290496527064
"ADP70178.1"	229.815901990509	1.27326123133246	0.415782381783376	3.06232607998246	0.00219624061092994	0.0196692105385779
"ABX36798.1"	25.7570583300912	1.27307130695403	0.45447145751693	2.80121289444586	0.00509109201881557	0.0370304526263343
"AEW97906.1"	4111.40532296143	1.27187161596419	0.451226730612124	2.81869740792793	0.00482189505181573	0.0355153311945891
"ADW71102.1"	127.212030549068	1.2715423999695	0.366820283472373	3.46639064757517	0.000527496258190023	0.00635994196567092
"AAS53052.2"	63.9441342635004	-1.27100925784778	0.320093984737529	-3.97073771595546	7.1650424958279e-05	0.00123652211407473
"AKG43808.1"	397.983769182598	-1.27045176344466	0.364790814453107	-3.48268572866703	0.000496410744829159	0.00603714822425592
"ADG12250.1"	143.262940993592	1.27020656154176	0.352476047096904	3.60366774424405	0.000313758094182638	0.00418046783199053
"ADH01376.1"	66.6700252526789	1.27002166900675	0.358356015375522	3.54402218608187	0.000394072082895584	0.00500564520541959
"AGZ40766.1"	321.770632937109	1.26992331346128	0.302408672414338	4.19936142479845	2.67668782296951e-05	0.000538337300947229
"SDV15042.1"	32.1659789460841	1.26923326173632	0.443165604654045	2.86401572777097	0.00418307241028068	0.0319011972754612
"AEL09246.1"	141.04746663508	1.26894951718363	0.31916072204077	3.9758949944396	7.01150603241558e-05	0.0012134992965683
"ADP69486.1"	267.989535514025	1.26784111850425	0.33409361969152	3.79486779686151	0.000147722148255385	0.0022537489169252
"AAX62629.2"	625.254058677472	-1.26768791052718	0.278499157890263	-4.55185545310226	5.31748654889867e-06	0.000138096802804237
"ACT92883.1"	287.039792287109	1.26701140283198	0.396666463563327	3.19414802917845	0.00140244184420233	0.0138737674453316
"AIE69203.1"	27.0921060750743	1.26666001187877	0.34840435452418	3.63560327369805	0.000277330860732866	0.00378001693139109
"SDT72854.1"	527.932348375964	-1.26639376748569	0.406117760507984	-3.11829200944487	0.00181902480918503	0.0170262181738362
"AKP53688.1"	27.7505582345007	1.26586729896462	0.447031535718189	2.83171811789724	0.00462986440880911	0.0344727882949521
"ACF50262.1"	301.311382862608	1.26544708619012	0.460981262591871	2.74511610097802	0.00604894936062992	0.0421574275081392
"ACJ53131.1"	177.128392095866	1.265430437756	0.349010174560031	3.62576947606536	0.000288102281746792	0.0039023712954963
"AEH30408.1"	48.4429819621956	1.26463597229975	0.447437659115326	2.82639591580241	0.0047075040032913	0.0349023522447413
"AEH87624.1"	212.234239510911	1.26416035034918	0.404386559884359	3.12611860965579	0.00177130094967989	0.0166967479418311
"ADQ45728.1"	41.3423156949964	1.26332921428615	0.395322655275059	3.19569141163221	0.0013949621999075	0.0138193070589562
"ADJ47369.1"	241.42500914562	1.26292919652573	0.33420338270516	3.77892403812054	0.000157507458706282	0.00237841359975246
"AEM87264.1"	644.641027674791	-1.26280833377625	0.347176416535264	-3.63736784421812	0.000275438435437748	0.00375788227997817
"ADR30609.1"	39.4390907124568	1.26127517833275	0.437336679257385	2.88399130041972	0.0039266960085878	0.030334376781574
"ABS25981.1"	2060.12206552323	1.26006470556866	0.43459050215907	2.89942992152059	0.00373841903483401	0.0292266906727766
"ABU59824.1"	74.3110730324537	-1.25933469228154	0.381996201064491	-3.29672046154442	0.000978208086333522	0.0103813167494288
"EAA66937.1"	125.341718143629	-1.25869510826318	0.41223900196878	-3.05331398109319	0.00226328993374759	0.020004109550787
"AIL72135.1"	45.4237052260104	1.25864778132769	0.419178148138937	3.00265599940222	0.0026763476598957	0.0225406454509768
"ADG75254.1"	1452.71589028922	1.2576360457673	0.471232552474512	2.66882251483533	0.00761176611137137	0.0498827256680602
"ADJ46583.1"	161.866932891573	1.25643608510998	0.267297543379163	4.70051489896305	2.59506320620416e-06	7.48983397122596e-05
"ACA61146.1"	196.076586966913	-1.25633535394259	0.315579399751309	-3.98104361353321	6.8613357253668e-05	0.00119310531035633
"ABM35351.1"	418.615381061531	1.25627791801082	0.394531817761022	3.18422459597867	0.00145142349904317	0.0142375796353233
"ADU15048.1"	138.215103745334	1.25614057477966	0.381390766309275	3.29357888481506	0.000989205796812984	0.0104702478213899
"AEI96593.1"	98.921938861886	1.25598767610629	0.40209198925322	3.12363267529641	0.00178633309427765	0.0168157973461322
"CAX40995.1"	60.4731835018601	1.25560810940632	0.432398714627163	2.9038201709017	0.00368639832202416	0.0289054131598762
"ADF60225.1"	154.922512760825	1.25509724469505	0.34824765851694	3.60403642063254	0.000313313123525285	0.00417691152676852
"AEK62802.1"	107.534351204105	1.25481946411042	0.41656512250888	3.01230082958679	0.00259275514841358	0.0220373028070715
"ADD40460.1"	165.403025945861	-1.25456026015415	0.424167083317237	-2.95770301255522	0.00309940580998292	0.0252005663063998
"AQA10055.1"	517.915589251409	1.25413218247337	0.414922194230606	3.02257194219007	0.002506364992404	0.0214384950587664
"AIG79288.1"	514.310106336514	1.25363550125548	0.330774916284345	3.78999567239801	0.000150649909376264	0.00229341754371827
"ANS68604.1"	185.87248241891	-1.25167368081628	0.339065137344737	-3.69154343209184	0.000222897324102431	0.00316281474180013
"ADB63456.1"	197.512070273463	-1.2498900818633	0.409375318641789	-3.05316423571929	0.00226441969968128	0.020004109550787
"ACQ98238.1"	140.016998251672	1.24827344465056	0.460782474204864	2.70902977984267	0.00674802825746449	0.0456871248336231
"ALN60014.1"	603.644088993448	1.24816648864231	0.293992984650805	4.24556555362994	2.18042747896439e-05	0.000454867717593793
"CCF60963.1"	316.357044471939	1.24780333924895	0.437949481805112	2.84919469274365	0.00438300499893269	0.0330211539155328
"ACA15911.1"	1791.12887696994	-1.24690008442255	0.290641630095023	-4.29016340162587	1.78541703333192e-05	0.00038449642511662
"AEB45130.1"	158.608900253764	1.24620789257058	0.460187463729263	2.70804398379645	0.00676810520699268	0.045753705516854
"AKC82125.1"	286.984173833651	1.24616403243958	0.372370242464813	3.34657255153072	0.000818172660253763	0.0090534714067762
"AQQ15112.1"	53.4723346413965	1.2458827770814	0.409392051597214	3.04325101628301	0.00234037022719291	0.0205266306016581
"CDR14464.1"	115.324872707288	1.24587622153847	0.346269212116801	3.59799883426603	0.00032067505590686	0.0042447370520891
"AIJ18174.1"	1214.46996370831	-1.24509292891189	0.430468706516144	-2.89241217785291	0.00382296044468953	0.0297381496553287
"AHL28109.1"	231.913397293325	1.24434383735542	0.464057876342048	2.68144104602643	0.00733058296843327	0.0485761825893057
"ADV83203.1"	144.267324094072	1.24427159896968	0.424089421246029	2.93398405297131	0.00334641401306832	0.0267827920840082
"ALE18897.1"	53.4429122598393	1.24208312128943	0.450509122921148	2.75706541353844	0.00583226828442771	0.0409326104013131
"ABG97211.1"	126.548951557263	-1.24140493552426	0.248909666271764	-4.98737133884094	6.12063535977664e-07	2.2110104197717e-05
"ADW07285.1"	299.290514962287	1.24133086457864	0.333284223715051	3.72454132614433	0.000195670657980802	0.00283540152216902
"AHT06749.2"	37.2814554984771	1.23967809476816	0.452700380503981	2.7384074503937	0.00617375344167069	0.0428246782341459
"AKM01437.1"	214.486280555623	-1.23945070641039	0.351199125177762	-3.52919645167976	0.00041682358248152	0.00522588133235676
"AFU41400.1"	86.2667945256203	-1.23868695131651	0.362980482427638	-3.41254423111701	0.000643594816436331	0.00747018262062667
"AEP71395.1"	51.5315305580768	-1.23792186155769	0.462543041064681	-2.67633874397558	0.00744313739672992	0.0490647691450084
"AAH67023.1"	53.7900736191431	1.2377985825077	0.454765591311371	2.72183869262922	0.00649198223824125	0.0444592795356658
"SAM85764.1"	126.479952236337	1.23713612802279	0.444561357588044	2.78282425340529	0.00538879876985702	0.0386436501949071
"ABS63554.1"	190.112250411427	1.23660842986769	0.435924336268278	2.83675015818949	0.00455752599507416	0.0340791927772693
"AEE17337.1"	78.7149581268169	-1.23640430904171	0.329612156603125	-3.75108831477484	0.000176068664335123	0.00260706809034813
"ADJ46325.1"	182.136917715355	1.23579124040409	0.281655414553734	4.38759979942913	1.14608409600967e-05	0.00026364642852824
"AEV71258.1"	91.9513426537889	1.23547652928574	0.349565342038487	3.53432214441245	0.000408822472340517	0.00514399727444724
"ABN00831.1"	21.713977093043	-1.23543194634288	0.357689085932857	-3.45392687372851	0.000552487163425833	0.00658749174926305
"ACS31585.1"	289.519271112259	1.23393624969914	0.335559491337297	3.67725032834435	0.000235761648659695	0.00331993177601698
"AEA66686.1"	205.932252367459	1.23389297363796	0.45549900335762	2.70888182969132	0.00675103802630577	0.0456871248336231
"ARU43350.1"	113.996943611989	1.23364478975755	0.40686181793748	3.03209771811793	0.00242860569779504	0.0210629631708395
"ADU49754.1"	7048.26464704504	-1.23291929880559	0.383693296405875	-3.21329382179614	0.00131221973498584	0.0131770341585266
"AEE24655.1"	36.467304880077	1.23247260168388	0.393212425212201	3.13436840409803	0.00172224482940702	0.0163112199743163
"AAO21213.1"	70.1295911895711	-1.23157902402497	0.409704975032841	-3.0060143251281	0.00264696527421413	0.0223273395049409
"AFQ49717.1"	88.7878926509133	-1.23102952364583	0.267761221646529	-4.59748994300192	4.2761126187971e-06	0.000114668629191421
"AFR06914.1"	173.814650754084	1.23035726170601	0.445749226462417	2.76020055372939	0.00577658875551613	0.0405944746760727
"ADD17352.1"	51.0708615837117	1.2294216356007	0.387394145485648	3.17356792798058	0.00150577662287924	0.01464757551568
"ABC48785.1"	75.620929827878	1.22912367420936	0.266478091073426	4.61247552944488	3.97901401084824e-06	0.000107733536022928
"APQ18522.1"	43.1062021598368	1.22900087469668	0.403279893195817	3.04751339065627	0.00230743245214151	0.0203141128711175
"ABO58038.1"	849.499575776288	1.2288666714277	0.244395947779809	5.02817940555569	4.95158506715051e-07	1.83608709324432e-05
"ACM28292.1"	43.15088524199	1.22870551904817	0.40356684302756	3.04461464135759	0.00232978618214339	0.0204466125251682
"CQR59673.1"	546.820128642333	-1.22736093145718	0.320085172099048	-3.83448231421785	0.000125829025041402	0.00197793901463173
"ABS02532.1"	795.047461441196	-1.22717247962124	0.249838816843606	-4.91185675278562	9.02179561338296e-07	3.05410145093433e-05
"ACF87746.1"	284.973718250797	1.22677229353814	0.404065169142603	3.03607533443496	0.00239679471707583	0.0208581488651709
"AHD15497.1"	51.0228435203372	1.22651253796489	0.372709094211341	3.29080389240357	0.000999015313706916	0.0105406043831085
"ACL02072.1"	28.870647385445	1.22638568060232	0.44809213218987	2.73690518645989	0.00620201653236397	0.0429568666106041
"AIQ27397.1"	94.6419014300952	-1.22624149920924	0.430162244849758	-2.85064882818232	0.00436301266179073	0.0329062909786856
"AGF71922.1"	244.376602942978	1.22535976587292	0.404578766995694	3.02872979462604	0.00245584226373493	0.0211550030816994
"AMK25298.1"	38.4434728607089	1.22515446516158	0.453965510811058	2.69878313657068	0.00695935101776672	0.0466780045743644
"AHX15488.1"	258.758965744185	-1.22514235868471	0.395000302081807	-3.10162385250778	0.0019246234259176	0.017765168952189
"AIG56285.1"	437.923352794271	1.2239835684276	0.45431673884349	2.69411946287381	0.00705748643053745	0.0471329651978355
"BAV98595.1"	671.861466701347	1.22363280420656	0.430268045392652	2.84388491618035	0.00445671419709984	0.0334645154608775
"ADX46886.1"	308.934031764115	1.22282526960048	0.337989818504889	3.61793522363985	0.000296962692726738	0.00399700362768162
"AEG96155.1"	180.874257902442	1.22228190397241	0.428761123436632	2.85072931560469	0.00436190849006398	0.0329062909786856
"ADJ44820.1"	567.518465311483	-1.22195092182624	0.301837133425311	-4.04837836868938	5.15737241885243e-05	0.000942600102273037
"ANH89775.1"	847.99831811504	-1.22173535287826	0.26805835381375	-4.55772161358245	5.17115154306549e-06	0.000134546058178124
"ADO73087.1"	246.482842463902	1.22152556439219	0.310913703960446	3.92882510108846	8.53618929411889e-05	0.0014310129070548
"ACN58869.1"	894.10712863714	1.22138591391949	0.408643801485278	2.98887664386484	0.00280005153232339	0.0233026880793477
"AIS02350.1"	345.703214072836	1.22036043697357	0.369160162501651	3.30577500211202	0.000947141097683249	0.0101322744251969
"AEI40895.1"	283.955232249699	1.22019210486904	0.399285081822075	3.05594213362764	0.00224354550860022	0.0199018694736286
"AAP57757.1"	89.7838536232927	-1.2194331475464	0.426983607064468	-2.85592497550446	0.00429116519931688	0.0325217815159923
"SDS48419.1"	164.780002589256	-1.21896984058763	0.352248269464608	-3.46054174358436	0.000539089645164609	0.00645800329740197
"AAI18098.1"	149.933076018402	1.21878764806511	0.414557413996597	2.93997310605357	0.00328240735875311	0.0263533915731724
"ACN38287.1"	37.2602869751523	1.21694195740323	0.448066059567158	2.71598781344613	0.00660783502937278	0.0450356681593214
"ABO58300.1"	290.069315431137	1.21663455992097	0.431376232339828	2.82035603427159	0.00479703930431789	0.0353974465903225
"AQT60604.1"	91.6551344324687	1.21621930568029	0.407634901246608	2.98359954449658	0.00284879351472854	0.023624059016096
"ABI67012.1"	201.724231958602	1.21603238208775	0.370193031037946	3.28486027594373	0.00102032957171117	0.0107347413339443
"BAQ81745.1"	139.346222904797	1.21547226220017	0.378513824171024	3.21117006720205	0.00132195674608729	0.0132527960966045
"ABD26219.1"	405.425055637292	-1.21531256768134	0.24392105993968	-4.98240114232809	6.28000763339179e-07	2.26274251871862e-05
"ACO67416.1"	261.749592016585	1.21521925797816	0.26429516557077	4.59796249149614	4.26642778336888e-06	0.000114518611911021
"AIR21861.1"	28.9736398462538	1.21478450452267	0.411416245080588	2.95268968848015	0.00315018458602169	0.025497076410845
"ADW03442.1"	108.695362260102	-1.21426388704798	0.437921022488738	-2.77279195263847	0.00555776402905575	0.0395212501288912
"AEG49859.1"	364.71092317521	-1.21349068336159	0.449517629817023	-2.69953969070255	0.00694354727627668	0.0466042295599564
"ANY66438.1"	155.173989068983	1.21317195648199	0.411626010646092	2.94726748335893	0.00320595754326879	0.0258513064452779
"APC36949.1"	428.780155747405	1.2130300463545	0.38048549071378	3.1881111789017	0.00143205462922851	0.0141009820004995
"AFC29088.1"	167.223382854689	-1.21270260043781	0.407985970624557	-2.97241250374704	0.00295469412860286	0.0243169552595404
"ACF53044.1"	281.838747342672	1.21132791685288	0.396379094898917	3.05598335644263	0.00224323707652477	0.0199018694736286
"SCG45139.1"	184.319139840352	-1.21091543823339	0.253275219210967	-4.78102611856689	1.74402699419831e-06	5.33032529798864e-05
"AQS70548.1"	271.299789610146	1.20919843394364	0.341926257118411	3.53643046934792	0.000405573245726267	0.00511921938113281
"AIV23509.1"	25.1417004788055	1.20863239750775	0.28491383989286	4.24209788461748	2.21440065994485e-05	0.000460924616177071
"AEB46634.1"	1001.21084657393	-1.20812660319528	0.436098307785092	-2.77030793660093	0.00560033181278794	0.0397169901658772
"AEI45885.1"	100.909900313809	1.20784843151445	0.388737506175248	3.107105469185	0.00188928980877495	0.017514091882935
"ACO31903.1"	173.726112773271	1.20739558813203	0.436164111962771	2.76821397042196	0.00563644369619044	0.0398479489188251
"AIS85266.1"	358.563766812837	1.20640254356259	0.40040442104711	3.01296009771243	0.00258712932142459	0.0220082869895481
"AFO76787.1"	108.588743160976	1.20619563618032	0.375986623162593	3.20808125042979	0.00133623742195088	0.0133442342324684
"ACO32472.1"	510.036132197847	-1.20603032320084	0.345951849633674	-3.48612191112116	0.000490077608900621	0.00597084850830496
"AIS85832.1"	344.160173128248	1.20477821130755	0.250823070385571	4.80329903248347	1.56072529764131e-06	4.84660467679111e-05
"AMW09713.1"	166.475512081675	1.20423441812419	0.360504619017191	3.34041328348907	0.000836538006218838	0.00920310140963311
"ADZ43516.1"	44.0219616084173	1.20386524712633	0.376825660815578	3.19475389367264	0.00139950126470524	0.0138544686728033
"AIG76506.1"	446.745103171824	1.20134123529324	0.248782354001953	4.82888442836992	1.37300061744128e-06	4.36305621860228e-05
"AQQ71053.1"	36.7113253668324	1.20116155926666	0.438363484715768	2.74010404868802	0.00614197370361392	0.042688543751363
"AGF61642.1"	147.254576748806	1.20100241286048	0.413278951605984	2.90603334187099	0.00366042442613604	0.0287373085345217
"ACB66634.1"	365.797175174293	1.2005886287299	0.322310216710021	3.72494747757271	0.000195355891934855	0.00283377386041876
"ADJ46874.1"	1566.16026297651	-1.19921486481636	0.44501679157335	-2.69476318090504	0.00704386747614977	0.0470644663155821
"AIV36786.1"	181.687511932382	1.19838810203991	0.272680082366676	4.39485015421267	1.10849191180172e-05	0.000257324540321733
"ABE63096.1"	218.741491484564	1.19807964901771	0.270366539580924	4.43131628223953	9.36595921362238e-06	0.000223238224527338
"ABR60946.1"	157.454546401398	1.19750674600679	0.437926939518211	2.73448979257644	0.00624770324474045	0.0432017685015282
"AIJ12797.1"	70.8185900791648	1.19701000694473	0.360146679032732	3.32367359365804	0.000888401112404765	0.00961410032581515
"ABS26021.1"	203.893322753948	1.1964886231764	0.408700457586638	2.92754412422639	0.00341650578738508	0.0272063059149168
"ACB63615.1"	178.497630843097	1.19533519873051	0.409085393626719	2.92196988050184	0.00347825175048399	0.0275855909366997
"ACY47191.1"	420.903804026718	1.19329311111914	0.347042905978202	3.43845988655389	0.000585033207300167	0.00690206054427959
"CRY80061.1"	151.474830431051	1.19209082414955	0.344166569439701	3.46370313098761	0.000532794154567305	0.00639864097060141
"ACT00431.1"	47.7040514587199	-1.19164076267133	0.338540752273643	-3.51993299083864	0.000431655838199436	0.00538051506955984
"ADJ43143.1"	322.967608622227	1.19143453333558	0.305959977587729	3.89408622241764	9.85695875324967e-05	0.00161283119378128
"AKM31954.1"	50.0272555518118	1.19090189760313	0.387671907509134	3.07193241123634	0.00212677875720636	0.0192130681144722
"ADG10252.1"	543.987455104717	1.19052731254188	0.37112270801621	3.20790748403861	0.00133704501786378	0.013344245246231
"AGH13541.1"	58.2624149127947	1.18945698692824	0.350470550416187	3.39388569315096	0.000689084484290023	0.00790639722220635
"AGT83915.1"	107.437285488179	1.18917195574964	0.375363463609444	3.16805462181833	0.00153462684798635	0.0148593416718699
"ABJ85860.1"	428.035056971402	1.18844285800684	0.337236873998424	3.52405964364501	0.000424988574012473	0.00531397057528057
"ACS17585.1"	213.281975107135	1.18693650207425	0.223962313814293	5.29971530414907	1.1598339109113e-07	5.22037140994738e-06
"AAP57751.1"	70.6085192909026	1.18674272312535	0.432925674423524	2.74121585582929	0.0061212279304826	0.042589813950701
"BAI98324.1"	134.774732252249	1.18605963824496	0.374388895282596	3.16798829556548	0.00153497700082325	0.0148593416718699
"CAP70884.1"	71.6544298676994	1.18605319605215	0.349808397079164	3.39057954570408	0.000697450110880123	0.00797788620587326
"AOS44231.1"	296.575529991101	1.18565347724428	0.43736483201817	2.71090263881807	0.006710032574281	0.0455276897597524
"ACD98964.1"	99.2385519262249	1.18481330834509	0.229292543604159	5.16725615984488	2.3755558333345e-07	9.80915355605201e-06
"ABO89008.1"	133.350655470105	-1.18480504896415	0.326737302745014	-3.62617013426464	0.000287655868901225	0.00389986135872091
"AGT84031.1"	113.833506014069	1.18369862497639	0.400589643604203	2.95489073138878	0.00312779807746289	0.0253740466463781
"AAH61753.1"	47.3079122393806	1.18365804491912	0.420001064224973	2.81822629926742	0.00482897618444363	0.035548781819533
"CAK43129.1"	81.6254209188233	-1.18265120935337	0.332145006194059	-3.56064726941098	0.000369941758564036	0.00475821079019421
"ACY17276.1"	755.384645336969	1.18244655415888	0.323197812560208	3.65858464446941	0.000253611980760867	0.00353591683933328
"ADW71738.1"	78.4227573069512	-1.18201350462267	0.366995426432137	-3.22078538175256	0.00127839842971233	0.0129147681366672
"AIR97266.1"	480.96884354961	-1.18152979925856	0.314093353145742	-3.76171538628621	0.000168752012318068	0.0025175512555468
"ADY84206.1"	21.5294820228276	1.18133013952766	0.39444441424978	2.99492170975348	0.00274515291982613	0.0229666338040806
"AGG87693.1"	1039.61199974482	1.18084508607438	0.416891689063611	2.8324985051314	0.00461857821341924	0.0344070557910817
"AEV85855.1"	288.550128983914	1.18084168949399	0.425009942232435	2.77838603796285	0.00546296725500765	0.0390455019839658
"ADH67868.1"	709.886891726399	-1.18037677684121	0.345468642811876	-3.4167407126556	0.000633756086925023	0.00738027540801094
"AEE46043.1"	839.171018199827	-1.18013441035432	0.235213706862163	-5.01728588056262	5.24065570033993e-07	1.92542515730599e-05
"AKA07004.1"	67.3704086664679	1.17905420126878	0.386116954326886	3.05361934526862	0.00226098768944647	0.020004109550787
"ADI13090.1"	74.0759562926862	1.17854494173536	0.404161480680717	2.91602490111222	0.00354522204667758	0.0279819668505175
"AJK80821.1"	28.007484334613	1.1785341571782	0.33723179566135	3.49473024886922	0.000474541101284543	0.00580142038059479
"AEK41950.1"	231.98224663995	1.17844805207048	0.439757075710645	2.67977053050508	0.00736726449348572	0.0486936441626416
"ADJ49126.1"	95.1217462754765	-1.17824584902917	0.308169780223813	-3.82336596461033	0.000131642166897014	0.00204633764822254
"CBG75198.1"	346.877878468114	1.17811102292574	0.252932108244935	4.65781521808564	3.19582861554948e-06	8.96497173556344e-05
"AFE10035.1"	1144.29798756421	1.1778995328614	0.375667770395181	3.13548200214864	0.0017157195574736	0.0162659277788794
"ANE80664.1"	161.618081944462	1.17731612849497	0.403138088920069	2.92037929645591	0.00349605597044284	0.0276954111342721
"AAZ48655.1"	110.639308059385	-1.17687356175469	0.409479211110971	-2.87407401846282	0.00405213984705732	0.0311060343181291
"AGK75526.1"	479.950606944862	1.17671737477915	0.401802362604526	2.92859745062608	0.00340495078829824	0.0271503851521497
"ADQ02916.1"	289.963605374392	-1.17510544984334	0.416730995473898	-2.81981773039712	0.00480509344993602	0.035438197108643
"ACS62711.1"	342.219899634364	-1.17484000750061	0.384557355898376	-3.05504494838237	0.00225026794665551	0.0199551794217826
"AIQ58695.1"	105.373476813467	1.17471872778362	0.288336548882424	4.07412356267966	4.61879555565225e-05	0.000862159463428015
"CDR87373.1"	184.584904803666	-1.17452703083862	0.435625203810957	-2.69618704465114	0.00701382700417515	0.0469309514361586
"AGP52606.1"	95.7779042566389	-1.17410468396317	0.374204316458024	-3.13760326197326	0.0017033526282584	0.0161705867008213
"AFU97775.1"	88.599622150981	1.1740325513233	0.376835463622561	3.11550441680088	0.0018363059863554	0.0171132802569219
"ALJ82895.1"	61.1491108933108	-1.1727028109119	0.387743740168403	-3.02442744891915	0.00249104210349158	0.0213400289869493
"AGT85672.1"	167.390215628833	1.17229936434159	0.366721379954518	3.19670307874328	0.00139007936741933	0.0137806876665268
"AKN70875.1"	582.475221682197	1.17181106434685	0.423055676767969	2.76987434207046	0.00560779226533364	0.0397345439978341
"SHI58421.1"	63.3114056340915	1.17001365118946	0.39385951915252	2.97063697662309	0.00297182843480052	0.0244272779978495
"AFJ26926.1"	105.422696710389	-1.16859222009491	0.417346862109575	-2.80005033268489	0.005109463905141	0.0371447809629518
"AGK75517.1"	836.644273076412	-1.1685398403593	0.40339687757539	-2.89674983947023	0.00377050282979745	0.0294282122171757
"AEK46054.1"	378.823445545932	-1.16842509252114	0.245010720946691	-4.76887332932409	1.85259096927441e-06	5.62528598436078e-05
"AEK39840.1"	316.699260791769	1.16638480548242	0.304076188341444	3.83583078913333	0.000125140548243817	0.00197043576413605
"ACX74338.1"	63.3313966913718	1.16527609800968	0.337648927465601	3.45114704422805	0.000558209351775414	0.00664157629082214
"AGZ43417.1"	144.501469272358	-1.16397723161366	0.40433853093325	-2.87871954455365	0.00399293248637897	0.0307104774419411
"ACE85692.1"	249.348633865306	1.16378135619029	0.398841792617225	2.91790223023893	0.00352394823331679	0.0278803282140721
"ABL06590.1"	125.255889737534	1.16297620106527	0.386321507847582	3.01038429764078	0.00260917334746872	0.0221218706952557
"AAQ06261.1"	397.658694103407	1.16168430490512	0.359629081811114	3.23022904336549	0.0012369108429282	0.012546578245876
"AAY93541.1"	79.0623426931709	-1.1610765540491	0.400425473811233	-2.89960711789393	0.00373630655315939	0.0292183347101258
"ABK49339.1"	45.8740097281987	1.16096161664671	0.41961519905755	2.76672918248484	0.00566217702605453	0.0399793967267144
"ACE84037.1"	77.6176226630945	1.1607995240845	0.406975272258035	2.85226057505656	0.0043409500070962	0.0327925624389275
"ADO71797.1"	126.687168063963	1.16064237390924	0.410777258231375	2.82547865212026	0.00472100337447569	0.0349746521491986
"AEI40448.1"	58.418190768032	1.16059883579364	0.41020772627893	2.82929540679705	0.00466506168074435	0.0346979454872792
"ADJ45191.1"	225.892170617366	1.1605052748649	0.409519102847183	2.83382451953152	0.00459945811385031	0.0343102662817355
"CCA69124.1"	79.3108291468332	1.16031470656759	0.393542109877558	2.94838767553641	0.00319436199949426	0.0257795787079393
"ABF79150.1"	86.5837462460915	-1.1600833298482	0.26803774190619	-4.3280596292078	1.50428747410207e-05	0.000331345650078376
"ABX15675.1"	52.1987335305838	-1.15965452680366	0.407790467993187	-2.84375094030652	0.00445858846510476	0.0334645154608775
"ADW01927.1"	383.347731212418	1.15916980413868	0.429296745175151	2.70015977797769	0.00693061825250901	0.0465522045578796
"ADB66085.1"	24.6494418942692	-1.15865181806864	0.379686126318861	-3.05160430617264	0.00227621947580454	0.0200898614264262
"AEO61106.1"	78.9626959874361	-1.15706892121802	0.406504460760678	-2.84638677532058	0.00442184510241066	0.0332332820099567
"AAK45288.1"	34.4012321808859	-1.15676506961908	0.34166903900879	-3.38563035437731	0.000710149720318797	0.00808142779494855
"CAK16207.1"	199.227707830341	1.1567587864106	0.317149968230428	3.64735583252571	0.000264952884215194	0.00364860843408193
"ACS43414.1"	413.386785194696	1.15669298666597	0.396845071962498	2.91472181056913	0.00356005724079656	0.0280674070721883
"CBQ71415.1"	265.345638637078	1.15644501292606	0.396359711390274	2.91766539255391	0.00352662565028804	0.0278902292953288
"ADG30488.1"	377.515378630891	1.15562154463669	0.412301078757754	2.8028584065764	0.00506519016693633	0.0368803807317424
"ACU84387.1"	248.311910465246	1.15463438525371	0.430754381816724	2.68049365019572	0.00735136591778112	0.0486539766145165
"AOS64950.1"	114.914585021021	1.15391115337979	0.414360708001496	2.78479868167332	0.00535609662227007	0.0385275645007895
"ACX89795.1"	94.6825778594005	1.153437160388	0.345459765575937	3.33884659032589	0.000841270101301913	0.00924340571273484
"ABK74475.1"	279.524947646081	-1.1529216638612	0.380411503830664	-3.03072239470026	0.00243969443606514	0.0211133494380463
"ADJ49093.1"	379.675036667338	-1.15207042840463	0.248089869303623	-4.64376248670871	3.42120847716634e-06	9.51673448412073e-05
"AEW81879.1"	79.2150796944039	-1.1507590664649	0.327573532182944	-3.51297938754777	0.000443111851178472	0.00549395898387622
"AOR30152.1"	167.313673849172	-1.1506557826037	0.429492461639229	-2.6791058874748	0.00738190459295943	0.048764464602287
"ABC27724.1"	67.3305325842632	-1.1499671325495	0.343797421847961	-3.34489748750372	0.000823129880241779	0.0090976486882151
"ACL40565.1"	254.82037431073	1.14935706499546	0.287530078335167	3.9973455008616	6.4056772716075e-05	0.00112588463113117
"ACG26489.1"	156.167930981228	1.14924569826183	0.39029491686542	2.94455717612666	0.00323417183215008	0.0260482953431742
"ABF11038.1"	140.442177462437	1.14904890385855	0.407222424639294	2.82167394115475	0.00477737221918551	0.03528952840325
"ADV65898.1"	503.921321268622	1.14805990616012	0.332648064680966	3.45127486991754	0.000557945020556577	0.00664125373958416
"ABA87273.1"	73.9307375635241	-1.14659840887542	0.413471843954855	-2.77309912546455	0.00555252044243932	0.0395040310817106
"AIT07365.1"	179.144924484457	-1.14646205033097	0.338386784463242	-3.38802253211372	0.000703984808195184	0.00803455307388193
"ADX57121.1"	305.600192040617	-1.14640795817484	0.428760422269631	-2.67377280791534	0.00750032443452461	0.0493371905237197
"ADG09008.1"	127.315763477259	1.14586227743701	0.392420279951538	2.91998741140116	0.00350045525468018	0.0277145772935595
"ADU13816.1"	318.05931123162	1.14466804054097	0.401529482990568	2.8507695923486	0.00436135604614154	0.0329062909786856
"AEA65013.1"	88.3782352848914	-1.14412995549657	0.351774908421111	-3.25244901812873	0.00114415119018189	0.0117724946900649
"ABK36549.1"	144.811220158082	-1.14390204503293	0.308728465882487	-3.70520431850408	0.000211220400091377	0.00302162816604915
"ACD20174.1"	264.948645052154	1.14387246840326	0.372282791752372	3.07259022910765	0.00212209667891133	0.0191891558204156
"AGL18901.1"	304.460994929669	1.14329911469225	0.307103504199401	3.7228462035064	0.000196989524843532	0.00285008720285246
"ACI91266.1"	129.545168005484	-1.14316198491106	0.38133952541184	-2.99775373055407	0.00271977353441584	0.0228245743014106
"ACY46985.1"	314.290338193975	-1.14311745352191	0.228620635438719	-5.0000624454931	5.73117494875969e-07	2.09191621728131e-05
"ACB76005.1"	177.390725339973	1.14268601738555	0.260326930281925	4.38942684933926	1.13649799106967e-05	0.000262303361566253
"ABC92844.1"	99.1800639461969	1.14259874555105	0.366720561987381	3.11572042581667	0.00183496150486333	0.0171132802569219
"AOW91125.1"	156.702373909824	-1.14240111705969	0.292409496264351	-3.90685368175222	9.35057366704222e-05	0.00154624134898118
"SHG37381.1"	269.127951181685	-1.14198017363322	0.304203608277373	-3.75399943511506	0.000174035255156864	0.00258339925947591
"AAZ37978.1"	88.7775519758463	-1.14174375129944	0.407529312490021	-2.801623628797	0.00508461549955338	0.0369929562176446
"ADJ46833.1"	327.745292750927	1.14012962627062	0.345930146384198	3.29583772385181	0.00098128679157295	0.0104021601729937
"ADU99167.1"	157.220601207896	1.14011729304969	0.374915643388367	3.04099685664135	0.00235796292450719	0.0206356767847775
"ABK70927.1"	22.0161580731226	1.1386238427236	0.349146066622505	3.26116760740906	0.00110954434136769	0.0114848025484312
"AHC13566.1"	36.4478702552937	1.13832397150072	0.402235934012876	2.82999074733158	0.00465493503117614	0.0346318259720455
"ADZ04642.1"	200.81401682021	1.13788538311847	0.354020546646912	3.21417893366894	0.00130818123938728	0.0131503920925983
"ABF41111.1"	227.712324769335	1.13679124079752	0.378583633146475	3.00274798292111	0.00267553893102154	0.0225406454509768
"ARE32175.1"	24.2114428653512	-1.13617480990814	0.419845505422882	-2.70617356916505	0.00680634612212916	0.0459379137018148
"XP_003710939.1"	227.64344819026	1.13597414344479	0.379104854683384	2.99646424837666	0.00273130263191358	0.0228938767913331
"AGK81422.1"	291.365861385897	-1.13532620584791	0.301193887112195	-3.76941981370625	0.000163627465986206	0.00244706973170397
"ABX05284.1"	37.7207770667786	1.13449730725601	0.420071259086031	2.70072584762022	0.00691883440011936	0.0465176964134826
"AEJ46123.1"	34.9854535749775	-1.13445188658918	0.344104527782262	-3.29682347948361	0.000977849376299346	0.0103813167494288
"AEX25161.1"	49.8231918022916	1.13439496551866	0.374726180653465	3.02726370370078	0.00246778570316173	0.0212056870919938
"ANE57758.1"	103.681180988766	1.13423530594428	0.360894088593693	3.14284811470339	0.00167312632363948	0.015932260053269
"BAX99210.1"	60.9826615315497	1.13378245686637	0.417970933334568	2.71258684861425	0.00667602846461505	0.0453535775043346
"ACL57509.1"	47.3265569469722	1.13347409638195	0.3563109353638	3.18113755118027	0.00146697959213743	0.0143499513142835
"AIG80700.1"	100.155869875777	-1.13241755777846	0.383420273015153	-2.9534629164841	0.0031423036003564	0.0254548413181649
"ABL83359.1"	459.969796305176	-1.13239760484187	0.301237811335619	-3.75914829490057	0.00017049276435001	0.00254024237932032
"ACG37344.1"	80.8488566943854	-1.13166957689898	0.342635079686795	-3.3028421314404	0.000957102537526438	0.0102154184676287
"ADV64094.1"	130.518921667469	1.13147629689156	0.295034020504772	3.83507059611541	0.000125528234200026	0.00197431935093478
"AIR54677.1"	29.4807082040524	1.13111972278554	0.35682803954832	3.16992948260829	0.00152475936949759	0.0147911168774964
"AAM37418.1"	151.360538622573	1.12953856879021	0.40924977701928	2.76002244159316	0.00577973910768773	0.0405944746760727
"ABW14634.1"	1452.43512335687	1.12921917896244	0.288700695529679	3.91138364558031	9.17688647850958e-05	0.00152291709456049
"ABD81915.1"	54.7329534967057	1.12854837863913	0.352245105829152	3.20387241714156	0.0013559254852027	0.0134802876007581
"ADX05748.1"	27.6768702669019	1.12700267343279	0.3665187851179	3.07488379639329	0.00210584583990879	0.0190608665160319
"AJE82181.1"	762.341562832544	1.12467215571855	0.365997994974672	3.07289157634972	0.00211995497104401	0.0191761742711949
"AAM13694.1"	65.9549351821201	1.12407295816332	0.30284377982447	3.71172542759453	0.000205851220436624	0.00295539013709934
"AFL86875.1"	347.492137645248	1.12328891265135	0.283209196860072	3.96628684769142	7.30009999583516e-05	0.00125536609019288
"AEU37498.1"	102.806136557473	-1.12317394626676	0.368156489173393	-3.05080578312927	0.00228228151704327	0.0201243317641396
"AMK77504.1"	54.4882113992377	-1.12286569873512	0.371883724266489	-3.01939995075042	0.00253275931394333	0.0216420785653271
"AKJ65049.1"	578.362427505486	-1.12142477524471	0.348054793717909	-3.22197767560012	0.00127309054147997	0.0128715936436523
"ABS12755.1"	34.129337403582	1.12140288719837	0.393730774245644	2.84814639990203	0.00439746903485564	0.0330945008332845
"ACB74660.1"	1034.58427931474	1.12131907503946	0.368830885772902	3.04019841692403	0.00236422336996432	0.0206670817219804
"ACM54045.1"	63.7683681238991	1.12065016433569	0.375569028439018	2.98387268245591	0.00284625178438278	0.0236099748016534
"ACM19562.1"	54.0841957183835	1.12037951034576	0.417777690252303	2.68176002808849	0.00732359735491282	0.048562631820971
"ACO87683.1"	225.16338554899	1.12012845656239	0.377924923535419	2.96389146840009	0.00303775405072688	0.0248089155204638
"ABQ72752.1"	35.2414082506497	-1.11977353650182	0.340267219216278	-3.29086515909744	0.000998797769005051	0.0105406043831085
"ALV36487.1"	202.404812658417	1.11684367476118	0.285184524229518	3.91621416968033	8.99503468041643e-05	0.00149628633935198
"AJE15165.1"	197.007591578382	1.11636974360416	0.230634663563179	4.8404247928601	1.29561881817306e-06	4.15964959100608e-05
"ABJ83967.1"	145.488892670311	-1.11592555108623	0.386280504688828	-2.88889948506508	0.00386592627086333	0.0300020459315014
"ADQ45302.1"	43.7240422188905	1.11520024338709	0.403255083343613	2.76549581009703	0.00568363352054788	0.0401106639882174
"AKN70696.1"	331.520647751969	-1.11519401972327	0.264570251440919	-4.2151149407374	2.49651008236036e-05	0.000506833185393479
"CDN55071.1"	158.950479778094	1.1151559419559	0.383660660184587	2.90662050526467	0.00365356143209335	0.0286914742925345
"ALV31920.1"	166.086365666733	1.11491586991288	0.371396100735041	3.00195900739484	0.00268248295133011	0.0225657430004321
"AEA84832.1"	32.0886840277908	1.11482615824407	0.377721897237462	2.95144699419745	0.00316288827609082	0.0255771866485958
"ABP66691.1"	43.6903424738534	1.11342511645594	0.403240632155716	2.76119276597596	0.00575906735644902	0.0405102637465193
"ADH00861.1"	171.488892636303	1.11316115901956	0.35180990672646	3.16409838875023	0.00155564196254832	0.0150126688671157
"BAV89806.1"	97.2152910048892	-1.11293247367474	0.370960065886701	-3.00014092086842	0.00269854724740541	0.0226872458673759
"ADJ45084.1"	105.651593278817	1.11290142732581	0.317914840267765	3.50062748372634	0.000464164171506633	0.00569944743223671
"AEO67172.1"	187.536391226762	1.11265364719899	0.379809490476593	2.92950459400793	0.00339502794520061	0.027086692035861
"AIL06115.1"	285.680088624913	1.11206019747652	0.363659004625517	3.05797514520967	0.00222838057847418	0.0198576752651853
"AEL06308.1"	292.27008167905	1.11053835468404	0.367957364100741	3.01811694242921	0.00254350732559376	0.0217031487617565
"AGT85422.1"	76.8780730549129	1.1101782201525	0.262182520638159	4.23437160284482	2.29191687693537e-05	0.000473538781451532
"ADI05411.1"	165.693207760775	1.11016690412975	0.280725896526762	3.95462947261052	7.66533532262173e-05	0.00130534505895449
"AEE51369.1"	52.8463171462921	1.10997750487123	0.380569512224598	2.91662224433827	0.00353844033835827	0.0279441962518133
"ACB68993.1"	114.034320004617	-1.10964994527952	0.27851407770082	-3.98417902046409	6.77138133962818e-05	0.00118260506540381
"ADP88104.1"	72.7438965252355	1.10940637345327	0.383131701087357	2.8956266743386	0.00378402271818172	0.0295255016773176
"ABK10838.1"	87.0764896072615	-1.10764207227399	0.328051270048251	-3.37642976389353	0.000734331181028603	0.00829299545949043
"AJE43490.1"	352.72051560731	-1.10676247980846	0.216963499415618	-5.10114596597802	3.3760305840148e-07	1.31636980821836e-05
"AJK76609.1"	30.1260515333915	1.10597227748205	0.404431968054057	2.73463119842748	0.00624502025369766	0.0432012816957054
"APT09190.1"	27.7431248363282	1.10498764813361	0.346537479334995	3.18865263940306	0.00142937523889599	0.0140854590595326
"ADV26288.1"	416.61237396265	1.10491537694285	0.398262625167182	2.77433860754328	0.0055314072138049	0.0393738307545593
"ARF79733.1"	108.579589428514	-1.10431077088118	0.378772061596779	-2.91550217887181	0.00355116627343757	0.0280051974622981
"ACX81318.1"	74.3995925682749	1.10396260870477	0.401172085914967	2.75184303062095	0.00592609186123178	0.0414481901957058
"ADW82104.1"	48.945912690886	1.1035984742621	0.325671005240021	3.38869121446271	0.000702270453352265	0.00802152738149736
"BAS95732.1"	74.3233716494495	1.10346559415365	0.374310890288132	2.94799222460302	0.00319845109347094	0.0258051402918768
"AKE67336.1"	24.4942179206612	1.10277438863751	0.292298192467542	3.77277183730778	0.000161443914928454	0.00242347659106541
"AOH36637.1"	248.72807353424	1.10233336425363	0.267466402974613	4.12139002130396	3.76593241882766e-05	0.000724611986237107
"ACU76898.1"	496.013092137234	1.10215651822888	0.191488574545446	5.75572992198186	8.62682156781866e-09	5.27328595224129e-07
"ACK79323.1"	28.8118936462291	1.10205045068584	0.356392174650923	3.09224087696444	0.00198651582258505	0.018246226039728
"ABV15121.1"	33.1761797974247	-1.10149561217429	0.35486743631138	-3.10396361983401	0.00190946808658823	0.0176681021093801
"ABJ86298.1"	123.186200335281	1.09995266522352	0.376191065637093	2.92392022484826	0.0034565331908784	0.0274455921614262
"AGT88375.1"	572.890381002358	1.09884324475834	0.410034876845779	2.67987750996029	0.00736491049098951	0.0486936441626416
"CRY73315.1"	137.478538465113	-1.09807436909711	0.312438522086225	-3.51452939210253	0.000440533918022236	0.00547168924975622
"ACZ84238.1"	1933.01718245787	1.09805868465944	0.391437661832446	2.80519426648697	0.00502862618221656	0.0366844894618068
"ADV63223.1"	230.540869435596	-1.09779686137601	0.392552178040436	-2.79656291007239	0.00516493546037387	0.0374325184583232
"AEC00383.1"	80.9271801469822	1.09769210023735	0.338075775483652	3.24688185264677	0.00116676813928888	0.0119389038112323
"ADG11496.1"	255.399789326505	-1.09709237632101	0.226884561869199	-4.83546508093175	1.32834692431365e-06	4.24525119784074e-05
"ABM57849.1"	358.874575358942	1.09689168288543	0.303048441869659	3.61952589532601	0.000295143275687663	0.00397825283878276
"AJP00836.1"	411.148952462996	-1.09671337902328	0.333112882664124	-3.29231751787005	0.0009936535837744	0.0105099128667308
"AIA07148.1"	72.2860494651148	1.09663755007848	0.410375403557887	2.67227894403712	0.00753379936454836	0.0494760138423401
"AEM49889.1"	193.971785684795	1.09600075338245	0.309625033324143	3.53976789801445	0.000400479074418545	0.00506405246947677
"AIS01080.1"	885.613416366916	1.09560521258487	0.316230326119222	3.46457983973306	0.000531060475605084	0.00638915731630423
"AFV87982.1"	743.116095557716	1.09512244906217	0.324277696023826	3.37711308082596	0.000732509289956665	0.00827575870929249
"ACY48275.1"	74.0262844073462	1.09483956598054	0.394970989381044	2.77194932138246	0.00557217109553957	0.0395834818550434
"AKJ29761.1"	327.121197960983	1.09467229088443	0.354997310486747	3.08360727968191	0.00204507361264957	0.0186494725927483
"ADN75026.1"	103.539301209537	1.09440782281527	0.332526938075107	3.2911854574864	0.000997661172896301	0.0105358439066031
"ACD04636.1"	55.5385129308442	-1.09382090107244	0.369110005239747	-2.9634008440437	0.00304260070309135	0.0248412508847318
"CBJ44234.1"	84.9333860821963	-1.09327496737969	0.304779555108847	-3.58710073905464	0.000334375166212242	0.00438873284260569
"AEG06233.1"	35.0508651124459	-1.09325078459997	0.350516941758145	-3.11896702942908	0.00181486268289983	0.0169986268552906
"AIU24626.1"	23.1312328248062	1.09265179722256	0.400309834192354	2.72951525017375	0.00634275153583108	0.0437153303784163
"AGK75001.1"	481.494991346618	1.09056380390834	0.377610298627388	2.88806689826135	0.00387617423198008	0.0300602143486189
"ACX90020.1"	52.6621459071163	1.08785849294048	0.307970174900679	3.53235014816393	0.000411883589639353	0.00517089371100598
"ANZ43397.1"	296.025581183894	1.0876287641952	0.267359002273674	4.06804616618773	4.74089898759022e-05	0.000878801545710469
"AEI66794.1"	558.318477986529	-1.08724585134116	0.204021226751858	-5.32908202078172	9.87104137814042e-08	4.52290792835383e-06
"ADL45046.1"	234.269137519514	-1.08630990509252	0.182945972589353	-5.93787274853484	2.88744012778028e-09	1.97500102055547e-07
"ABD13712.1"	73.1735862187978	1.08600562735857	0.373916766853697	2.90440473289471	0.00367952163483029	0.028871044755804
"ARZ67881.1"	146.634116901533	-1.08468931333724	0.366685932508695	-2.95808815439495	0.00309553583812485	0.0251853011694692
"ABK73680.1"	57.3783104655726	-1.0842769726336	0.377825188018191	-2.86978477618437	0.00410751274919756	0.0314362840149084
"ADY62367.1"	218.537553181124	1.083936278838	0.282394161291095	3.83838063040074	0.000123848396768762	0.00195228587609137
"APL95873.1"	146.352090826612	1.08390742244329	0.347340811746985	3.12058757792288	0.00180490619550664	0.0169333066209762
"AEO66258.1"	131.933066388686	1.0835242444925	0.355820891967468	3.04513947593488	0.00232572427049075	0.020417364903311
"ANC87489.1"	489.190363453832	1.08244060956295	0.18178403594114	5.95454162935095	2.60801739745789e-09	1.81627002634903e-07
"ACT02684.1"	174.609303607347	1.08240579739711	0.270013809029451	4.00870533728536	6.10525391896879e-05	0.00107905737825411
"AGZ44102.1"	384.038042214993	1.08237104536771	0.346529795444491	3.12345737537333	0.00178739752513389	0.0168201617188734
"AFE08202.1"	1171.17378744947	1.08189820367165	0.360740078582583	2.9991073016412	0.00270771927463722	0.0227438670305261
"ADT85765.1"	101.681324631853	1.08093536670512	0.321327711506258	3.36396559648752	0.000768311200648794	0.00863147687534656
"APT09097.1"	26.6976250663913	1.08014393812035	0.344475092757691	3.1356227513382	0.00171489643986818	0.0162636316837905
"ADX05683.1"	95.7435750371117	1.07995717368631	0.387999129473029	2.78340102245354	0.00537922724350149	0.0386046772389304
"AAT44199.1"	227.948412797955	1.07890497708489	0.319792214273026	3.3737687439875	0.000741466300376261	0.00836345308031177
"ADG87504.1"	250.782305076484	-1.07884472482353	0.254495100329944	-4.23915715243573	2.24360560213602e-05	0.000466310188844841
"ABS55727.1"	42.8898895481841	1.07791486891156	0.358428487528194	3.00733593009057	0.00263548346783456	0.0222815448890461
"ABC80791.1"	1139.2931674087	-1.07725848037719	0.15965548038342	-6.74739431299258	1.505238027601e-11	1.8402027869309e-09
"ABM44117.1"	165.23172931771	1.07722277567487	0.338750624640722	3.1799875699635	0.00147281369753162	0.014379538803952
"ABC20869.1"	1333.79457561644	-1.07717487055383	0.35227483073296	-3.05776847103327	0.00222991793160418	0.0198628006405315
"AGZ41262.1"	98.8098816990679	1.07701147543057	0.399241649500464	2.69764308603109	0.00698322668573846	0.046793301650056
"AEX78015.1"	79.5263563687278	1.07672180709632	0.288967527207063	3.7260996676792	0.000194465535791014	0.00282525020238984
"AAO17353.1"	214.089874687715	-1.07652250173705	0.301868080097856	-3.56620183686885	0.000362192460659001	0.0046762726284519
"SCG62316.1"	225.437409370728	1.07625908603071	0.312100790356456	3.44843434969034	0.000563846519582903	0.00669442203657462
"AGK76758.1"	2279.99103268677	-1.07621784036404	0.397092419427935	-2.71024524193757	0.0067233475731528	0.0455784234930403
"ADP78238.1"	237.537095035654	1.07602983700247	0.349479113282263	3.07895320809457	0.0020772930549509	0.0188395260183848
"BAS94385.1"	301.654606423776	1.07585412797687	0.339559564185423	3.16838116622562	0.00153290401103041	0.014854683521221
"ADW01763.1"	213.022651501363	-1.07565923672697	0.278088559934649	-3.8680456217967	0.000109711141888038	0.00176928175593174
"AGP60371.1"	143.080749805738	1.07559787222764	0.319839203650955	3.36293318626897	0.000771190262706904	0.00866034600671579
"ADJ45076.1"	215.121236618338	1.07533158559079	0.371099997211941	2.89768685979442	0.00375925723129539	0.0293623388452285
"ADN01709.1"	59.4494296022077	1.07331075939461	0.387333201308959	2.77102700147431	0.00558797927834475	0.0396748597560549
"ACK52558.1"	189.561915706958	1.07181122502981	0.345318753716343	3.10383149914363	0.00191032094174502	0.0176681021093801
"ACN39731.1"	366.749735691919	-1.07157230581028	0.358262285509933	-2.99102738175483	0.00278040560757087	0.0231598439123934
"ACP33863.1"	109.719051603914	-1.07142032573049	0.278312783095611	-3.8496985794663	0.000118263270216754	0.00188333248747909
"ADV67623.1"	206.977376162057	-1.0710195490629	0.285937259863581	-3.74564528447211	0.000179930679653701	0.00265262733416799
"SCF07238.1"	214.378580996977	1.07090653441789	0.34640543007121	3.09148310463189	0.00199159315777357	0.0182808662442718
"ADV63344.1"	153.777734905745	-1.07035650308597	0.259289367907585	-4.12803853749785	3.6587080694332e-05	0.000707383916518314
"ACN58896.1"	326.910620127734	-1.06981361822491	0.27453505979567	-3.89681965946773	9.74641388040376e-05	0.00159754451402684
"ACK82432.1"	375.847342109068	-1.06928552167367	0.277423311009095	-3.85434633371028	0.000116039237642188	0.0018531856799947
"ADN60708.1"	269.363223558728	-1.06887460053323	0.349665426386495	-3.05684954780681	0.0022367651488624	0.0198974174916368
"AJP04699.1"	295.961852657304	1.06758597989522	0.374829835777393	2.84818837241454	0.00439688908007448	0.0330945008332845
"AKH83261.1"	926.291623446037	-1.06708800279705	0.121936748593722	-8.7511600489894	2.11170628735142e-18	7.88257722942537e-16
"APZ07415.1"	36.4979154061124	1.06649087830145	0.319967551438356	3.33312197911081	0.000858772830447574	0.00939148600047277
"ADR62150.1"	46.7446739717414	-1.06648754094019	0.334385016115896	-3.18939991189841	0.00142568498791519	0.0140689026865258
"AAT83312.1"	170.092118891211	-1.06532371292692	0.37327275347752	-2.85400877241117	0.00431713392010529	0.0326703002544331
"AGZ42059.1"	681.863068312138	1.06499594964103	0.31692707192268	3.3603817533797	0.000778348411269046	0.00871625684875529
"ADV82453.1"	142.241963820636	1.06487827052976	0.392491394212321	2.71312514422597	0.00666519301891982	0.0452909572227377
"AEI40749.1"	236.65224508733	-1.06446034004263	0.241114539578499	-4.41474969491033	1.0112693130458e-05	0.000238312253266248
"AAH84672.1"	72.2902474605839	1.06412870343263	0.367697760277722	2.89403096344371	0.00380330655169419	0.0296346702536127
"AEV85609.1"	628.351123625819	1.06326891424965	0.178199636706532	5.96672885478829	2.42057150557916e-09	1.71127070379278e-07
"AKG33853.1"	83.8329126746833	1.06294639858231	0.171253079613579	6.20687464996702	5.40486743093478e-10	4.36065327367292e-08
"AGT87962.1"	97.2141258035662	-1.06268601838594	0.299436223379565	-3.54895612291662	0.000386761520366274	0.00493517571749053
"ACB64075.1"	246.035282420986	1.06264440748126	0.393149407254203	2.70290222463486	0.00687369627656144	0.0462697766190464
"AJP05501.1"	219.241939025084	1.06221267868454	0.38234210058308	2.77817346576442	0.00546654263391353	0.0390610841192045
"AAO42612.2"	41.897261906626	1.0621937652677	0.393653729481349	2.69829468316525	0.00696957152964819	0.0467129816959614
"CCK25783.1"	155.242050656252	-1.06203973810558	0.317856797995689	-3.34125223938103	0.000834014156736473	0.00918892575048968
"ACZ20824.1"	380.792675865114	-1.06188676655125	0.340650730164574	-3.11723026701936	0.00182558919162403	0.0170557679183774
"ADB48563.1"	1388.3699272242	-1.06182956481566	0.336954368491232	-3.15125626526279	0.00162569784083102	0.015575987936997
"ADC60097.1"	40.9699293126443	-1.06139130218786	0.312922791513604	-3.39186320387187	0.000694190892564272	0.00794544898946417
"AEO69014.1"	371.516134844878	1.06048064834437	0.377321337283819	2.81055043422229	0.00494568370416726	0.0362352729517321
"ACD16244.1"	96.1943226797162	-1.06007812431318	0.388390892061127	-2.7294103594642	0.00634476961064708	0.0437184765000432
"APP01360.1"	23.3181866584133	1.06001942201535	0.379628496161747	2.79225461927314	0.0052342150457338	0.0378160217859003
"ADB34215.1"	908.106506038922	1.05975260602804	0.323323060986095	3.27768951214283	0.00104660448357932	0.0109726339721303
"AGT81986.1"	316.774980748503	1.0596366519559	0.317003097099094	3.34266971412163	0.000829765978973418	0.00914804416403859
"AAS97675.1"	71.6954715106711	1.05950303756566	0.384908211012877	2.75261220013364	0.00591218834514743	0.0413690639616964
"ACU14053.1"	118.90956936787	-1.05891356673668	0.316732046935235	-3.34324731893392	0.000828040658376913	0.00914109868766564
"ASF13314.1"	167.085425464728	-1.05870003595027	0.319217077341277	-3.3165519989346	0.000911356262022031	0.00982453981962602
"AHC32764.1"	38.0147589717605	1.05837132880001	0.329651660406597	3.21057484586791	0.00132469765927546	0.0132687784146962
"ADB29848.1"	832.349877591281	-1.05827731809778	0.387702138393803	-2.72961434384159	0.00634084552554466	0.0437129552654884
"ACD16420.1"	562.172138786259	1.05809330549831	0.306542347626288	3.45170353685768	0.000557059429393001	0.00663353287336728
"APA89700.1"	424.394082010808	1.05774407438843	0.297484762738384	3.55562437770514	0.000377082500755806	0.00482706981763125
"ACT96379.1"	65.3362457351321	1.05618916767797	0.291879484662406	3.61857966447892	0.000296224316346827	0.00398898314595756
"SCG67906.1"	280.156932336614	-1.05561925993022	0.272814830984232	-3.86936170633344	0.000109120655099749	0.00176178884669699
"ADD42389.1"	172.442228666292	-1.05473063175042	0.34962398906032	-3.01675704400376	0.0025549449871614	0.021787462644097
"AEK46087.1"	98.9723940747213	-1.05435340313387	0.292993343440095	-3.59855753292718	0.000319987067905052	0.00424164675808231
"AEV83903.1"	348.562821289231	-1.05370861888242	0.393141477982702	-2.68022754630022	0.00735721291956582	0.0486702582457856
"AFO53541.1"	182.092281206116	1.05369746196371	0.304969495340128	3.45509133885188	0.000550106427097779	0.00656749660257119
"ADG87762.1"	267.694341433143	-1.05275541597683	0.384227630424351	-2.73992636816394	0.00614529499644424	0.0426907391365888
"CDM75100.1"	31.9004830029605	1.05269716941216	0.381241981423693	2.76123097850088	0.00575839352381378	0.0405102637465193
"AGT84286.1"	193.32921713816	-1.05250807881001	0.332922777362312	-3.16141805360644	0.00157002987842234	0.0151358665552038
"ADG73370.1"	1037.73805180252	1.05242233314076	0.3004265759002	3.50309332650506	0.00045988830284061	0.00565190207476984
"AEK43384.1"	152.846951965804	1.05217267122378	0.286004504605481	3.67886748033975	0.000234271950958699	0.0033007939300653
"AKU15153.1"	114.37533337283	-1.05189520152589	0.359923226269133	-2.92255438035926	0.00347172990547875	0.0275416691509728
"ACF50425.1"	203.91605934163	1.05181696434557	0.31836949428586	3.3037617712241	0.000953968603290287	0.0101897386561293
"AEK47211.1"	61.4354624788152	1.05177599161471	0.29403558102979	3.57703645229298	0.00034751172827115	0.00453352206182624
"AJX16008.1"	165.102179735723	-1.05159515120666	0.233217174079229	-4.50908109730125	6.51090186599351e-06	0.000164660531743771
"AGB83919.1"	65.1324147395864	-1.05096398120778	0.262112594350108	-4.00958978645641	6.08243220878736e-05	0.0010757029192496
"AEK43640.1"	324.955080734323	1.05085105997359	0.363029332960387	2.89467259134198	0.00379554190305554	0.0295988833197613
"AEM53237.1"	116.974670373315	-1.04988360165661	0.340802978109559	-3.08061745082255	0.00206571864908333	0.0187583066168462
"APC34765.1"	138.043112902849	1.04946690109402	0.292264806852028	3.59080832344403	0.000329654008847613	0.00434101299703565
"ADW75364.1"	70.1343605634261	1.0482221403539	0.374826443674337	2.79655333299973	0.00516508854138101	0.0374325184583232
"ACA73397.1"	80.1242715146557	-1.04819411749546	0.388036801745407	-2.70127501510331	0.00690741960278255	0.0464582972124065
"AAM38365.1"	84.2151059995399	1.04763835005175	0.373034373461795	2.80842309605297	0.0049784771540538	0.0364130774120291
"AGS68644.1"	142.547742405817	-1.04689321076098	0.332670582870697	-3.14693653321277	0.0016499077051888	0.015748658750244
"ABR63514.1"	472.436571033657	-1.04678407442375	0.356234799330133	-2.93846664164233	0.00329840151420271	0.0264666233280651
"ACO73828.1"	67.9019966579037	1.04587783629198	0.367798897543758	2.84361329867106	0.00446051475942824	0.0334700003229571
"AOC97440.1"	46.2208291117707	1.0456193056553	0.389867281176171	2.68198783570867	0.0073186120913703	0.0485446205131042
"AAS81449.1"	186.422542239894	-1.04558414938695	0.353775479385405	-2.95550203536828	0.00312160637376638	0.0253325372268225
"AIF25916.1"	267.422890567424	1.04540062613539	0.391201694994905	2.67228041061786	0.00753376643539939	0.0494760138423401
"ABK18866.1"	62.7542974394223	1.04481570741967	0.381554482119938	2.73831328520796	0.00617552162107639	0.0428263322525773
"ACF31208.1"	28.097623112439	1.04394803126246	0.311492367448451	3.35144016469432	0.000803924099167417	0.00892413127687986
"AEK42552.1"	105.792684192721	1.04331769944464	0.285595931113446	3.65312522267766	0.000259067809442612	0.00359356877094439
"ABD88457.1"	100.561265204879	-1.04326937619968	0.356038665052976	-2.93021370598737	0.00338728962263845	0.0270414886165724
"ABK65326.1"	29.2926333653331	1.04313880121382	0.340017473283429	3.06789763226166	0.00215570450262469	0.0194234824025521
"ADO68979.1"	126.41215194066	-1.04309933257898	0.234901209696973	-4.44058731721559	8.97136933969323e-06	0.000215512647051944
"AEW98373.1"	472.443916468729	1.04161551061266	0.374463669771355	2.78161967287419	0.00540883848791513	0.0387377442588058
"AGL18387.1"	444.442845576389	-1.04149454755075	0.343311090186664	-3.03367580401923	0.00241593899932215	0.0209856122323993
"AEJ11908.1"	79.3435103094172	1.04099533495917	0.323764192350961	3.21528865622895	0.00130313411952009	0.0131137824622877
"ACS39039.1"	323.929931704677	-1.04062655063521	0.337721913312848	-3.0813119007508	0.00206090643535261	0.0187450086303221
"BAX91147.1"	165.534245595344	1.040254772356	0.375509780387778	2.77024681296386	0.00560138296712822	0.0397169901658772
"AAB62719.1"	67.7802453165314	1.03998924501601	0.364052075868754	2.85670461439955	0.00428063999720716	0.0324595875844561
"APS22199.1"	72.2778296144286	-1.03968343067554	0.384284071691319	-2.70550748070214	0.00682001121724556	0.0459968764244777
"AEI43169.1"	82.4096080433415	1.03909288295315	0.32030319877706	3.24409149493504	0.00117825891893552	0.0120476759293349
"AEL08361.1"	330.475584998147	1.03879074345362	0.277834058518192	3.73888913761668	0.000184835210575641	0.00270640510213162
"AGT89051.1"	28.8292902561282	1.03785022343349	0.253338824542835	4.09668839865485	4.19102425229336e-05	0.000794393466264081
"ADE34512.1"	320.693740748623	1.03742501862719	0.326080391560353	3.18150077550791	0.00146514130632478	0.0143445811866509
"ABP80467.1"	31.1566896106189	1.03730857430793	0.330580177725093	3.1378426300277	0.00170196227428805	0.0161628683280082
"ABJ12104.1"	186.65668444992	1.034204253604	0.30185733388038	3.42613591761807	0.000612233936027791	0.00717159049080922
"ADK68813.1"	199.482181111203	-1.03381001302778	0.360199149294326	-2.8701067591446	0.00410333232405735	0.0314128771518484
"ADJ45446.1"	394.062948160917	-1.03378698065417	0.343094625072515	-3.01312496643068	0.0025857241693758	0.0220030194060319
"ABV99714.1"	330.228118154637	1.03352236046149	0.38019258419741	2.71841798977555	0.00655949144551549	0.0448557700314244
"AGZ39462.1"	97.9619476413307	1.03213262738481	0.36164898824108	2.85396243579916	0.00431776364271333	0.0326703002544331
"ADJ43156.1"	815.271343449703	1.03197220307349	0.336744078643112	3.064559315287	0.00217990942656732	0.0195667663694065
"ADI05271.1"	125.298625500196	1.03146151947683	0.37215049112508	2.77162477028724	0.00557772916008884	0.0396129136392307
"AIY41738.1"	70.7685471615588	1.03105691191575	0.311655213557187	3.3083255696172	0.000938556310466527	0.0100558065318871
"AAS02602.1"	75.6924708728544	-1.03075176400185	0.348992065913636	-2.95351059429796	0.00314181824171168	0.0254548413181649
"AAW77212.1"	222.025851845058	1.03066485983427	0.382463423067022	2.69480634662848	0.00704295507640854	0.0470644663155821
"ACA15606.1"	500.876489652439	1.03059303438709	0.346694480509537	2.97262602182886	0.00295263970607544	0.0243123827092023
"AGJ53185.1"	206.589541603775	1.02985530887445	0.3060981358615	3.36446122409717	0.000766932601773388	0.00861944806071769
"ADU28972.1"	40.9962931452537	1.0297859993529	0.383090896516434	2.68809833049303	0.00718602321879691	0.047797554296374
"ACT01601.1"	139.148234707316	1.0295216609538	0.334813520104978	3.07491065662762	0.00210565620240696	0.0190608665160319
"ACO60746.1"	103.969898074586	1.0294360686039	0.384289672990641	2.67880232271808	0.00738859989489419	0.0487971792067605
"ACU36793.1"	775.220727409134	-1.02848025780521	0.245730112898663	-4.18540587343214	2.84657009272579e-05	0.000567610942421306
"ABK73078.1"	29.3284559742715	1.02772987367797	0.324760130357458	3.16458141751195	0.00155306203472356	0.0150084655588956
"ADG10296.1"	239.478187289899	1.02771898314435	0.339147336281314	3.03030238837519	0.00244309002019026	0.0211296719818494
"ACM36022.1"	147.334328325264	1.02756374577043	0.385011880970651	2.66891438045975	0.00760968457521195	0.0498807607978538
"AAV32135.1"	98.9765364628064	1.02750050153412	0.304345436962775	3.37609957878159	0.000735213043266171	0.00829960659648376
"AAZ62884.1"	235.974608143967	1.02726929782651	0.30018627537213	3.42210614576912	0.000621380502173535	0.00725747540210692
"AIS00259.1"	364.330244547627	1.02618904171107	0.264182753431474	3.88439074232471	0.000102586811364796	0.0016707506521052
"ADH62608.1"	860.571857412974	1.02581119793258	0.368743540166215	2.78190960977971	0.00540400888262801	0.038717766376536
"AGE87025.1"	45.2207976716986	-1.02554777055524	0.358930296367457	-2.85723378866109	0.00427350943547113	0.0324494630201925
"ABY29768.1"	295.276990622052	-1.0254918128216	0.35875849440971	-2.85844608225629	0.00425721450711744	0.0323345028055507
"AJE40108.1"	228.704623482315	-1.02532412538331	0.242865197789915	-4.22178284379074	2.42377563338623e-05	0.000496421900557036
"ADU07281.1"	214.009238641675	-1.02518602420213	0.19875715085994	-5.15798309528272	2.49624150514258e-07	1.0262081817617e-05
"ABG06537.1"	33.622860319666	1.02478564152061	0.368955595683171	2.77753109997718	0.00547735980745145	0.0391084328409617
"ABM37506.1"	152.735323766286	1.02472498747655	0.253736190767868	4.038544853911	5.37838098939958e-05	0.000974583522195667
"BAU76724.1"	201.503752998984	1.02463182500155	0.381884004196942	2.68309699736241	0.00729438305415627	0.0484262622680007
"AEO69834.1"	103.175658689762	-1.0234123509992	0.378568460384339	-2.70337457579056	0.00686393471109656	0.0462262968900311
"AEK36690.1"	64.2715195702747	1.0232535280451	0.351778480063331	2.90880081084234	0.00362817944360985	0.0285251661760715
"AIQ14286.1"	208.741399904392	-1.02322855858597	0.307542363155219	-3.32711418384185	0.000877504089199739	0.00952417723386094
"AJE41658.1"	623.31977575104	-1.02303179465703	0.280923812533785	-3.64166990839908	0.000270875256600608	0.00370827563999541
"AEM86942.1"	62.0839694989581	1.0221749829096	0.338099092324093	3.02329999138172	0.00250034246795978	0.0214000573931526
"ADV67035.1"	224.471113286905	-1.02208107885745	0.265101800938799	-3.85542865132555	0.000115527021968615	0.00184605850858068
"AEN08269.1"	303.574474063744	-1.02071494722392	0.326171201654497	-3.12938402301112	0.00175173207971151	0.0165401319742338
"ADI13044.1"	613.061710935284	-1.02035837327428	0.258035997902731	-3.95432568156213	7.67508050024641e-05	0.00130541648654252
"AAN24480.1"	63.333357878194	-1.01979959769858	0.337481138677474	-3.02179731197714	0.00251278741027036	0.0214868651001616
"SBT48760.1"	155.831365012849	1.0191877313343	0.33441252131537	3.04769608304574	0.00230603022028637	0.0203081541513486
"AEI11151.1"	1099.71418337791	1.01812879587855	0.349812477048039	2.91049880344528	0.00360852348450461	0.0284015247321313
"AFO76795.1"	102.417758346649	1.01688775210428	0.289932687272769	3.50732358489675	0.000452638369607619	0.00559226116307806
"AFU45578.1"	173.621131980931	1.01449269275017	0.380014437802304	2.66961618252501	0.00759379963335442	0.0497882938021992
"ACO61306.1"	230.975104838292	-1.01391722376049	0.245326302624921	-4.13293321144887	3.58162828626048e-05	0.000694399345582745
"AIG76639.1"	196.772998065145	1.01361135458176	0.273752734165661	3.70265289832092	0.000213356697071038	0.00304882020694744
"CTQ91670.1"	77.2879834827501	1.01337575112915	0.368349340534353	2.75112682340922	0.00593906451600344	0.0414948964786704
"AQS68530.1"	51.2091210098689	1.01314724081444	0.373982879180732	2.70907385662653	0.00674713183101247	0.0456871248336231
"ADL48250.1"	230.318042318007	-1.01177868705814	0.375583426436035	-2.69388534169107	0.00706244552445501	0.0471548354168
"AEW99815.1"	510.772022789632	-1.01118101547186	0.331830346161496	-3.04728312877007	0.00230920090997418	0.0203169040463976
"AKM40870.1"	219.138503784158	-1.01021435480218	0.340563660095959	-2.96630108602173	0.00301405260810257	0.0246729288936958
"ADX56775.1"	145.849569028539	-1.00979204830365	0.325103331484637	-3.10606490463283	0.00189595095755621	0.0175642101283069
"ACO33464.1"	127.922329440548	1.00801972194672	0.344517703523419	2.9258865702331	0.00343476147074036	0.0273025502938237
"ASK27817.1"	105.672533512124	1.00712775085014	0.297615936874604	3.38398461260654	0.000714420068919164	0.00811725010124225
"AGI90592.1"	1329.37268905314	1.0069487823161	0.23024878211267	4.37330774598132	1.22378018790154e-05	0.000277416600327866
"AGS71928.1"	135.475832971241	-1.00678691051831	0.249502633963297	-4.03517547901483	5.4561504317738e-05	0.000984216414226413
"AEO68023.1"	140.330211824215	-1.0067393806124	0.264429980935367	-3.80720588887564	0.000140545732426216	0.00215956000274662
"ACT02307.1"	96.8705198130262	1.00665759264012	0.317396120422898	3.17161278247148	0.00151594990830955	0.01472560908632
"ABA78060.1"	144.879606915797	-1.00611976969334	0.286518670253097	-3.511533013903	0.000445530121626888	0.00552149680613827
"AAU46542.1"	191.626148297824	1.00491858803138	0.339385404251014	2.96099530340476	0.00306646615205861	0.0249850949921516
"BAL76244.1"	156.505829849012	1.00429038433067	0.272711365812299	3.68261286558147	0.00023085560471553	0.00325429683263645
"ABD68264.1"	76.7614593744394	-1.0026023957693	0.370090393582061	-2.7090743590106	0.0067471216142241	0.0456871248336231
"BAJ27149.1"	209.555539193233	-1.00213819577926	0.285821723228132	-3.50616525735308	0.000454612866311569	0.0056042896544512
"ABV99840.1"	203.033012304221	1.00122072745747	0.328088615890909	3.05167774486385	0.00227566270238007	0.0200898614264262
"AKJ03335.1"	226.023285775042	-1.00057804103089	0.203530866052923	-4.91609975644044	8.8285422781843e-07	2.99956152451514e-05
"ADP71574.1"	250.635169657424	-1.0005553880412	0.335497229627245	-2.98230596167029	0.00286085933478622	0.0237100704371448
"ABB22029.1"	37.9015000543743	-1.00044163604356	0.23887048495116	-4.18821787986118	2.81153532355236e-05	0.000561825431250334
"ACU77108.1"	462.707476288019	1.00041387157275	0.277315179860081	3.60749769297702	0.000309164286191615	0.00412946725010517
"ABA06207.1"	186.465014855419	0.999686417725234	0.264038614967373	3.7861371824298	0.000153007227265504	0.00231798084321858
"ACU38054.1"	356.684479028343	-0.999635492720728	0.295131058018711	-3.38709012677802	0.000706381783646369	0.0080553419205555
"ABQ94524.1"	49.3592472098921	0.999595257057855	0.359109928324826	2.78353556450183	0.00537699671721861	0.0385985641269878
"AFD27178.1"	151.988530708227	-0.99943260807319	0.236904342553245	-4.21871797410622	2.45695369908671e-05	0.000501713171113285
"AKZ53694.1"	31.9177488056352	0.999278345168983	0.361504791153835	2.76421881430542	0.00570592616281624	0.0402172983016625
"AGZ44159.1"	508.532323841713	0.998546969450266	0.247373823486823	4.0365910805573	5.42334765977621e-05	0.000980827138779683
"ABM96248.1"	829.408700138025	0.998422069762561	0.30461796197384	3.27762047678693	0.00104686045647807	0.0109726339721303
"ADQ02461.1"	559.105138079887	0.997856288120483	0.351551620869775	2.83843461068871	0.0045335407206914	0.0339451741151315
"ABJ83978.1"	51.5816641778794	0.99781535352977	0.355611522417914	2.80591401185573	0.00501740796182972	0.0366468440645408
"AKK29380.1"	109.262979624932	0.997381011676444	0.317061842822249	3.14569865234649	0.00165690629194052	0.0157939218757803
"ABK12816.1"	274.409353621809	0.995479757863025	0.311947440208929	3.19117783815215	0.00141694034529178	0.0140023515378711
"ACS38010.1"	1083.56671267192	0.995321480200261	0.365695151618148	2.72172457249189	0.00649422433785145	0.0444637575354584
"AIU14280.1"	27.7509544048836	0.994357539368104	0.282212471902036	3.52343584486682	0.000425990212949457	0.00532315362953774
"ACF84382.1"	120.828556776173	-0.993229252374054	0.299607977620104	-3.31509614751796	0.000916116087780708	0.0098644561513495
"ALC31649.1"	102.49849361081	-0.992807457509599	0.369978673815956	-2.68341806642473	0.00728738291918735	0.0483913662295065
"ADD42134.1"	608.113920605325	-0.992542458911206	0.249597503517247	-3.97657206071624	6.9915818986501e-05	0.00121123964625376
"AMM32695.1"	329.487984157291	0.991954327855003	0.283494747602388	3.49902189103784	0.000466968240791453	0.00573055370465089
"BAD58674.1"	136.435165158224	-0.991681178600084	0.336853660524025	-2.94395250761823	0.0032404972169149	0.0260828592063108
"AEJ49762.1"	37.5355755652694	-0.991517727160385	0.271719645314423	-3.64904689174402	0.000263215059977447	0.00363361381613837
"ARF76679.1"	119.023243176599	0.990985229304388	0.346383065826139	2.86095172389806	0.00422371362594811	0.0321166166878999
"ACB77594.1"	230.598975413307	0.990709076729507	0.251219366608496	3.94360152286126	8.02669883101995e-05	0.00135452357126724
"ACY47971.1"	338.811201146066	0.990302050378265	0.32421332921146	3.05447667061327	0.00225453548553879	0.019974042864919
"ABG85282.1"	95.5522959120875	0.989837294239301	0.366225589408645	2.70280756688144	0.00687565396448677	0.046271828939849
"ACK85276.1"	148.633112805754	-0.988545921827665	0.264306187939984	-3.74015428670983	0.000183907333995123	0.00269705066659374
"SDT62426.1"	97.8312358874534	-0.988438017930293	0.309042998219718	-3.19838347292874	0.00138200372912842	0.0137073634368536
"AEF26325.1"	34.4743942502469	0.987977415066229	0.33088419363544	2.98587068850668	0.00282772188776331	0.0234854223160852
"AGP53821.1"	90.3023417091083	-0.987858642873106	0.257721465754592	-3.8330475887242	0.000126565457161304	0.00198505688441897
"AAY47705.1"	41.5206681657345	0.987589843640578	0.263961412552562	3.74141748254178	0.000182985260036048	0.00268634260092774
"AJW94416.1"	72.6746741301248	-0.987227810458476	0.316895178365487	-3.11531344702212	0.00183749537263563	0.0171132802569219
"ADU64219.1"	106.509115024829	0.986275493092989	0.354777243086968	2.77998522258999	0.00543613721514018	0.0389033991500676
"AFH63340.1"	86.9270634319388	-0.986275022484218	0.351350747628361	-2.80709527200848	0.00499904543563082	0.0365413253305275
"ARZ66457.1"	295.689554746334	-0.986013616921977	0.244631904677768	-4.03060107070158	5.56343993967937e-05	0.000997968737073948
"ADN58403.1"	173.685230838643	-0.985999953927361	0.290599082685036	-3.39299059314661	0.000691340123128399	0.00792902830278683
"ABC33903.1"	79.1549739707748	0.985376893052362	0.36207780268186	2.72145070963703	0.00649960771809418	0.0444897353730476
"AOE83809.1"	127.402376956644	0.984982513203382	0.32731520830983	3.00927817650018	0.00261869227060858	0.0221757134930302
"AIG56438.1"	220.642664423289	-0.984600106155043	0.334633127051714	-2.94232706376044	0.00325755676057369	0.0261839101547577
"ABN78773.1"	138.776976504218	0.983788620947265	0.295232457947734	3.33225089065724	0.000861465553734956	0.00940990622019658
"AGT84602.1"	86.6560771166765	0.983239550381356	0.344687616015345	2.85255258586832	0.00433696360995545	0.0327801385594797
"CAN97650.1"	388.365888028549	0.98289082712977	0.277510483452911	3.54181512316291	0.000397383885418676	0.00503628757636091
"ABB11936.1"	293.4489315493	-0.981562786538332	0.209763663856107	-4.67937472341093	2.87751114492107e-06	8.17855858002135e-05
"ADU41862.1"	273.951445415225	0.980053664030006	0.308137572399418	3.18057176993537	0.00146984725709091	0.0143679622239934
"AEG48485.1"	323.977529113401	0.979932676645738	0.342997575002394	2.85696677779397	0.00427710602848674	0.0324553010718734
"ACT14904.1"	97.1511762561312	0.978902216360016	0.29434587744783	3.32568685808592	0.000882009581485366	0.00955231730880631
"ADQ02476.1"	55.8441538606896	0.978030851567103	0.311230520457679	3.14246446694516	0.00167532046163358	0.0159423085125403
"ACB77616.1"	413.753533123156	-0.977159156968577	0.256688385594956	-3.80679147092574	0.000140781352241513	0.0021619938219163
"ARF56294.1"	91.5953250758044	-0.976623065750143	0.349018747215201	-2.79819658268376	0.00513888257359926	0.0372908648342366
"AHA83596.1"	72.7647118708475	0.976446477649825	0.321762804601389	3.03467791704352	0.00240792683878883	0.0209290033463931
"AJA07766.1"	111.179071693059	-0.976064617900172	0.29627006728439	-3.29450972501804	0.000985935330153756	0.0104474812653234
"ADG74919.1"	386.769531188141	-0.974785369581913	0.329822446725363	-2.95548522928034	0.00312177644779746	0.0253325372268225
"AQQ24636.1"	49.1131666560839	0.974058236326254	0.304037304546064	3.20374579619613	0.0013565219173468	0.0134814297472634
"ADD42627.1"	121.363903137145	-0.972304499195009	0.305236653384349	-3.18541200217753	0.00144548057112308	0.0141942002898743
"AIS01453.1"	556.112633652692	0.972075773989293	0.211632988010039	4.59321480611133	4.3646937549864e-06	0.000116486145247473
"ABC28014.1"	276.133545049613	0.972036977986779	0.36387006343065	2.67138485871081	0.00755389830723747	0.0495847449025605
"AAV95598.1"	307.099623011309	0.971305211681011	0.215314781273636	4.51109397104797	6.4494139226008e-06	0.000163697001067209
"AMY12001.1"	134.626325129774	-0.971266477006222	0.270621174787232	-3.58902616460021	0.00033191553088178	0.00436463466536699
"ADG73762.1"	737.066491960672	-0.971180195248364	0.339488652322465	-2.8607147502706	0.00422687173711646	0.0321301930905003
"ACT92681.1"	81.9301461764384	0.9676315165497	0.352598096442616	2.74429024521741	0.00606418947741246	0.0422329700819354
"AEI46981.1"	69.760112692478	0.967514100344862	0.315984358949847	3.06190503719973	0.00219933214463473	0.0196844952819109
"ACO79033.1"	104.094266928794	0.965743793860985	0.324905048954113	2.9723877698108	0.00295493219720518	0.0243169552595404
"ACU35172.1"	470.089494659341	0.964925424333329	0.32808348703633	2.94109719769736	0.00327051892325176	0.0262805533224329
"ADV42495.1"	76.8697896318392	-0.964520841375015	0.348667338644153	-2.76630683311406	0.00566951623172452	0.0400211236569238
"AHF26235.1"	92.3366652984944	0.963920262577601	0.316499126243933	3.04557005896657	0.00232239665473125	0.0204073498888437
"ALN89559.1"	225.314611970346	-0.963768134868981	0.255761249570644	-3.76823360257621	0.000164406813387736	0.00245741225179021
"AIS01267.1"	477.759164918927	-0.963727331777087	0.335256125321585	-2.87460022051099	0.00404539359531048	0.0310798131433349
"BAV77277.1"	24.6508636997709	0.962960193220551	0.288605783081213	3.33659354618538	0.000848118813930881	0.00930404949639848
"ACZ43662.1"	340.591872800178	-0.962417644334153	0.311001111216583	-3.0945794391838	0.00197092146773293	0.018114877679137
"ACF85252.1"	151.614896761753	0.962306641486718	0.272880311469358	3.52647882987622	0.000421124831283275	0.00527272396091528
"AGT86529.1"	98.1449232067372	-0.961673417809215	0.246654667769722	-3.8988656752567	9.66443659163254e-05	0.00158782609635766
"AEV85498.1"	550.555465543031	-0.960564473364824	0.216669062759523	-4.43332546479392	9.27906285497658e-06	0.000221652426354884
"ACQ79186.1"	475.312120222719	0.959728863278655	0.288462522295333	3.32704871205441	0.000877710289447107	0.00952417723386094
"SMS10326.1"	48.5663614048361	0.959238455366937	0.24830306653059	3.86317603229746	0.000111922294251697	0.00179769165224929
"AEI02847.1"	56.641526719982	0.958894511477598	0.276739764407903	3.46496830164322	0.00053029397963808	0.00638344465089354
"CQR61005.1"	144.673330957144	-0.957770597960948	0.29024176944245	-3.29990614307793	0.000967171684884862	0.010303249044915
"ADI04920.1"	647.976304646503	0.957520492575763	0.312765864953522	3.06146098365963	0.00220259695744529	0.0196947609566479
"ABU59694.1"	101.27624981954	-0.957073151026226	0.232305758977501	-4.11988559921546	3.79060559004303e-05	0.000727858670088097
"ADU15035.1"	93.9876969023401	0.955417335103443	0.311369710748853	3.06843376899326	0.00215184021407622	0.0194019061620863
"ACF78970.1"	29.4890260997348	0.95536222766679	0.323187348493909	2.95606320024249	0.00311593235262278	0.0253071198561147
"ACS48273.1"	74.0903432703879	0.955010587108884	0.279814637232163	3.41301154419778	0.000642492204634742	0.00746047771088936
"ANB09560.1"	172.733808055504	0.954737255049835	0.314776040578814	3.03306837869316	0.00242080739716897	0.0210148601212845
"AAG06253.1"	185.70891303826	0.953916276362094	0.325546385028118	2.93020079544026	0.00338743036784967	0.0270414886165724
"AGT84610.1"	54.7516540410159	0.953636169592795	0.27887028543548	3.41964066950917	0.000627039032501674	0.00731745925548848
"AAM71424.1"	145.710540935384	0.952665150837077	0.337604502154448	2.82183781542477	0.00477493183611183	0.0352808106845571
"AQP48174.1"	616.928403371115	-0.952428080250909	0.181112505452593	-5.25876486480504	1.45026186430031e-07	6.35391723833354e-06
"ACB79364.1"	957.200638601781	0.952156087140815	0.330162895901372	2.88389791512262	0.00392786060466707	0.0303350028933129
"ADW07422.1"	187.18264291498	0.951049941747245	0.257232984100775	3.69723169472955	0.000217963392725529	0.00310697716025657
"ADB36001.1"	1091.41569873535	-0.950951816866344	0.30540698408449	-3.11371994231561	0.00184744757166367	0.0171831037263442
"AGF66667.1"	41.6703156398877	-0.950791588927615	0.266086521536638	-3.57324220496714	0.000352588352109979	0.00457841535513495
"AAW75953.1"	92.2067733620843	0.950691308023699	0.296967816612276	3.20132773601165	0.00136795842831738	0.0135854431213811
"AIU20903.1"	27.4146207362152	0.950585734680273	0.298077763896014	3.18905282385267	0.00142739791690112	0.0140777496775248
"CDR05826.1"	74.2741225255306	0.950572486572132	0.304728662460246	3.11940622486124	0.0018121593359948	0.0169846711652194
"ADW03597.1"	305.047508119834	0.950370185477405	0.288516386168258	3.2939903278948	0.000987758972700519	0.0104612844467074
"ABF52731.1"	458.50939232998	-0.950346364899528	0.240673797658602	-3.94869061004972	7.85798332020466e-05	0.00133386969267679
"ACD98988.1"	204.274406802331	0.950305961341538	0.313863260427929	3.02777062866761	0.00246365006504574	0.0211972282743427
"BAL87114.1"	247.183546283896	-0.950245174741076	0.325837924207877	-2.91631238767296	0.00354195670304073	0.0279640777942268
"AHX12623.1"	276.472716838845	-0.947949103317525	0.253529757928413	-3.73900527915619	0.000184749847773348	0.00270640510213162
"ADG87082.1"	284.336815004814	-0.947837700004747	0.354261852900624	-2.67552854546445	0.00746115190905778	0.0491372403777892
"AEL06883.1"	139.005273915968	0.947520564817585	0.292040355782224	3.24448503796562	0.00117663198707612	0.0120354362843197
"AEG92121.1"	252.029757713298	0.946051098523039	0.342759902018099	2.76009852072219	0.00577839327127317	0.0405944746760727
"ARX88844.1"	751.2499721582	-0.945738937349777	0.304095860930014	-3.11000266316493	0.00187085657091536	0.0173630185861451
"AKD58358.1"	65.365684331786	-0.945255110103702	0.324965089560268	-2.90878971455915	0.0036283082137802	0.0285251661760715
"ACI55882.1"	97.1617192082693	-0.945187983425622	0.303179131771781	-3.11758918861578	0.00182336767315109	0.017053127005876
"AGL15218.1"	215.247222612357	-0.9450331413491	0.312079663577321	-3.02817918513604	0.00246032156147748	0.021187069343317
"AEV87219.1"	281.45476497341	0.944941829166878	0.217786242526674	4.338849957665	1.4323026473631e-05	0.00031773965860204
"AEK42563.1"	128.443939654515	0.94397468713045	0.29000516038328	3.25502720669819	0.00113381503689931	0.011704382659673
"ADH66451.1"	232.997703255196	0.943417766537512	0.248553669044413	3.79563001489605	0.000147268990744432	0.00225051455506612
"ADJ45771.1"	103.474817740616	0.942992480404454	0.311104734782825	3.03110938206304	0.00243656962077155	0.0211133494380463
"AMM83544.1"	153.545718487001	-0.942746081151937	0.238465132241417	-3.95339172771608	7.70511380903504e-05	0.00130972899937914
"ADB50348.1"	912.56765348441	0.942422275199447	0.251460125684992	3.74780006425366	0.000178392361705331	0.00263410999910467
"ABD88884.1"	212.660447338993	0.941964892249354	0.305602447043457	3.08232117040413	0.00205393100056239	0.01871195974349
"AAV96493.1"	90.7736643378928	0.941944398199432	0.285964049413306	3.29392593275958	0.000987985286365707	0.0104612844467074
"ACI93443.1"	55.9440611093723	0.940239913808912	0.2870378600892	3.27566514576412	0.00105413463523677	0.0110241140261817
"SCG17649.1"	86.2106578260806	-0.939953060249768	0.301644538042216	-3.11609507783701	0.00183263174362679	0.0171021194315252
"AEB44770.1"	311.831900864668	0.939694871323563	0.251877927733212	3.73075513118753	0.000190906706577132	0.0027822093479091
"ADZ71036.1"	597.64372064668	0.939286509728918	0.281994924959826	3.33086317018907	0.000865771474782054	0.00944220421036167
"ABN81780.1"	36.1492532535112	-0.937236781935932	0.281721540937854	-3.326819734181	0.000878431797588471	0.00952831329147107
"ADR64667.1"	626.038441518937	-0.93694909832977	0.221943795613214	-4.22156021861773	2.42617118405344e-05	0.000496513804596199
"ACR29236.1"	203.487963675228	-0.935931027098933	0.308833094995425	-3.03053993326977	0.00244116903322944	0.0211195822788292
"ACG75472.1"	517.570783245542	-0.935758274737368	0.213985625283154	-4.3729959594208	1.22552993138473e-05	0.000277588478633066
"AFE09630.1"	222.303279860355	-0.934918572209149	0.31094991358353	-3.00665326269018	0.00264140863158847	0.0222939029393882
"AAQ61151.1"	933.682261429699	0.934620225684491	0.328915876326766	2.84151752150747	0.00448993846356075	0.0336637164504142
"AJD42760.1"	275.276111185915	0.933479223779709	0.333762147582919	2.79683969719124	0.00516051303503412	0.0374284256292267
"ABO93464.1"	101.34386114946	0.932335016173878	0.257652140581418	3.61858051739827	0.000296223340243957	0.00398898314595756
"ABJ81443.1"	176.40211224017	0.930929940155212	0.255341150756872	3.64582809075539	0.000266532117289066	0.00366855120728845
"ABO95793.1"	180.875040807374	0.930307004019821	0.34158517978601	2.7234993175132	0.00645943490701611	0.0443014060893736
"AGJ52854.1"	46.924106454276	-0.928078753743705	0.270799612118937	-3.42717903649023	0.000609886816551019	0.00715008011564586
"AIE71926.1"	23.5969793332965	0.927490210867809	0.297064322473215	3.12218647849049	0.00179513193339686	0.0168702630437659
"ABP04059.1"	59.9072469631605	-0.926960691743981	0.278070511806549	-3.33354545838668	0.000857466585641962	0.00938453265505566
"AAN24099.1"	38.7913823451907	0.926575431884019	0.330506002962408	2.80350560528067	0.00505503535727473	0.0368255971538547
"AGM06730.1"	483.228752821511	0.92610870140093	0.25416010183295	3.64380048135811	0.000268641695237551	0.00369033017658021
"CUM36387.1"	126.233974442369	-0.925731524850879	0.247616612762436	-3.73856791966955	0.000185071495487955	0.00270844829465802
"AGT84621.1"	62.2392764459362	0.925618719024335	0.333578987433259	2.77481122581058	0.00552337577458436	0.0393266602709216
"AKH82270.1"	269.616296865968	0.925613289416675	0.270490374926325	3.42198235212173	0.000621663485097854	0.00725775268090055
"ACN31540.1"	244.743801045043	-0.925100509559047	0.131678827799284	-7.0254309293303	2.13406562811161e-12	3.14448954340067e-10
"ARX87170.1"	216.089394443939	-0.924912154138693	0.284483863970951	-3.25119372757513	0.00114921520948715	0.0118092073553691
"ADU09912.1"	199.321425752564	-0.924834508462827	0.292952245113922	-3.15694630742011	0.00159430699888153	0.0153329504433828
"ACA95114.1"	481.868571676028	-0.923510793738727	0.28981318344418	-3.18657275270779	0.00143969274058482	0.0141522605215635
"ADQ84509.1"	89.1648337120788	-0.922758921731808	0.272038755436939	-3.39201273086882	0.000693812164171258	0.00794544898946417
"ABP54664.1"	122.945758162488	-0.922732226273721	0.333160096446696	-2.76963608822029	0.00561189549090787	0.0397345439978341
"AEB56154.1"	153.216100469938	0.922060801373517	0.280680617187386	3.28508897626492	0.00101950170902221	0.0107300638517991
"AEK42215.1"	387.981613211299	-0.920748909305498	0.329559420110829	-2.79387829058522	0.00520800757821882	0.0376814437507885
"AII50880.1"	349.614437512002	-0.920701677248033	0.258696685136855	-3.55900067587247	0.000372268573887327	0.00478201525812139
"AIS01492.1"	355.166814019438	0.920471032349423	0.289033380084134	3.18465303931845	0.00144927656257888	0.0142215025047173
"AFJ56811.1"	28.1935954143631	-0.92019136002302	0.291943298836881	-3.15195232666451	0.00162182750266034	0.0155455611109961
"AEG94818.1"	363.783792757251	-0.91934086487926	0.195169983425212	-4.71046238127876	2.47155418679814e-06	7.20016972045793e-05
"AEO53498.1"	531.12061969893	-0.918816916400406	0.210557958642478	-4.36372446961519	1.27866608069999e-05	0.000287761540154959
"AHI33267.1"	103.720960856578	0.918218312801535	0.252258775490036	3.63998561008556	0.00027265327775463	0.00372896979189966
"ANN14658.1"	129.789575797243	-0.917582181354385	0.224376030925065	-4.08948396836929	4.32333946917892e-05	0.000815058665179346
"ANE82958.1"	167.02730656777	-0.916304573938727	0.285559110502056	-3.20880875531418	0.00133286115753115	0.0133277877916008
"ACS41911.1"	89.7057158922387	-0.91543196228813	0.258014278263552	-3.54798954712518	0.000388183626665894	0.00494655840334018
"ABX17728.1"	184.520571636125	0.914973218448459	0.233742034897667	3.91445731551468	9.06077640297255e-05	0.00150632717445142
"AQZ61850.1"	261.037634295113	-0.914771094542054	0.307684697862713	-2.97307958730602	0.00294827992668881	0.0242907724625014
"ADB29390.1"	668.926285668536	-0.914327979884527	0.331785279331983	-2.75578223881854	0.00585519643598795	0.0410729339568826
"AEG92184.1"	344.676553644774	0.913631682758587	0.204816389331616	4.46073522602401	8.16789525657027e-06	0.000198152855808441
"AGH82599.1"	152.896455307558	0.913321079675791	0.221129141820578	4.13026104183432	3.62351556694477e-05	0.000701063868778064
"ADT97558.1"	319.479588105919	0.913138715102607	0.278035721297519	3.28424963109499	0.00102254306890618	0.0107539878877151
"ACB77600.1"	397.381193990198	0.912622931051539	0.314235349590853	2.90426564751486	0.00368115675318984	0.0288757815809198
"ABO05253.1"	121.630332198586	0.912250512845413	0.337716624515904	2.70123069645466	0.00690834016628262	0.0464582972124065
"AEE47228.1"	243.451120998434	-0.910588352310293	0.211812937632031	-4.29902140299003	1.71553906935852e-05	0.000372023484010542
"AGH51215.1"	249.792539700244	-0.91056435130103	0.340404736423736	-2.6749461857298	0.00747412464098892	0.0491879627289906
"ACG40127.1"	331.993696510241	-0.910342757248229	0.307241383261467	-2.96295618638559	0.00304699936302245	0.0248699108359115
"ACU84064.1"	927.537520347044	0.910292435960538	0.317796660603916	2.86438641057678	0.00417817977274065	0.0318812539977234
"AAS82549.1"	244.455105326081	-0.909423397837319	0.277229942414275	-3.28039384893835	0.00103662265366482	0.010883439431966
"AGL16124.1"	232.667064963087	0.90941258320196	0.2626618247393	3.46229446972198	0.000535590810198678	0.00642433604212605
"AGL18089.1"	174.12216763904	-0.908523544023369	0.175849211911807	-5.16649198563948	2.3852842541602e-07	9.83481855367733e-06
"AGT84367.1"	66.709941292809	0.907363968870849	0.294497737265073	3.08105582507123	0.00206267972201502	0.0187489550316664
"ADP17740.1"	118.587724713066	-0.907196091942174	0.303853417292413	-2.98563728532674	0.00282988081743023	0.0234880946827088
"AGK75525.1"	425.523481682761	0.906955666026426	0.283794597526061	3.19581723518588	0.00139435404985861	0.0138181720282625
"ARF81103.1"	301.449215719328	0.90634345071938	0.325592441037315	2.78367473099754	0.00537469040254607	0.0385985641269878
"AEI13640.1"	274.986526670053	0.906289475638319	0.267614445922591	3.38654915475104	0.000707775958457305	0.00806795428866886
"AJP01436.1"	92.0537092688235	-0.906032365202607	0.336523861876457	-2.69232725474672	0.0070955282924705	0.0473230111785958
"ADT70772.1"	376.077752790094	0.905980743777766	0.288852572448571	3.13648147945462	0.00170988236042582	0.0162270734110106
"AAN70367.1"	45.2549486231533	-0.904569717651431	0.316963578963361	-2.85386012049035	0.00431915442052394	0.0326719932874867
"ABX03880.1"	170.199643674375	0.904100767545425	0.204464678371037	4.42179438888107	9.78845821836401e-06	0.000232038675936764
"ABZ00743.1"	37.8094144557282	-0.903926699667957	0.323363914208549	-2.7953851989959	0.00518379090388292	0.0375583359588784
"ADJ50214.1"	58.4209293695985	0.903485591768814	0.27975688186172	3.22953839689776	0.00123990230567499	0.0125723668778258
"AAY36086.1"	69.4648613292208	0.902907092622906	0.297499878957382	3.03498305877379	0.00240549198431083	0.0209143334139025
"AAZ29515.1"	146.011168006849	0.902365065774601	0.324278376321438	2.78268651771014	0.00539108677765322	0.0386501575997899
"CBG72608.1"	491.616619513759	0.901642475613753	0.283377160661855	3.18177538905351	0.00146375289098525	0.0143434462499206
"AQA16591.1"	290.208003037766	0.901552448363427	0.309704579669568	2.91100780403479	0.00360265019126678	0.0283712502826174
"AKL64911.1"	209.203887163898	0.901328761868242	0.236659921962613	3.80853992680109	0.000139789776903395	0.00215148685771712
"AAT88274.1"	244.623258458932	-0.901320353542641	0.276162400754025	-3.26373304650344	0.00109954714036768	0.0114137640866642
"AEG49477.1"	402.955249977824	0.901248755528788	0.336234327170719	2.68041863278043	0.00735301382540432	0.0486539766145165
"ADU01553.1"	78.8316532685061	0.901032930214385	0.328893446444655	2.73958918900504	0.00615160216437485	0.042692180018304
"AGZ43807.1"	1741.54435353014	0.90056924645356	0.247064244434191	3.6450812561566	0.000267307330470093	0.00367380266266113
"AEI63450.1"	592.019377094811	-0.899488710394196	0.278422410340476	-3.23066203361372	0.00123503879170811	0.0125366736811676
"ACU72485.1"	265.735588782017	-0.897305010215009	0.183974736013711	-4.8773273420984	1.0753290178912e-06	3.55429884119033e-05
"SCE88700.1"	205.853821144246	0.896234957465988	0.290533900507931	3.08478616746318	0.00203698545365057	0.0185938848256933
"AID88915.1"	26.7506455510827	0.894928364905046	0.315438234899517	2.83709539900934	0.00455260069373415	0.0340518619911082
"ACV80476.1"	225.170226406846	0.893129666230787	0.26097681030613	3.42225680964961	0.000621036257624903	0.00725725368327575
"ACU73512.1"	1426.36614595496	-0.89301686945836	0.161611922779685	-5.5256868063859	3.28199153911524e-08	1.70468710814601e-06
"BAS98175.1"	348.578196401934	-0.892207787172782	0.249603236345237	-3.57450408190514	0.000350892338892582	0.0045623885988629
"AEN73587.1"	519.920857279692	0.892193553831709	0.208504315738292	4.27901720246195	1.87720355766206e-05	0.000400565478660877
"SDG33663.1"	81.7162257074151	-0.892107360112292	0.315592406894611	-2.82677067198959	0.00470199877754625	0.034870770271837
"ACF87988.1"	157.524700224077	0.891965182963016	0.223796608226644	3.98560635047561	6.73080212046781e-05	0.00117698648447606
"AMY08194.1"	232.235410876906	-0.891653699819256	0.297565508823975	-2.99649547201626	0.00273102293861573	0.0228938767913331
"ABD39718.1"	217.776714521057	-0.891356880169671	0.224196589698598	-3.97578251019777	7.0148213223732e-05	0.0012134992965683
"AIG04478.1"	67.6434290476903	0.890516622657304	0.273566203077694	3.25521432340234	0.00113306824179854	0.0117009880108418
"AAN24013.1"	70.3926907545247	0.890310777592456	0.285896032020636	3.11410680064351	0.00184502691462408	0.0171662922904007
"CDR06394.1"	295.598155090098	0.890168388181244	0.27783460498203	3.2039507398253	0.00135555667708919	0.0134802876007581
"AEF42549.1"	82.6968156810279	-0.888574844553038	0.274752835525602	-3.2340879862193	0.00122031854297675	0.0123990027674816
"EIW62408.1"	120.312379839276	0.888349226335631	0.261626481104134	3.39548665940298	0.000685067123018379	0.00787644319343841
"CAW53115.1"	125.691117352202	-0.887126831915897	0.221427265394306	-4.00640287155309	6.16504599206812e-05	0.00108825111976002
"CQR64711.1"	79.9042976613936	-0.887061088938694	0.288559971362513	-3.07409612203036	0.00211141391478567	0.0191050885450354
"ADM97429.1"	78.3113905071104	0.886284529778741	0.317933162130884	2.78764418231365	0.00530928224801254	0.0382425333464779
"ABR63426.1"	204.077755778713	0.886209720078443	0.27286287482672	3.24782079878484	0.00116292487608546	0.0119213639073191
"AJF52736.1"	26.4959898145301	0.885689024769494	0.329496392750807	2.68800825822493	0.00718796189567701	0.0477990929290674
"ABD26167.1"	399.041058903642	-0.885601598689538	0.258149153479637	-3.43058106816297	0.000602289973968801	0.00708475214757586
"AEI10904.1"	160.869210416375	-0.884798531468945	0.299849179828962	-2.95081191142042	0.0031693985504606	0.0256150351670598
"ANZ41151.1"	427.085404220431	0.884778970313218	0.237516864568094	3.72512062215927	0.000195221850145522	0.00283329752030795
"ADG78862.1"	123.476292355377	-0.884415802232433	0.283877849188316	-3.1154801431715	0.00183645712663407	0.0171132802569219
"ACM91037.1"	175.11805086786	0.884395413579755	0.315586350670457	2.80238803643083	0.00507258203272746	0.0369150004128511
"AGZ41441.1"	129.454518846923	0.883943596352061	0.275275197880685	3.21112691284013	0.00132215528996344	0.0132527960966045
"ABO02081.1"	542.995547541626	-0.883028441996815	0.283246073176402	-3.11753109970522	0.00182372704156282	0.017053127005876
"AJF64412.1"	222.639179339567	-0.882411632025537	0.253979048369856	-3.47434813103374	0.000512096157996694	0.00620097060522294
"ABO57621.1"	144.5420372534	-0.881657082676254	0.296381892979028	-2.97473328689023	0.00293243388042567	0.0241815666911331
"AFR07553.1"	97.7722490744926	-0.881493071355537	0.263418730049073	-3.34635684862394	0.000818809458563986	0.0090534714067762
"ACR13064.1"	43.2545854240521	-0.880790097685566	0.326668138677801	-2.69628406752672	0.00701178422270637	0.0469284989478574
"AJP04697.1"	484.328430867082	-0.880113524946323	0.220316222322953	-3.99477403736617	6.47559831036055e-05	0.00113661975107745
"AAY47897.1"	440.206717045544	0.879699102268185	0.268971808997129	3.27059964220107	0.00107319726820844	0.0111858640062411
"CUW29974.1"	292.338166716207	0.879637108506787	0.317458134211058	2.77087594776189	0.00559057212949734	0.0396748597560549
"AEF22527.1"	591.5445712965	0.879468772592232	0.302193151874274	2.91028690470832	0.0036109711234975	0.0284128014540292
"ACB76505.1"	271.404083192534	-0.878774915311973	0.259874790802598	-3.38153197775729	0.000720828423852594	0.00817678790687894
"AFE09431.1"	340.214286425131	0.875863719133544	0.300749879140953	2.91226623809565	0.00358816658383828	0.0282810562165362
"AGM05815.1"	268.146038457166	-0.875727688230763	0.230096778900761	-3.80591024530794	0.00014128361561035	0.00216732937130267
"ALJ34679.1"	163.849887353556	-0.874942795052115	0.260547364025366	-3.35809497948686	0.000784816411709656	0.00876764575507723
"ABS02054.1"	596.523152795567	-0.874836536433248	0.253950407367963	-3.44491093950343	0.000571247575771271	0.00677080742222375
"AEI46908.1"	63.9442097107173	0.874612486782278	0.270440909864619	3.23402434646483	0.00122059049961349	0.0123990027674816
"AIJ14894.1"	94.4016300502377	-0.873813501951347	0.278739951469379	-3.1348699651594	0.00171930304781641	0.0162888690783987
"ACY47192.1"	184.190244556956	-0.869595772645801	0.287587767901269	-3.02375785657316	0.00249656172726906	0.0213807715254281
"ACR30989.1"	116.405565931204	0.86930950236992	0.325142307548409	2.67362776909767	0.00750356864965696	0.049342626795815
"AAZ62496.1"	320.168874790794	-0.869150361891185	0.291031050399093	-2.98645234142306	0.00282234826469173	0.023453387360733
"AIP35555.1"	423.954447156612	-0.869144605826864	0.315919845668473	-2.75115545206661	0.00593854547474832	0.0414948964786704
"ADO68671.1"	240.767575652198	-0.869063568666942	0.262673605312053	-3.30853024853603	0.000937870529126521	0.0100523060235169
"AJC58336.1"	746.14534159206	0.868621342398733	0.307266184166641	2.82693438835316	0.00469959558884365	0.0348621828577813
"AQS70227.1"	113.890342046184	-0.867863678943743	0.253116318642644	-3.42871484382251	0.000606446336323013	0.00712167434215566
"ADI03757.1"	508.001495126559	0.867237372738963	0.196668540104673	4.40963955026763	1.03542817389944e-05	0.000243186637218864
"ADJ48528.1"	151.625470212778	0.866122404327745	0.305681772620027	2.8334120052502	0.00460539855438846	0.0343362817386576
"ABA79247.1"	81.6509707668035	0.864751647293555	0.206948164292967	4.17859056758467	2.93321189538442e-05	0.000581985827237294
"AEX82520.1"	73.91312182184	0.864730593532674	0.311628236257221	2.77487882330058	0.00552222791721705	0.0393266602709216
"ACB33248.1"	283.90898339873	-0.86464639942546	0.241109240466892	-3.5861188801853	0.000335635998112158	0.00440115475557282
"ACI97680.1"	196.545701859931	0.864536597125994	0.248312452024959	3.48164818186039	0.000498337967932221	0.00605532541242641
"ADR59517.1"	66.5823110329919	0.863995962000931	0.316914071318998	2.72627832019252	0.00640529624496324	0.0440488021798061
"ABS27420.1"	764.528222576448	-0.863480281576165	0.242591983156072	-3.55939330864303	0.000371712502247025	0.0047779904558805
"ACT50523.1"	100.249089950124	-0.862983820675318	0.312225456239214	-2.76397649016208	0.00571016533077246	0.0402370472188034
"ACM04012.1"	189.89078628721	0.862971909769035	0.285118071042266	3.02671769142654	0.00247224733179139	0.0212375073031088
"ACO77078.1"	308.821285371631	0.862918650203616	0.240288759510592	3.59117360279843	0.000329192261276345	0.00433901438168199
"ACU72375.1"	225.124082527954	-0.861960702848392	0.158012280032464	-5.45502351254789	4.8966365762674e-08	2.39827998417796e-06
"ACU30064.1"	185.658984701839	0.861722326278549	0.215575071448566	3.99731898724731	6.40639454704943e-05	0.00112588463113117
"AGC59911.1"	62.9900729353769	0.861020483115677	0.259678068992699	3.3157227580119	0.000914064602584318	0.009849943269419
"AMW15166.1"	101.679632446633	0.860328588529896	0.307782559145462	2.79524801833652	0.00518599123953989	0.0375645564662766
"ADP36806.1"	451.610880872878	0.860301958388316	0.282950754799747	3.04046532407089	0.00236212889991045	0.0206656752130916
"EAA59072.1"	104.088348043635	0.86024765439027	0.296134412129821	2.90492296455283	0.00367343500184855	0.028831367062448
"ADP11218.1"	95.6774740294725	0.860174586653622	0.316657693210851	2.71641777571108	0.00659925851710945	0.0450287208006328
"AGC47301.1"	235.591380090017	-0.860168371409214	0.220820652349134	-3.89532574176633	9.80668458666723e-05	0.00160554351864524
"AKJ35914.1"	35.3221252969019	-0.859721445547563	0.206624388278986	-4.16079366384746	3.17143524466769e-05	0.000625704729455368
"ACZ86812.1"	847.438694461756	0.859543672348069	0.317611062635718	2.70627749932602	0.00680421617006682	0.0459346119838897
"AHH99205.1"	134.199765882404	-0.859327695677158	0.284472649797398	-3.02077439180594	0.00252129145270685	0.0215530001557194
"ABM33471.1"	49.9926761953609	-0.859209767050934	0.285698482255318	-3.00740053033635	0.00263492340425781	0.0222815448890461
"AGP59804.1"	66.2027535451514	0.85727489851512	0.252288760050631	3.39799085120985	0.000678826901731666	0.00782075635427149
"ANS25106.1"	35.3853483398624	0.856123965206271	0.287286653619467	2.98003389444005	0.0028821649069854	0.0238442933616913
"ACY19824.1"	444.872800731591	0.855752641073124	0.140859800101218	6.07520840195858	1.23826800368099e-09	9.21982740187577e-08
"AFH63380.1"	84.5976253700571	-0.854646248834672	0.299308826864991	-2.85539941399783	0.00429827356724802	0.0325668381024833
"AFR47518.1"	120.456990308187	-0.854623962377079	0.269788819882978	-3.16775158714054	0.00153622724365141	0.0148663041525285
"ADW07541.1"	176.369777667327	0.854474265999643	0.306629522760613	2.78666665331745	0.0053253227870926	0.0383258963361039
"ABA52499.1"	68.2109049130488	-0.852224126117954	0.200833789757517	-4.24342998828491	2.20129070505854e-05	0.0004588781428058
"ABS04023.1"	172.58961027495	-0.852158902900639	0.268937684931637	-3.16861098554208	0.00153169256053843	0.0148480834227264
"ABC33644.1"	73.3318549066465	0.851089747691202	0.297696576526381	2.85891681262173	0.00425090243277028	0.032295322797242
"APT57633.1"	173.856892656632	0.850394970321131	0.31547511210017	2.6956008182703	0.00702618116262119	0.0469842279796707
"CQR63770.1"	150.000279758948	0.849940757720827	0.260348818707083	3.26462306202008	0.00109609836680744	0.0113864081176776
"ADJ45513.1"	82.3511791530359	0.84978732921015	0.284931562840959	2.98242609817319	0.00285973680631508	0.0237077854988442
"AIT18865.1"	279.307986840396	-0.849483748989651	0.307273219233952	-2.76458765624762	0.00569947916690092	0.040187602751939
"ABS28087.1"	445.473506086295	-0.848876741270581	0.138243302578551	-6.1404547304434	8.22855830927252e-10	6.3287560007251e-08
"ADQ02144.1"	271.013471428936	0.848386347942492	0.302396136356845	2.80554625519866	0.00502313712431233	0.0366791202222869
"SHI44562.1"	103.095175665704	0.84802499765275	0.289195324768392	2.93236067468209	0.00336395822419035	0.026892454153179
"ABC36261.1"	696.823797204626	-0.847804435195199	0.207743391355056	-4.08101759418286	4.48389603843609e-05	0.00084136161857947
"AIO28951.1"	156.235620583731	-0.846592787487776	0.23512937623197	-3.60054026874362	0.000317556639946212	0.004215417587451
"AGL21592.1"	243.307114370964	-0.846446767469886	0.316316268629898	-2.67595078538392	0.00745175866234201	0.049088599202256
"ANJ10655.1"	104.972005112384	-0.846363127123223	0.302630918104679	-2.79668426618086	0.00516299604577722	0.0374325184583232
"AAK22781.1"	194.841884091664	0.845474074054531	0.205128884337805	4.12167246355325	3.76131727470001e-05	0.00072422172230056
"ADL06048.1"	311.985138174846	0.845148225625888	0.278550143032803	3.03409725956005	0.00241256638145627	0.0209628207371973
"ARG80598.1"	21.5628416365902	-0.845005085408651	0.310093015120713	-2.72500522167423	0.00643004701338823	0.0441521323419076
"ACF50111.1"	108.722538765933	0.842928261194228	0.284131326344187	2.96668541283312	0.00301028793565602	0.0246493188203059
"AHF90636.1"	667.097928112202	0.84198599222861	0.223117250989735	3.77373774772506	0.000160819815516014	0.00241540319484245
"ADW15463.1"	133.108838022434	-0.840034942029578	0.268490375528668	-3.12873390852657	0.00175561214613907	0.0165711792458899
"AEF48722.1"	33.0620127951831	0.839658908460131	0.294262214284254	2.85343774260133	0.0043249001275578	0.032706619116993
"ABX37583.1"	99.2976099082586	0.839591831751256	0.277084546992684	3.03009258677073	0.00244478780203019	0.0211297502144228
"AAI48122.1"	94.8884272341434	-0.839159579187714	0.308983906421817	-2.71586824344862	0.00661022188789717	0.0450376665791115
"ABP79817.1"	610.257110536424	0.838446774542981	0.231181354644037	3.62679237620173	0.000286963852290977	0.00389425109488036
"AJE43735.1"	250.113034901142	0.838215617435081	0.296308901165085	2.8288573651997	0.00467145137219804	0.0347178000042624
"AEV85620.1"	199.326192357203	0.837423871739495	0.233468324081057	3.58688432375415	0.000334652689677332	0.00439031710412679
"ABQ90829.1"	326.2167229878	0.836193158738415	0.19268201757297	4.33975712560589	1.42640278262255e-05	0.000316681778765274
"ALV36641.1"	267.96019912086	0.83599693094207	0.311541894964229	2.68341736522486	0.00728739820058577	0.0483913662295065
"AJE06459.1"	153.981042231458	0.835920421265261	0.212528709920469	3.93321176032205	8.38183343782797e-05	0.00140851025765565
"AHZ24257.1"	58.9352451036923	0.835598153516741	0.271394594910212	3.07890491994945	0.00207762977367134	0.0188395260183848
"BAD98307.1"	77.0011299361879	-0.835173232860558	0.278921276120302	-2.99429733176877	0.00275077736110851	0.0229951516875467
"ADV66075.1"	81.9300543423138	-0.834473821382528	0.296915432931005	-2.81047641459728	0.00494682144668953	0.0362352729517321
"ACU73227.1"	442.365116514946	0.834156853049649	0.275396784064734	3.02892735615088	0.00245423688862101	0.0211543757559438
"SBT45110.1"	372.599773565221	0.834123447422216	0.248480860383534	3.35689214104755	0.000788238555424177	0.00879885430528519
"APA94869.1"	202.385717066622	0.833788935147775	0.278870589850705	2.98987761884159	0.0027908924046435	0.0232402807139796
"ALS27107.1"	622.279886606518	-0.833434027785496	0.264760794599493	-3.14787553439037	0.00164461704341504	0.0157142316544189
"ARN23337.1"	128.633681232435	-0.832442960239625	0.305515463354595	-2.72471629127804	0.00643567618005195	0.0441600956707682
"AEV83906.1"	467.128474574995	0.831743161092323	0.302251712691521	2.7518228223944	0.00592645754227069	0.0414481901957058
"AGY35366.1"	438.922259108947	0.831210402716181	0.26226136924155	3.16939702221494	0.00152755577460902	0.0148131110031015
"SDP49295.1"	173.923324479674	0.830756582921506	0.26788695908838	3.10114604215365	0.0019277318887524	0.0177821357355889
"ACN35419.1"	275.725595571056	-0.830429735700599	0.249693309904611	-3.32579890113133	0.000881655132576995	0.00955217379706871
"AIL95870.1"	46.1381513290958	0.829714469050754	0.300540824703229	2.76073797917492	0.00576709244377063	0.0405463385373688
"AHF90266.1"	327.061176473521	0.827756392220299	0.278956402238656	2.96733247768275	0.00300395930261459	0.0246263088245968
"ALN89292.1"	125.733936643854	-0.827711460339793	0.258013162205503	-3.20802029347843	0.00133652067394775	0.0133442342324684
"AGZ44679.1"	476.192334423459	-0.827669206273607	0.260224520368233	-3.1805965291142	0.00146972165706728	0.0143679622239934
"AKN75796.1"	130.142428402628	0.827564733999354	0.306166778246365	2.70298671442867	0.00687194930283754	0.0462691420592207
"BAL85403.1"	438.859396911896	0.827132854750882	0.289716707270468	2.85497119770418	0.00430407320560602	0.0326019571061001
"ABP96908.1"	189.281125000214	0.826963292362116	0.304385449121666	2.71682925300273	0.00659106010190983	0.0449947131463222
"ABN88325.1"	86.8140634731255	-0.826758415835112	0.193650636243132	-4.269329716	1.9606126441294e-05	0.000415239809731762
"ACS20824.1"	96.6984375635912	-0.826710233948668	0.301761771825348	-2.73961220782846	0.00615117139613299	0.042692180018304
"ADP36534.1"	841.136841470062	-0.825918868822897	0.249531359423294	-3.30988005167657	0.000933359595795967	0.0100077882971673
"ACB73594.1"	242.434637159825	-0.825504599596553	0.271255718858466	-3.04327076704797	0.00234021661399789	0.0205266306016581
"AKJ06509.1"	143.458441405755	0.825441693476962	0.28599605511872	2.88619957759317	0.00389924809327082	0.0301889794300912
"AFU03922.1"	300.760383599113	0.824951097445588	0.221624275508962	3.72229574378115	0.0001974195959483	0.00285336035527548
"AEK41671.1"	431.659605348287	-0.824904812237714	0.221286887164002	-3.72776183356203	0.000193187811624078	0.00280814432722102
"AGT82124.1"	115.534159081143	-0.824315910295646	0.268405796582691	-3.07115539526617	0.00213232144081035	0.0192507162389315
"ADB16905.1"	104.709987501105	0.823955727887716	0.297041674878776	2.77387248177878	0.00553933864422429	0.0394202655525428
"AEJ62364.1"	168.743759934936	-0.822758001325913	0.273588722375747	-3.00728039584884	0.00263596501902132	0.0222815448890461
"ADJ49530.1"	159.418774302265	0.822049518648667	0.225330072012089	3.64820155298474	0.000264082435819914	0.00364290225558631
"ABQ38847.1"	236.876494988646	-0.820884777259735	0.26471732684237	-3.10098619932251	0.00192877279751418	0.0177858772197652
"ADW71079.1"	256.01332389419	0.819356730240426	0.244023125635493	3.35770115273554	0.000785935349795261	0.00877664381845557
"ACS46706.1"	76.6255180732335	0.818911115611025	0.303259553772753	2.70036378218994	0.00692636942757037	0.0465460005987182
"ABV99811.1"	382.524962751288	0.818879711878238	0.258780422697884	3.16438045560444	0.00155413492289615	0.0150084723357712
"ACN94700.1"	81.8876444871759	0.817854247867204	0.29009901619407	2.81922447927255	0.00481398389320566	0.0354757286323205
"AIL10414.1"	286.420024458599	-0.817506082594699	0.224108504167059	-3.64781374822482	0.000264481246217896	0.00364404542457619
"AJF68425.1"	322.247103063945	0.815375036932447	0.292998352658104	2.78286560158206	0.00538811208235912	0.0386436501949071
"ABK05171.1"	230.486433249812	-0.815098296868584	0.27181750308851	-2.99869687421552	0.00271136917896358	0.022767693921495
"ACG76681.1"	145.865249704686	-0.814947611508625	0.272368766130761	-2.99207439636224	0.00277088728329379	0.0231011793874607
"ALO12950.1"	123.008438893582	-0.814613311256955	0.257957162692841	-3.15794026710917	0.00158888111066806	0.0152912738309602
"AGN00773.1"	555.694192436821	0.813814364136812	0.274483100719619	2.96489788261359	0.00302783417802358	0.0247567890326951
"AAY89412.2"	198.347628830056	0.813062458235084	0.292380157120728	2.78084007561211	0.00542184391146886	0.0388110309755771
"AJE21278.1"	79.9977114107522	0.811768270510642	0.246263323765786	3.29634254137937	0.000979525053781599	0.0103913540756611
"ADG76430.1"	352.932952363631	0.80981642655567	0.247562233385846	3.27116303436116	0.00107106144457075	0.0111677602242841
"ADU01724.1"	143.860703059489	-0.809723515313991	0.164600579568547	-4.91932359798761	8.68437937338888e-07	2.95416628113481e-05
"ADL47773.1"	1133.79502635974	0.809622326428137	0.252346734169651	3.20837251606289	0.0013348847464383	0.0133374137620581
"ACB87630.1"	113.214300025421	0.806325627028503	0.243060558021828	3.31738573132088	0.000908640750933103	0.00980659462726413
"ALV38381.1"	91.4752990886194	-0.806294428866537	0.225994650049184	-3.56775892124464	0.000360047533311878	0.00466014366278287
"AEE45365.1"	329.242409296329	-0.805557028404401	0.182442549228426	-4.41540107727726	1.00822878666863e-05	0.000237844243343146
"ACE91970.1"	341.800345357365	-0.802997384936015	0.257438016954545	-3.11918726859133	0.00181350659828042	0.0169916100152138
"AAM02594.1"	194.406046926087	0.802654963926664	0.281832685140952	2.84798395021229	0.00439971433540396	0.0331025000091291
"AEK46508.1"	160.008462226759	0.801501633121058	0.209837465074467	3.81963074533245	0.000133651601764104	0.00207526913088621
"AEV83323.1"	729.019048744681	-0.800874780625679	0.195060619368715	-4.10577380107576	4.02963659967756e-05	0.000766843139452252
"ABD68081.1"	104.365054899769	0.800258758667081	0.222073997111033	3.60356804073268	0.000313878532034722	0.00418046783199053
"SCG54173.1"	157.467597087064	-0.799246720081128	0.181974248692611	-4.39208693440579	1.12267788405245e-05	0.00026018617584381
"ABN77080.1"	161.221058113859	0.799001512368656	0.280589518933963	2.84758146136137	0.00440528181760141	0.0331354835479766
"ADU09553.1"	1121.54000180481	0.797694259398983	0.25874363751322	3.08295217252725	0.00204958092336484	0.0186784073992585
"ACE92101.1"	67.6258410824781	0.795945422851157	0.289005145505603	2.75408737605236	0.00588560528317905	0.0412345859629331
"AJE32670.1"	295.138927575084	-0.795702498085839	0.29149079142717	-2.72976890347031	0.00633787368806387	0.0437129552654884
"ACU36111.1"	474.967430939749	0.794206121221938	0.227127311018842	3.49674426056165	0.000470973102245051	0.00577039954943214
"AAS02903.1"	190.450060263189	0.794082419403771	0.256930547054225	3.09065009399672	0.00199718835696824	0.0183181506602465
"ABX18350.1"	116.674306905652	-0.792838691912745	0.240815817066867	-3.29230322812474	0.000993704077662393	0.0105099128667308
"ACU75706.1"	262.545794889683	0.792786681145691	0.217686223504744	3.64187805907898	0.000270656279466433	0.00370827563999541
"SDS74569.1"	157.918182068792	-0.792463447091099	0.201796903426681	-3.92703472468806	8.59995689361298e-05	0.00143997842819132
"AAM54069.1"	43.5896724029049	0.79237842094374	0.294175135253861	2.6935601483108	0.00706933887724194	0.0471896068686851
"AGF60226.1"	267.363744645568	0.792062170360161	0.23442825000835	3.37869761998372	0.000728300663445407	0.00824818178552492
"ACL40758.1"	157.413339847363	0.790410048157538	0.291170380103816	2.71459634003884	0.00663565967330603	0.0451670139104973
"AKH82480.1"	1554.90256033207	-0.79007948232521	0.209530969954021	-3.77070502989884	0.000162786995590462	0.00243840809446259
"AEK45645.1"	83.7895698967476	-0.790012368099398	0.289919420292687	-2.72493773373941	0.00643136146914914	0.0441521323419076
"ADX48506.1"	243.0321336598	-0.79000040907844	0.267462181628238	-2.9536901414216	0.00313999107085263	0.0254508367167314
"AKK30360.1"	80.9642521978031	0.789277970333818	0.280197075843341	2.81686726372229	0.0048494563076798	0.03566203803252
"ADJ43282.1"	243.337112438338	-0.788412957160617	0.263194963177602	-2.99554728419557	0.00273952823865186	0.0229490821571806
"AEB44540.1"	152.098505537234	-0.788408412098622	0.250615105527941	-3.14589342265614	0.00165580331451714	0.0157913902725583
"ALG30181.1"	228.321612895978	-0.788321729902251	0.277076705729396	-2.84513895827878	0.00443920524456662	0.0333548014028146
"ACC43577.1"	187.027400233817	0.786998961649376	0.174487851371195	4.51033671092185	6.47248073211955e-06	0.00016413366900038
"AKN74730.1"	87.5122618318773	-0.783596180973575	0.266904521465849	-2.93586701592779	0.00332616881401576	0.026651237011215
"ACG74233.1"	332.768462533932	0.782796711312342	0.254249880715278	3.07884789998764	0.00207802744480541	0.0188395260183848
"ACY96223.1"	468.822622897392	0.782423319109083	0.194576607609421	4.02115818916764	5.7912696343373e-05	0.00103072081807315
"ACL73784.1"	120.355568353242	0.782120268736848	0.252484762626399	3.09769294828358	0.00195033388431639	0.0179728595870052
"AOR61119.1"	44.2074404463508	0.780373226283388	0.287309470451472	2.7161416748885	0.00660476478463077	0.0450356681593214
"AEI98294.1"	260.41599411758	-0.780320562223669	0.173862330043828	-4.4881519879951	7.18436675410755e-06	0.000178309868482265
"AEY92512.1"	39.3495613384184	-0.780264178021923	0.251917384362359	-3.09730183963639	0.00195290914055879	0.0179788373229477
"ABC83044.1"	154.108923860062	-0.780094558216796	0.245410434254636	-3.17873427259159	0.00147919629131775	0.0144190735973996
"ACD57500.1"	39.3341118602824	0.779833855559975	0.282840933969197	2.75714637416981	0.00583082437372502	0.0409326104013131
"ACU69383.1"	201.696452512504	-0.779661549631779	0.244145706877668	-3.19342723491934	0.00140594765867798	0.0139035360834859
"SMQ46121.1"	42.4219697511326	0.778713503483828	0.268307888182992	2.90231311780415	0.00370418096399695	0.0289914034856188
"ABA05048.1"	136.535347018836	-0.778491948314736	0.213318144963812	-3.64944083142482	0.000262811763717387	0.00363011708542623
"ADI04148.1"	382.857575073437	0.778384996450755	0.288268450195795	2.70020876693953	0.00692959773883811	0.0465522045578796
"ADK85991.1"	178.90322361549	-0.777050327395933	0.285050517335653	-2.72600918131624	0.00641052151410531	0.0440531554286477
"ADG10335.1"	616.658594518434	-0.776353752138243	0.224250074550358	-3.4619999734444	0.000536177208138486	0.00642861546854177
"ANC52573.1"	224.291160144252	0.775124425914899	0.237693881994708	3.26101967543345	0.00111012336923696	0.0114852231504649
"ACP33963.1"	142.794074033873	0.774910198947961	0.240860337075051	3.21725946396273	0.00129421497978534	0.0130380865685751
"ALE67115.1"	33.4751640644172	-0.774283793492089	0.270452391110587	-2.86292086497208	0.00419755385276918	0.0319776604266231
"ADR35658.1"	427.497055451769	0.773340489478208	0.220122240539809	3.51323195503431	0.000442690828494212	0.00549117077293928
"ADI11700.1"	224.011855556088	0.77277919423863	0.156789517681292	4.92876823442668	8.27496670712041e-07	2.83556876294422e-05
"ADO75988.1"	289.374800326389	-0.772377436408287	0.193136794794505	-3.99912112671272	6.35781372333921e-05	0.0011187514330522
"AJP05947.1"	155.10804352132	0.771089850036459	0.27303781443882	2.82411376468602	0.00474115529546027	0.0350497448248497
"ACU73889.1"	450.454094338746	-0.770936913191817	0.176425333290476	-4.36976311062146	1.24381392860387e-05	0.000281502140219838
"ACU69819.1"	251.043513598784	-0.770819627923869	0.253628009543082	-3.03917390398846	0.00237227871317812	0.0207091720779965
"ADL45228.1"	264.371572899641	0.770692212767088	0.265412168165241	2.90375613934652	0.00368715228790358	0.0289054131598762
"AAK69696.1"	85.1988363223094	0.770381061756241	0.282604671862844	2.72600256987305	0.00641064992199996	0.0440531554286477
"AAW61721.1"	105.484139150016	0.770118383091397	0.267319368738848	2.88089256953075	0.00396550778565116	0.0305331012010698
"AAM70348.1"	371.443865164629	-0.769930734967032	0.237817913107873	-3.23747999007037	0.00120590396129922	0.0122810066571601
"CAM55534.1"	112.415571548674	-0.769621895194917	0.227809637216347	-3.37835529962247	0.000729207979167804	0.0082551179073117
"ACM33744.1"	58.8567397627025	0.769348719870535	0.281763558984665	2.73047629950049	0.00632428802925182	0.0436633212495521
"AKN71483.1"	292.308716487672	0.768962217273948	0.28729689859049	2.67654200601037	0.00743862405393167	0.0490465659476851
"ADB48595.1"	662.790770552842	0.7688062213287	0.257893511066726	2.98109951719484	0.00287215440510486	0.0237877079680934
"AHG92067.1"	723.131653604473	-0.768728757788362	0.285899187327291	-2.68881057331702	0.00717070973081938	0.0477297169814597
"ACA90816.1"	69.2157584872968	0.767445068235773	0.245089308796354	3.13128741520687	0.00174041738771503	0.016455496516876
"CCK31430.1"	430.8970314021	0.766259759269203	0.254302725454148	3.01317950053729	0.00258525953674524	0.0220030194060319
"AFU01154.1"	75.0554748153243	-0.766186207077756	0.279511055638589	-2.74116601694798	0.0061221565466451	0.042589813950701
"ADJ44921.1"	427.559248498253	-0.76523591752136	0.213427151885736	-3.58546656674241	0.000336476109590867	0.00440830420441142
"SBO97867.1"	565.840223712358	-0.764536482734333	0.255473794018955	-2.99262194649056	0.00276592141098692	0.0230803981585663
"AJP05267.1"	444.055680645331	-0.763694946101118	0.186064526394619	-4.10446290273203	4.05255292531635e-05	0.000770232665968477
"ABK65241.1"	186.076637722698	0.763310024302993	0.269150986253217	2.83599192753792	0.00456836006832866	0.0341419670242737
"AAM18761.1"	138.035456137704	-0.763025387139855	0.257724101988036	-2.96062875475758	0.00307011764460937	0.025007568687368
"SCG34547.1"	131.507263925258	-0.76160949356455	0.208607345140961	-3.65092366738051	0.00026129889710639	0.00361965557812493
"AEF34965.1"	215.864307011038	-0.761174597835086	0.249784891621679	-3.04732040794506	0.00230891451417922	0.0203169040463976
"AEG06548.1"	75.6269297181255	-0.760290075555945	0.245068399321441	-3.10235867888753	0.00191985189028624	0.0177328187134456
"ACS41139.1"	283.392245075596	0.759664499467984	0.254765940804923	2.98181341300118	0.00286546580560136	0.0237412195009221
"ACU70530.1"	881.769430293907	0.759539656855148	0.182999010221033	4.15051237674863	3.31731828563271e-05	0.00065127379189743
"ADX58305.1"	565.151674982055	0.75885283062832	0.271531455398784	2.79471426068789	0.00519456058057431	0.0376071678339173
"AEV81540.1"	302.393882762138	0.75860992553454	0.240406068716169	3.15553567173123	0.00160203674890213	0.0153967115764724
"AIV34463.1"	242.838749683723	-0.758509639568211	0.196566222106171	-3.85879949993911	0.000113945368930153	0.00182495111474174
"AKJ13512.1"	280.025374166325	-0.758267408202451	0.27045735041969	-2.80364873435974	0.00505279209079485	0.0368188358599408
"AIF91426.1"	45.0455047746989	0.757734567793759	0.228751380574583	3.31248085100279	0.000924724562436843	0.00993803794625023
"ASE52599.1"	46.9623260475381	-0.757118246165835	0.243982420567534	-3.10316720526291	0.00191461434335363	0.0176902782694813
"ACM41799.1"	360.242667428313	0.755963432751505	0.182685864289859	4.13805105113143	3.50268446198308e-05	0.000682280588550193
"BAH34777.1"	28.4990723647614	-0.755648657526037	0.256700530930024	-2.94369729111322	0.00324317039584115	0.0260907466672324
"AGL85100.1"	49.8634270551361	-0.755297356933408	0.27784266355527	-2.71843548887934	0.00655914449171683	0.0448557700314244
"ABJ12295.1"	122.166925244225	-0.755129233062238	0.197996958842031	-3.81384258363638	0.000136822637381007	0.00211163934281293
"AGS21678.1"	149.643483774816	0.754382244839506	0.264683022466885	2.85013461690347	0.00437007288360334	0.0329414540789874
"ADI11236.1"	324.314781947933	-0.754363859192093	0.271585841274322	-2.77762587199872	0.00547576267187332	0.0391084328409617
"AGL16880.1"	286.815771890539	-0.753659154107012	0.267241115001694	-2.82014672069541	0.00480016961805793	0.0354112117594598
"ABG10346.1"	88.9713363340411	0.752490411300848	0.24425154068358	3.08080108397627	0.00206444515559548	0.0187583066168462
"ACF85320.1"	259.431318784746	-0.751942849984923	0.222098865190402	-3.38562220631021	0.000710170804267051	0.00808142779494855
"AGT83926.1"	74.4421581241658	0.751252374624877	0.264087649990335	2.84470846952658	0.00444520869531958	0.0333909478492533
"AEI39591.1"	125.462123119638	-0.751044024062183	0.210295219337119	-3.57137944661596	0.000355105991424299	0.00460683379792154
"CBD33352.1"	72.2492094164831	0.74927306463307	0.26387417756699	2.83950885812937	0.00451830406059234	0.0338491946696129
"AGJ54970.1"	687.359420835633	0.748125578199628	0.215425710250427	3.47277758689969	0.000515102030082684	0.0062319777157281
"ABR08153.1"	102.781437799712	-0.747310941041622	0.271729377669563	-2.75020296830176	0.00595583609027099	0.0415974645856993
"SDT92737.1"	343.76259093804	0.746887168430193	0.264295416394069	2.82595581346206	0.00471397662338163	0.0349410880455896
"AHL22682.1"	184.773847490068	0.746288392380386	0.253786691869373	2.94061279132993	0.0032756372052183	0.0263065803778806
"ACL95580.1"	81.393940236388	0.745394091309336	0.199442738881336	3.73738395035192	0.000185944866577632	0.00271838772047384
"AAS98503.1"	180.328407173021	-0.744393402154664	0.258379815826727	-2.88100446148574	0.00396410029252859	0.0305331012010698
"APA99445.1"	75.836558350249	-0.743840029115653	0.268330658008437	-2.77210228095615	0.00556955333605081	0.0395749277147407
"AIS02042.1"	338.886213043027	-0.743746268665137	0.234526421439333	-3.17126856795335	0.0015177475143032	0.0147333077012595
"CKH60997.1"	29.1682962821637	0.743678247733563	0.277350918384214	2.68136212443813	0.00733231225031441	0.0485761825893057
"AEK43678.1"	79.4390780323304	0.743570700903272	0.265702710701082	2.79850626642569	0.00513395732418213	0.0372742213433893
"ADU49215.1"	1351.84647687828	-0.743143084775166	0.245478350613121	-3.02732637285141	0.00246727408651161	0.0212056870919938
"ACV80610.1"	314.870055015511	-0.742902279820322	0.228018237744357	-3.25808271816059	0.00112167705485788	0.0116004694598452
"ABS27460.1"	309.994049674508	-0.742727973442844	0.220036921207449	-3.37546975919831	0.000736897901045207	0.00831527353392246
"ABE58900.1"	150.883966329329	-0.742357580094159	0.241221512622554	-3.07749326344598	0.00208749556789995	0.0189192379148356
"SDU82925.1"	59.2187822473902	-0.741799620330273	0.276502911442413	-2.68279135456687	0.00730105246169413	0.0484590480601206
"AFL77880.1"	92.306541886043	-0.739496104200868	0.23932221019695	-3.08996019881439	0.00200183319055055	0.0183507930591529
"ADL45505.1"	122.257008131969	0.738830649049351	0.220429310864962	3.35178042407422	0.000802936747375073	0.0089167065368951
"ADG10258.1"	310.439264691291	0.738323630905809	0.207169430102845	3.56386379273854	0.0003654356326037	0.00471028359593609
"AKC83385.1"	112.647395408699	0.738310850509888	0.271641487791299	2.71796056085928	0.00656856672097347	0.0449068605422157
"ACU73786.1"	291.183658336669	0.738125177965381	0.208471669365417	3.54064981688983	0.000399142954650708	0.00505629237936707
"ANG86634.1"	1224.1287290726	0.737637619931867	0.133009252271196	5.54576172210848	2.92677179077045e-08	1.54599817083792e-06
"ACL94303.2"	193.899489517552	0.737503658661774	0.217783408867077	3.38640882929657	0.000708138017881187	0.00806879607187697
"CBG74450.1"	661.532373786332	-0.737199786387148	0.237483068928531	-3.10422039648226	0.00190781156213009	0.0176623983113076
"ACU36136.1"	516.306999698365	0.737133359530214	0.248315517431014	2.96853522146477	0.00299222807678442	0.0245589027375129
"AJE44391.1"	99.6454157742202	0.735055977158968	0.245191557226985	2.9978845335139	0.00271860652905582	0.0228216217053813
"ACO67437.1"	265.851025357989	-0.734799142288671	0.185815978682715	-3.9544454007551	7.67123868382945e-05	0.00130541648654252
"AEO56642.1"	34.769831110793	-0.733078877732937	0.26544242949918	-2.76172456346208	0.00574969612512777	0.0404646789137951
"ADI12256.1"	192.278910881551	0.732450388669977	0.271216066446411	2.70061577939263	0.00692112427608679	0.0465219196238477
"AKC84126.1"	214.583834981031	-0.732389243861302	0.234536347044157	-3.12271105562761	0.00179193574785327	0.0168515395354048
"AEF32088.1"	210.612376429935	0.732254158616907	0.255560804670456	2.86528350683957	0.00416636048925427	0.0318084069422314
"AAX95269.1"	232.778367296128	-0.731591174950428	0.198541181264841	-3.68483339471287	0.000228852288382271	0.00323093729982353
"ADJ45087.1"	156.553491633793	0.730539959995139	0.252116945856782	2.89762339263831	0.00376001796537224	0.0293623388452285
"ACN85300.1"	204.535009417459	-0.730119029887819	0.259606222426492	-2.81240959120136	0.00491718444372085	0.036093732482016
"ACO60812.1"	132.286520309936	0.73008119963508	0.26307223240087	2.77521193693518	0.00551657453536335	0.0393266602709216
"ADU10173.1"	114.657439811043	-0.729469473692916	0.248491591955603	-2.93559016605781	0.00332913843065067	0.0266673989998559
"AFU04487.1"	789.383037116072	0.727699722950835	0.19741427338705	3.68615556750605	0.000227667212869406	0.00321745143437248
"AEK62482.1"	194.096200520316	0.725884864265975	0.17841158907338	4.06859704594313	4.72970613693234e-05	0.000878069317039508
"SDT26808.1"	90.4158411822052	0.724510459586245	0.215220080383433	3.36637017463922	0.000761644244221039	0.00856689122587875
"AJE43311.1"	464.895449454154	-0.724453772358793	0.267540565699656	-2.70782776609687	0.00677251591876851	0.045753705516854
"AKN74562.1"	158.629426852724	0.722726297543062	0.228119125616891	3.16819686025286	0.00153387618383911	0.0148589611220622
"AAU44085.1"	103.161067086284	-0.722501445607684	0.232736806775405	-3.10437122352078	0.00190683915805173	0.0176592355503858
"ADD40661.1"	346.73384411548	-0.721998219643021	0.199409062743532	-3.62068909862744	0.000293819413810116	0.00396443332814546
"AFK20874.1"	59.7162496327602	0.721998123272607	0.244259536496224	2.95586462510039	0.00311793909943941	0.0253160739640098
"ALC48841.1"	114.040366304965	-0.721964774585822	0.262271255595157	-2.75274075669295	0.00590986742502343	0.041363162107739
"ABN76818.1"	80.9857031332873	0.720558947037221	0.254812390159299	2.82780184506238	0.00468688075614989	0.0348026688959651
"AGZ43082.1"	393.035201040496	-0.719467747985971	0.224337943275045	-3.20707116006623	0.00134093821656233	0.0133692686292304
"ABE57969.1"	333.520848119469	0.719305535365658	0.259718886506447	2.76955420932702	0.00561330624058558	0.0397345439978341
"ADG09394.1"	404.874975450624	-0.717868084984074	0.196928857405491	-3.64531686438382	0.000267062541563913	0.00367224111671086
"ACU98227.1"	300.814751563255	-0.717666464484111	0.236780188470077	-3.03093966231388	0.00243793960930834	0.0211133494380463
"AKQ64621.1"	140.31190450839	-0.717657293810118	0.252792263120144	-2.83892111630426	0.00452663457873049	0.0339025312108451
"ADJ19184.1"	253.122107412574	-0.717359153695937	0.268623831010289	-2.67049707018906	0.00757390325426709	0.049681114223632
"ADD17350.1"	716.981530845074	-0.717340910487721	0.177979505208379	-4.0304691804141	5.56656277881303e-05	0.000997968737073948
"ADC45588.1"	430.778806074789	-0.716892719612448	0.256840114034914	-2.79120231006826	0.00525126380314045	0.0379098456505209
"ADU61957.1"	98.8884380468586	0.715178070301901	0.226987602785724	3.15073625838952	0.00162859480125089	0.0155984057666164
"ACU34028.1"	570.076015652978	0.715080186217556	0.150640493825252	4.74693203705953	2.06525308008143e-06	6.15093885425104e-05
"AAL32053.2"	102.822417121931	-0.714996400322143	0.252744448086457	-2.82893019306822	0.00467038848674714	0.0347178000042624
"ACY85696.1"	356.622847700646	-0.71474147404017	0.196793080785576	-3.63194412723761	0.000281294033841888	0.00382844325300803
"ABM31593.1"	490.180889508957	-0.714363835293587	0.19572839298549	-3.6497711159696	0.00026247408103651	0.00363011708542623
"AQZ65315.1"	223.837337369171	-0.714225142879119	0.201164399541086	-3.55045497368556	0.000384565912516728	0.00490939684761437
"SEI19553.1"	132.164849078801	-0.713679747264622	0.236923153371537	-3.01228367556566	0.00259290168047198	0.0220373028070715
"ADB49808.1"	584.052029712444	-0.713322679393677	0.255500947559483	-2.79185923264574	0.00524061494238813	0.0378524912092616
"AGZ41851.1"	215.488578038414	0.712334168914736	0.195909531986441	3.63603629538575	0.000276865338860334	0.00377550999840911
"ACF81068.1"	144.175709424748	0.711502899985854	0.255439872911805	2.78540265415615	0.00534612897551506	0.038465748341948
"AGZ41406.1"	737.36304185288	-0.711188231963655	0.20652766715758	-3.44354943699151	0.000574131617962185	0.0068021112045998
"AKH84507.1"	386.884705981581	-0.710381435752252	0.205156916766481	-3.46262483833699	0.000534933694834997	0.00641920433801996
"AGT84037.1"	156.466703891839	0.710282110811986	0.171651461576931	4.13793220451927	3.50449880816966e-05	0.000682280588550193
"ADO71648.1"	178.465619955786	-0.710092875366204	0.246061304206812	-2.88583724147612	0.00390373978693424	0.0302070478372059
"AQS70225.1"	217.55768339109	-0.709317036254839	0.194686214193096	-3.64338604659144	0.000269074806070882	0.00369265601507864
"AFO79874.1"	107.083665281702	0.709112998897121	0.222545836361005	3.18636830278337	0.00144071063330367	0.0141572955036749
"AJE43291.1"	374.990743555249	0.709064961790427	0.233226357704255	3.04024368759197	0.002363868002907	0.0206670817219804
"AIO73331.1"	145.840242774391	0.708403392151984	0.250151825852821	2.83189374987324	0.0046273221906445	0.0344630252857897
"CAM02612.1"	683.400195863316	-0.707696667784243	0.198449654576303	-3.56612698215676	0.000362295875521938	0.0046762726284519
"AQV95637.1"	309.311722919912	-0.707062046027432	0.211768290830866	-3.33884758314523	0.000841267094709249	0.00924340571273484
"ADH88268.1"	445.674285031785	-0.706073612761975	0.221665546489771	-3.18531059040589	0.00144598725627667	0.0141942002898743
"AEN13051.1"	531.766508519922	-0.705821985923239	0.244649075177819	-2.88503843887504	0.00391365873560726	0.030267069050293
"AHJ99458.1"	261.563301635829	-0.705472113113379	0.212563304090838	-3.31888006789684	0.000903792372843913	0.0097693325367329
"ALG83430.1"	178.152746583839	0.704904977236281	0.195567685064229	3.604404158104	0.000312869874681007	0.00417298952433039
"ABR80659.1"	426.866283716859	-0.704538699588266	0.202146369678088	-3.48528989518943	0.000491604124476321	0.00598389089949525
"ADI03973.1"	268.687331434566	0.703865370252531	0.261135034297877	2.69540765430053	0.0070302561861706	0.0469959532445158
"AEK37360.1"	101.50766293955	-0.703044978574567	0.262190612023484	-2.68142697081617	0.00733089134907446	0.0485761825893057
"ACL97321.1"	109.374930393911	-0.702786219500686	0.184120193750736	-3.81699695825937	0.00013508583485952	0.00209173840305704
"ACB77608.1"	314.437920128289	-0.702435263466236	0.163441357021538	-4.29778164025934	1.72515986940453e-05	0.000373820245385829
"AGN00426.1"	426.365003855963	0.702079768757963	0.255039476695237	2.75282782828528	0.00590829592805289	0.0413625038263987
"ABN96949.1"	43.4379699544893	-0.701893676182049	0.235781037375951	-2.97688772597469	0.00291190625081608	0.0240406155699932
"ACI52355.1"	254.562233641261	0.700979438794953	0.218454778283648	3.20880799359206	0.00133286468847376	0.0133277877916008
"ADJ47690.1"	99.2064100081782	-0.700768529463423	0.238678669311056	-2.9360333350533	0.00332438596023991	0.0266445775387565
"ACU36112.1"	826.954910328023	0.699676090472597	0.228652936230611	3.05999171498472	0.00221343114407349	0.0197662578339654
"AEI43611.1"	186.466239694838	0.699438849763552	0.254344135608689	2.74997042133358	0.00596006444289212	0.04160009078614
"APU22846.1"	132.91654854074	-0.698677475559911	0.229882465951162	-3.03928128084525	0.00237143327383596	0.0207082488878077
"AHF04455.1"	203.399476422384	-0.697436428563779	0.219468931743786	-3.17783671256935	0.00148378289408401	0.0144537181290105
"AEO59029.1"	233.212928556341	-0.696978442941181	0.2497872520707	-2.79028828398299	0.0052661128894881	0.0379974475397188
"ABK17937.1"	115.475397628025	0.695756412795316	0.241668893912092	2.87896551985875	0.00398981953071775	0.0306949677334362
"CCH14730.1"	214.511491390973	0.695625488877838	0.196084326224446	3.54758333963724	0.000388782729802834	0.00495193871863519
"AEV85978.1"	152.861745432758	0.695530974627446	0.225678441696422	3.08195576590812	0.00205645394052771	0.0187227591931752
"AKU96612.1"	145.232800086727	-0.695409346920889	0.227201511809437	-3.06076020965985	0.00220775829217348	0.0197218893260016
"AEG05980.1"	39.39341310293	-0.695014819053865	0.254796920589984	-2.72772063902717	0.00637735920170253	0.0439106119554511
"AFL87343.1"	74.421246448829	-0.694611634675344	0.23936634919514	-2.90187671329303	0.00370934490912915	0.0290237060022302
"AKZ56963.1"	45.7298756000819	-0.694524645028364	0.238101512695214	-2.91692663841831	0.00353498905799065	0.0279248176262715
"ABV97185.1"	1174.14047490769	-0.694337302105572	0.129358763727747	-5.36753198698543	7.98213552107908e-08	3.7244644341355e-06
"ACG41694.1"	98.7563160918553	-0.693716373947681	0.24695153065129	-2.80911955523471	0.00496771947539542	0.0363598103093255
"AIW44396.1"	60.8483025745151	0.691694459712138	0.252410584186612	2.74035441873846	0.00613729640575364	0.0426669357277077
"AEE46296.1"	744.270852781541	-0.69163899670629	0.242277347682032	-2.85474066528913	0.00430719840769709	0.032607984484015
"ACL94073.1"	72.6301527798345	0.691573222913028	0.228183082541414	3.03078219125869	0.00243921135604899	0.0211133494380463
"AEK44576.1"	98.7459663173539	-0.691182403062526	0.234284133408166	-2.95018870039466	0.00317579899809656	0.0256519528998013
"ABL93518.1"	87.4620829058666	0.690418208288548	0.223612130489542	3.08757045861981	0.00201799926675961	0.0184747898862662
"AEK60167.1"	64.9919353910866	0.689677096428399	0.250789312115863	2.75002587075869	0.00595905597212383	0.04160009078614
"ACU73740.1"	245.850522099171	0.689672208069452	0.122982400375152	5.60789353570626	2.04803938897834e-08	1.13314052833671e-06
"AEN12344.1"	86.4971456422619	-0.689653037512031	0.211476392898576	-3.26113486266426	0.0011096724851231	0.0114848025484312
"AGL14198.1"	727.741352424334	0.689415542992136	0.18885040187217	3.65059081769279	0.000261637775309898	0.00362255744687235
"NP_767202.1"	48.5012059046576	-0.689336922187741	0.226294285244473	-3.04619677621567	0.0023175610733471	0.0203800402993532
"ABN94460.1"	92.3814470710442	-0.686820870746246	0.19545221162742	-3.51400920474359	0.000441397517207923	0.00547755535981959
"AEA63350.1"	194.757914460677	-0.686668684656132	0.243111410022094	-2.82450208566405	0.00473541400890549	0.0350350556536253
"AGP34034.1"	258.387900477421	0.686479722643277	0.247352283035065	2.77531185166365	0.00551487986801637	0.0393261784984682
"ADM42701.1"	367.134730314436	-0.685899717873013	0.203056342527434	-3.37787881597613	0.000730472640949106	0.0082627523458631
"AQS70366.1"	196.844200044019	-0.68460095675508	0.178907902437831	-3.82655515729929	0.000129949042012759	0.00202769615118082
"AAX95338.1"	254.334801407141	-0.684095370254049	0.183054566095789	-3.7371117522197	0.000186146204246638	0.00271991082154952
"AEG42844.1"	360.09027765997	0.684095068299923	0.243877287337878	2.80507904515171	0.00503042416930549	0.0366844894618068
"ABL83001.1"	326.271722117975	-0.683810517043704	0.233691483720936	-2.92612510372984	0.00343212889342465	0.0273025502938237
"AEV87281.1"	1790.30808018075	-0.683092046085688	0.204350898649049	-3.34274060256924	0.000829554053955779	0.00914804416403859
"ADB31840.1"	1222.03037609023	-0.682958052840906	0.13973397096786	-4.88755918199729	1.02093810273123e-06	3.40264084810281e-05
"AGA34836.1"	211.580667770651	0.68266993435155	0.224845064626333	3.03617931523678	0.00239596827019271	0.0208574402028343
"ABN82706.1"	78.4512936786667	-0.681595416119088	0.175139034037253	-3.89173903959131	9.95282642266862e-05	0.00162566702759061
"ADG74172.1"	536.297879210842	-0.681032607600399	0.188750902969257	-3.60810251440927	0.000308444620651437	0.00412182128866712
"ADV65904.1"	206.89547567243	-0.68000054153378	0.193733658137018	-3.50997626366426	0.00044814669730862	0.00554655832796292
"AKJ10597.1"	430.724673044299	0.679856985113822	0.227157354635153	2.99289004402155	0.00276349293162727	0.023073888492048
"AEB43857.1"	116.712558904461	0.679706636610352	0.239878666567106	2.83354350071062	0.00460350419089716	0.0343313008333396
"AFM20367.1"	149.552671292905	0.679658283551104	0.219912416682643	3.09058621520186	0.00199761801563554	0.0183181506602465
"ARF81369.1"	263.696973791578	-0.679644795134551	0.220913858128012	-3.0765149859486	0.00209435774781249	0.0189697829468415
"AEA85443.1"	165.818123075641	-0.679382999065968	0.212087616117379	-3.20331291144301	0.00135856279531696	0.0134969212270027
"CDP23078.1"	323.933526331549	-0.679241273909323	0.249357787379646	-2.72396254814044	0.00645038206582159	0.0442501583716592
"ACU73819.1"	255.444764046528	-0.677821023944628	0.198837627817468	-3.40891727277528	0.000652212548927551	0.00755767488401313
"AAM38640.1"	164.894233469721	-0.676685720692091	0.189695199160351	-3.56722639100677	0.000360779768545575	0.00466530734420412
"AEH07641.1"	364.063072720487	-0.676661628533271	0.225560826118355	-2.99990756452638	0.00270061549688485	0.0226978179077719
"AFD36891.1"	225.570115474161	0.674167099683635	0.18949304889346	3.55774052726692	0.000374058534622272	0.00479274267061105
"AGM42829.1"	33.4303423887712	-0.673789333231771	0.244642840997117	-2.75417555848164	0.00588401963018098	0.0412337956361819
"AEJ99070.1"	52.0800742456331	0.673622619073141	0.225405737649776	2.98848922878699	0.0028036038225185	0.0233253172704987
"ADG15452.1"	309.183459165212	0.673078753393547	0.186272096251036	3.61341696872541	0.000302188154742315	0.00404593954096885
"ADB72945.1"	178.284458457329	-0.67302657917142	0.221197342751328	-3.0426521892175	0.00234503204003096	0.0205584914920421
"AJP05199.1"	422.959526696834	-0.672782457105565	0.249938777473119	-2.69178902092503	0.00710698887214678	0.0473731572534813
"AEB45664.1"	261.847895902831	0.671803108466413	0.251389700745714	2.67235732599068	0.00753203963477717	0.0494760138423401
"ACF79975.1"	111.764992937015	-0.67151554691392	0.233835535492364	-2.87174293462273	0.0040821488471033	0.031277351876359
"ADX71720.1"	156.302894517936	0.67027935166048	0.245918427695521	2.72561661174238	0.00641815003898483	0.0440830540950489
"ABZ73214.1"	361.253513466503	0.670102833926022	0.239437698163359	2.79865217159261	0.00513163830878012	0.0372742213433893
"AGS73281.1"	238.890107169827	-0.669597998518277	0.231440858756682	-2.89317107668632	0.00381373509031315	0.029707659317865
"AGI88384.1"	218.18905277	0.669587905913981	0.226642770814677	2.95437574958654	0.0031330228512598	0.0254017109017867
"ABE29291.1"	152.146872591213	-0.669468522723955	0.189568475625862	-3.53153930532859	0.00041314845594511	0.00518444830687552
"AAO72371.1"	335.461321223728	-0.669172653189561	0.202131014527903	-3.31058870283949	0.000930999395628495	0.00999013379839607
"AIO27115.1"	82.9673854576147	-0.667788555230485	0.249317962636178	-2.67846146410625	0.00739612422685159	0.0488123276414279
"AEK47740.1"	87.4979745560556	-0.667360333685837	0.207923064323257	-3.20965033801299	0.0013289652912447	0.013306764053536
"ADH01377.1"	92.2939702607609	0.667184624492512	0.218180987450695	3.05794117208899	0.00222863322200358	0.0198576752651853
"AIT08222.1"	409.649292224761	-0.666925383057486	0.240750541606521	-2.77019265920281	0.00560231440795289	0.0397169901658772
"ADU10067.1"	154.449688673917	0.660932969664529	0.233291913766862	2.83307277561718	0.00461028885962038	0.0343544442145148
"ABS03317.1"	385.352931014501	-0.660485074308118	0.164014923390354	-4.0269815737204	5.64974581950886e-05	0.00101067274097744
"ACF50554.1"	207.184056988051	0.66047842079372	0.211670452714963	3.1203146793621	0.0018065793340087	0.0169380425435055
"AGZ43425.1"	157.514084887718	-0.66004783353867	0.234474005023739	-2.81501496710411	0.00487749622233934	0.0358494051563697
"ADI06244.1"	229.805780224454	-0.658507210663257	0.188333971508766	-3.49648661570654	0.000471428142688804	0.00577344806767968
"ADD04716.1"	162.586400295044	-0.657280507638845	0.208495485529313	-3.15249275527568	0.00161882838590234	0.0155261115079554
"AHG88939.1"	554.569914895122	-0.656845974892581	0.202280115792193	-3.24720980270435	0.00116542445310606	0.0119389038112323
"ABC82676.1"	479.321717537796	-0.656569001726793	0.186645769207118	-3.51772774982223	0.0004352586674961	0.00541577851343147
"ACO32765.1"	189.464699479676	0.65418558665056	0.190010815787374	3.44288604803743	0.000575541768003673	0.00681017216273492
"AAX95337.1"	106.206674486937	-0.653714704033211	0.218146398397176	-2.99667887637092	0.00272938057798503	0.0228914735354311
"ABF42247.1"	138.29924242208	0.653015432850109	0.231172295714346	2.82479970548471	0.00473101799045079	0.0350117842084748
"ACA15891.1"	312.997563819212	-0.652201340988104	0.177996920039384	-3.6641158782062	0.000248194408667337	0.00346729075102334
"ACB79558.1"	659.883155998398	-0.64984571398407	0.213338554703244	-3.04607723103782	0.00231848273940616	0.0203800402993532
"ACF53741.1"	163.900013323418	0.649833159404827	0.240018021885042	2.70743485968761	0.00678053758743943	0.0457968468752604
"AAO56997.1"	110.909137902845	0.649630386095337	0.226712509878788	2.86543687616825	0.00416434288041679	0.0318084069422314
"AGH74932.1"	92.5922377204618	-0.649533716784228	0.22974141660224	-2.82723823327332	0.00469513840291121	0.0348383500471514
"AHG92396.1"	411.33606714159	-0.649329121452574	0.161642480841629	-4.0170697583438	5.89262849889295e-05	0.00104676413359776
"ADP65783.1"	169.655015224181	-0.648032398201014	0.211998029710997	-3.05678500448535	0.00223724680702046	0.0198974174916368
"ADU46968.1"	523.237196038632	0.646270298912952	0.189761028347841	3.4057061375548	0.000659931716127113	0.00762608413037117
"AAK25702.1"	107.265178669847	-0.645613294526631	0.172444778828701	-3.74388426783251	0.00018119713923115	0.00266708470552853
"ACA20862.1"	345.151438884871	-0.644884461335052	0.205794659683356	-3.13363068957813	0.00172658012236636	0.0163467491057723
"ABJ06869.1"	155.865812784675	-0.6447392860906	0.238839298956709	-2.69946901078228	0.00694502235048358	0.0466042295599564
"ACL60203.1"	277.876990503958	-0.644029716652244	0.186335554349362	-3.45629001883745	0.000547665723184402	0.00654114743441575
"ACU73744.1"	196.175296171492	0.643772388324977	0.219962360784578	2.92673885672404	0.00342536364315129	0.0272665568819061
"ACU72643.1"	569.725313343829	0.643603012077391	0.228987769192654	2.81064361798254	0.00494425172962806	0.0362352729517321
"ACB80038.1"	156.354527830571	-0.641181247999874	0.231053485225432	-2.77503387310645	0.00551959586545334	0.0393266602709216
"ACF22751.1"	250.395863641957	0.641032890191437	0.186887948044124	3.43003867772195	0.000603495217901359	0.00708999249700648
"ACL38495.1"	104.131630553392	-0.640133597500691	0.23027530430953	-2.77986212816047	0.00543819817661985	0.0389082024412597
"ADJ48163.1"	212.559114722951	0.639906707378142	0.214999426489129	2.97631820618134	0.00291731987992385	0.0240640210248521
"AFR28299.1"	124.388472348895	0.639108389887044	0.18054966837143	3.53979265457447	0.000400441510941247	0.00506405246947677
"ABL06285.1"	183.252763206861	0.63900667786904	0.189216470377509	3.37711974329796	0.000732491546853552	0.00827575870929249
"ACY14321.1"	104.151169659385	0.638796153996926	0.235037870349092	2.71784352473987	0.00657089050172601	0.0449117799038871
"ACZ22708.1"	2127.65210460595	-0.637243854448101	0.220306618403026	-2.89253159558891	0.00382150743133338	0.0297351089626485
"APU39631.1"	222.333066488487	-0.635091653311759	0.207017715613419	-3.06781306821933	0.00215631459162494	0.0194234824025521
"AOT60030.1"	222.304736646783	0.634524019730927	0.217018919194686	2.92381890982372	0.00345765836381448	0.0274455921614262
"AEI43440.1"	138.469170651676	0.633396363520194	0.214793308125554	2.94886451094627	0.00318943769926048	0.025747260042819
"ADH67953.1"	387.615753261753	0.633204788183678	0.209232259623647	3.02632485699214	0.00247546186265132	0.0212455641651705
"ANE76872.1"	182.373515765064	0.63197056454153	0.233089483426132	2.71127875549051	0.00670242532462298	0.045499781616912
"AKA16162.1"	78.0493059055185	0.63115193078237	0.225474757573546	2.79921325816926	0.00512272922162092	0.0372315491403166
"AEB46972.1"	114.736141670648	-0.628736114036188	0.2116966600128	-2.9699859884335	0.00297813332234894	0.0244647360600003
"AOR79043.1"	770.008601472848	0.628456543022674	0.219166732161951	2.86748146866689	0.00413753034299864	0.031614164705947
"ACB83376.1"	371.767549493734	0.62836247083807	0.172181416730516	3.64942095825317	0.000262832095019252	0.00363011708542623
"ABC80671.1"	387.907903713769	-0.627653799379106	0.171565773426687	-3.65838585892142	0.000253808730659808	0.00353689856821901
"ABO54360.1"	354.807481821164	0.627627459068028	0.204877395700044	3.06342950584418	0.00218815752336308	0.0196219276182168
"AEH59047.1"	441.916118033915	-0.627003411412476	0.233381496083564	-2.6866029309709	0.00721827041854127	0.0479892421366615
"AEK46086.1"	176.758593902256	0.625748410497756	0.195517672442838	3.20046982290413	0.00137203736057987	0.0136211198392887
"AGZ43465.1"	183.19355284598	0.623957578984577	0.174746640791966	3.57064133626117	0.000356108238597324	0.00461634495497871
"AEI45483.1"	232.936822839809	0.623645919854121	0.219986797615217	2.83492430734389	0.00458365444077096	0.0342288582885633
"ABF87753.1"	369.374044534188	-0.622319612808141	0.209240104373683	-2.97418898098396	0.0029376409156663	0.0242102428834247
"SDT79786.1"	229.53191749649	-0.621720203918885	0.226938954669111	-2.73959226094694	0.00615154467528672	0.042692180018304
"AGU49576.1"	252.210376672157	-0.619904572233162	0.215050323009671	-2.88260237677153	0.00394404949232167	0.0304348427748174
"ADB51810.1"	992.853870601772	-0.619754216354147	0.20975763169515	-2.95462058446036	0.00313053787537274	0.0253889160947089
"AAR35712.2"	110.30536277337	0.619688759407418	0.221426433634596	2.79862141676384	0.00513212704699049	0.0372742213433893
"ABC83123.1"	501.043317811996	-0.618608643193864	0.124022274439487	-4.98788339425024	6.10443928772488e-07	2.21086523026062e-05
"CAN94979.1"	338.504400998295	-0.617956042023245	0.173945066492437	-3.55259309438428	0.000381454017342614	0.00487634094498805
"AKL65906.1"	1101.31954219035	0.6175011051057	0.204089374551622	3.02564063642378	0.00248106991423986	0.021280647462947
"AIG79971.1"	186.520222408138	-0.617214969036671	0.224695765053245	-2.74689186460818	0.00601629669831219	0.0419402993939114
"AEI64752.1"	199.170683877771	-0.617022486189579	0.180655182257938	-3.41547072426961	0.000636718734320761	0.00740880203077474
"ACB63282.1"	284.81534946246	-0.614593730866254	0.145769167170618	-4.21621213042189	2.48440073686651e-05	0.000505107356785148
"SDU24469.1"	162.429010568775	-0.613244546302105	0.221613237619776	-2.76718373364616	0.00565428782272413	0.0399539227372501
"ACU37209.1"	312.761907221567	0.612472434621683	0.190340987540572	3.21776430045647	0.00129193936103713	0.013019846778832
"ACU37065.1"	259.375241215783	-0.611067477707866	0.204412388736122	-2.98938572894766	0.00279538987390933	0.0232708102616609
"AAQ59168.1"	499.373529091569	0.610717692616745	0.226501538669705	2.69630703704543	0.00701130068604479	0.0469284989478574
"ADG73011.1"	638.517962940174	-0.610690719213612	0.129707559958112	-4.70821222302564	2.49898852118862e-06	7.2649722366767e-05
"ACU75528.1"	756.648824234209	0.610314616580391	0.187429876131584	3.25622909845986	0.00112902612150898	0.0116678535613752
"ABO02951.1"	71.0321195731478	-0.61010896123491	0.20799121778585	-2.93334001180322	0.00335336431407085	0.0268307480242148
"BAW03320.1"	60.9499056495572	0.60968500437714	0.227123705720121	2.68437414951498	0.00726657352458749	0.0482874418215883
"ACU84684.1"	245.552165968874	-0.609476551208465	0.18967376617135	-3.21328860343221	0.00131224357886742	0.0131770341585266
"AEK29936.1"	195.375616494057	0.609354997218389	0.180775545361104	3.37078223717253	0.000749550821038196	0.00844443653351522
"ABN01279.1"	43.1695805835109	-0.609275489720427	0.203115331388041	-2.99965288467781	0.00270287439070094	0.0227099854267898
"ABC27165.1"	206.034072849564	0.608333458127941	0.154063632240439	3.94858571929907	7.86142660707497e-05	0.00133386969267679
"AEK42954.1"	149.446492837477	0.608327374566712	0.178354397078377	3.41077867735095	0.000647776495094209	0.00751560329741297
"ADW70999.1"	133.57164844892	-0.608283272862576	0.226898070771229	-2.68086577728499	0.00734319629895098	0.0486234918603197
"AGT87961.1"	173.406523031075	0.607830780293697	0.193646502796539	3.13886784174117	0.00169601919937497	0.0161283130114476
"ADG87744.1"	337.781064535738	-0.605658633910154	0.221490737912477	-2.73446483414346	0.00624817690608257	0.0432017685015282
"CBG71553.1"	270.711342568928	-0.604859566365341	0.206293300728649	-2.93203688257891	0.00336746752035627	0.0269128234941176
"AJC60629.1"	142.544602089194	-0.604196153240113	0.180095027748383	-3.35487415057487	0.000794010979007772	0.00883862082238632
"ADJ45264.1"	159.541350124529	-0.604121459160643	0.203270603319141	-2.97200603184196	0.00295860871449001	0.0243400557069827
"AGS72909.1"	362.765806404109	-0.604109797113324	0.20171679002202	-2.99484141626177	0.00274587562019471	0.0229666338040806
"AKQ66823.1"	230.442666367357	-0.603967948885754	0.178173050288692	-3.3897828426193	0.000699480092479328	0.00799617993836312
"ANZ40519.1"	127.539664243663	0.603002561953807	0.196366546849162	3.07080086516467	0.00213485480618968	0.0192673743243347
"ACS98874.1"	110.86592124225	0.602993230985518	0.222616602903	2.7086624408165	0.00675550330334361	0.0457049469503161
"ADJ45107.1"	98.2607385890781	-0.602709106054385	0.188027925477775	-3.20542336742223	0.00134863952944717	0.0134221515344482
"ACU70368.1"	588.158526507916	0.602512792392486	0.22096091010429	2.72678453445955	0.0063954785934901	0.044013721411836
"AAZ96690.1"	538.147605303905	-0.601005008253895	0.169141420025256	-3.55326925932248	0.000380474812152863	0.00486604515350916
"AEB46359.1"	303.054441872288	0.600372663680047	0.220923023991344	2.71756493657072	0.00657642491258019	0.0449386360391982
"ACB75510.1"	248.440308768795	-0.600187621229759	0.196826262104844	-3.04932692828387	0.00229354741554304	0.0202045794353502
"AGT85002.1"	143.968726397363	0.599264478975044	0.153687861399238	3.89923103567902	9.64986645208382e-05	0.00158636324834139
"ADG73163.1"	306.307127047252	-0.598808327976547	0.152615104092466	-3.92365049014901	8.72172414448537e-05	0.00145688179683182
"ALN89297.1"	334.869380288219	-0.598192851223254	0.22317078341011	-2.68042636263899	0.00735284400828197	0.0486539766145165
"ABW75909.1"	90.2099307131065	0.598188501927783	0.215766921107079	2.77238280482725	0.00556475531700347	0.0395508732812463
"AGK75245.1"	310.705481434638	-0.598044645281797	0.193829528222521	-3.0854155750471	0.00203267921797627	0.018566684302272
"ADJ45079.1"	63.4907850878088	0.597984678511665	0.2222376557491	2.69074417877578	0.00712928408700807	0.0474878508921908
"SDT76238.1"	309.220618784483	-0.596172998940228	0.208246321791973	-2.86282606967614	0.00419880982026956	0.0319776604266231
"ACZ38231.1"	268.25116197571	0.595989516897604	0.173891132380436	3.42737153263059	0.000609454597678913	0.00714800624910718
"AAM93699.1"	599.730268971009	-0.595382896153315	0.205061704279446	-2.90343288741014	0.00369096069165564	0.0289202730264739
"AGJ52859.1"	195.137737912828	-0.595095104774457	0.21063942698141	-2.82518383809968	0.00472534958824921	0.0349975891726521
"AIG74282.1"	163.50672331703	-0.593623709137965	0.195938123346394	-3.02964884525567	0.00244838225802213	0.0211297502144228
"AEK42132.1"	60.7943564846413	0.592280698993499	0.189520771857815	3.12514925507928	0.00177714863385933	0.0167405966196251
"ACG44750.1"	163.96895965076	0.592143569738434	0.215773469001776	2.74428349545402	0.00606431417807473	0.0422329700819354
"ACZ29221.1"	578.855385326021	-0.592032408048935	0.17275935040723	-3.42691962347272	0.000610469737658266	0.00715391828190909
"ACU38360.1"	250.77960350729	0.589532923823667	0.19412180255037	3.03692277775289	0.0023900667731376	0.0208384644599066
"ACZ90115.1"	237.329375397369	-0.58912015934213	0.203644969479207	-2.89287852702044	0.00381728899486108	0.0297213473706525
"AJT68063.1"	178.968204450249	0.589002628973451	0.211275263242679	2.78784472887817	0.00530599682456947	0.038235955495662
"AGU11295.1"	690.665766453492	-0.586446339362833	0.153814545691344	-3.81268453335774	0.000137465523934418	0.00211920969607267
"AEU36764.1"	106.559053191419	0.585917841102279	0.211526783647308	2.76994634437981	0.00560655276891033	0.0397345439978341
"AEA24099.1"	676.637660629972	-0.585381141474225	0.143865096336313	-4.06895874247205	4.72237076817299e-05	0.000877289263608301
"AEO65134.1"	152.534152565906	0.584580459435541	0.189386934039776	3.08669899747554	0.00202392426139626	0.0185229760124386
"AEW92655.1"	389.526113114972	0.584322039839982	0.195181900777063	2.99373065593513	0.00275589112790318	0.0230241504078715
"SDO33535.1"	141.819817722901	-0.584261324674312	0.216386829869225	-2.70007802705652	0.0069323215476329	0.046552476384632
"BAL56682.1"	218.498341643472	0.583374543981761	0.209575629365577	2.78359915104509	0.005375942828468	0.0385985641269878
"AGT84210.1"	57.4942419155965	0.582722930615262	0.206538876823367	2.82137164478535	0.00478187691843714	0.0353041735782084
"ANO02471.1"	50.5738520306346	0.582246941289037	0.205905686382135	2.82773609373983	0.0046878434207274	0.0348026688959651
"BAK08266.1"	235.406151805967	-0.578888273852869	0.192038852435367	-3.01443310304982	0.00257459982199433	0.021921683885813
"AEV81239.1"	757.254438121033	0.578720005484536	0.199382274963517	2.90256496265995	0.00370120387575694	0.0289771835955593
"AKN28082.1"	112.388781021333	0.57850440592638	0.181840203718921	3.18138890132681	0.00146570727750465	0.0143445811866509
"ADU35678.1"	608.625655482932	0.576079590500633	0.209575223752842	2.7487962564698	0.00598145537441627	0.0417285882537149
"ANH22692.1"	182.236472175627	0.575456615201158	0.196568271068776	2.92751527025343	0.00341682281743275	0.0272063059149168
"AAU93809.2"	263.713456309359	-0.575065873366411	0.16829054242934	-3.41710154988574	0.000632916662921782	0.00737375567838461
"ADJ50731.1"	87.0892863917547	-0.573915148527004	0.172705682959152	-3.32308201266745	0.000890287356085028	0.0096307901162892
"AGK76953.1"	426.832902220495	-0.573745309321255	0.182332880838737	-3.14669140684888	0.00165129140846336	0.0157564942983436
"AOW91390.1"	393.615627800726	-0.573271478280359	0.151970323865405	-3.77225937077089	0.000161775957269741	0.00242715953897303
"AGG89671.1"	394.175452390607	0.572922556921926	0.19891676492378	2.8802125207569	0.00397407190945695	0.030582220224617
"ACU37797.1"	197.528102528694	-0.571677703106579	0.196609217608996	-2.90768515362029	0.00364114724357887	0.0286100359896812
"AOS61647.1"	609.692973517625	-0.571390578831344	0.186365106299989	-3.06597404511758	0.00216962147667964	0.0195061101818811
"ADJ46211.1"	431.10039365527	-0.570712932449944	0.146448408313267	-3.89702379850476	9.73820529429553e-05	0.00159713412664966
"AGA85453.1"	117.039182668639	0.570406961357984	0.200210211295834	2.84904030451844	0.00438513249081735	0.0330282941116284
"ACF79768.1"	93.2026631883162	-0.570088888102968	0.167707939859258	-3.39929575535536	0.000675596178219298	0.00778673964817928
"ACB79483.1"	606.611731574749	-0.569270849209922	0.197566677042253	-2.88141126698291	0.00395898689277647	0.0305164639455314
"AKC80882.1"	181.44298018056	0.569131649005549	0.167791708489809	3.39189375999539	0.000694113483087126	0.00794544898946417
"AGA59431.1"	649.509721430122	-0.568922945796186	0.174836352270486	-3.25403120351091	0.00113779781395258	0.0117411675633676
"ADU06511.1"	237.693906193772	0.56775498115293	0.20893222796979	2.71741218035077	0.00657946133485147	0.0449484137458521
"CBG74865.1"	181.75453791238	0.567716096840426	0.141069801411284	4.02436305404067	5.71297265464235e-05	0.00101937783581496
"ABK76337.1"	154.133905933706	0.567551747847666	0.212071178121356	2.67623235215343	0.00744550075876727	0.0490687945485989
"ADB33090.1"	591.207930351189	-0.566150850181425	0.201811820549188	-2.80534038412996	0.00502634690509351	0.0366844894618068
"SCF01770.1"	247.993898473037	-0.564923613128997	0.158770854136271	-3.55810653159382	0.00037353782151813	0.00479003939396397
"AEO58688.1"	158.033691641534	-0.564846110925603	0.210783097299206	-2.67975050259275	0.00736770526764359	0.0486936441626416
"AAG06447.1"	119.767871375734	-0.564498880372155	0.210432171143347	-2.68256929206712	0.0073059015013399	0.0484797389029419
"AEK43002.1"	435.183940614062	-0.563639566332402	0.133285135493269	-4.22882539936996	2.34914563175318e-05	0.000483934371645048
"AAU46083.1"	70.1116043096179	-0.563614514159446	0.200919327638688	-2.80517818162816	0.00502887714569721	0.0366844894618068
"ACV35422.1"	130.568489202951	0.563176647717863	0.190750306180556	2.95242853861941	0.0031528503759749	0.0255107511924258
"ADO69318.1"	174.795459677826	-0.562006502271449	0.191303022547435	-2.93778161362869	0.00330569791974299	0.0265175699029011
"ACU72609.1"	544.319927391729	0.560836778066392	0.183791727045584	3.05147999358694	0.00227716223268221	0.0200918480511097
"AKH84905.1"	373.628308608896	-0.559824539608753	0.17140742731567	-3.26604598398038	0.00109060537840037	0.011333551660615
"BAS75026.1"	184.610698561379	-0.559355061226732	0.186033724546191	-3.00674010903785	0.00264065417941569	0.0222939029393882
"ADV84982.1"	214.293865799534	-0.558716490402326	0.179451198693282	-3.11347315855652	0.00184899327557695	0.0171917687622226
"ADJ50544.1"	375.476341066547	0.557084254687482	0.18195264296595	3.06169916307143	0.00220084524015572	0.0196915510844997
"AJC59332.1"	208.435974737532	0.556214345467183	0.178245509563882	3.12049569623429	0.00180546936218081	0.0169333066209762
"ACB25334.1"	327.870490472229	-0.555789394275393	0.173091073318074	-3.21096509266003	0.00132290003463727	0.0132555151645329
"ACB75492.1"	389.962877121399	-0.555322285558439	0.14220799887411	-3.9050003512815	9.42252482293981e-05	0.00155630091411813
"ACU36714.1"	394.549290666685	0.555162935025821	0.1844935525386	3.0091183533889	0.00262007027892292	0.0221806735798991
"AKV04153.1"	136.126728192144	-0.555066122086191	0.206962602961314	-2.68196337958673	0.00731914713479829	0.0485446205131042
"ACU38792.1"	327.919597342899	0.553342407277641	0.192786963403521	2.87022730950663	0.00410176816731332	0.0314094916882121
"SCG16596.1"	201.469605055308	-0.552103255738522	0.204046640697974	-2.70576988599256	0.00681462491805996	0.0459827040747184
"AEI30423.1"	158.712052461865	-0.551620331610426	0.195072008639306	-2.82777798546376	0.00468723006364825	0.0348026688959651
"BAL24090.1"	142.012553128107	-0.551210600442934	0.199506428589235	-2.76287137382337	0.00572953404243918	0.040353216365315
"ANZ27270.1"	227.046240079584	-0.548414903514983	0.154725821970084	-3.54443037711584	0.000393462405886054	0.00500244028845866
"AKT36200.1"	301.284097863112	-0.548163439428122	0.184491580518816	-2.97121114083695	0.00296627770554925	0.024388813698842
"ADO53681.1"	987.275821189455	0.546738430622752	0.197316641095169	2.77086832407131	0.00559070301963268	0.0396748597560549
"ACU75804.1"	375.647275307921	-0.545148839767534	0.167670300700748	-3.25131426071989	0.00114872806418501	0.0118092073553691
"ADI10429.1"	354.349557217157	-0.54493809237643	0.167538098648083	-3.25262192166262	0.0011434552913605	0.0117724946900649
"ACG73487.1"	1046.14853956255	-0.5445698357057	0.172585425104882	-3.15536399075853	0.00160297984677227	0.0154004886033756
"ADG75987.1"	523.897786785873	0.542553075683798	0.181340493042454	2.99190250661103	0.00277244787414474	0.0231073089266318
"AEV84403.1"	467.863265415781	-0.54210723793763	0.164933367332632	-3.28682574487385	0.00101323511157594	0.0106681196629109
"ACU38505.1"	222.929624823538	-0.539308431111658	0.182392273267982	-2.95686007662876	0.00310789117365385	0.0252491356058077
"AAK24775.1"	228.065947777263	0.539046282405105	0.176472979156146	3.05455421551052	0.00225395271779811	0.019974042864919
"ADJ49125.1"	179.678722505153	0.538355515875627	0.187903286482859	2.86506705631643	0.0041692094547805	0.0318214797971741
"AKE88117.1"	220.618653580455	-0.53780115428618	0.175038299531591	-3.07247702774396	0.00212290172593835	0.0191891558204156
"AEK61561.1"	166.751158290698	-0.537155124970709	0.187260346233388	-2.86849370822606	0.00412431401423742	0.0315476216236587
"AFH64876.2"	59.3886276210204	0.537041877824807	0.177388132051507	3.02749609916897	0.00246588896689143	0.021202404028591
"ACG73926.1"	222.601611191743	-0.53512669850969	0.140253508696465	-3.81542467980466	0.000135948920487193	0.00210045583772596
"AHH96213.1"	240.365167783756	0.534039476023881	0.185016649986638	2.88644009099964	0.00389626916556869	0.0301826097286278
"AEG50712.1"	279.426218786067	-0.533951284187499	0.172730036024084	-3.09124745457153	0.00199317452045306	0.0182893850785329
"AEK41957.1"	159.426113473927	0.533093339205681	0.18486263391855	2.88372684033356	0.00392999487017933	0.0303431153848705
"AND70542.1"	394.227568157547	-0.533061523216698	0.184394287928459	-2.89087872083931	0.00384166341998425	0.0298504604790117
"AEV82006.1"	497.650691067118	-0.5312131695431	0.172108284809906	-3.08650551093358	0.00202524192461936	0.0185289780789685
"AJP05029.1"	130.998818163993	-0.53119026119164	0.172958294814653	-3.07120431408553	0.00213197209815753	0.0192507162389315
"ACZ91360.1"	411.032302427635	-0.526022434611009	0.121116014171036	-4.34312867882342	1.40467801743055e-05	0.000312602271669202
"ANB08745.1"	169.769411142765	-0.525608684270564	0.144417793777305	-3.63950085736016	0.000273167028162093	0.00373052883923218
"AKZ58334.1"	183.985671693097	-0.525352988149516	0.158615345117576	-3.31211956674237	0.000925919635636207	0.00993943486168376
"AKH87193.1"	355.0120074668	-0.524590815291932	0.157147449882669	-3.33820762400922	0.000843207175981095	0.00926105456993595
"ADG10482.1"	250.607148580237	-0.52268461135028	0.192447153325438	-2.71599035017366	0.0066077843995667	0.0450356681593214
"AFL04872.1"	215.440524318575	0.521437027833768	0.135116562830286	3.85916439044355	0.000113775387278888	0.00182327174714353
"ADV11041.1"	302.933964806755	0.519772359000089	0.161485327886143	3.21869711511228	0.0012877442866611	0.0129869196863704
"ACB81812.1"	295.632914035707	-0.519047610504299	0.171667942671264	-3.02355583941639	0.00249822920296295	0.0213885091027984
"AKH82094.1"	417.47857930864	-0.518886778015233	0.147171138381107	-3.52573734037139	0.000422305582432149	0.00528514398112223
"AAM36656.1"	287.789115275645	-0.518497585504799	0.161417332876008	-3.21215557379504	0.00131743012481777	0.0132196321772037
"AGL16691.1"	258.674423161119	0.518172845213009	0.154433551206278	3.35531263229765	0.000792753384184142	0.00883516072596307
"ADG73935.1"	794.473383837395	-0.51784769838147	0.185968351501417	-2.78460121951193	0.00535935907319054	0.0385411293637406
"ACZ37245.1"	264.02339123468	-0.515626147247162	0.14314103345183	-3.60222456700846	0.000315505621037424	0.00420014045010163
"SEA49708.1"	465.597375348554	-0.515205931169059	0.183086086200823	-2.8140092011358	0.00489278278967681	0.0359428882130128
"AGI90467.1"	287.154847095647	0.514986783802071	0.184771265313955	2.78715839785494	0.00531724815463649	0.0382776238974552
"ACU71472.1"	261.230374287877	0.514323920160481	0.188961698239964	2.7218421772826	0.00649191378678488	0.0444592795356658
"ADG10484.1"	207.826825347066	0.513848258826599	0.134987697137075	3.80663030575895	0.000140873084102504	0.00216221648165225
"ADV26103.1"	488.304024794077	-0.513776746040727	0.178225417921376	-2.88273553813395	0.00394238273479591	0.0304303686361584
"ABS62168.1"	148.239531543688	-0.513610157309502	0.182277175030744	-2.81774257924983	0.00483625666469303	0.03559301829252
"ADG11585.1"	544.427829812179	-0.512908659253268	0.153916852066763	-3.33237493078919	0.000861081641326597	0.00940938393074919
"ABM61006.1"	388.950635242158	0.51262876455599	0.19131049124155	2.67956431050475	0.00737180411425576	0.0487092348318867
"ACZ20818.1"	238.724937954541	0.511889070527639	0.181367952285217	2.82237883858692	0.00476688303524952	0.0352306381876572
"ADL47341.1"	159.622438592393	0.511233009815377	0.182037378443327	2.80839580413171	0.00497889914035031	0.0364130774120291
"AGI91944.1"	418.04291738233	-0.5098244716631	0.156277083275013	-3.26231115259505	0.00110507774888754	0.01145418610065
"AKJ07784.1"	691.83839378417	-0.509798990920922	0.18723757201194	-2.72273874010935	0.00647432354046701	0.0443817732220653
"ACS17994.1"	423.494236031929	-0.509452700590652	0.158764500798196	-3.20885776120829	0.00133263401014921	0.0133277877916008
"AAK83182.1"	274.78468742207	-0.508794414597031	0.186427038707645	-2.72918788027805	0.00634905197540104	0.0437372192675511
"ACS19997.1"	277.087213133149	-0.507704926749704	0.175569545245499	-2.89175965022737	0.00383090893320853	0.0297877066715324
"AAU43991.1"	197.667704349764	-0.502552272615387	0.16859119090351	-2.98089283266891	0.00287409352297851	0.0237915796183638
"AFE08337.1"	484.597010593206	-0.501357874585241	0.165726715914766	-3.02520852970436	0.00248461756047169	0.021296597256092
"ACZ21423.1"	774.078575106055	-0.500807626593499	0.126704778469632	-3.9525551651829	7.73210960095484e-05	0.00131352026934667
"ACG74825.1"	222.689510590225	-0.500541406824084	0.146501305858576	-3.41663443810718	0.000634003513225686	0.00738027540801094
"AHH94758.1"	532.870339939849	-0.498818187012788	0.172335217333722	-2.89446460642366	0.00379805724949367	0.0296102508373224
"ALN90022.1"	346.257473982192	0.497769447174436	0.184098242050132	2.70382509703101	0.00685463588758945	0.0461970116295027
"ADD42413.1"	360.72865004035	-0.497668398206573	0.17506850313909	-2.84270665072849	0.00447322215036773	0.0335473686905156
"ADL47225.1"	217.215123178343	-0.495594273738038	0.14211651790635	-3.48723907001872	0.000488034887683988	0.00595338767564311
"AIJ13052.1"	200.575147994679	0.492938135749669	0.163764930900719	3.010034767752	0.00261217786515001	0.0221406392711898
"ADC85242.1"	71.1233503376902	-0.49293484420732	0.167251820369565	-2.94726145950529	0.0032060200020719	0.0258513064452779
"AEG43914.1"	934.678232935953	-0.492492755604458	0.140260778876638	-3.51126494198078	0.000445979676481006	0.00552462257644347
"AGZ38905.1"	718.733507570921	-0.492044617464707	0.162396123178642	-3.0299037183507	0.00244631710925636	0.0211297502144228
"ADR35619.1"	191.259206271019	-0.491682686652394	0.17555604386875	-2.80071637419666	0.00509893117769531	0.0370778382469501
"ACZ22469.1"	687.392274264207	-0.486122503420186	0.158510302425836	-3.06681960718379	0.00216349379967266	0.0194724977485458
"CAN95885.1"	409.910944345232	-0.485594793389739	0.152318184122632	-3.18802903400415	0.00143246152341123	0.0141009820004995
"AJQ49367.1"	98.7269657189762	-0.483361655304385	0.166057147384424	-2.91081511948052	0.00360487253040658	0.0283807680993427
"AEN09555.1"	763.500045828295	-0.483294177561181	0.13992169919939	-3.45403307940451	0.000552269629972768	0.00658749174926305
"BAU86309.1"	383.196305969775	-0.481368450324433	0.164292865906035	-2.92994128302409	0.00339026058961006	0.027056367008758
"AGZ39030.1"	1469.98624657601	-0.481198241821976	0.166963190218874	-2.88206185561721	0.00395082167403556	0.0304787003544501
"ACG29772.1"	98.2664206928721	-0.480610963067794	0.158480119054525	-3.03262621163503	0.00242435692690678	0.021039149573987
"ACK52450.1"	316.453461053375	0.479753410712819	0.156910110631606	3.05750476359797	0.00223188093985563	0.0198676434951346
"ACZ29271.1"	846.737289971533	-0.479206879658447	0.101070890184313	-4.74129473664042	2.12356736402039e-06	6.30449543193158e-05
"BAA29068.1"	619.850786962506	0.47524513970728	0.134480943416483	3.53392181549069	0.000409442176022845	0.0051471680107479
"ADI08930.1"	498.367994198108	-0.474768938774782	0.132966273557147	-3.57059670902736	0.000356168920658452	0.00461634495497871
"ADU35441.1"	364.350256826434	0.473080715293547	0.174857223313704	2.70552572166157	0.00681963666793285	0.0459968764244777
"AEE44927.1"	1758.17862767283	-0.472122949044126	0.10479502181734	-4.5052039768363	6.63092171142595e-06	0.000166941802367879
"ADJ45198.1"	154.672306317356	0.471672357663136	0.141434297939395	3.33492204178968	0.0008532331578846	0.00934550684199423
"AGL17621.1"	617.945173386212	0.470897889255028	0.170198389966047	2.76675877691303	0.00566166308226065	0.0399793967267144
"AKL64201.1"	513.90211114667	-0.470395098279144	0.119143065017777	-3.94815340875239	7.87563328354335e-05	0.00133547080197504
"AIV32531.1"	303.59909879179	0.469895346070813	0.147753318624065	3.18026931947558	0.00147138234669955	0.0143779477061782
"AEO63808.1"	135.624083218724	0.467983920020889	0.153393570305834	3.05087050968191	0.00228178959082442	0.0201243317641396
"ADL46519.1"	247.208587415445	-0.467355896629921	0.152580915317066	-3.06300362439658	0.00219127405853778	0.0196435826265846
"ABA48029.1"	103.689458908327	-0.465738250202208	0.171992891120283	-2.7078924435109	0.00677119626747805	0.045753705516854
"ACQ80212.1"	539.542557993423	-0.464231057100563	0.17250822342525	-2.69106624532436	0.0071224050309546	0.047453320144361
"AEL09422.1"	167.516313769663	0.463774508780825	0.134691393216998	3.44323789147871	0.000574793461673773	0.00680666132172576
"ADO46897.1"	168.711659728403	-0.4630738432621	0.154755900573472	-2.99228553836143	0.00276897141857182	0.0230989641937832
"AJF63299.1"	376.272635697842	0.462550417682585	0.151851683301315	3.0460671072362	0.00231856080702386	0.0203800402993532
"AAK54291.1"	339.333584813256	-0.462261886229521	0.157986333524145	-2.92596122663278	0.0034339373270899	0.0273025502938237
"APC36030.1"	114.88983450058	-0.462190274907735	0.142911322014348	-3.23410537662882	0.00122024423694488	0.0123990027674816
"AJX13234.1"	162.826341357221	-0.461590878362017	0.162110831375857	-2.84737839195835	0.00440809322581264	0.0331477244023236
"ACB75524.1"	248.207409164816	0.460683010648438	0.169663406262812	2.71527620950172	0.00662205150673871	0.0450963157340445
"AEF92488.1"	150.124067943003	0.460672091403051	0.168576671862558	2.732715543101	0.00628145561029192	0.0433997115660742
"AEV87438.1"	866.297267977607	-0.460121935676797	0.149952892628009	-3.06844321315115	0.00215177220080321	0.0194019061620863
"ABL69913.1"	429.528674419617	-0.459686990913909	0.13875607375678	-3.31291437173177	0.000923292428484808	0.00993408717442762
"ADU06826.1"	211.681784338572	-0.457832479874157	0.151872894185216	-3.01457664536116	0.00257338181162791	0.0219179790685534
"AEF36751.1"	262.174289273297	-0.45616798302268	0.16941362532294	-2.69262866049364	0.00708911772851084	0.0472990800589584
"AGM03983.1"	477.039464796093	0.455728928384575	0.149179945864722	3.05489404586481	0.00225140044191257	0.019958900181059
"AEB46685.1"	495.916745951254	0.455453460411555	0.161925221721641	2.81273945818339	0.00491214341365847	0.0360661859451305
"ACL41341.1"	279.026476197435	-0.454878993195939	0.156716786471046	-2.90255436854544	0.00370132906621375	0.0289771835955593
"ACS43441.1"	548.039212128521	-0.454863348019475	0.137695884390756	-3.30339102023309	0.000955230897487711	0.0101993303608184
"ADP36352.1"	421.120187971176	0.453088419538669	0.135345734705101	3.3476372234846	0.000815036260485663	0.00902958256769158
"AGN02077.1"	390.377287466976	-0.450123383660195	0.15724264883413	-2.8626036701723	0.00420175778727001	0.0319914090324752
"AEK43424.1"	209.281058989451	0.448175266321926	0.146392701855582	3.06145907986625	0.00220261096425434	0.0196947609566479
"ABC80070.1"	445.66173389861	-0.446590770683632	0.166720812114634	-2.67867439595103	0.00739142302721442	0.0488043111013903
"ABX17772.1"	704.231884530855	-0.445580515232525	0.128372386289455	-3.47099970727215	0.000518524564817358	0.00626526271757736
"ADG73647.1"	356.577009132376	-0.445542468278975	0.16502207998732	-2.69989608853076	0.00693611361920735	0.0465667714348511
"ACZ31698.1"	1142.24428489102	0.445229570820012	0.128424487356763	3.46685885210633	0.000526578324016444	0.00635160997809753
"ADI15212.1"	393.726120622156	-0.445016018193609	0.125881094611302	-3.535209314534	0.000407452265918615	0.00513830343993583
"AEM88704.1"	481.362047391868	0.443182347992826	0.157672737097909	2.81077348024741	0.0049422567341854	0.0362302748180818
"AKF07082.1"	858.639022175434	-0.441167222917231	0.123985516308603	-3.55821579852243	0.000373382499224974	0.00479003939396397
"ADL48470.1"	205.24169902655	-0.44015737598246	0.163289144741951	-2.69557034350354	0.00702682392309191	0.0469842279796707
"ADI03912.1"	342.46722867008	-0.43859554561041	0.162353286058444	-2.70148856397354	0.00690298542334129	0.0464445998346222
"BAT15130.1"	271.356438395002	-0.438428790693333	0.152667182265451	-2.87179460698378	0.00408148146748512	0.031277351876359
"AGT85653.1"	81.5442593790471	0.435827187379038	0.159852794252697	2.72642833312052	0.00640238544222114	0.0440396026634946
"ABS26412.1"	992.910091550655	-0.435128219721297	0.120074896805505	-3.6238067347758	0.000290298558591573	0.00392428703347642
"AAM36318.1"	314.226460744243	0.432920046501999	0.156304678407477	2.76971905711871	0.00561046628705829	0.0397345439978341
"AKL64962.1"	346.971111573039	-0.43186482223896	0.130589817111113	-3.30703290495846	0.000942898155431398	0.0100907403514745
"ADO53462.1"	401.064351116955	0.431169659799339	0.14337232021752	3.00734241550378	0.00263542723645196	0.0222815448890461
"ANJ08269.1"	222.993969529535	-0.430975107605293	0.157982394902461	-2.72799452034753	0.00637206665231729	0.043884963837214
"ACR31555.1"	464.545786649578	-0.429533549520518	0.133742705133015	-3.21164095711479	0.0013197920707567	0.0132385878942689
"AKE89348.1"	153.185416050298	0.429393242963812	0.150022835442156	2.86218589122302	0.00420730063956277	0.032016196984289
"AKF82956.1"	187.983860219825	-0.428699008581249	0.152897698184331	-2.80382905479987	0.00504996720410702	0.0368078317745847
"AGM06012.1"	263.850262964073	0.42785118150577	0.156511228807014	2.73367722410083	0.00626314079235203	0.0432838532763978
"AGT80796.1"	60.6660760254941	0.425964936641701	0.152512889677635	2.79297662998883	0.00522254648904008	0.0377414588299344
"ADR37298.1"	499.917700463559	-0.424564825572388	0.130114702916884	-3.26300422669064	0.0011023787574704	0.0114346779155767
"AGP53089.1"	746.761428724185	-0.422841642444226	0.141615000963273	-2.98585347292332	0.0028278810768511	0.0234854223160852
"ABK08085.1"	125.570631738746	-0.422824017047842	0.154257318047909	-2.74103052223766	0.00612468177473647	0.042589813950701
"ABC90183.1"	172.40957986903	-0.421404764674827	0.153979460536403	-2.73675958603063	0.00620476199330707	0.0429652527243692
"AIS85682.1"	251.284958079597	0.420718437468995	0.1416344631331	2.97045244612272	0.00297361439372	0.0244347838469578
"AOS43631.1"	366.773311913059	-0.418951728340819	0.156426599816401	-2.67826398344365	0.00740048668583752	0.0488296076494714
"ADV27131.1"	330.15162717046	-0.417483797490313	0.125090515384735	-3.33745365271123	0.000845498217448241	0.00928107621728159
"ABC81806.1"	1101.50833915934	-0.406372344442773	0.148252126059408	-2.74108948886123	0.00612358269277279	0.042589813950701
"ADB35643.1"	287.412930368736	-0.405882564584357	0.149474276559814	-2.71540076276562	0.00661956118839497	0.0450903248248919
"ADV26960.1"	580.720586403727	0.405574728628029	0.143252758199186	2.83118268525131	0.00463762243656684	0.0345213713730724
"ABZ69430.1"	396.470632789236	0.404627742571818	0.142564291180234	2.83821242487907	0.00453669791096524	0.0339597312073216
"ADU01828.1"	491.775610149943	-0.404128284543791	0.149302619859857	-2.70677289469619	0.00679407173219474	0.0458771905968461
"ACO32757.1"	206.416328454667	0.403508671749645	0.139488769256721	2.89276816979444	0.00381863040016892	0.0297213473706525
"ADB54299.1"	624.943871767618	-0.403232945491682	0.0949375599431233	-4.24734894949119	2.1631490972394e-05	0.000451599717571322
"AEV84578.1"	543.417808146826	-0.402403898554483	0.145984251084259	-2.75648842642775	0.00584256802979582	0.0409946201910185
"ADH67866.1"	232.216385259672	-0.401526573712545	0.132223516977016	-3.03672586308789	0.00239162855618306	0.0208455893707662
"ACL66453.1"	310.632717170729	0.398972871900022	0.14341894168634	2.78187014357269	0.0054046660594193	0.038717766376536
"ABZ70961.1"	511.690459794648	-0.398345835184197	0.145630671081967	-2.73531552264832	0.00623205074724302	0.0431328782990891
"ACY17277.1"	425.190106816104	-0.398011061772429	0.108832991030169	-3.65708098256805	0.00025510380254559	0.00354964515709063
"ACL64152.1"	312.284943147675	-0.396771926232191	0.123769227068104	-3.20573971116315	0.00134715787165076	0.0134121734618545
"ACQ79078.1"	551.762262472189	-0.383540303433236	0.135327689896686	-2.83415983621714	0.00459463447658115	0.0342834186584131
"ABO03458.1"	189.617449634962	-0.381346153874313	0.122432279798276	-3.11475171827749	0.00184099800166884	0.0171401995526175
"AQZ68491.1"	466.177036132076	-0.376057816851598	0.126759404171555	-2.96670546307275	0.00301009165135557	0.0246493188203059
"AKH81253.1"	1076.8872595655	-0.375876843851658	0.134317308218174	-2.79842448332209	0.0051352575982802	0.0372742213433893
"AEE44521.1"	667.154650645076	0.375599172071473	0.122544467582565	3.06500309219108	0.00217667746654676	0.01955029270242
"ADU07866.1"	387.560690637534	-0.370180078158001	0.125127879781134	-2.95841405452964	0.00309226457926822	0.025173317581039
"ACG73201.1"	561.310594586936	-0.369280548175435	0.104937682034799	-3.51904617116447	0.000433101326556987	0.00539372986578711
"ADO75391.1"	590.333496153474	-0.365675825412087	0.134325275534428	-2.7223158408364	0.00648261532572481	0.0444277352898389
"ADG74943.1"	411.402280333215	-0.362019554304585	0.118257700021286	-3.06127680683307	0.00220395238265474	0.0197004632518525
"AEW92482.1"	409.837011164035	-0.358858938637899	0.122510124211641	-2.92921863353885	0.00339815309595157	0.0271039014456582
"ACN58882.1"	372.973683027378	0.356521670864671	0.131393416605461	2.7133906711263	0.00665985400709488	0.0452876543071723
"AHF92312.1"	457.090564732107	-0.354607298431092	0.119129054880089	-2.97666508634713	0.00291402148222956	0.0240509862666564
"AJF69997.1"	970.045997852066	-0.353273252081721	0.130062166316006	-2.71618766692991	0.00660384728054254	0.0450356681593214
"ABW15739.1"	251.382429470732	-0.346474077027606	0.119934934031433	-2.88885035728455	0.00386653028007062	0.0300020459315014
"ADG73058.1"	649.47035767254	-0.344136039295365	0.127576690727382	-2.69748366518417	0.00698657123559611	0.0467933129932413
"ACU74313.1"	890.952212326314	-0.336116805803123	0.122257241057555	-2.74925888148326	0.00597301902873984	0.0416801198226821
"AEB43942.1"	368.150413811685	0.330904038049066	0.121836702048944	2.71596351907274	0.00660831993136493	0.0450356681593214
"ACG73852.1"	762.576520726526	-0.323784138768247	0.117673671718974	-2.75154275411327	0.00593152765483739	0.0414638477249479
"ABU58410.1"	393.659486430825	-0.309168663429864	0.113246881212532	-2.7300413055053	0.00633263905487748	0.0436994239537466
"AEI10586.1"	456.255220248754	-0.303213446702103	0.10343667643824	-2.93139200855071	0.003374466672199	0.0269610641994529
"ABC37061.1"	386.627481451161	-0.302909271021385	0.107003315532008	-2.83084004935132	0.0046425931549227	0.0345491860619926
"AEI12575.1"	791.629372539581	-0.286421953395696	0.0826947871401449	-3.46360349063224	0.000532991525340852	0.00639864097060141
"ACA20732.1"	683.593586087646	-0.272337040996603	0.0966336469520132	-2.8182423988597	0.00482873403975104	0.035548781819533
"ADL45227.1"	386.046825949759	0.27107637758005	0.100208970346265	2.70511089619387	0.00682815902529581	0.0460407370116044
"AEG43920.1"	705.507883146376	-0.250607430983601	0.082002338790341	-3.05610101712269	0.00224235694452425	0.0199018694736286
"ACZ20251.1"	478.499922620133	-0.237252479891538	0.0873347707515048	-2.71658673687478	0.00659589096774361	0.0450167146594223
