"","baseMean","log2FoldChange","lfcSE","stat","pvalue","padj"
"ABM04928.1",13101.2120009626,-10.8259923663473,1.03387671966729,-10.4712604127804,1.17073675283543e-25,9.75359075331906e-22
"ADG93377.1",16774.4895755095,8.68732488116572,1.3385558801449,6.49007262978466,8.57950038445694e-11,2.8564091872094e-08
"AEF27231.1",38168.9852949748,8.64141631651556,1.14675971970648,7.53550736742603,4.86439725035489e-14,5.35147146198826e-11
"AKK05637.1",833.162187095821,-8.36452951716463,1.16368484773108,-7.18796805980038,6.57626403814013e-13,4.49727591775837e-10
"ACS57135.1",2903.54810515811,8.3263092395813,1.48865964816336,5.59315841593066,2.2297566975495e-08,3.97320659986584e-06
"ADW69716.1",28254.2712562455,8.24793146608961,1.76568063908629,4.671247610416,2.99375789763678e-06,0.000283711820538964
"ACE84027.1",6754.33525639732,8.15150646034697,1.53516135796991,5.30986949223792,1.09703762426043e-07,1.64250550335277e-05
"ABW29834.1",599.391994164112,-8.07455862098271,1.0105809842108,-7.99001638378185,1.34920821921485e-15,1.89661197615519e-12
"ABC02171.1",9077.28909425327,7.8415389426207,0.951195173847846,8.24388007657726,1.66714251301825e-16,3.83488245517279e-13
"AEI03313.1",20494.4437605358,-7.73975015932661,0.61982427033872,-12.4870072530348,8.78982349845259e-36,2.22408903981346e-31
"ACT96036.1",13623.5677426145,7.6561367494238,1.27656579476571,5.99744782510715,2.0044273591512e-09,4.65302985950484e-07
"ACT95943.1",4318.32000480351,7.61957421658683,1.75356474120196,4.3451912766928,1.39154354031239e-05,0.00093893936534732
"AMG93924.1",3351.47067412897,7.54730870609702,1.06895242384386,7.06047204510519,1.65937927574031e-12,9.99696995572788e-10
"ABF42494.1",9680.9803653674,7.53878394281471,1.25309882702972,6.01611283978636,1.78655059931234e-09,4.26463111456606e-07
"ADP10255.1",547.20613104398,7.49382597409543,1.18101765430396,6.34522773371407,2.2209665730425e-10,6.53454851135982e-08
"ABK16223.1",2628.67979412314,7.33224797734265,1.43947687034882,5.09368933143458,3.51162022978024e-07,4.53339421806782e-05
"ACU37728.1",71525.5815293395,7.21603980168176,0.746530071615397,9.6661073358601,4.20052293431102e-22,2.12571663613743e-18
"AGP40336.1",9096.0309542283,7.14410332267319,1.31959784544505,5.41384888383456,6.16842301350773e-08,1.00051030455632e-05
"CAD62686.1",1513.64886563894,-6.85599594621948,0.860806884695802,-7.96461560439575,1.65738172342338e-15,2.20719630251484e-12
"CAB69046.2",1534.26539455055,-6.82969709813618,0.807791508634558,-8.45477703730841,2.79621142278229e-17,7.07525376306602e-14
"AEH87908.1",2896.25736427295,-6.8158685554798,0.989147427954966,-6.89064982918817,5.55380964633495e-12,2.81056090962426e-09
"AKV59543.1",2998.23160815806,6.74444330349211,0.910964923233351,7.40362568467904,1.32515620540332e-13,1.28963182558924e-10
"AFY26879.1",782.643317848598,-6.7040767004722,0.860139645718042,-7.79417241589377,6.4831973160585e-15,7.81163531848706e-12
"ADN16569.1",2944.62260715788,6.62412825295738,0.955799269110674,6.93045963418743,4.19475451582903e-12,2.1661198676331e-09
"ABF09017.1",21986.798704009,6.52269428643276,1.0101991223395,6.45684018347487,1.06911694991533e-10,3.42428685869716e-08
"AAO79251.1",965.792852803773,-6.47980093904078,0.921654913141238,-7.03061508884702,2.05625033547985e-12,1.20998377299178e-09
"ADG10297.1",6785.51541704861,6.34352742643532,0.986718087709963,6.42891572116386,1.2851735332032e-10,3.96570072080982e-08
"AGY56176.1",333.514331462123,6.33119706204312,1.04620391202911,6.05158993313628,1.43423178537853e-09,3.59310563024089e-07
"ADE53917.1",2137.81506865894,6.3045866700732,1.12779982296704,5.59016462113545,2.26854439694325e-08,4.01405446684301e-06
"ADL56818.1",919.806772506534,-6.29845744321224,1.47099657373379,-4.28176214389477,1.85419119883171e-05,0.00116707959960295
"AIT05786.1",18010.1946271352,6.27535454546163,0.77820227918043,8.06391180461534,7.38910761014719e-16,1.28532392117541e-12
"ADV23282.1",3596.24825119352,6.23195979306002,1.41460359352101,4.40544603562641,1.05566431313362e-05,0.000765371751152438
"ACZ89199.1",12427.1150584212,6.12333884186534,1.08633684046632,5.63668524694131,1.73354540650334e-08,3.13313567291101e-06
"AAU12252.1",1064.07347064607,6.096933890516,1.75346952884079,3.47706862892943,0.000506928043684566,0.0149496506868888
"AEI71804.1",624.143222715009,6.08059285550067,1.35671117552495,4.48186243704222,7.39944363323422e-06,0.000582878821283231
"ABE48277.1",762.053310233684,6.06518572841717,1.34655318938891,4.50423033877309,6.66139242430119e-06,0.000533396242126876
"AEV16571.1",3438.07333883253,-6.0094550981687,1.35300795873369,-4.44155192094589,8.93123901215078e-06,0.00067660820576183
"ACZ89712.1",61264.2311690845,5.98183318607435,0.900310866393158,6.6441863686916,3.04896587746755e-11,1.11808671880524e-08
"ABX05714.1",1440.12863030304,-5.91280776437429,0.81039757847002,-7.29618143175761,2.96049632624867e-13,2.58308408769207e-10
"CAY48504.1",984.310115364512,-5.9116994980424,1.20884995769941,-4.89035008885064,1.00656793310059e-06,0.00011421160722531
"ADB37458.1",535.288282044026,-5.89343033211635,1.28347950716579,-4.59176036642017,4.39522866426578e-06,0.000384714475812868
"AAO75562.1",1250.82929273828,5.8933648193357,1.43392635367729,4.10994944351376,3.95745751521857e-05,0.00210368797284823
"AHZ47303.1",798.793112417414,-5.88267933706632,0.935014566777565,-6.29153763597544,3.14336580583267e-10,9.0382482937482e-08
"AEA22835.1",38542.9479085591,5.88145595112004,1.19074123238721,4.93932333167707,7.83941319482516e-07,9.2260777706354e-05
"ACI50811.1",1086.81791993189,-5.8812930030518,0.872084166272273,-6.74395113511969,1.5413639705829e-11,6.20236696641787e-09
"ABQ36175.1",27021.7654310985,-5.8346827172843,0.724601425077998,-8.0522650319881,8.12756698368042e-16,1.28532392117541e-12
"AHV96513.1",2633.16274334196,5.798953520686,1.26004020246548,4.6021972230246,4.18057046278726e-06,0.000369863546922749
"ANH73973.1",1960.68351525097,-5.74947282063363,0.550443519161393,-10.4451639822974,1.54188685188619e-25,9.75359075331906e-22
"AJF93427.1",119.918631858345,-5.73223347749772,1.21383110074136,-4.72243088350324,2.33042298480673e-06,0.000233069931954801
"AFN74376.1",1805.4611638091,5.73110534707335,1.0404421542082,5.50833635862712,3.62240757755624e-08,6.15152878757756e-06
"ACL49975.1",2294.55031784067,-5.71441066963903,0.933647063749354,-6.12052550852676,9.32672501720904e-10,2.45827211573375e-07
"AEA23989.1",8068.58926934412,5.71335672809617,1.11812439368806,5.1097684303721,3.22553913277255e-07,4.25082378523666e-05
"AFR92540.1",511.951407828622,5.70777321785352,1.37875108579568,4.13981412356209,3.47587344977052e-05,0.00190780967244129
"ACX64453.1",3670.29115010225,5.69471630363594,1.04339070433211,5.45789442055763,4.81813996893778e-08,7.96819579307404e-06
"AFK36090.1",647.074618658541,-5.68389320098936,1.27304585810408,-4.46479847116763,8.01441526715467e-06,0.00061825838263663
"ADY53037.1",438.14821848693,5.66648047426884,1.17375931765054,4.827634072044,1.38164669309698e-06,0.000146889942333752
"ARF53290.1",462.286408212807,-5.65823542827902,0.935999488238727,-6.04512662600504,1.49292702378132e-09,3.70348357673908e-07
"ABO58277.1",4011.4777908498,5.64744227771394,0.835104015171659,6.76256151942113,1.35573080348639e-11,5.71734275343601e-09
"SMY24903.1",26041.0842717567,5.63744436765353,1.19868598805025,4.70302016028671,2.56341096926155e-06,0.00025238127531216
"AEC03714.1",634.376306768439,5.63224849117801,1.21084879522595,4.65148787642558,3.29548651885753e-06,0.000304327355425737
"ADE81717.1",963.109859039031,-5.59571443651387,1.03744968690473,-5.39372126392837,6.90132487196452e-08,1.11225619895107e-05
"CAL66130.1",696.066264237441,-5.59516807549094,1.29520685061531,-4.31990308948171,1.56097735888748e-05,0.00102590675615402
"ABP64533.1",3770.42196934918,5.58478714690755,1.20884857240636,4.61992285418374,3.83882753291061e-06,0.00034322916277469
"AGP29857.1",6522.93747232706,5.57862180409185,0.832367283219576,6.70211566042563,2.05423333928239e-11,7.75795017669586e-09
"ABD83001.1",170.032519274972,-5.56249279978656,1.27598468273081,-4.3593727064826,1.30435799623392e-05,0.000889600279749513
"BAK01222.1",3822.43437193907,5.54986645205347,1.03689681102358,5.3523806738058,8.68045442496557e-08,1.32314179707773e-05
"ABX04778.1",1037.31769945601,-5.53047747296634,1.26432968041839,-4.37423684551659,1.21858021552505e-05,0.000840156272300557
"ACE83992.1",761.37208830666,-5.49828725063236,1.26045298819124,-4.36215178363965,1.2878946717935e-05,0.000882273287301704
"AIQ31859.1",2763.91332553729,5.49748009558604,0.756363319912596,7.26830605193985,3.64023315481873e-13,2.97125224246382e-10
"AKK30611.1",951.78873883926,5.47653522679964,1.2800405822425,4.27840749955388,1.88235183011653e-05,0.00117226453984735
"ADY32787.1",2563.28571689689,5.46892867868388,1.20624154806053,4.53385865167485,5.79157937776104e-06,0.000475793288946388
"ACF43940.1",427.082142594146,5.44616944877218,1.34531783154373,4.0482399928668,5.16042183019536e-05,0.002570357353729
"AJW40932.1",1430.17022629877,5.43849205141365,0.844833056821239,6.43735707013698,1.21571710228987e-10,3.79769010360996e-08
"AEI01471.1",697.327531655295,-5.42426011275973,1.24942072836821,-4.34141997935638,1.41564836157807e-05,0.000952663576941754
"AHG44731.1",5329.86888489253,-5.42384332610322,0.633946056625309,-8.55568588118684,1.17169957247307e-17,3.70593928528576e-14
"APO44722.1",6066.61971730606,-5.40641412772803,1.34672583539643,-4.01448757098847,5.95750827927779e-05,0.00286583330780544
"AAI59176.1",236.732554257935,-5.39046630557303,0.881821061897687,-6.1128799690639,9.78489692993085e-10,2.55244584554681e-07
"ABC33213.1",3212.59074398015,5.38700943692594,1.02776310316405,5.24148942527865,1.59285607177399e-07,2.27706424768911e-05
"ACT01401.1",186.148751792814,-5.37878789243685,0.949142928898518,-5.66699464187016,1.45323885352117e-08,2.72897632210235e-06
"ARN21043.1",3605.2948202949,5.37125973607154,1.21526552503557,4.41982400176648,9.87813171535478e-06,0.000737304916795345
"AAC62855.2",1044.07062402362,-5.37017104811861,0.882386351392231,-6.08596341007037,1.15792886630419e-09,2.95950243475706e-07
"ASA26418.1",82.9828177011955,5.35164226381221,1.32463015067138,4.0401030137354,5.34277292053101e-05,0.0026415966202911
"ACT03723.1",1918.63940180067,-5.34322147601,0.717494251205527,-7.44705824058154,9.54444925373586e-14,9.66012797869114e-11
"ADW21705.1",2677.00390204579,5.33211006610379,0.665209470839954,8.0156857348573,1.09524220181156e-15,1.63017137837871e-12
"AJE26316.1",129.591560680402,-5.33085208583905,1.2293516658988,-4.33631175985886,1.44893399531402e-05,0.000967345036502127
"BAQ02386.1",2151.22604697406,-5.31042179092626,0.922300657401709,-5.75779898703173,8.52177449486451e-09,1.72501168034845e-06
"ABC79625.1",1263.49086277439,-5.28592569927844,1.42444950544239,-3.71085509109486,0.000206560327522506,0.0075528843458121
"AEF99156.1",872.211627967405,5.28578623918057,1.40931313942915,3.75061162157448,0.000176403754420191,0.00673234419018717
"ADG68554.1",982.011605791162,5.2729765200206,0.851654620557384,6.19144943588703,5.96134622027008e-10,1.6575817957307e-07
"AAO36724.1",1254.15853118398,5.27260554656006,0.969795577508704,5.43682160327519,5.42393950766894e-08,8.85431879758369e-06
"ADK80806.1",5405.26532468704,5.25603925647432,0.722733802422796,7.27244144227748,3.53047643051811e-13,2.97125224246382e-10
"ACI91346.1",717.479682093437,-5.23867403614913,1.19839065608758,-4.3714243010305,1.23438647543848e-05,0.000848741331196193
"SDM70148.1",1059.02846451597,5.22606754999073,0.72658903677387,7.19260446482238,6.35668960327111e-13,4.46786991754358e-10
"AAT94297.1",776.105294064795,-5.2252997575769,1.11317090345697,-4.69406785728018,2.67825127318683e-06,0.000260645353713256
"ABD82184.1",661.429653291874,-5.19693456428252,0.761852844354012,-6.8214414408193,9.01315094223048e-12,3.93206479812513e-09
"ACS99803.1",4336.12697138591,5.1826302538994,1.08955459696918,4.75665034897373,1.96831656457771e-06,0.000201636898921093
"AQT62048.1",867.4047981476,-5.18195436718743,1.13872142434403,-4.55067785360458,5.34733653313893e-06,0.000449513808299051
"APZ48088.1",282.141284316632,-5.18080656780436,1.03112307656032,-5.02443082263935,5.04927757141492e-07,6.3563119596772e-05
"ANR69582.1",393.462895083086,-5.17336762978649,0.691794029395795,-7.47819063183424,7.53528407805532e-14,7.94438720945974e-11
"ABJ81932.1",2970.99956798981,5.13700050225564,0.900404437108406,5.70521455753017,1.16196627998717e-08,2.27916533197794e-06
"AEO58921.1",2861.33166416229,5.13062311709071,1.20044746574118,4.27392556818216,1.92061173701831e-05,0.00118241456889962
"AAQ12660.1",345.465510303538,-5.13028215051879,1.31275938058466,-3.90801408574504,9.30578821528733e-05,0.00403115510124214
"ACR76485.1",900.172703916277,-5.12430382057053,1.03540837458813,-4.94906545700762,7.4570667174492e-07,8.81711024072977e-05
"AIX72400.1",3104.43761621464,5.11073790150961,1.03203151659612,4.95211417415428,7.34115086290965e-07,8.72080470817854e-05
"AFC31541.1",592.053548317925,-5.09608033991441,0.70467837962171,-7.2317818841698,4.76697396805599e-13,3.48132007375667e-10
"AGL16994.1",7019.2857685904,5.08985410483146,0.730779802290807,6.96496275468489,3.28490644788242e-12,1.88904517842656e-09
"AKH81615.1",12262.9748324976,5.08585702150098,0.784775130295737,6.48065519046763,9.13251647007103e-11,3.00103979535334e-08
"AAZ61138.1",1775.56840167335,-5.07595899504999,1.00818291203998,-5.03475999685334,4.78447894063158e-07,6.05308353174004e-05
"CAK41095.1",245.108338107215,5.0360101596094,1.13628477935233,4.43199649517427,9.33645358634319e-06,0.000704909662738536
"ACL76949.1",120.438181029237,5.01621844589358,0.557533365737973,8.99716277832792,2.3162598581968e-19,9.7680538653256e-16
"ACF81165.1",1378.23211834729,5.01387247114386,1.09269610528909,4.58853330479964,4.46371100658396e-06,0.00038812810858967
"AJF71746.1",10683.0262979295,5.0059010833631,1.01730651042205,4.92074024109637,8.62174969513795e-07,9.9614672390902e-05
"AHZ67757.1",690.951273908894,-4.99471426642772,1.14511106101998,-4.36177278907671,1.29012811248322e-05,0.000882273287301704
"ACE85112.1",2296.76740746,4.97390843766529,1.16035862733232,4.2865268723863,1.81488257225806e-05,0.00115535217440475
"AET59923.1",152.817143162464,-4.96987995274414,1.13134801987341,-4.39288341468987,1.118571188561e-05,0.00079727343053969
"AFH63886.1",579.554801336979,-4.95030007364832,0.734523094181984,-6.7394750592033,1.58959877222893e-11,6.28462777089197e-09
"AEI43954.1",1171.43624632266,-4.9306179931095,0.697711748689596,-7.06684100184627,1.58500379403871e-12,9.99696995572788e-10
"BAD25039.1",4418.57377265271,4.92661316637135,1.11516757972369,4.41782316483058,9.96999366716994e-06,0.000741972793412944
"ABB33033.1",726.544133613267,4.91226205741124,1.05490989156361,4.65657028784722,3.21520544254215e-06,0.000299096850414133
"ACX83674.1",733.045657934693,-4.90897388196289,1.22387055699689,-4.01102375892468,6.04560253983929e-05,0.00290269224033309
"ADI18519.1",1268.87516171748,-4.90402321038107,0.725682107074052,-6.75781194351625,1.40091194126112e-11,5.81102866389017e-09
"ABP84474.1",2862.79957273948,4.89875787158013,0.945970660594135,5.17855159324219,2.23615234901713e-07,3.0420087573753e-05
"AEM77594.1",138.41035621885,4.89622046850465,1.27683484560268,3.8346544859477,0.000125740922714567,0.00508246416525032
"ABR38886.1",159.324885276407,4.8908104839432,1.13716391007648,4.30088436733298,1.70117818443338e-05,0.00109808447961015
"AJE39240.1",1494.7255814019,4.88984789603253,1.13268754604937,4.31703157069882,1.58141546730556e-05,0.00103664651733763
"ADV44431.1",101.051459907236,-4.87051607759874,1.26806257608958,-3.84091145771238,0.000122578325555757,0.00500117173658123
"AJI95063.1",335.040277109659,4.86598464001478,0.880759784618753,5.52475797032568,3.29940121622826e-08,5.64086141717728e-06
"AFH63139.1",479.309420590971,-4.86284940438707,0.834109444868497,-5.829989618633,5.54308242362691e-09,1.16880512137526e-06
"CCA66590.1",772.526778876201,4.83604496995021,1.28329001606675,3.76847392982341,0.000164248635475071,0.00637420739789221
"ABR45241.1",464.346872173254,4.82688313621125,1.23293932935723,3.91493970650418,9.04268020747015e-05,0.00395176057495021
"AGR57123.1",870.788838474677,4.81011263592724,0.866823869605168,5.54912342009942,2.87105452526391e-08,5.01561348832446e-06
"ACC72866.1",2294.56555962265,-4.80733697810673,0.705636874943509,-6.81276326225382,9.57416270823776e-12,4.10601761028034e-09
"ADT70315.1",331.06308505506,-4.78191765697444,1.11566572920315,-4.28615626688639,1.81791133760817e-05,0.00115535217440475
"AJQ46025.1",505.025084373151,-4.76181988854847,0.617612657460657,-7.71004258255799,1.25775764414695e-14,1.44659280317501e-11
"AEW96231.1",2930.98651716604,4.76016702174054,1.3369246936534,3.56053489350434,0.000370100124605012,0.0116911903281905
"AFZ45346.1",214.243697036365,-4.75870837895012,1.00760199621636,-4.72280562843217,2.32613143443262e-06,0.000233069931954801
"CED82288.1",355.238443900874,-4.75447170722541,1.27178155131474,-3.73843424785518,0.00018516990686411,0.00696189324425346
"AFM17736.1",3347.7430927671,4.75395523385073,1.05207267845962,4.51865667760824,6.22332125729008e-06,0.000504707364657728
"CCH03276.1",395.372749918883,-4.73673585347788,0.910901303598356,-5.20005387495466,1.99230769322157e-07,2.7547192110156e-05
"AGW91096.1",615.048890517673,-4.72997285532083,0.766208466844718,-6.17321924775783,6.69133187861767e-10,1.82054591962003e-07
"AQA03414.1",870.057623210635,4.72685754255692,1.07877579291747,4.38168669856179,1.17764069820475e-05,0.000825932114414503
"ABO26609.1",412.528332603193,4.72259212769197,1.3293205516463,3.55263606046207,0.000381391724927213,0.0120328613663757
"ADZ42419.1",527.976451836269,4.71606105640129,1.54139163183647,3.05961246901439,0.0022162355711552,0.0432362441456746
"AFC30817.1",493.590606048685,-4.71351126797541,0.829527131207641,-5.68216649058048,1.32999092945148e-08,2.56891301434434e-06
"AEA85782.1",1651.98186332623,4.71208527054786,0.766269158596384,6.14938656695937,7.77831914936821e-10,2.09377456847302e-07
"ABD26648.1",910.153594532001,4.70083552446143,0.861579729843524,5.45606559861288,4.86800151086965e-08,7.99837936555421e-06
"AIV41319.1",2514.00024986105,4.69721794165046,1.02995114995601,4.56062206625147,5.10023036973705e-06,0.000434544753388747
"AEJ39452.1",596.681269775228,4.6657934106923,1.25731837282995,3.71090847912342,0.000206516763630036,0.0075528843458121
"ADQ03379.1",404.221331987838,4.65533844739315,0.906806396100535,5.1337732810577,2.83990171129501e-07,3.80201232808982e-05
"ALQ07772.1",218.713749865753,-4.63950288357752,1.12924060560949,-4.10851581189237,3.98209945594433e-05,0.00210862927385897
"AEV26342.1",2283.96711448236,-4.63202289150288,0.884208939160826,-5.23860672105281,1.61793405692731e-07,2.29992053047369e-05
"AFC31829.1",487.97059502041,4.62884664042092,1.2123118222228,3.81819805397411,0.000134429986962548,0.00537358919449186
"AEH00519.1",313.948190349054,4.6205609153342,1.01191437524817,4.56615799553299,4.96744425461589e-06,0.000426072006693376
"ACS21754.1",2429.93767236805,-4.61734152228844,0.986392128758395,-4.68104051894701,2.85422513512324e-06,0.000273968230457002
"ACU08170.1",293.223427877596,-4.60970147583008,0.924431873915802,-4.98652372976263,6.14753590125935e-07,7.51454593766016e-05
"ADE53100.1",103.951323478127,-4.59061901817176,1.17659002820524,-3.90163005645582,9.55471032907159e-05,0.00412564565625424
"AIT61788.1",1587.88480639312,4.59020022158582,1.12360006347158,4.08526162538964,4.40271798673451e-05,0.00226426774834031
"ADG69043.1",555.594976262418,4.58867633225536,1.21022439057595,3.79159135114738,0.00014968506956079,0.00588118216629918
"ACY30855.1",552.211345940759,-4.58377639109585,1.12376342531104,-4.07895139479835,4.52392931536298e-05,0.002310107824593
"AAQ58428.1",3235.95194735597,-4.5816562944175,0.780655238551231,-5.86898808611124,4.38462939157775e-09,9.56416185302515e-07
"AAF53127.1",177.478034790577,-4.57767552065159,0.805473424162506,-5.68321111948696,1.32188920855339e-08,2.56891301434434e-06
"ANU39676.1",334.668818003503,4.57313748297275,1.24081658642304,3.68558700214989,0.000228176115549864,0.0080748814709905
"ABP81441.1",1685.64483103572,4.57026275982796,0.763211759074812,5.98819751593996,2.12179299505422e-09,4.88070255944154e-07
"ABM06664.1",1496.85569823211,-4.56625907324638,0.855413132608333,-5.33807455039053,9.39388351110732e-08,1.42331397893143e-05
"SHO77371.1",191.689091208276,-4.56151693654162,0.772362135464673,-5.90593029757639,3.50662223506166e-09,7.85204092157215e-07
"ADU12950.1",108.785120073079,-4.55222034263318,0.935849673278436,-4.8642644995387,1.14883200687648e-06,0.000127729512627678
"AGB28354.1",730.187112734784,-4.52409451626132,0.651308537197057,-6.94616185399782,3.7535810709922e-12,2.02078429445352e-09
"ACK79240.1",3859.2985312921,4.51430102301421,1.01004578796082,4.46940235464781,7.8438457262513e-06,0.000606950545600418
"AEG47711.1",4482.39182654797,4.50927738240501,1.08332832534311,4.16242913336256,3.14879880136921e-05,0.00176660878206308
"ACY49514.1",1771.73751716916,4.50835829385123,0.696466188664562,6.4731904681486,9.5954869572288e-11,3.11275136511231e-08
"ACE84280.1",1053.60105934092,-4.50254245322195,1.05309486623998,-4.27553357020725,1.90680064610764e-05,0.0011767750426454
"AEG93719.1",2914.99069761205,4.4859094417031,1.10555141381017,4.05762173126156,4.95749784033895e-05,0.0024888803145654
"ADY40389.1",982.979276994919,-4.48465557643984,1.07695784354735,-4.1641886015408,3.12461755357741e-05,0.00175693773240376
"SDS73681.1",6195.18529456402,4.46433247709527,0.641961286560701,6.95420825298186,3.5454754185282e-12,1.95024270684824e-09
"CAP60171.1",604.505490338013,-4.45788416317679,0.803489597816605,-5.548154170621,2.88701253811264e-08,5.01561348832446e-06
"AJE06636.1",54.472970023242,4.45366188161653,1.3731338416526,3.24342882428448,0.00118100313911093,0.0276428539862718
"ANS66191.1",3540.62953700048,-4.44525286077006,0.649661022531091,-6.84241890247821,7.78669890339024e-12,3.78897773754775e-09
"AAN47729.1",82.37017034127,-4.44439665405019,0.95482860973314,-4.65465383917678,3.2452545917722e-06,0.000300786362401509
"ALE59441.1",972.77429235065,-4.44053118941563,0.854277871378499,-5.19799392936423,2.01450705862428e-07,2.7702756578462e-05
"AMQ85331.1",263.394612068977,-4.4370931698769,0.736835617049859,-6.02182232672482,1.72464156526736e-09,4.15605766913906e-07
"AMJ58303.1",3348.49892036036,4.43150835213566,1.15038195462924,3.8522060732115,0.000117058445147063,0.00482398996344648
"AFN75823.1",434.931719878032,4.42801871045123,1.30454406927155,3.39430366114332,0.000688033555598374,0.0185008640353939
"ALV47021.1",850.198721484788,4.42607823752675,1.02569612511223,4.31519446077897,1.59462467910902e-05,0.00104260434768722
"ADH62373.1",535.82441922922,-4.42141487808917,0.97442505436796,-4.53746017538211,5.69357779458488e-06,0.000470799342929351
"AMS14954.1",821.803311572894,-4.41979948715454,0.822492948181226,-5.37366246960295,7.71532221781733e-08,1.22012998798395e-05
"AJC73971.1",225.303324391811,4.41693488948869,1.35197047948959,3.26703501037702,0.00108680239199918,0.025869577539751
"SDG26162.1",444.720538398908,4.41122896738221,1.13735011759874,3.87851453930082,0.0001050962464715,0.00446182940347041
"ADY17919.1",177.696110813607,4.40611730936491,1.18767238219895,3.70987603602187,0.000207360755073696,0.00756133473741788
"BAD40606.1",913.312545564729,4.40091659365831,1.18914315158879,3.70091404704164,0.00021482424040048,0.00772428791439395
"AJE20009.1",2223.64530982033,4.39930080215087,0.72873799010803,6.03687588936966,1.57126476898313e-09,3.85997208248352e-07
"CCB70077.1",817.575316379751,4.39728424001741,1.18531654172133,3.70979741296079,0.000207425159652038,0.00756133473741788
"AAO13692.1",1205.14537282044,4.38586151130995,1.36892640117482,3.20386947577749,0.00135593933738586,0.0303622416405968
"AKE58387.1",5346.04944086623,-4.3782031613107,1.17654692518502,-3.72123122978899,0.000198253798662945,0.00732323484316567
"ABB25903.1",318.757702021216,-4.37819900298107,1.12939638252151,-3.87658316489931,0.000105933612019552,0.00448233810189083
"ADZ82256.1",300.166561156081,-4.37443683013651,1.02211475764315,-4.27979030478273,1.87069484017977e-05,0.00117226453984735
"ACT16262.1",94.6487113306343,4.36121590949684,1.39757997353397,3.12054837081623,0.00180514648627091,0.0372973091226944
"CDR47410.1",765.366246703138,4.35685589482147,1.23686334309751,3.5225038555274,0.000427490823642406,0.0130637684910916
"CCT63073.1",155.605302721122,4.34776584846146,1.05370296585752,4.1261778597379,3.68842052068561e-05,0.00199846048040488
"ACU39097.1",883.587622129732,4.33451954403123,1.13184638230773,3.82960056398602,0.000128351424283727,0.00516323702488258
"AKD53832.1",237.390980484512,4.3307434812032,1.20280965673504,3.60052270694164,0.000317578091061324,0.0104359460235386
"CTQ96552.1",1096.65266122112,4.32793318374927,0.966575120167453,4.47759630208513,7.54881779452307e-06,0.000587716112784053
"AEI97710.1",397.749939827984,4.30532580124375,0.873924436179163,4.92642798737477,8.37464565911633e-07,9.76514558122675e-05
"ACS89078.1",214.74138130353,-4.29304337772879,0.80758174485027,-5.31592424556939,1.06117294468458e-07,1.59826541781868e-05
"AAY51245.1",8501.53580003769,4.29129419039119,0.652362577735958,6.57808147929676,4.76557078670567e-11,1.6518251728221e-08
"AQQ07796.1",475.405877760163,-4.29020144558218,1.08326027380784,-3.96045304098656,7.4807703367802e-05,0.00340442323438039
"AGT95925.1",214.697645187368,-4.28752753948506,1.017398394013,-4.21420710384008,2.50657202625974e-05,0.00145467412799197
"AEH25509.1",189.484643920939,4.2867073534093,1.15032806667132,3.72650853057395,0.00019415050424632,0.00721369240672709
"AJK91787.1",479.072548222068,-4.28118181685239,1.162055460814,-3.68414586155252,0.000229470816298216,0.00810935763239353
"ADE81837.1",246.217181582283,-4.28111487902371,1.01073581975123,-4.23564179221177,2.27899837704681e-05,0.00134282809419955
"ADF61080.1",646.281297120718,-4.27505889082598,0.824635042570374,-5.18418290532584,2.16963933481603e-07,2.96748022101892e-05
"ABD51489.1",2547.88624759799,4.27350783866308,0.620938290607099,6.88233903965695,5.88776762679269e-12,2.92114086785756e-09
"AEG59116.1",181.002305831972,-4.2720586580134,1.14287768399419,-3.73798414112277,0.000185501644625925,0.00696401797324894
"ACH40432.1",633.798578850584,-4.27142031463227,1.15266681571055,-3.70568516106644,0.000210820048318622,0.00766433862443403
"AIE85386.1",891.100267801,-4.26115596768002,0.709806950446507,-6.00326041467968,1.93394058015137e-09,4.57331761678224e-07
"AME07261.1",94.7474065382233,4.25501956571824,1.00057262624905,4.25258442425062,2.11317510530583e-05,0.00126705378411264
"AFC29355.1",854.514254788298,-4.25202511977784,0.664049287802391,-6.40317698984291,1.52176609160432e-10,4.58395802569809e-08
"ACJ31677.1",467.567012446225,4.2495951269788,0.808683613992433,5.25495391949238,1.4806153801216e-07,2.14080062646954e-05
"AGP33178.1",1000.81416946585,4.24872886642285,1.24232049687373,3.41999417792323,0.000626224759523767,0.0172419641895864
"ACL07680.1",865.066265174446,4.2325782003241,0.895238867582823,4.72787582575834,2.2688085860383e-06,0.000229463782930468
"AAM43336.1",8468.18878589406,4.2237570990217,0.658483109458921,6.41437424642886,1.41402454754252e-10,4.31073049716486e-08
"ABS67196.1",2904.9635056622,4.22014006934794,0.963699079952915,4.37910563280202,1.19167362210094e-05,0.000830658888705785
"ADB39231.1",177.128095640515,4.20560147812564,1.21733473779803,3.45476174099238,0.000550779314885619,0.015694109239359
"AHV98773.1",35203.6033500778,4.20505002200166,1.26012301732963,3.33701548513312,0.000846832298734789,0.0215134514607293
"ACL93333.1",67.821861913147,-4.18639736083872,1.18483624670196,-3.53331304008613,0.000410386233873363,0.0126479937584625
"AAO43396.1",264.165251901696,-4.18568933923225,1.18272308106927,-3.53902735663878,0.000401604231479951,0.0124581899525698
"ABQ39578.1",550.113758462308,-4.18559813348843,0.737777769122692,-5.67325054869248,1.40113071359449e-08,2.66562484557004e-06
"ADB39125.1",201.705952904974,4.18344364236307,1.29819356300818,3.22251146637113,0.00127072079573516,0.0289990081777846
"AAP95805.1",73.2496991814798,4.17662931685316,1.07594778444757,3.88181413375705,0.000103680110193516,0.00440910559365804
"AKF41069.1",994.911140064147,4.16859527251712,1.3650119042001,3.05388931751473,0.00225895406411888,0.0436656338307105
"ADC84229.1",253.417088244444,-4.16104927569729,0.966083235151974,-4.3071333031079,1.65383950199837e-05,0.00107300258766832
"ABD82495.1",128.767137052744,4.15904777366154,0.92459261670023,4.49824895693492,6.85154377772112e-06,0.000543462734193346
"ANS70234.1",1233.83393937469,-4.1549500024907,0.618770815574924,-6.71484481476421,1.8826647432645e-11,7.21773727254873e-09
"ABD83173.1",96.100584190971,4.15465459741062,1.11349829751056,3.73117283313244,0.000190590408190389,0.00712137497986052
"AFZ31002.1",658.073445196617,-4.13409906748665,1.32049021597632,-3.13073055556875,0.00174372065921086,0.0363534963056604
"ACL76656.1",410.866813475387,4.13240923035899,1.36589859187721,3.02541437185294,0.00248292699413943,0.0462632560623785
"ABQ13121.1",178.867736190148,4.12991916873548,1.26045832908192,3.27652178056817,0.00105094206455042,0.0252295892403409
"ARU26155.1",201.242737367944,-4.12943295188931,1.11592688795763,-3.70045116436525,0.000215216495263318,0.00772428791439395
"AMK53201.1",189.896808396434,4.12747521620313,1.11509298543796,3.70146281081846,0.0002143600781066,0.00772428791439395
"ABO96670.1",1557.84397053631,-4.12171355017522,0.594721985558445,-6.93048794270642,4.19391513955751e-12,2.1661198676331e-09
"AIQ25945.1",66.741677677515,-4.10977047037086,1.02656584635756,-4.00341632731409,6.24342892393172e-05,0.00295874713281821
"AGB41598.1",226.274790344029,-4.1096554946285,0.957414018267743,-4.29245385613231,1.76709282001581e-05,0.00113484136103706
"AAO47607.1",1126.12656581404,-4.10785441834516,1.19125601531833,-3.44833886714726,0.000564045901519728,0.0159642655997245
"ADP40884.1",454.556561845364,4.10705758290926,1.22970600963358,3.33986948972711,0.000838177695222867,0.0213579156316457
"AEY65332.1",103.441943722698,4.09984206782644,0.95109489209722,4.31065512168407,1.62771598296255e-05,0.00106149735868302
"ADB53806.1",5195.95206876598,-4.09949784839627,0.825953817845326,-4.96334995955424,6.92875714882893e-07,8.26973311966125e-05
"ACO76555.1",891.895323322188,4.09365183974573,0.696748594156632,5.87536433381804,4.21914377639184e-09,9.28321695426459e-07
"ADY37532.1",171.023507532928,4.09066889042294,0.831736877986548,4.91822473992682,8.73326127983512e-07,0.000100444413710758
"ALP95339.1",378.712840893565,4.08016660572334,1.18128529617379,3.45400608890933,0.000552324905101542,0.0157204466521758
"AEL09293.1",8458.04631029431,4.07227384618696,0.596594871977803,6.82586129627087,8.73993435471095e-12,3.93206479812513e-09
"ASB50186.1",88.8246037031658,4.06964106982611,1.08325167314376,3.75687494487352,0.000172048417688839,0.00663343736918051
"ADW68878.1",567.085813695188,4.06535347467125,0.949322977061443,4.28237130344748,1.84912083988578e-05,0.00116679063869401
"ABW19905.1",163.633612603287,4.04769604003588,1.1336208643793,3.57059063327327,0.000356177182937435,0.0114224984282204
"AHH21332.1",471.710413267016,-4.04123084040017,0.384746017336319,-10.5036326779377,8.311855900707e-26,9.75359075331906e-22
"AGN70393.1",89.895166166071,4.03334721859537,0.921460375005402,4.37712497248916,1.20255029680455e-05,0.000833647401645085
"ACT07852.1",230.160620486903,4.03323283511154,1.11762845032485,3.60874209486995,0.000307685302548064,0.0101371890760074
"AEA83387.1",440.050522216604,4.02832331149582,0.941631674677953,4.27802443335772,1.88559328031408e-05,0.00117226453984735
"ADI00741.1",84.11881708646,4.02688416765921,0.95667483602355,4.20925064193921,2.56219038591703e-05,0.00147679050876671
"AMO50139.1",197.437982366321,-4.02618137551982,1.1002863807444,-3.65921222508988,0.00025299176501594,0.00875711440519608
"AJO25045.1",351.387211644408,4.01752197710383,1.01663758313903,3.9517740084909,7.75739817067692e-05,0.00351136754763217
"AIQ60673.1",3383.00191537365,4.01432016823663,0.498530997782638,8.05229802377684,8.12537577201764e-16,1.28532392117541e-12
"AOW29993.1",235.014502610397,-4.00777001823847,1.10634118944296,-3.62254434389846,0.000291719431890511,0.00979731474450189
"AEQ08501.1",21540.8538782169,4.00563298547905,1.04438623989056,3.83539425595919,0.000125363034804057,0.00507529739143529
"AFU52647.1",231.887303988694,4.00513691282432,1.20945418858635,3.31152428146588,0.000927891870430176,0.0231540655478853
"ABB12770.1",1270.52604480979,-3.99570808940794,0.74555009270153,-5.35940928520221,8.34945056941771e-08,1.2961113359385e-05
"ACL48043.1",2292.99499399342,-3.99478374483652,1.13594465581341,-3.51670631521744,0.000436936939522107,0.0133077091447134
"AJK69904.1",2123.2681377205,-3.98441667392601,0.940729580616621,-4.23545379673757,2.28090601191869e-05,0.00134282809419955
"ADU15260.1",2081.97957710324,-3.98433076260634,1.13903082411975,-3.49800082511856,0.000468759682382477,0.0140201255831251
"ABY29770.1",2514.48287781404,3.97745861274846,1.22861219531014,3.23735888991761,0.00120641586653877,0.0280054501569086
"ADO71774.1",298.165271994899,3.97626450704894,0.703896455123406,5.64893384262296,1.61445967226685e-08,2.96019370198319e-06
"ASA26394.1",120.142984861786,3.96515029751204,1.16617895627255,3.40012163329188,0.000673558835581278,0.0181707174305289
"AAW66447.1",190.059859284823,-3.95773170403894,0.883603708675909,-4.47908000518654,7.49654345020481e-06,0.000585447650989297
"AAZ28124.1",533.767466613418,3.95066869165559,0.84668499901486,4.66604309306566,3.07055331248427e-06,0.000288761029632866
"ACU75494.1",4679.08550726109,3.94909493062208,0.815775600496067,4.8409083677186,1.29246963281366e-06,0.00013975794495335
"AAU91727.1",389.330332420999,3.93213087484021,0.991712812749233,3.96498948515098,7.33991825181957e-05,0.00337063432896172
"AEG56685.1",164.237568588212,3.92933358992779,0.983222243733964,3.99638394571449,6.43173899029732e-05,0.00303058271269075
"ADU65528.1",233.752087490683,3.92590438912939,1.21414017483356,3.23348528489932,0.00122289635900284,0.0282842290419095
"ADV47234.1",107.465668318598,3.92430910943937,0.957036353376554,4.10048071381392,4.12292797206478e-05,0.00215544434443969
"AIE86071.1",400.771338511429,-3.91823314558381,0.965213023228929,-4.05944910738579,4.91886268909229e-05,0.00247439329268593
"ACK85576.1",1735.39057201577,-3.91264464286686,0.437846592246044,-8.93610847305211,4.03116262447199e-19,1.45715011267164e-15
"ABV13340.1",1848.13668654725,-3.90890148023797,0.546916182478354,-7.14716734568862,8.85868591938985e-13,5.8987192057453e-10
"ACU59074.1",598.75727138803,-3.90620581703312,0.891634364762324,-4.38095027671389,1.18162836587776e-05,0.000825932114414503
"ABQ72605.1",121.151169136334,3.90561355943181,1.13958146908096,3.42723505549942,0.000609761005530649,0.0169175249155066
"AHG97584.1",1405.96480647134,3.90454905444095,1.06193154880413,3.6768368534092,0.00023614396031487,0.00828441181443531
"AAM39347.1",158.86811999583,-3.90122934913827,0.546468404640288,-7.13898427797715,9.40230865325364e-13,6.10016963726351e-10
"AGJ81161.1",2307.40844464249,3.89929791095809,0.560596993559952,6.95561687942069,3.51022616506442e-12,1.95024270684824e-09
"AKA36092.1",377.603282882409,3.89861395686707,0.940028897078552,4.14733416066601,3.36368949832135e-05,0.00185949606131307
"AEI43151.1",501.059079699538,-3.89656175666072,0.795126393699557,-4.90055642415646,9.55656056703335e-07,0.000108923266679119
"ABG59366.1",109.943520537453,-3.89511037139802,1.20528066410841,-3.23170402329435,0.00123054442616106,0.0284091839554317
"ABV87727.1",141.194589734831,3.88652345314162,1.0903556154753,3.56445493376711,0.000364613087984556,0.0115994419167913
"ACO33834.1",126.037325016691,3.87988944809421,1.03727811470965,3.74045243322256,0.000183689307982134,0.00693715008936112
"ADM98059.1",458.264489624919,3.8785995895976,0.910876675381135,4.25809518942253,2.06176160410897e-05,0.00123916279973324
"ACG38761.1",651.242822667662,-3.87455019573792,0.471000647384155,-8.22620991554134,1.93230255811117e-16,4.07442096899059e-13
"AFN74120.1",290.400998418927,-3.87018719178021,0.816524797123199,-4.73982811718119,2.1389959168641e-06,0.000217361500740612
"AOH48281.1",187.486109875825,-3.86099912988648,0.86786040351028,-4.44887117129633,8.63227711041043e-06,0.000657899119652757
"ADP11558.1",86.4793135475497,3.8606231729497,0.861488538933289,4.48134014380504,7.41757817069914e-06,0.000582878821283231
"ABV93606.1",389.867110965648,3.86032020556772,1.0958976292785,3.52251898574616,0.000427466422875585,0.0130637684910916
"ADM40168.1",1206.78531262007,-3.8578522212016,0.980150368480941,-3.93597997333877,8.28578828622843e-05,0.00370415726159784
"AKN71652.1",2474.64024623939,3.8498754739015,0.7188388801316,5.35568620494858,8.52323190587434e-08,1.30775619833899e-05
"ADI68204.1",200.967825769108,-3.84920491119046,1.06475582491993,-3.6151057558008,0.00030022503811402,0.00998238388882925
"SCF01804.1",774.981147308077,3.84803241266421,0.97120292016282,3.96213019213235,7.42840123242092e-05,0.00340442323438039
"CDS07261.1",66.6619434375187,3.84350996263491,1.13899565442418,3.37447289434831,0.000739571989488491,0.0196127458065699
"AGL21436.1",704.683731558919,-3.84007301447239,0.734009709936184,-5.23163789591593,1.68014628603896e-07,2.37501349025944e-05
"AOZ94813.1",347.810184261629,-3.83852800988674,1.17080140799261,-3.27854748352932,0.00104342808112345,0.02507299215258
"ADX05721.1",143.902248941971,3.82376294408282,0.802220975539566,4.76647091097436,1.87480783203416e-06,0.000194419108909673
"AAO79104.1",83.4802825433535,-3.82268096633319,1.0629033349636,-3.59645213312283,0.000322586910752927,0.0105594005210625
"AKL64637.1",785.649468149084,3.82070255419665,0.86515824092535,4.41618928591621,1.00456125599599e-05,0.000743228463756333
"ADB50953.1",1565.62447686953,-3.81897403411558,0.528168079003241,-7.23060363913462,4.80851864986408e-13,3.48132007375667e-10
"ALJ59332.1",64.1850622177402,3.81827849971339,1.1045410523142,3.45689143170682,0.00054644495446197,0.0156777074123476
"AJD41040.1",891.816029494173,3.81274820841053,0.974530410460976,3.91239531109861,9.1385158195623e-05,0.00397989441966239
"ACY82919.1",1219.99663290863,-3.81170367403908,1.04149282074121,-3.65984632647429,0.000252366549930162,0.00874743946970259
"AGH41937.1",454.800693262028,3.79936465123967,1.15271091488941,3.29602557082076,0.000980630891227303,0.0240435110859733
"ALI97699.1",1144.82769875842,3.79823241699517,1.00468508402471,3.78052036144469,0.00015650091896914,0.00611102276647556
"ADJ45074.1",2759.66362580698,-3.79106129044747,1.00046232266393,-3.78930940682803,0.000151066663194736,0.00591708944089225
"AKQ74807.1",88.7463349712716,-3.78982783099383,0.820172670048512,-4.62076824721514,3.82321662845748e-06,0.00034322916277469
"ADG97356.1",3040.1099360628,3.7895193031984,0.572166502563808,6.62310583758055,3.51728990701358e-11,1.25349276784739e-08
"CCK25639.1",1135.63463324111,3.78191367229799,0.855557200610721,4.4204100784826,9.85137735234151e-06,0.000737304916795345
"AKI30033.1",84.1609068142899,-3.78038158978617,0.79431802369992,-4.75927962981025,1.94285117189777e-06,0.000200652911030732
"AEG08294.1",164.042721295481,3.78014012627732,0.948782616011142,3.98420045064667,6.77077036800348e-05,0.00313200736054099
"CBL17517.1",284.632220322863,-3.77489616703072,1.09349118625292,-3.45215051981004,0.000556137393300465,0.0157934281287112
"ACB08979.1",94.7329046561263,3.76778121385672,0.975272091937375,3.86331285905253,0.000111859594926966,0.00464759167559447
"ADC56139.1",196.465105100673,-3.7649569851738,0.658825250692454,-5.7146519220638,1.09928802188553e-08,2.17306912638825e-06
"AEW98041.1",3354.29689200491,3.76327913626842,1.09264801512988,3.44418246695949,0.000572789001565734,0.0161688857477133
"AJO19972.1",99.3818479959004,-3.76257739122525,0.888164362690671,-4.23635258211287,2.27179953638701e-05,0.00134282809419955
"AEC17234.1",39.3950555199247,-3.75930331352925,0.749007802560001,-5.01904426186282,5.19291851110078e-07,6.47399141489647e-05
"ACT01137.1",238.344993901646,-3.75671899332813,0.869607531593623,-4.32001662456126,1.56017446753821e-05,0.00102590675615402
"AAU42370.1",175.316547807617,-3.75570292606396,0.807855330880872,-4.64897956663702,3.3358125387277e-06,0.000305819074881982
"APS22769.1",244.6492922591,-3.7514330581588,0.854806103155123,-4.38863625834223,1.14063660561921e-05,0.00080660848710597
"AKH82794.1",4297.18297026398,-3.75019261039763,1.02154083385655,-3.67111375884974,0.000241495816086164,0.00842837053024582
"ADE53086.1",509.820582129362,3.74877364685521,1.00276242292344,3.73844647661019,0.000185160901810774,0.00696189324425346
"AAW46258.1",1604.49292540666,3.74580471425777,0.866149529614826,4.32466287423087,1.52765301549617e-05,0.00101189016364135
"SIS04669.1",440.643752376055,-3.74525860677277,0.802708765913965,-4.66577514263023,3.07455778578506e-06,0.000288761029632866
"AEG91752.1",2193.02860104494,-3.7450200096909,0.506794934530496,-7.38961610411586,1.47253338369532e-13,1.37998193361639e-10
"AIQ37598.1",44.0751166456251,-3.74443149106774,0.894131715713132,-4.18778511629161,2.81690030135495e-05,0.00160170850168954
"ACF53147.1",447.242789239,3.74219624209138,0.830264955918711,4.50723135477944,6.56790077531641e-06,0.000529259851330672
"ACO61507.1",4124.66264273434,3.73940342371043,1.11155495064268,3.36411926513248,0.00076788352211396,0.0202182692612378
"ADZ44382.1",411.042029121332,3.73594082455915,0.852716927824387,4.38122042925896,1.18016401620461e-05,0.000825932114414503
"AAT97264.1",75.9780775386627,3.7332221335874,1.21685008759645,3.06793924053648,0.00215540437697413,0.0423762214068193
"ABN45393.1",171.357369904451,-3.72893211584256,0.694826472619164,-5.36670990929039,8.01858678631644e-08,1.25243395959361e-05
"ADP36087.1",3721.47956175963,3.72832941487328,1.01970127480609,3.65629572796431,0.000255886140944089,0.00880909799225616
"ABU56463.1",638.089009152943,-3.72394262289613,1.15110776079909,-3.23509470591269,0.00121602388914259,0.0281510086614592
"ADZ78857.1",146.887624252323,-3.7226985622839,0.814156312666668,-4.57246170589854,4.82027338809997e-06,0.000416270913102709
"ALC24884.1",2296.10258833822,-3.718114215572,0.736720144472297,-5.04684749489949,4.4915958880164e-07,5.73994195729692e-05
"AGC59910.1",1937.20686103173,3.71807986637676,1.01063589814193,3.67895091913171,0.000234195328455217,0.00824178636425917
"AGT83912.1",1388.38597010632,-3.71602066741873,0.995857421846425,-3.73147860918567,0.000190359176281885,0.00712137497986052
"AKC91347.1",79.5382945577808,3.71392844270529,1.17662780823585,3.15641736215098,0.00159720138666332,0.0341355247934815
"ABP60751.1",54.6584088010371,3.70930864605911,1.2288411730457,3.01854196247797,0.00253994223770071,0.046978408792573
"AFC34006.1",601.259093961869,3.70743676641429,0.817951565874963,4.53258716174527,5.82656212300975e-06,0.000477118127503287
"ACD94117.1",537.735397276031,-3.70701074621146,0.864759755431238,-4.28675215622499,1.81304379499506e-05,0.00115535217440475
"AEI65732.1",1638.67351856628,-3.70670221830455,0.855797144509301,-4.33128603207704,1.48240959033075e-05,0.000987089733266815
"ADQ81101.1",71.6450234043867,3.70585360967025,1.00426072770062,3.69013096644262,0.000224138627834917,0.00796542092711643
"ABF40361.1",631.266324227124,3.70155688770646,1.14247863448557,3.23993532655704,0.00119556813154655,0.027830230388705
"AGN37922.1",97.3093051036849,-3.69462431201624,0.83019646366453,-4.45030119221175,8.57499426006616e-06,0.000655507793844272
"AEK41830.1",2745.41214608842,-3.69155685395747,0.985230674572102,-3.74689598003103,0.000179036284151518,0.0068153690006354
"ABR43910.1",213.518659136635,3.69069774400073,1.14463670726229,3.22433984563367,0.00126263459755475,0.0289126183003871
"AOZ78796.1",66.4103227439412,-3.68835683152342,0.878099430536322,-4.20038631532953,2.66459937375541e-05,0.00153232631713939
"APW40088.1",728.345270155033,3.66572001252208,0.852143081147266,4.30176585789655,1.69442310429723e-05,0.00109652142731542
"ACV59828.1",449.551400137235,3.66172732987832,1.19101438423922,3.07446104625959,0.00210883258669925,0.0417852709015279
"AEN11036.1",1023.37044535174,3.64912426786748,0.911043897412746,4.00543187680698,6.1904273122505e-05,0.00295874713281821
"AEB09394.1",159.98252360035,-3.64683626087093,0.877344349923825,-4.15667606588857,3.22911335662223e-05,0.00179969725248045
"ADD40002.1",4909.71067941082,-3.64461221355081,1.03641437982341,-3.51655890202122,0.000437179645559168,0.0133077091447134
"AAY47122.1",154.495160308814,-3.64265077950325,0.502519819749853,-7.24877036952793,4.20572212650238e-13,3.3255433427153e-10
"ACJ35104.1",377.923087232471,3.63763240963505,0.728815700256169,4.99115538860712,6.0019187883098e-07,7.37216267478654e-05
"AQQ72110.1",163.955380895691,-3.63555347788751,1.14262818898479,-3.18174670722735,0.00146389784635935,0.032003572140112
"BAQ09944.1",109.919751729238,-3.6345373590249,0.588612020666085,-6.17475897775922,6.62644797732157e-10,1.82054591962003e-07
"AIQ62339.1",1482.71095225823,-3.63041540825499,1.03878513995175,-3.49486652112064,0.000474298889910225,0.0141356711559463
"ADI82954.1",144.609528178649,-3.62535513817251,1.15912477437179,-3.12766599276367,0.0017620029224023,0.0365142997097015
"ABC24401.1",496.01717825484,-3.62371755895747,0.582735436443221,-6.21846095558418,5.02054836769022e-10,1.41149928164073e-07
"AFE76496.1",111.580996665673,-3.62045198884443,1.17726010948432,-3.07532036435882,0.00210276554179967,0.0417304129444368
"AEI49405.1",91.6112028416979,3.61559738587384,0.686613616313021,5.26583991341285,1.39549852031229e-07,2.0529243639222e-05
"AOR22554.1",80.1604928957923,-3.60537663830083,1.12177029252972,-3.21400616713632,0.00130896861833152,0.0296250741946713
"SDS47394.1",106.345189442263,-3.60468401372658,0.981169943836383,-3.67386306151229,0.00023891080550846,0.00834966866268032
"ABO90571.1",936.645059811091,-3.60097573973519,0.852932246323917,-4.22187782822746,2.42275424159248e-05,0.00140926323160953
"ABR16205.1",157.926454311705,-3.59973849661013,0.99634960918669,-3.61292709247767,0.000302759852690392,0.0100271368489856
"ADI00077.1",248.580473077511,-3.59866583387936,1.02554610234105,-3.50902394896198,0.000449754404608352,0.0135963389483932
"AEL04966.1",160.535988832738,-3.59660445931624,0.527155456380433,-6.82266381915371,8.93676260955241e-12,3.93206479812513e-09
"AAT44235.1",4298.83051448526,3.59399922098436,0.551809445235351,6.5131165332835,7.36073600130173e-11,2.48331604054584e-08
"ABF79763.1",274.431833150024,3.58866674053214,0.879680688291167,4.0795106546028,4.51306014589457e-05,0.002310107824593
"AAR33451.2",141.722714412327,-3.58742739332509,1.18354313162692,-3.03109138776696,0.00243671483846894,0.0458359260587131
"AEL24539.1",86.7650458902058,3.58400892449968,0.824305454039507,4.34791363679114,1.37438699596787e-05,0.000929842624571527
"AAU08003.2",69.408602798525,3.57899167788957,0.94177089663131,3.80027848672276,0.000144533567176058,0.00570535546061746
"ACX62915.1",124.852705405903,3.56972662797984,1.02971210952815,3.46672297523588,0.000526844562756853,0.0153051067410294
"AEB43778.1",781.013770124712,-3.56796421806899,0.825324756372155,-4.32310334873818,1.53849618050468e-05,0.00101641171945979
"ACF47006.1",83.2696756807215,-3.56324695244024,1.05238085314122,-3.38589108857732,0.000709475351195239,0.0189565520710593
"AEI46409.1",560.294179961162,3.55984640290015,0.851375735484988,4.18128712685507,2.89863549651526e-05,0.00164080926103636
"CAK41919.1",160.94093986612,-3.54840497784218,1.16204608584041,-3.05358369266045,0.00226125637590364,0.0436767710530457
"AAZ62020.1",595.692893775572,-3.54596266382595,0.760067419350818,-4.66532648755632,3.08127407820708e-06,0.000288761029632866
"AAW60475.1",66.1800023904735,-3.54534541222649,0.828992312286164,-4.27669275056276,1.89690320385789e-05,0.00117352913856274
"ABJ88212.1",2215.87961779403,3.54262848791434,0.897095142672298,3.94899974306119,7.84784358971027e-05,0.00354596404197212
"CCK27241.1",1162.15265562261,3.54048229498118,0.780142503067801,4.53825074400989,5.67227899276516e-06,0.000470575984767006
"AFI27572.1",200.787831381255,-3.53706968567267,1.09695635833208,-3.22443974986459,0.00126219413246859,0.0289126183003871
"AJI94294.1",83.2853305565888,3.53553919580204,0.98910315786193,3.57448984739322,0.000350911428022983,0.0112965799787093
"ALA68251.1",267.662883521843,-3.53336853030109,0.940966062944814,-3.75504353392213,0.000173311351625808,0.00665447212471597
"APU38636.1",454.98466883861,3.53297163660068,0.878479120003523,4.02169107512369,5.77818081458255e-05,0.00279551260327691
"AII49444.1",104.720005915687,3.53250538166767,0.953816080804535,3.70354982764396,0.000212603398568794,0.00769599970527353
"ADZ77055.1",139.499542634356,3.53095849422744,0.897348452638476,3.9348800166149,8.32382687190556e-05,0.00370425439401381
"ADV46072.1",265.732219296763,-3.52767959232306,0.967209081772653,-3.64727715940974,0.000265033994244093,0.00905014191141469
"ABJ82092.1",1114.83464013777,3.52728991187526,1.16572328036543,3.02583809664463,0.00247945028630314,0.0462632560623785
"ADJ43338.1",355.739297682709,3.5222177936048,0.642133898603083,5.48517653602642,4.13056712771203e-08,6.9677160021665e-06
"AEI09999.1",101.324021518289,-3.52099748662817,0.830592848564659,-4.23913773482733,2.24379965466535e-05,0.00133274325497647
"ADL59581.1",266.055349603577,3.51955021536453,1.16493111070118,3.02125180024259,0.00251731924893406,0.046704338955423
"AJY40011.1",1144.52130580445,3.5182062304263,0.761227179275319,4.62175593070074,3.80505528418879e-06,0.00034322916277469
"ADO78181.1",254.122947700379,3.51775143959178,1.13235681985078,3.10657504588998,0.00189268261004488,0.0386838029741242
"ACU36415.1",413.113289855161,3.51408402109351,1.1405822617598,3.08095622640284,0.00206336980624282,0.0413049416197484
"ACE84847.1",439.018132519341,-3.51247334121525,1.12900761234396,-3.11111572925795,0.00186381878534581,0.0383318616055644
"AAC51362.1",271.323177520164,-3.50954512878248,1.1212000117455,-3.1301686514601,0.00174705969678232,0.0363534963056604
"AHD09250.1",344.943531295007,3.50256714755514,0.854383856568412,4.09952402614794,4.14000692169976e-05,0.00215544434443969
"APZ78831.1",174.152834025724,3.50181003197957,1.15417268573922,3.03404341070223,0.00241299705644581,0.0455642272531704
"ADB42249.1",296.632448018421,-3.50036269306989,0.671853575989676,-5.21000827883318,1.88832205217026e-07,2.63552493313256e-05
"ACX76458.1",402.005782374011,-3.49665443763568,0.841812387974786,-4.15372176459395,3.27110888684276e-05,0.00181909600359961
"ACF07998.1",369.658743642587,-3.49112886106903,0.821459951218513,-4.24990756504984,2.13858750224676e-05,0.00127624244267335
"ASL18965.1",78.6539334048374,3.49064376004834,0.746516048654153,4.67591254915605,2.92649307366265e-06,0.000279430393369381
"AAT75704.1",124.397185124239,3.48932359726004,1.1379249024471,3.0663918064859,0.00216659202929514,0.0425631041283035
"SHM61719.1",283.695831849719,3.48857896951631,1.07776102481156,3.23687616197317,0.00120845841246728,0.0280102987136834
"ADO53168.1",3659.49719012252,3.48711891551916,1.00630663884845,3.46526474227537,0.000529709749673185,0.0153533493869401
"ACO33063.1",197.892728642691,-3.48371727987672,0.791084699326197,-4.40372223460265,1.06409170585954e-05,0.000769277498096111
"ABK13648.1",278.917480265831,3.48304876912634,0.82394565492326,4.22727973418434,2.36533534243124e-05,0.00138221894155976
"ABF39965.1",252.265866135716,3.47948942402176,0.960751773325094,3.62163206004761,0.000292750297428802,0.0098112063256172
"ACF13239.1",1026.94207419402,3.47773400732907,1.01645507484428,3.42143405389743,0.000622918295656695,0.017207097854805
"SDT81452.1",1421.6829966885,-3.47472445571327,0.599588791149511,-5.79517914111044,6.82482914512652e-09,1.41548075294374e-06
"ADG76731.1",894.770745638463,-3.47460949627604,0.75317041387569,-4.61331118729993,3.96304274515443e-06,0.000351848668704009
"AAH79128.1",193.251762350266,3.46982322080499,1.04796618688827,3.31100684756629,0.000929609337764908,0.0231540655478853
"ALS64372.1",68.3743777184151,-3.46639402886959,0.789622799669023,-4.38993660051681,1.13383713227039e-05,0.000805884296568473
"AFO74932.1",284.380862076706,3.46398897664237,0.51959461247172,6.66671457612717,2.61593124071079e-11,9.73395708583899e-09
"ADZ83921.1",72.0304387507601,3.46050725600524,1.03371655747167,3.3476364782907,0.000815038451833628,0.0210652890160841
"ACE85719.1",108.560878138831,3.45758757251471,1.1314561580909,3.05587410328713,0.00224405460149451,0.0435105851200119
"ACV67389.1",270.147331868878,-3.45414630494348,0.788983902226772,-4.37796803609648,1.19790913334084e-05,0.000832711395629762
"ANS30396.1",139.129725392689,-3.44796575615562,1.02256091486169,-3.37189277043899,0.000746535077246255,0.0197177213565365
"AIY26194.1",90.3798455866739,3.44745790929487,1.10862153455069,3.109679725545,0.00187290303145609,0.0384347651297109
"AEK40040.1",341.493568601454,3.44182641483053,0.660654998136243,5.20971827132191,1.89127592833499e-07,2.63552493313256e-05
"ADO49173.1",752.330619509067,3.44098102116229,0.920163342948361,3.73953282048467,0.000184362576747336,0.00695220011838726
"AGF67005.1",1125.51750559024,3.44072014240364,0.972251159434925,3.53892109977363,0.000401765917136189,0.0124581899525698
"AEX68898.1",203.976955069417,3.43932218585317,0.915344587302046,3.75740702852735,0.000171683120731299,0.00663343736918051
"ACL56008.1",1899.25518198968,-3.43784199619385,0.586597782027151,-5.86064608753451,4.61069706842923e-09,9.97132204465512e-07
"AEE54095.1",96.6204079802831,3.4362075798898,1.03345371513813,3.32497481943883,0.000884265209551554,0.0223076396782482
"ABF65723.1",346.17133992892,-3.43289076696296,0.920131203473697,-3.73087093884334,0.000190818963614806,0.00712137497986052
"AAN60060.1",2588.73071879152,3.43286156874377,0.97741388964036,3.51218823993477,0.000444433091568543,0.0134838015778883
"AEK35544.1",507.816776085261,-3.43275550587514,0.969650225983455,-3.54019976883264,0.000399824262689942,0.0124284438806433
"ABQ07258.1",133.173633384601,3.42844592673552,1.08383409586485,3.16325712562104,0.00156014469725574,0.0336541698846224
"AEH83753.1",153.281626933156,3.42689400578632,0.921115725311869,3.72037292559092,0.000198928816320444,0.00733745749177289
"ABO07903.1",295.397773399242,3.42310751598621,0.81672365187604,4.19126776618166,2.77400037784265e-05,0.00158443637834204
"ADO68467.1",809.373902795975,3.42066628181782,0.882930005886499,3.87422135278247,0.000106966155360023,0.00450343532291956
"AHF92439.1",2254.72423784615,3.41973835694792,0.623986589888159,5.48046770934751,4.24202935780575e-08,7.10834892983834e-06
"ACK49668.1",473.168697503856,-3.41550657392621,0.500307972621355,-6.82680820781392,8.68246460050036e-12,3.93206479812513e-09
"ACU38506.1",626.522384080504,3.41525993903542,0.696454731191235,4.90377879003545,9.40103556965281e-07,0.000107635476479152
"AIJ17795.1",1065.49104863694,3.41090037695814,0.806448226246747,4.22953422916268,2.34175647466599e-05,0.00137479034984858
"AEY92849.1",1111.74741006068,3.39933121889518,0.973491605501261,3.49189576950161,0.000479605361467204,0.0142434911516487
"CDR49015.1",277.125394267623,-3.39921377026871,0.939872780093494,-3.61667434387298,0.00029841235046003,0.00996138219484188
"AQT61275.1",70.1364638710481,3.39803175800667,1.12093343888014,3.03143044907415,0.00243397987454024,0.0458359260587131
"AKM43426.1",952.523290220195,-3.39776695104327,0.956949776504422,-3.55062202266742,0.000384321931798073,0.0120951465675207
"ADY37152.1",66.8923991695471,3.39629881114876,0.938359309078538,3.61940120195951,0.000295285522462432,0.00988308144823666
"ACT23978.1",126.17424014143,-3.39607156569514,0.696728251521155,-4.87431298828569,1.09187762885711e-06,0.000122790131746539
"ACF42340.2",208.303273875505,-3.3958939775185,0.61272250918862,-5.54230328834405,2.98518673892501e-08,5.13837959557956e-06
"ACO81253.1",192.415658184851,-3.39166782807697,1.09605574817423,-3.09443003581404,0.0019719143717272,0.0399482380687056
"AOW19208.1",547.457766832833,-3.38964558457394,0.932050693975123,-3.63676096856639,0.000276087913642662,0.0093518774817942
"AOS90464.1",78.6854283799786,3.38580629299015,0.755855031361396,4.47943871841649,7.48395719854255e-06,0.000585447650989297
"ABQ91050.1",347.531146312312,-3.3848661593494,0.719436219850674,-4.70488705732936,2.54006532994388e-06,0.000252166600674296
"ACS44814.1",96.2669781525149,3.38291036415157,1.08070826684985,3.13027157089524,0.00174644767280702,0.0363534963056604
"SCE74500.1",1468.34636575622,-3.37946641259017,0.735847174033976,-4.59261995131903,4.37715765575885e-06,0.000384714475812868
"ADG75397.1",3032.86770982557,3.37900097587939,0.935165763511696,3.61326420162208,0.000302366329242298,0.0100271368489856
"AIQ68068.1",707.992669282826,-3.37261242102844,0.946234466591773,-3.56424600889481,0.000364903599010627,0.0115994419167913
"AGZ42058.1",3787.95532659702,-3.36891179224249,0.835029115102181,-4.03448422493656,5.47223661345879e-05,0.00268341091144085
"ABE59843.1",481.255785924048,3.36712859604286,0.891450589586921,3.77713429703727,0.000158643198757005,0.0061851292113228
"ABK10021.1",282.582196677846,3.36641940717735,0.896106841283981,3.75671655664831,0.000172157298730395,0.00663343736918051
"AIS01020.1",1746.06496225248,3.3604451587733,1.00663108260503,3.33830855895776,0.000842900909179273,0.0214566616750132
"ACT93328.1",1764.34345257471,-3.35389739100001,0.816652635793341,-4.10688369081409,4.01033037208314e-05,0.00211844236753277
"SEB07332.1",2332.2062304372,3.34239068833236,0.821100886542389,4.07062121489966,4.6887935912551e-05,0.00238713368691203
"ADI10019.1",43346.1784641663,3.3414904878524,1.07971611035103,3.09478617186332,0.00196954832183319,0.0399482380687056
"ACJ72051.1",607.001488021294,-3.34024768305596,0.970428419043226,-3.44203407228038,0.000577357523104832,0.0162140703741638
"ABY28340.1",260.072512179703,3.3366779643219,1.10866003943598,3.00964934753075,0.00261549455852125,0.0477143899165561
"AGP34847.1",8415.38920109861,3.32817514154548,0.767211502506227,4.33801517661483,1.43775229120329e-05,0.000962419212283514
"ADY36266.1",220.732499807137,-3.32808794942303,0.87334951101144,-3.81071713839825,0.000138564242751458,0.00550406755783383
"ARW16988.1",263.684101246673,3.32738411310919,0.59015022890206,5.63819846227899,1.71838399101701e-08,3.12807698738873e-06
"AEA79673.1",33.6052276667908,-3.3248070934442,0.85543631638838,-3.88667984950816,0.000101624640661991,0.0043435950720783
"AEO64596.1",542.946006143877,-3.32278778904822,0.683152811268783,-4.86390121542057,1.15094371731062e-06,0.000127729512627678
"AFM31873.1",844.708324598693,3.32088196143865,0.858803005506837,3.86687277541464,0.000110239901166623,0.00460297065877732
"AMF93180.1",510.19296782368,-3.32061824659287,1.09159302172119,-3.04199292274425,0.00235017420063609,0.0446950990447703
"ADH69383.1",896.954986864391,-3.31014754351522,0.685261032886702,-4.83049142539308,1.36196480008478e-06,0.000146024556510785
"ADO69655.1",3940.07056693161,-3.30924439456786,0.775299288638907,-4.26834442267769,1.96929101613152e-05,0.00119796566300969
"AFZ65995.1",579.322722048833,-3.3083131984399,0.97042391956982,-3.40914226424514,0.000651674857706305,0.0177495467433182
"ABU57255.1",440.163480559673,3.30577331395014,0.949724552238513,3.48077061518352,0.00049997347436868,0.0147671114736769
"AKR78724.1",88.0182860836916,3.30185092755992,0.826634813924033,3.99432841678424,6.48778844612774e-05,0.00304000946393278
"ALE67116.1",379.951107552407,-3.2968537061467,0.969230973536116,-3.40151501155452,0.000670134479826436,0.0181546174979104
"ABF39947.1",452.184154607735,-3.29592891530087,0.798266417365581,-4.1288582904164,3.64568999015232e-05,0.00198380416818977
"ACT26217.1",110.351525533407,3.29485894571259,1.09202391561082,3.01720401779811,0.00255118045753523,0.0470499410473862
"SBP00035.1",1690.15287188247,3.29421507546739,0.890205204037274,3.70051203983914,0.000215164869943285,0.00772428791439395
"ACA98300.1",147.35816386453,-3.29376824677661,0.949291959714779,-3.46971046480394,0.000521019685983217,0.0151882040488863
"ADM98906.1",617.117690888291,-3.29343739428632,0.692332743320572,-4.75701521567549,1.96476365426851e-06,0.000201636898921093
"AIQ40360.1",787.556449157768,3.29170561241166,0.915752781153343,3.5945352066154,0.000324971201056836,0.0106237032304149
"ADN18843.1",72.8844891224994,-3.28927669797844,0.847029913496149,-3.88330641641901,0.000103045576554739,0.00438949869286961
"ADG99409.1",1061.16487152195,-3.28828989984722,0.909365586272948,-3.61602632591842,0.000299159965108175,0.00997318128739414
"AGT82572.1",673.532722594651,-3.28402360326491,0.561625281752631,-5.8473571435685,4.99444435298905e-09,1.06196996187968e-06
"ABZ71531.1",1432.04299273021,3.27949178360087,0.846288672813944,3.87514554897259,0.000106560986921241,0.00449385442011358
"AGP61875.1",77.8290204057377,3.27570283271091,0.722349246201541,4.53479096148592,5.76605640131154e-06,0.000475239495512658
"ADJ43732.1",1328.19428150266,-3.27455401326227,0.539832838680216,-6.06586665099497,1.31243992178864e-09,3.32086673410179e-07
"ABD89093.1",375.368737502945,3.27101797915769,0.931530328488277,3.51144549900595,0.000445676837013086,0.013505342523284
"ACP25891.1",1065.60730776988,3.26999678986683,1.03545707491457,3.15802254780733,0.00158843271447825,0.0340843881820587
"CUW27228.1",1163.71544099175,3.26898076144645,0.696127964078047,4.69594805859566,2.65372974836019e-06,0.000259283877118071
"AGP59587.1",1502.36040394799,3.26773828102881,0.973801781423798,3.35565034215798,0.000791786070245462,0.0206968625365919
"ANN17475.1",273.594157847887,3.26262484807397,0.69791556164108,4.6748131541905,2.94221366425158e-06,0.000279875309573526
"ADO41411.1",501.314899450672,-3.26021640446035,0.639205167981525,-5.10042247429793,3.38896172951437e-07,4.397481981636e-05
"ADJ43219.1",569.939634904919,3.25859028213686,0.483206778088515,6.74367668232491,1.54427980430908e-11,6.20236696641787e-09
"AHF24951.1",44.1126658812587,3.25721779886978,0.68903559870462,4.7272126505413,2.27622849130725e-06,0.000229463782930468
"AFE07636.1",894.955074947655,3.2558099952089,0.929334404041731,3.50337831145515,0.000459396504018383,0.0138217713926006
"AGK77845.1",1176.55392675399,-3.2539788371304,0.678938575537923,-4.79274407784574,1.64515433483388e-06,0.000172727552424489
"AGJ78346.1",503.135114377725,3.2500288262417,0.943973755953255,3.44292286278628,0.000575463427329714,0.0162140703741638
"ABV99044.1",1951.19789426123,-3.24751403481942,0.55741962736357,-5.82597719097046,5.67793710640723e-09,1.18734580663985e-06
"AJE39239.1",379.988559831496,3.24741850430899,1.08576884335532,2.99089306548305,0.00278162882470087,0.0498467097389562
"AAT77161.1",395.26793204965,3.24711888039332,0.883276743235807,3.67621915244568,0.000236716189457247,0.00828441181443531
"AOK89953.1",110.295513109263,3.23905005968769,0.837886104544094,3.8657402743898,0.000110752752170281,0.00460917251342865
"AFN73994.1",905.615755959835,-3.23889404684579,1.01213596511411,-3.20005825154195,0.00137399814808981,0.0306252103031907
"AEH30124.1",770.381937659732,3.23645913908009,0.907802668144136,3.5651571124995,0.000363638289125079,0.0115994419167913
"ABX13985.1",3051.16416056643,-3.2305537504712,0.809988979335694,-3.98839222864577,6.65226114987159e-05,0.0030884800711046
"ADQ45029.1",67.5471515410995,3.22098660089926,0.993020784988316,3.24362455407936,0.00118019197826862,0.0276428539862718
"CAP73493.1",85.5073057471371,3.21819872082251,0.935132448091118,3.44143626647947,0.000578634766648477,0.0162208267872683
"ACS17643.1",1741.40267808758,-3.21685198497787,0.785421533682599,-4.09570128526404,4.2089234931097e-05,0.00218234408086383
"ABQ05073.1",44.8289088464952,3.21455851639207,1.00990365957397,3.18303482309207,0.0014574008521085,0.0319278041219926
"ADG20346.1",320.414790333077,-3.21105257616147,0.487830826013542,-6.58230764628296,4.63201873012927e-11,1.62783291567307e-08
"AAO13754.1",204.357612633063,-3.20931890613764,0.887042364845479,-3.61799958302634,0.000296888874723196,0.00992361849025235
"ADX05715.1",213.092318105765,3.20101816476545,1.05202896239128,3.04270916409895,0.00234458813014961,0.0446950006559547
"AIR96706.1",1559.29685300006,3.19928873431031,0.50567793234031,6.32673195665034,2.5040777322879e-10,7.28283665058399e-08
"ABR43077.1",166.855534014477,-3.19867689321527,0.626869310781738,-5.10262161219275,3.34980347749081e-07,4.38155593235649e-05
"ABO88941.1",1064.6418320019,3.19761633161144,0.622681401569626,5.13523661305932,2.81789269801605e-07,3.80201232808982e-05
"ARE78888.1",356.449706670539,3.19719638685552,0.642803530970249,4.97383140075423,6.56424049578305e-07,7.91445673460358e-05
"AEN72146.1",475.717298566926,3.19356451474276,0.900379611869714,3.54690896222211,0.000389779257003492,0.012221294349392
"ACB76939.1",399.105383803646,-3.1933135745431,0.663539410249432,-4.81254545731157,1.49019962430642e-06,0.000157183258337603
"AKN73151.1",806.123761929082,3.18772294814441,0.988373902899025,3.22521966514334,0.00125876045834417,0.0289023737545213
"ACL50157.1",166.782255785908,3.18537075802943,1.02080140009446,3.1204608043589,0.00180568326583016,0.0372973091226944
"AAV31355.1",234.319009994557,-3.18336379318022,1.05137588198983,-3.02780751176772,0.0024633494098574,0.0461362917228881
"ABD68665.1",117.012154427037,-3.1804653894255,0.824347345712643,-3.85816173966814,0.000114243040354969,0.00472886469770606
"AAX76986.1",178.872063133896,3.17831846072272,0.864506271125401,3.67645506675762,0.00023649748849277,0.00828441181443531
"ABG85709.1",39.0734131592024,3.1772905280907,0.863946688753331,3.67764651390181,0.000235395868226461,0.00827253007463077
"ABL89456.1",754.622821555991,3.17629713500515,0.857599489658237,3.70370688568266,0.000212471748442194,0.00769599970527353
"ABK43145.1",96.5187158012978,-3.16704946771813,1.04677033616499,-3.02554376857977,0.00248186480719522,0.0462632560623785
"ASL07159.1",76.057858263401,3.16547916950702,0.654290798268509,4.83803100683065,1.3113168830705e-06,0.000141192557839714
"AKS18590.1",380.266484549939,-3.16386482567631,0.944978077055081,-3.34808277831814,0.000813727021866554,0.0210528986035679
"AEA21091.1",674.861930002778,3.16379639417311,0.73949433393514,4.2783240506216,1.883057510288e-05,0.00117226453984735
"ADX56344.1",837.70115836058,3.1625088143507,0.558214178568626,5.66540395383724,1.46678567682061e-08,2.72897632210235e-06
"ABA02174.1",601.370819456455,-3.16200698464357,0.988643883525645,-3.19832756499479,0.00138227171418392,0.0306534804417141
"ALG13481.1",577.94088246362,-3.15986108110617,0.919116545756774,-3.43793297563197,0.000586172768104452,0.0163888724324276
"ALG86329.1",744.832589206972,3.15865365521752,0.694996662137213,4.5448472306388,5.49751117037e-06,0.000459841816314233
"AEK40441.1",1334.59643142244,-3.15847332964015,0.53756189632046,-5.87555284565272,4.21434494118388e-09,9.28321695426459e-07
"ASL12808.1",75.6479309602912,3.15553867269299,0.724052935652984,4.35816018043927,1.31160377154443e-05,0.000892137371811528
"AGA28338.1",68.0007037996856,3.15120217421855,0.711100986751196,4.43144114961144,9.36053616883959e-06,0.000704909662738536
"ABL63814.1",366.003186001644,3.14988268250563,0.880053452268112,3.57919473457847,0.000344654582100275,0.0111805062703632
"AKM46981.1",78.1437886881063,3.14796212659626,0.767829781748453,4.09981769582827,4.1347571535939e-05,0.00215544434443969
"SCG76455.1",1593.19767273385,3.14708094783748,0.672347370239215,4.6807366060163,2.85845997868429e-06,0.000273968230457002
"AEE54622.1",222.37915180983,3.14548075566254,0.787294607861517,3.9953033137194,6.46114790161928e-05,0.00303471856944523
"ABV53445.1",96.6965467789227,3.14545420977154,0.778798431125747,4.03885534954765,5.37126745311689e-05,0.00264930176152469
"ABR63736.1",113.341456255835,3.14380909821223,0.845762682716405,3.71712912198373,0.000201499473444713,0.00740659408728206
"ADU28083.1",332.120849413597,-3.14082977697052,0.662008146434392,-4.74439747288185,2.09127865441594e-06,0.000213369450776962
"DAA04516.1",215.371166708765,3.13414839726562,1.02985137003097,3.04330167291167,0.00233997625963464,0.0446855994698379
"AEE50254.1",91.5092418282808,3.13248926510178,0.734447427858834,4.26509665127981,1.99815684896876e-05,0.00120955413276212
"ACK54356.1",1314.92639306832,3.13144424613916,1.01729015232124,3.07822133045707,0.00208240189502662,0.0414889883069753
"AAM41677.1",1446.55624084432,3.12874028816248,0.550790303852318,5.68045636656919,1.34335820126541e-08,2.57507519444081e-06
"AEV67023.1",47.3287859588219,3.12425854610888,0.91591541520986,3.41107758885468,0.000647066756903347,0.0176811340711937
"AFS12473.1",77.2439710995415,3.12382310081713,0.731229012666036,4.27201744830635,1.93712414957753e-05,0.00118680514181018
"SBV28691.1",689.723064807572,-3.12325659813798,0.491930877724889,-6.34897449939024,2.16754956242942e-10,6.45241253860607e-08
"ADY36941.1",389.267571847231,-3.12188184583817,0.837922668535648,-3.7257398123552,0.000194743204057249,0.00721369240672709
"AAK47445.1",125.97974869408,-3.11555142419309,0.753113859539377,-4.13689296077838,3.52040226783463e-05,0.00192423314253905
"ACV54571.1",2440.16052714719,3.11538698927046,0.580356074374821,5.36806131068148,7.95875006832339e-08,1.25080902471296e-05
"ACA15609.1",6082.60360064182,3.11432273671342,0.807263440941652,3.85787659736039,0.000114376366241003,0.00472886469770606
"AEB03072.1",118.719415376308,-3.1129465987812,0.704752416772369,-4.41707828834117,1.00044002295153e-05,0.000742349967763711
"AEX82404.1",204.86412773507,3.11213635724524,0.851343555249676,3.65555872016032,0.000256622457959445,0.00882244300780956
"AKD02428.1",52.2754528281406,-3.10642407961947,0.859268883413066,-3.61519442817547,0.000300122292390679,0.00998238388882925
"AHF91279.1",1060.19123890504,3.1061787132682,0.83852237617128,3.70434803117731,0.000211935117365876,0.00769382248882176
"ACV67625.1",122.825436929669,3.10589019463595,0.893782205021205,3.47499667949001,0.000510859674574328,0.0150138915521342
"AEX77884.1",211.780710528937,3.10397542356016,0.906498376074121,3.42413787546196,0.000616753213413149,0.0170554170043638
"ACV49028.1",1327.23606201149,3.10037704222543,0.968338535633166,3.20174910750422,0.00136595912369248,0.0305325651120061
"CAD77513.1",100.055056914124,-3.09985748435715,1.01233298221953,-3.06209274893004,0.00219795336679178,0.0429789907572893
"ACF88424.1",465.073390231264,3.09684088502184,0.56585458931759,5.47285635476876,4.42839061378013e-08,7.37181366450517e-06
"ABP61028.1",167.433119289046,3.0949639349451,0.853305752066966,3.62702809332781,0.000286702110759231,0.00964683977199578
"AKJ14906.1",3215.14262117027,3.09386202794762,0.793562612889249,3.8986993309618,9.67107708360221e-05,0.0041687779122042
"ADV49809.1",51.6099264837204,-3.0916586450122,0.844336461952924,-3.66164294013939,0.000250602973949502,0.00869822640582201
"ADN75669.1",224.458151042559,3.09151848580492,0.762504164797746,4.05442832777831,5.02570560627344e-05,0.00251315076987227
"AGL16685.1",2197.12122482728,3.09100538714166,0.897379316703006,3.44448031017485,0.000572158306913559,0.0161688857477133
"AAC39109.4",353.453275618354,-3.08923098442187,0.953217716457677,-3.24084511972983,0.00119175914990814,0.0278096401089926
"ACR12737.1",52.2368512021405,-3.08768555149993,0.987163102166427,-3.12783727909167,0.00176097644791914,0.0365142997097015
"ADG41535.1",72.9448518251606,3.07855588929806,1.02253892142517,3.01069800356089,0.00260647945905294,0.0476733987813981
"AIT83634.1",77.2986559044383,3.07770747026618,0.699550583677581,4.39954957093521,1.0847579723539e-05,0.000781983788446457
"AGP37314.1",3262.22540343225,3.07636294759844,0.954247570680472,3.22386248822692,0.00126474116550634,0.0289346706245993
"ADO09205.1",1369.93985259607,3.07616580353665,0.5810490575972,5.29415849370353,1.19565701809092e-07,1.76922277945933e-05
"ABQ74844.1",122.101050483756,-3.07086988981524,0.654979202020319,-4.68849984906845,2.75215118579153e-06,0.000266811040053959
"AMR28544.1",353.815822843505,3.07077001740849,0.755965916411664,4.06204823622801,4.86440223023841e-05,0.00246167939263445
"ADU32412.1",144.593005625069,-3.07044025173766,0.854541276569351,-3.59308594672486,0.00032678474107159,0.0106692055526896
"ADC56616.1",274.098556434863,3.06908728070326,0.964637295656239,3.18159716042844,0.00146465385678574,0.032003572140112
"AEJ19163.1",66.2680398374203,3.06561722596566,0.902645439795801,3.39625847626192,0.000683138163104713,0.0183887712138708
"ACI28732.1",375.945430093662,3.06400235565731,0.991982143462783,3.08876765156435,0.00200988559927568,0.0405551318329128
"ABG84150.1",44.8850383562841,3.06341871667428,0.867739453193083,3.5303439360762,0.000415019778407667,0.0127597150097803
"AGT90104.1",161.504699831541,3.06308969879309,0.93059217247677,3.29154896138947,0.000996372710351044,0.0243116862970226
"ARD59078.1",69.8370770281713,-3.06007525980626,0.875251778557229,-3.49622284098698,0.000471894434279475,0.0140840978292359
"AKD55478.1",129.165542933992,-3.05870482036984,0.998018745481132,-3.06477692349884,0.00217832406963569,0.0427272356077457
"AAT83531.1",771.805368850172,3.05746949663506,0.891530649424306,3.42946089246553,0.000604781581438087,0.0168532911400087
"AAZ03639.1",115.625124511104,-3.05742305098734,0.840218593296973,-3.63884241003305,0.000273866316799844,0.009309818396945
"AAY48779.1",1453.88071297592,3.05496680319018,0.527394938035757,5.79255996382554,6.93215631731316e-09,1.42605163656077e-06
"ACO45757.1",678.674395932296,3.0537931504167,0.801551675814994,3.80985186926557,0.000139050078666036,0.00550617889117964
"APA94863.1",155.096709285528,3.05340928239845,0.697832836076665,4.37555976810326,1.21121247407371e-05,0.000837358175723689
"AAK16178.1",1519.93779972391,-3.05064658889419,0.359130693731872,-8.49453038166605,1.98734805645154e-17,5.58731865248814e-14
"AGT82061.1",291.288427183435,3.04533800049146,0.486542346858267,6.25914274503754,3.87099429614032e-10,1.10053672668807e-07
"ABG06350.1",747.208730279602,3.04244488567993,0.832895865025721,3.65285147091705,0.000259344257721373,0.00889185332401611
"AAM22493.1",133.090968741365,3.04139147238884,0.784830930838321,3.87521866542666,0.000106528994495511,0.00449385442011358
"ANN18316.1",601.461478849501,3.03948756387048,0.942510989885234,3.22488288888874,0.00126024209836879,0.028910159397122
"AKC82243.1",341.934516733691,-3.03166292750113,0.673772508098187,-4.49953491877904,6.81022929325475e-06,0.00054188437675228
"ACO32413.1",235.948874886039,3.02843514887544,0.752797035687699,4.02291056593879,5.74833285402685e-05,0.00279174791181269
"BAW03418.1",151.356367383412,3.02178059453495,0.66258284265747,4.56060797230317,5.10057272878544e-06,0.000434544753388747
"AJT65903.1",361.810956301802,-3.02146361964921,0.736675239257852,-4.10148659630955,4.10504289697918e-05,0.0021549771871839
"AFC46690.1",78.9772675707871,3.02012410640757,0.74941491496883,4.02997598003929,5.57825527747262e-05,0.00271958753922716
"AHY57694.1",966.273612324876,3.01798183167775,0.966623348301476,3.12219008260131,0.00179510995611698,0.0371395480127783
"AEH10787.1",188.21866354786,3.01414305589478,0.835027539033088,3.60963311387906,0.000306630390680886,0.0101288104117473
"AEM23896.1",184.916821954566,3.00955235184192,0.998509895673955,3.01404359123611,0.00257790763248416,0.0473702228211668
"ARU28369.1",61.7340483015036,3.00682458316587,0.909062683210743,3.30760973769815,0.000940958376586395,0.0232965457952696
"ADI12636.1",1494.79167628183,3.00667125806455,0.983718551847957,3.0564344368787,0.00223986459786231,0.0434626487114341
"ACB74105.1",696.097975073246,-3.00629578874714,0.447514028184504,-6.71776882826047,1.84528126381301e-11,7.18325412588626e-09
"AGB21164.1",144.651431227243,-3.0059619368753,0.901644034407577,-3.33386771515697,0.000856473801939743,0.0216930496601415
"ABG84247.1",64.1688401875419,3.00105850409143,0.965984850939527,3.10673454265102,0.00189166181654472,0.0386838029741242
"ACD19353.1",708.575763011661,3.00105438041889,0.671263987166332,4.47075135534607,7.79452762422837e-06,0.000604984455447394
"ABQ89270.1",68.5982247346779,3.00087326884189,0.68277980692473,4.39508204315232,1.10730924260066e-05,0.000791475869082612
"ADK85463.1",873.933476027996,-2.99672578788736,0.659518680344149,-4.54380729037669,5.52471691734288e-06,0.000459841816314233
"ACM25985.1",997.279420382627,2.99502937185052,0.895204351865496,3.34563763637794,0.000820936041856906,0.0210889583339591
"ARR81159.1",75.323563915907,2.99469718936045,0.750056939783072,3.99262646676739,6.53454617379908e-05,0.0030562591836532
"ADU22705.1",248.975367967558,-2.99237734606461,0.806684459835609,-3.70947687113548,0.000207687928012703,0.00756133473741788
"ACD03242.1",620.388742559853,-2.99026319992849,0.383624263924323,-7.79477077215945,6.45255066849997e-15,7.81163531848706e-12
"AAQ58251.1",216.86873251293,-2.9892186105851,0.728655984334709,-4.10237296454015,4.08934388366641e-05,0.00215119892491499
"AKH74115.1",66.2342954233661,-2.98831677153128,0.854743427494925,-3.49615647854633,0.000472011815167846,0.0140840978292359
"ABP86021.1",1034.76323103992,-2.98566311667976,0.824235731985052,-3.62234128031458,0.000291948595714122,0.00979731474450189
"AEG70580.1",362.376116562593,-2.98457395590078,0.49988055542074,-5.9705742172522,2.3642000397581e-09,5.38931113567561e-07
"ABX42184.1",843.011512120147,-2.97865530214699,0.782880137962807,-3.80473990552115,0.000141953271935051,0.00561225568714466
"AKI02378.1",147.378123237545,2.97460734534858,0.96660685469368,3.07737042304675,0.00208835610480473,0.0415421969495866
"ACX67825.1",99.4652474283128,-2.97286603270092,0.74291498656311,-4.00162345149888,6.29093579348706e-05,0.00296976769370528
"AHZ86446.1",208.930904833159,2.97284684516036,0.922964952363822,3.22097479167172,0.00127755384653471,0.0290277104158225
"ABF42886.1",209.273310501501,-2.9712310687579,0.834198802052045,-3.56177815341975,0.000368351580187555,0.0116505000418571
"ABX61078.1",32.5936111578757,2.96741951228239,0.925577459833459,3.20601963753129,0.00134584803421837,0.0301897099377904
"ADY36919.1",105.080837394584,-2.96598792741744,0.854042305429874,-3.47288173965169,0.000514902183579632,0.0150968365598093
"ADE10406.1",789.737686708402,2.9598637501118,0.729573339671956,4.05697904400216,4.97115404688511e-05,0.00249079427422444
"AFJ33306.1",74.6564249186424,2.95940717153366,0.774148015078918,3.82279242972931,0.000131948850189665,0.00528275594359032
"AAZ64244.1",160.534030133901,2.9534515203264,0.848101376454241,3.48242745775776,0.000496889827328375,0.014705033100456
"AKH18093.1",1178.55415974994,2.94993867934671,0.822937940332693,3.58464294179233,0.000337539662873327,0.0109919769494
"BAQ02385.1",160.293624665738,2.94863393531073,0.719519015153719,4.09806255736102,4.16622696796031e-05,0.00216464149836344
"AEE53960.1",50.2658263527819,2.94145714379282,0.8803220656395,3.34134205946096,0.00083374436800761,0.0212878241611469
"AGM05993.1",170.147885470986,2.94137973173684,0.74906474449936,3.92673631129538,8.61062910930607e-05,0.00379572732321902
"AEJ47977.1",125.815639771393,-2.93837498361266,0.718665878337036,-4.08865242136157,4.33886409872559e-05,0.00224053629163374
"AFU99235.1",490.103715785116,2.93440761965442,0.772990339205725,3.79617631789503,0.000146945005674666,0.00579151009125557
"BAL92354.1",1533.22152765533,2.92879493899242,0.500250361658211,5.85465831405731,4.77991699880453e-09,1.02496813407416e-06
"ADG11906.1",667.876163968465,-2.92835712968042,0.480929040225275,-6.08895883747992,1.136473314723e-09,2.93430451861592e-07
"ACU05015.1",34.8020480901093,2.92056330327199,0.612568384310251,4.76773431028526,1.86309256396662e-06,0.000193999305127767
"AHE72721.1",48.8069578332227,2.91740237406035,0.943167640464486,3.09319600132125,0.00198013308655947,0.0400506055069659
"AOX61292.1",426.089731071948,-2.91634338435817,0.544542083145641,-5.35558862138149,8.52783356621478e-08,1.30775619833899e-05
"ABJ06717.1",1257.09040256957,-2.91421996014223,0.788719977528747,-3.69487275987759,0.000219996928444738,0.00782922964899747
"CEF78472.1",62.8779117999785,2.91093964692658,0.723782337437026,4.02184399419646,5.77442997148016e-05,0.00279551260327691
"BAA81753.1",109.674669507205,-2.90876873823886,0.642931040333659,-4.5242313028304,6.06154057684581e-06,0.000494758584567515
"AJY10880.1",537.877261760082,2.90822940295268,0.824333223886986,3.52797790830203,0.000418747102949436,0.0128586868275844
"AEE15635.1",299.145141108275,2.90454171692724,0.936326989668998,3.10205916199642,0.00192179546594604,0.0391824613147633
"AGS49305.1",263.019121908611,2.900761963297,0.904393636724922,3.20741085021509,0.0013393556544327,0.0300974388313594
"AFE09577.1",498.076551149789,-2.89349515466769,0.353856812535205,-8.17702260396587,2.90943448385717e-16,5.66287851884907e-13
"AAS50540.1",148.676889152667,2.88911325172471,0.7913433229954,3.65089736372427,0.000261325662187126,0.00894766336985228
"CBL17979.1",265.812603822012,2.88733609148843,0.780138041734052,3.70105793722173,0.000214702442191487,0.00772428791439395
"AAT01328.1",239.901980012165,-2.88440461225161,0.812269267689591,-3.55104486527722,0.000383705002166325,0.0120907692027578
"CAK97337.1",39.5923617873729,2.88348949219932,0.931104193857018,3.09684943019611,0.0019558919260352,0.0397190476761386
"ADK67719.1",658.220614378067,2.88305821287996,0.434267552292093,6.63889852618044,3.16035861966205e-11,1.14237934504727e-08
"AEI77617.1",720.16116375946,-2.88231498933084,0.574279950636729,-5.01900682086341,5.1939305901434e-07,6.47399141489647e-05
"ACT00387.1",33.9062553987429,2.87995996208979,0.912007922162699,3.15782340493311,0.0015895181620689,0.0340843881820587
"AAZ97823.1",412.810636880414,-2.87117388211342,0.420641068903867,-6.82570983759456,8.74916116168889e-12,3.93206479812513e-09
"ACV07738.1",10497.606987309,2.87102710461361,0.76864704414836,3.73516964186681,0.000187588689507336,0.00703193571941352
"ACD84360.1",164.494228200469,-2.86253259502774,0.934600941062728,-3.06283941012596,0.00219247683986736,0.0429715270946273
"AGO04561.1",35.0350757741929,-2.85577483922162,0.742513123706697,-3.84609341982444,0.00012001601962288,0.00492981387097036
"AEM85607.1",520.672065984278,-2.85397788664615,0.680128247707354,-4.19623489579596,2.71388785525892e-05,0.00155535578145002
"ADN02583.1",1004.21514554837,2.85214760082495,0.908239115249142,3.14030474237235,0.00168772171733438,0.0354982731618552
"AEB51572.1",1085.00725900856,-2.85150178393639,0.665612089977216,-4.28402943226888,1.83538617179043e-05,0.00116101940762033
"ABK51954.1",223.98614762035,-2.84956719287895,0.724568698115732,-3.93277711318383,8.39700906784538e-05,0.00371450210565894
"AKC80346.1",364.153070910487,-2.83598152735443,0.816558149242893,-3.47309194082985,0.00051449907328284,0.0150968365598093
"AKZ28223.1",37.3309727522384,2.83505298709023,0.792569103700952,3.57704201924068,0.000347504330298521,0.0112441202935339
"ABN67457.1",217.440485432121,2.82996791484396,0.764980790969335,3.69939735513882,0.000216112021449173,0.0077454426044312
"AIG56439.1",666.680171043721,2.82324357781823,0.836708460634767,3.37422616197328,0.000740235238717713,0.0196127458065699
"ABC27349.1",443.005416181858,-2.82123814910512,0.490480399767978,-5.75198958090824,8.81992365223039e-09,1.77119466803481e-06
"ADM71096.1",37.6878221414035,2.82010958413886,0.926515310294518,3.04378087744974,0.00233625238573838,0.0446481828673249
"APO85524.1",184.658735220338,-2.82010726615826,0.718032988941837,-3.92754554399268,8.58171736744132e-05,0.00378958454709193
"CCV64583.1",97.3539610396877,2.81966770799463,0.878269375561988,3.21048164316373,0.00132512731956042,0.0299105232532
"AMO51326.1",64.1965796287918,-2.81744229185943,0.931488271259544,-3.02466749049854,0.00248906609850198,0.0463435169171417
"ACO53432.1",58.0033724643092,2.81544979686687,0.760325266643589,3.70295440699414,0.000213103191623509,0.00770307151092809
"AAW84081.1",863.168238636415,-2.81417122828661,0.412251068679071,-6.8263527789115,8.71005902881993e-12,3.93206479812513e-09
"BAD41153.1",388.070768426908,2.81398272206881,0.50723148234633,5.5477288378316,2.89404248229606e-08,5.01561348832446e-06
"AGL18221.1",73.8961812612286,2.80561304943633,0.864285576391263,3.24616437676871,0.00116971279531929,0.0275067312824943
"AAS02546.1",1995.24089570307,2.80466998843427,0.383457232610776,7.3141663526298,2.5898414502618e-13,2.34038422199909e-10
"AET61195.1",78.3484375864568,-2.80459215551126,0.919121700028679,-3.0513828097234,0.002277899500942,0.0438977083566911
"AMJ61041.1",324.306083354744,-2.80342574373801,0.6838235266394,-4.09963336230217,4.13805164205044e-05,0.00215544434443969
"AER38243.1",52.9874209703801,2.80134938779662,0.564085823798387,4.96617583638809,6.82860449597032e-07,8.18882367590223e-05
"ABM17898.1",51.1911482125839,2.79618700557356,0.819885744138113,3.41045935432502,0.000648535498410591,0.0177021507187521
"AAZ36583.1",69.9774906804556,2.79292541016396,0.655323745658833,4.26190173737116,2.02694571942257e-05,0.00122113827472736
"ACL56723.1",2356.47797550883,-2.79140363014128,0.810909584500735,-3.44231179837381,0.000576765040179012,0.0162140703741638
"ABF52968.1",566.281571359008,-2.78530744326706,0.432392083529607,-6.44162451016831,1.18201421236422e-10,3.73856320193148e-08
"AKL84826.1",79.2769153957544,-2.7843914851723,0.87137805107785,-3.19538859365135,0.00139642682987709,0.0309402697691593
"ADG79625.1",288.638052484594,2.78260751014648,0.777515160879643,3.57884662595952,0.000345113919045202,0.0111810723349561
"ADD45678.1",321.636906352863,-2.78166067421271,0.760372589324158,-3.6582863628542,0.000253907261588843,0.00876482324690653
"SDJ09020.1",279.295018765786,2.77295510689306,0.915811904742527,3.02786532096092,0.0024628782416963,0.0461362917228881
"ACX75576.1",84.8479389501941,2.77266644456604,0.666529596243765,4.15985495646619,3.18449759473912e-05,0.00178268457167442
"AEB47949.1",2837.38992976501,-2.76860732853686,0.667586279123907,-4.1471902810378,3.3658032489483e-05,0.00185949606131307
"ACG60512.1",76.7134573042108,2.76834689444964,0.662841135724095,4.17648625779006,2.9604661891438e-05,0.00166834467670168
"AHV98939.1",462.635417014138,2.76785222930756,0.552784430987911,5.00710959670298,5.52534693190482e-07,6.81989528868233e-05
"ADY61807.1",2566.12509299945,2.76393583881897,0.780318907876885,3.54205929257714,0.000397016222451759,0.0123810791972694
"AGC43808.1",152.147635518427,-2.76214161809911,0.720920986871803,-3.83140686482787,0.000127412605256604,0.00513363240574499
"ABR07374.1",126.389248286477,-2.76163108776567,0.683572688706364,-4.0399962336002,5.34520598185608e-05,0.0026415966202911
"AAU37719.1",31.7613998362557,2.75961975745026,0.921523076352388,2.99462903129187,0.00274778807882588,0.0494866427643688
"AKE06995.1",540.073278302477,2.75917354049477,0.795653026007617,3.46781002560827,0.000524718091488551,0.0152608527229136
"ABP61396.1",128.233883420052,-2.75445801522789,0.913294648565561,-3.01595768633277,0.00256169005454434,0.0471749952329952
"CCF00316.1",93.1619126011087,-2.75066739295197,0.908801367811001,-3.02669812170003,0.00247240737876493,0.0462632560623785
"CAB61821.1",245.257500784065,2.74924945091215,0.584450601778295,4.70398942621851,2.55126466318696e-06,0.000252166600674296
"ADJ49963.1",9718.0594300368,2.74862710478181,0.82061975015937,3.34945278156906,0.000809713556634072,0.021005682454765
"AJE99968.1",67.2949087215681,-2.7438512575429,0.835912713989255,-3.28246144797621,0.00102905055692563,0.0248692132205246
"ACX75579.1",155.590644553154,-2.74276196483552,0.508640641602917,-5.39233741958183,6.95470156956731e-08,1.11376464439723e-05
"ABP56833.1",400.718002833219,-2.74103008892217,0.624669276187343,-4.38797007218282,1.14413514648452e-05,0.00080660848710597
"ANY07514.1",619.023237419407,-2.73812960912292,0.795407795651548,-3.44242239526961,0.000576529257544821,0.0162140703741638
"AAI51374.1",183.308883211194,-2.73760644924578,0.596245732389873,-4.59140636239508,4.40269163396807e-06,0.000384714475812868
"ADW70856.1",204.89827592182,2.73178773274002,0.698224720319456,3.91247638939246,9.13544723323857e-05,0.00397989441966239
"ACT57225.1",94.2290509383697,-2.73060477025241,0.689690442611142,-3.95917443761355,7.52092911510513e-05,0.00341655420824964
"CDI55378.1",94.7553559364813,2.72778635373146,0.708408295533515,3.85058499587038,0.000117836026203951,0.00484813816429037
"ABQ13629.1",219.445255505789,2.72583049301449,0.891593454591781,3.05725718260519,0.00223372534577988,0.0434037264416581
"ARR76006.1",72.1262241559039,2.72482032963167,0.709029223148121,3.84302965332423,0.000121524778916633,0.00496759528421255
"AEK46956.1",9759.11897502959,2.72405817704106,0.822735801852611,3.31097561441609,0.000929713101080957,0.0231540655478853
"AIQ64402.1",102.477252130123,2.72301437287898,0.837308757750583,3.25210305956231,0.00114554477299785,0.0269885655411217
"CBL17515.1",124.967991279991,-2.72195008341728,0.674882424195727,-4.03322117428246,5.50174519955583e-05,0.00269266264573232
"ABV99424.1",1485.84295057218,2.72077166038845,0.879222975970864,3.09451838128331,0.0019713271904856,0.0399482380687056
"AEB46474.1",696.639687985916,2.72068327776418,0.834962335225018,3.25845030725963,0.00112022493551774,0.0265154832024372
"ACT03687.1",517.172071636771,2.72015423985924,0.797265292791494,3.41185583325101,0.000645222277697369,0.0176497938298125
"ANQ72567.1",58.2109580053412,-2.71555287940862,0.582729747654483,-4.66005535214027,3.16124360907838e-06,0.000295162166201145
"ACR11078.1",185.132492947626,-2.71145155038946,0.664750710386573,-4.07889981616216,4.52493299145032e-05,0.002310107824593
"ABG93525.1",274.537408101048,2.70463147059828,0.812229057944047,3.32988760269717,0.000868810474085951,0.0219835114257968
"AKK04831.1",37.534183491961,2.7038134368597,0.661252919631923,4.08892476174583,4.33377380515236e-05,0.00224053629163374
"APC97874.1",33.570476396433,-2.70116472796102,0.888622308023627,-3.03972194212482,0.00236796658401116,0.0448813921162804
"BAL90742.1",127.233459872928,2.69992895052266,0.633328128034645,4.26308074915468,2.01627614772929e-05,0.00121760943594258
"ADW67276.1",330.258297956289,-2.69970832750301,0.769198814823477,-3.50976662401978,0.00044850015197998,0.0135746403654898
"ALJ91322.1",120.184919356416,-2.69059549639484,0.758545686214399,-3.54704475326007,0.000389578406927521,0.012221294349392
"AME15774.1",37.3622542806856,2.6899490109735,0.883499695697991,3.04465188168329,0.00232949774987796,0.0445527449472124
"AIV33082.1",800.588680598012,2.6856636442581,0.552493155945727,4.86098988803024,1.16800220608803e-06,0.000129056593103255
"ADB53850.1",1711.72657020215,2.68565436878104,0.453890539964982,5.91696484572742,3.27936749521809e-09,7.40873533316993e-07
"ACS15389.1",462.414053975191,2.68392069604013,0.731690545080611,3.66810903063459,0.000244350987386212,0.00851627139646462
"ACQ73746.2",101.471783316725,2.67480524209141,0.821167213634746,3.25732103970868,0.00112469152055994,0.026596326677316
"ABX38498.1",606.284035626101,2.67276373761339,0.718825698105774,3.71823620754875,0.000200618639954333,0.00738901520635298
"ABJ83974.1",370.572620814979,2.67160585643165,0.805086151335269,3.318409901848,0.000905315236275907,0.0227028656327941
"AKV86539.1",406.668739948356,2.66944170189453,0.620831650652411,4.29978352277835,1.70965026940764e-05,0.00110074505767994
"ABB58058.1",26.5726902697546,2.6689737827452,0.886378938808691,3.01109792424936,0.00260304890535816,0.0476591508337753
"ADL48027.1",717.772826530364,-2.66878433939797,0.695178909303093,-3.83898922088041,0.000123541853549795,0.00501762362820299
"ADZ77929.1",37.8774436245638,2.66784258094822,0.771741210740598,3.45691346246501,0.000546400283831964,0.0156777074123476
"EAA64499.1",143.148342331133,-2.65920737736103,0.746272015583239,-3.56332184757426,0.000366191247612605,0.0116107486083408
"ADJ43220.1",34.1510082715687,2.65773499125576,0.807648861649621,3.29070604498513,0.000999362839577152,0.024344876256408
"AKL67969.1",414.365686716976,-2.65691698492656,0.432596061058412,-6.14179652589996,8.15933352511925e-10,2.17321701248518e-07
"SHK71458.1",852.749570107358,-2.65591109282409,0.764294788105197,-3.47498260377844,0.000510886480906911,0.0150138915521342
"ABS24534.1",4385.39441152821,2.65496456368221,0.803531163240507,3.30412146428171,0.000952745434764752,0.0235423024764185
"AEB84918.1",268.924283779247,-2.64806928127171,0.614618099195443,-4.30847917550447,1.6438095023742e-05,0.00106923680818957
"ADH68351.1",342.771436286309,2.64629177695577,0.59512616368049,4.4466063474509,8.72374885911293e-06,0.000662873926072476
"ARJ04338.1",872.227062470824,-2.63912454870412,0.714019184756624,-3.69615355587914,0.000218890609982398,0.00780082972448538
"AGF66193.1",1153.26412697593,2.63853585585709,0.639218572284063,4.1277521809622,3.66326594441584e-05,0.00198909051913206
"ADL46835.1",1326.18366441638,2.63745557246534,0.831420962647351,3.17222645441527,0.00151274996770529,0.0329383107236325
"AEK40013.1",3621.72490505688,2.63258325118627,0.676536039286963,3.89126831138351,9.97215837734936e-05,0.00427670378681476
"AEL05761.1",419.920364416278,-2.63045214541741,0.635033127902564,-4.14222822375498,3.43947826497988e-05,0.00189193735953882
"ARU28397.1",63.9792428781446,2.62928257273191,0.578590609034521,4.54428836499667,5.51211560227684e-06,0.000459841816314233
"AOL06603.1",106.470095452052,2.62743161057841,0.874524030507651,3.00441327959075,0.00266093603544052,0.0483690118568616
"AKI62663.1",65.7342745517796,-2.62485009425784,0.836713217000239,-3.1370964876931,0.00170629964186577,0.0357700910009359
"CDI09052.1",53.1781613810754,-2.62462631660115,0.827671982347929,-3.17109479670393,0.00151865575286949,0.0330124970058906
"AOS44237.1",391.718568807109,2.6232635192737,0.636245996109678,4.12303344196054,3.73915387488533e-05,0.00201299416621575
"ADO71463.1",318.481787807611,-2.62308352237163,0.760558741383022,-3.4488901115011,0.000562895724315047,0.0159495526454016
"ABV92875.1",192.232825612071,-2.61953094960936,0.613847174994718,-4.26739920996118,1.97765073294816e-05,0.00120001190637379
"AEJ61964.1",1137.34542188199,2.61769330559407,0.854786172590011,3.06239547331754,0.00219573146840279,0.0429789907572893
"AJP43907.1",45.0111572051223,2.61422661110751,0.831498550287616,3.14399419001181,0.00166658748565063,0.0351498161696332
"ACS39314.1",485.825893350656,2.60821755234064,0.639469113585027,4.07872326736518,4.52837007863941e-05,0.002310107824593
"ABK50302.1",35.9025490862947,2.60275636224794,0.614532252456755,4.23534542221785,2.28200640440187e-05,0.00134282809419955
"AMJ64654.1",785.646057195961,-2.5998494497554,0.62097727619905,-4.18670626028195,2.8303173061436e-05,0.00160572912101685
"ACZ37643.1",1084.90165043404,-2.59499755300942,0.772281407655419,-3.3601709523056,0.000778942572237715,0.0204668576379345
"AEQ51754.1",117.634016201902,-2.59394305889513,0.783567997006366,-3.31042496478331,0.000931544242138286,0.023154090332834
"ACB95246.1",96.5250674573474,2.59360486941678,0.743058333334675,3.49044584128042,0.000482215340434379,0.0143042142544092
"AEY92037.1",1157.0687736892,2.59355198257279,0.620608394665351,4.17904753604131,2.9273249985327e-05,0.00165335054548824
"AEK35441.1",208.668143924017,-2.59228206173919,0.654369208258048,-3.96149762095305,7.44811243462708e-05,0.00340442323438039
"AAR01247.1",30.7913419014901,2.59181525687163,0.775467683576715,3.34226082113096,0.000830989368333618,0.0212389131181268
"ADU51527.1",412.576320358438,-2.59090104433001,0.814271150896167,-3.18186520728203,0.00146329904328969,0.032003572140112
"ADX59146.1",88.5483659869315,-2.58879004170005,0.586609408726893,-4.41314101544749,1.01881588141316e-05,0.000745556087810427
"ADX74424.1",1253.00464825228,2.58788497243254,0.8148278231457,3.17598994403729,0.0014932612743442,0.0325724051937338
"APC36453.1",370.401300038759,2.58324453894933,0.509916563534662,5.06601417503029,4.06231679310084e-07,5.21770567593048e-05
"ABQ66430.1",390.279957241203,2.580537469401,0.804693574344578,3.20685730776818,0.00134193540496925,0.030128652663653
"ADI05425.1",571.901955123423,2.57981096378304,0.671183006647037,3.84367741470504,0.000121204304207547,0.00496251215107374
"ALC25167.1",279.082473269583,-2.57604454010878,0.704880531356899,-3.65458318894108,0.000257600130450668,0.00884403812862043
"DAA04511.1",28.2454783641929,2.57094616445744,0.730162515297209,3.52106018947158,0.000429825040308696,0.0131192557236803
"ACL96896.1",3370.21139497562,2.56430197883556,0.546069486664123,4.69592614394294,2.65401431346403e-06,0.000259283877118071
"ACU95608.1",344.303523128876,-2.56415999450196,0.621984466698394,-4.122546674056,3.74706656241402e-05,0.00201299416621575
"ANH22750.1",1835.57969163608,2.56055845945113,0.780144641088955,3.28215862109494,0.00103015638052551,0.0248721821530887
"AIF91548.1",24.8421206917618,2.55425466959825,0.700114635786072,3.6483377707572,0.000263942486123576,0.00902504963024979
"ANQ72568.1",55.8649358209207,-2.55187261315017,0.589830142999872,-4.32645337549445,1.5152937558822e-05,0.0010063380027582
"ARE33211.1",54.385572619579,-2.55141051779766,0.712336087022796,-3.58175103617348,0.000341298965202667,0.0110962708877821
"ADQ69076.1",161.877999251495,2.55090360820783,0.659203414662118,3.86967596263943,0.000108980102064495,0.00455789011989737
"ACO53434.1",62.3669796950127,2.55021297676485,0.747853116538642,3.41004526205392,0.000649520991806779,0.0177099457496626
"ANY23714.1",199.771931418732,-2.55003200798274,0.713389382527224,-3.57453036229541,0.000350857098241193,0.0112965799787093
"AKH86024.1",1323.81497457592,2.54053230945633,0.771161208052851,3.29442441207729,0.000986234656203928,0.0241108169139401
"AET13878.1",230.641950674912,2.54014043571941,0.743852630134825,3.41484365694721,0.000638186312303115,0.0174762210608287
"AFK06814.1",363.023516795198,2.53786863253765,0.636002055673294,3.99034658756091,6.59768131074143e-05,0.00307442228739761
"ABR38814.1",36.5403871653654,-2.53708970480706,0.764869765339637,-3.31702182485992,0.000909825090283733,0.0227933705539102
"BAH32244.1",54.02271112642,-2.53693670929385,0.710992657341199,-3.56816161615632,0.000359494746177651,0.0115142981804217
"CBG69223.1",260.311756950959,2.53606619355007,0.830238512678979,3.05462364708521,0.00225343104065893,0.0435921755518294
"ADG11196.1",1571.1447202956,-2.53517580996125,0.448234750262111,-5.65591090043504,1.55021876811615e-08,2.86315222552139e-06
"ACU70530.1",1410.85086393333,2.53224659974293,0.622494731783082,4.06790045032114,4.74386386010582e-05,0.0024103210291618
"AIM25582.1",96.6940320595964,2.53145619061673,0.816116628875316,3.10183140626029,0.0019232745900856,0.0391824613147633
"API76751.1",32.2936805378115,2.53062081794131,0.804924298582121,3.14392399682679,0.00166698729018535,0.0351498161696332
"ACM06262.1",508.709342926139,-2.52968487923528,0.469771737229546,-5.38492352510172,7.24754564189504e-08,1.15336256211868e-05
"ABA76698.1",227.795902551789,2.52962394714657,0.655380857845275,3.85977697832574,0.000113490555266844,0.00470762544248682
"ADB37909.1",731.724403884046,2.52906062867215,0.818988651966212,3.08802890320938,0.00201488873181222,0.0406236889091988
"ADV26648.1",2212.45388488883,2.52895737964791,0.767249129406467,3.2961358738905,0.000980245938082947,0.0240435110859733
"SCF37519.1",1392.00949228083,2.52756507231805,0.629241180383623,4.01684624451485,5.89821792355328e-05,0.00284814137632955
"AKJ99157.1",43.000981318507,-2.52743641259668,0.614943779042697,-4.1100284265518,3.95610413214866e-05,0.00210368797284823
"AEY86327.1",114.532882962551,2.52619092696401,0.789120485206866,3.20127404410465,0.00136821337705999,0.0305365734815472
"ACG24143.1",134.371737505068,-2.52293650415707,0.676815721804471,-3.72765646966744,0.000193268571171878,0.00719158037700299
"AEA96627.1",76.0156964606272,-2.52013973976483,0.828296425708481,-3.04255778673588,0.00234576772995723,0.0446950006559547
"ABI67262.1",585.570230145974,2.52013873195673,0.81703705890597,3.08448521947248,0.00203904741462682,0.0410127319016712
"ADI06003.1",101.40473266323,-2.51970002445071,0.693007654889339,-3.63589060910598,0.000277021877732756,0.00937096867950793
"AQT70881.1",1151.93554236644,2.51967077290034,0.697262843954364,3.61365989131245,0.000301905033058294,0.010025069621357
"ABG73453.1",857.506987535664,2.51823301681669,0.606900970148485,4.14933101227466,3.33448341776517e-05,0.0018502726736779
"SDU83103.1",90.7207430130695,-2.51648056540255,0.827340103579852,-3.04165186059988,0.0023528384747909,0.0446950990447703
"AAK25284.1",3408.80583290571,2.50746925910957,0.556179065579723,4.50838482476135,6.53230139737696e-06,0.000528072914561755
"AGL19301.1",1080.80486843862,2.50705123948338,0.627518921567382,3.99518030981665,6.4645034538631e-05,0.00303471856944523
"ADJ43311.1",3659.73942058356,2.50560800688106,0.688616244711934,3.63861298091975,0.00027411037053804,0.009309818396945
"AJA66761.1",78.6406077878434,2.50410481853042,0.489877596541005,5.11169491361054,3.19281164741217e-07,4.22972319971048e-05
"AHH97336.1",2437.28108376141,2.49917290044852,0.519313730418342,4.81245296255746,1.49088969691439e-06,0.000157183258337603
"ABZ71537.1",756.466108040984,-2.4954849591017,0.470463797269672,-5.30430816055178,1.13101113045241e-07,1.68341027257867e-05
"ADX55897.1",388.473700192027,2.4929259279383,0.814069873479421,3.06229969828421,0.00219643420321664,0.0429789907572893
"BAJ12091.1",36.1110790191772,-2.49198503080885,0.8256175558472,-3.01832853863158,0.00254173187515443,0.046978408792573
"AFZ68935.1",208.080286510163,-2.49097144331106,0.756072752100235,-3.29461872074028,0.000985553033893722,0.0241108169139401
"ACV57112.1",1301.19530739051,-2.48969547457441,0.808490556728295,-3.07943667845599,0.00207392451974269,0.0414138674763233
"APC34687.1",306.706625423221,2.48569261223631,0.633374847328744,3.92452056269634,8.69026366073878e-05,0.00382416941578562
"CBQ70546.1",1405.1409361887,-2.48549456881689,0.644617940986176,-3.85576387311596,0.000115368808514557,0.00476211576157231
"ABF72529.1",167.356782006986,-2.48357315276694,0.551913155586261,-4.49993468651567,6.79743446396638e-06,0.00054188437675228
"AHF16646.1",48.2331944941441,-2.48076122112078,0.785761017700453,-3.15714468551874,0.00159322271979752,0.0341062419341645
"AEH52450.1",108.643848082097,2.47956016045749,0.806833432312761,3.07319957398135,0.00211776804654024,0.0418967043640403
"ACO94980.1",106.204207192287,-2.4793229636491,0.761305884549131,-3.25667121976527,0.00112726920691814,0.0266323928502797
"AEY93037.1",784.403156989674,2.47818407506479,0.579371828916162,4.27736377811251,1.89119614408736e-05,0.00117286607926085
"AAQ55313.1",240.362285355918,2.47431446218743,0.819954630158741,3.01762362352708,0.00254765104599668,0.0470499410473862
"ADV00102.1",273.904293136624,-2.47270641314509,0.608982082307205,-4.06039271923556,4.89902436946442e-05,0.00246932298048921
"SET74231.1",130.230536729913,-2.47228057347463,0.666148090931035,-3.71130775143298,0.000206191236452224,0.0075528843458121
"ABV41073.1",573.05883802052,2.46762798563787,0.657836458558039,3.7511268242062,0.000176041620390814,0.00672867238783802
"AIN59937.1",92.2489167647358,2.46741658647734,0.775051897996528,3.18355015045507,0.00145480909627172,0.0319202697509615
"ACO78265.1",268.081034947567,2.46545166987888,0.646844899691133,3.81150360937549,0.000138124038443868,0.00549520840368739
"ACB36631.1",324.799950169272,-2.45234641157027,0.61538585167907,-3.98505491291209,6.74645222380723e-05,0.00312647400401088
"AEU36039.1",100.771694901987,-2.4468076640619,0.737331147567622,-3.31846507791467,0.00090513639842669,0.0227028656327941
"ADH66367.1",608.6418939457,2.44481548061961,0.664137809704494,3.68118701404369,0.000232150643458707,0.00818120853960399
"ANN17816.1",369.534563013145,2.44196863064433,0.689523323464556,3.54153158790119,0.000397811223466783,0.0123810791972694
"ABF39669.1",440.009796841094,-2.44105626031031,0.494937181548302,-4.93205269540268,8.13699568877659e-07,9.53196305153306e-05
"BAH32245.1",62.3901627285732,-2.43439007195152,0.615370995591696,-3.95597142112749,7.62242737476252e-05,0.00345645662838022
"AEI04689.1",108.634863866525,-2.43139146110093,0.81163829987432,-2.99565885626322,0.00273852617602446,0.0493891146343172
"ALC29778.1",30.8468641255992,2.42965556884181,0.666923652153686,3.64307902560625,0.00026939608459375,0.00918370941529931
"CCD53425.1",115.659733622744,2.42941056648059,0.668887969953588,3.63201414229226,0.000281217705982873,0.0095002024225429
"AGJ57461.1",201.458609565156,-2.42911711835089,0.78168975333522,-3.10752073695047,0.00188663748837506,0.0386628908381028
"ALU72338.1",56.8211169297414,-2.42366358408572,0.67936232058443,-3.56755667874063,0.000360325455270432,0.0115263147847127
"ABI77634.1",178.20252529149,-2.42095372145227,0.756931407282922,-3.19837926945391,0.00138202387609536,0.0306534804417141
"AEB47930.1",446.593460161771,-2.4196861122093,0.569090635824175,-4.25184664777524,2.12015023999797e-05,0.00126823076885741
"ALV32732.1",378.365139810744,2.41656891554404,0.739909032776733,3.26603515904534,0.00109064707025146,0.0259366943783578
"AIQ47466.1",114.222937784678,-2.41469855462443,0.69739142728501,-3.46247237942831,0.00053523684782967,0.0154601574893084
"AAC79665.1",795.994943349434,2.414662840925,0.697945394470068,3.45967300602133,0.000540831722985356,0.0156039510680712
"ACT95409.1",637.267359718599,-2.41462439056727,0.684658314972858,-3.5267582935336,0.000420680612595788,0.0128961030802855
"ABD26051.1",347.081245087257,-2.41232439521679,0.620111962788644,-3.89014329665334,0.000100185043853129,0.00428930992320763
"ADB38143.1",49.1413480093462,2.41102419174545,0.708904134915583,3.40105815863602,0.000671255450541756,0.0181579327808111
"ABS75792.1",138.883234077506,-2.40779408845645,0.675636257952007,-3.56374315338696,0.000365603709546192,0.0116071150095951
"AIM03351.1",40.4192089961327,2.40573571039172,0.726814780280631,3.30997081465905,0.000933056995656048,0.0231689314632826
"ACU72618.1",986.928452387399,-2.40300821512194,0.731083437093668,-3.28691376824894,0.0010129184574995,0.0245968097217945
"ABI15082.1",24.8590982736355,-2.3945719271826,0.799834529103087,-2.99383414950566,0.00275495653888238,0.04950899524385
"BAL09801.1",79.3876935337512,2.39237859487534,0.480026925541689,4.9838425046171,6.23338232427097e-07,7.58284966110714e-05
"ABF07062.1",617.325993463107,2.39108975023718,0.7763324072877,3.07998188377967,0.00207013186365339,0.041407546676697
"AJY03392.1",314.103227876567,2.39005119542384,0.728561179234469,3.28050857435909,0.00103620115125979,0.0249704740288823
"ADE53148.1",116.391837764955,2.38966398107968,0.769341280307822,3.10611693697699,0.00189561736209954,0.0387125150227641
"AIF98912.1",38.8279481960101,2.3891711720839,0.797962683042367,2.99408885008855,0.00275265772196167,0.0495028417475452
"AEG48978.1",924.159075457081,2.38694144855229,0.575845864214786,4.14510478738453,3.39658348969895e-05,0.00187241289847173
"AIV37171.1",897.970304603876,-2.38674278752417,0.787097495926676,-3.03233436756673,0.00242670233630467,0.0457888510182827
"AKJ07842.1",586.784070316826,2.38562361522931,0.660998810580981,3.60911937667857,0.000307238209881435,0.0101356563554497
"ADY50881.1",55.4070617808119,-2.3819870848441,0.790850842368856,-3.01192962975075,0.00259592768094425,0.0476591508337753
"ABE62638.1",1431.49838562847,-2.38142655269107,0.7348559098197,-3.240671430778,0.00119248545699154,0.0278096401089926
"AIZ72724.1",49.0332349126454,2.38089773687147,0.727566023356953,3.27241468188155,0.00106633050372253,0.0255022313191789
"AKD96631.1",64.8693342910472,-2.37933620948066,0.637923062713097,-3.72981688318542,0.000191618980001715,0.0071406996332598
"AKF86991.1",797.152158084937,-2.37857807660161,0.538801609229644,-4.41457121852772,1.01210393339096e-05,0.000745556087810427
"AJP05941.1",188.433073972905,2.37224348049009,0.662359220558521,3.581505936446,0.000341619374049808,0.0110962708877821
"AIE86959.1",78.4949139631891,-2.36914322293423,0.60013962448935,-3.94765338974259,7.89209527997337e-05,0.00355960226148246
"AMY08654.1",333.103643770021,2.36271020234864,0.630729504227665,3.74599600385241,0.000179679450807555,0.00682647018586121
"ADJ45855.1",876.639553955612,-2.36220541831379,0.63403779567276,-3.72565395065656,0.000194809510903283,0.00721369240672709
"AAW30398.1",1890.00484730673,-2.36169811723678,0.718786117652388,-3.28567575143253,0.0010173805092125,0.0246578343147548
"ACG73646.1",1056.02504413839,2.35144220159181,0.515893526463943,4.55799904625506,5.16432719456474e-06,0.000438499902698227
"AFJ88920.1",302.788710054759,2.34606795701211,0.726978403724611,3.22714945174744,0.00125030136995311,0.0288088492112507
"ANI42603.1",540.266486314896,2.34588194673509,0.468498828956734,5.0072311855271,5.52185897402663e-07,6.81989528868233e-05
"ACX75652.1",308.616138815453,2.34174163696536,0.591157799281759,3.96128011811823,7.45490134096169e-05,0.00340442323438039
"ACE84401.1",227.990101598886,2.33778504007116,0.444771584505444,5.25614747324882,1.47104345330762e-07,2.13918462638176e-05
"ADE81919.1",128.004690041134,2.33699862267342,0.688767511610318,3.39301518041928,0.000691278072007893,0.0185683747940719
"AMS28475.1",92.6546874082959,-2.33605069676931,0.546900220498896,-4.27143857180805,1.94216028059135e-05,0.00118701646328026
"ADO52490.1",2325.44693974142,2.33588468487037,0.653643194884906,3.57363880347851,0.000352054483399899,0.0113046124282584
"ABL98326.1",57.687010273822,-2.33526420186781,0.705298735983335,-3.31102848016871,0.000929537475845676,0.0231540655478853
"AEL05117.1",346.283145659593,2.33462322161094,0.762896177109891,3.06021093257444,0.00221181156966299,0.0431832315950484
"AJZ89040.1",112.989869700395,-2.33204769180127,0.765155807863728,-3.04780760707054,0.00230517461572119,0.044187752501207
"AKD96630.1",55.7834549036405,-2.3226337677408,0.599758052151776,-3.87261789884736,0.000107672561907941,0.00452564590358244
"ADU09300.1",751.820367904295,-2.31866038391687,0.691955892454811,-3.35087887710746,0.000805555284781631,0.0209748831862375
"ACD05828.1",27.4749435396037,2.31132959409159,0.743993108384392,3.10665457521606,0.00189217355203765,0.0386838029741242
"AHD22791.1",68.5891143022929,-2.31127919142538,0.683042139353318,-3.38380175725853,0.000714896009392129,0.0190410670796306
"AGZ43959.1",590.943192065226,-2.30987267918025,0.476748660022656,-4.84505332237427,1.26577679198288e-06,0.000137459013594605
"ADV83782.1",287.942511174875,2.30973819526067,0.624622781281177,3.69781292722484,0.000217465054344906,0.00776940037464875
"AEB82859.1",350.688164264076,-2.30102060609776,0.696174390028417,-3.30523592803211,0.000948964818061912,0.0234718052702058
"AHD24914.1",43.9194205489901,-2.29819824763739,0.662637732398345,-3.46825744335342,0.00052384518560873,0.0152529973894795
"AHN16207.1",2721.22932609266,-2.29819742952253,0.584083922968566,-3.93470413950465,8.32992431804078e-05,0.00370425439401381
"AHY49890.1",81.5264457960002,2.29748520751645,0.502896126792218,4.56850845555568,4.91207256508456e-06,0.000422755687463723
"AIQ60350.1",209.023468132188,-2.29673915950069,0.683677528562832,-3.35938957117502,0.000781148636915857,0.0205035310787157
"ADO73399.1",195.207021287863,-2.29668138524252,0.562037355429756,-4.08635006740145,4.38212444524771e-05,0.0022582666973137
"AMY07609.1",394.516913992812,-2.29618847800587,0.725092603896817,-3.16675203369283,0.0015415170182447,0.0333661292665917
"ABZ71539.1",431.106522134845,-2.29533206153355,0.677662200424215,-3.38713308798495,0.000706271174923911,0.0188908874620504
"ABG64714.1",44.0199500844028,-2.29094539368557,0.75586291261353,-3.03090065070692,0.00243825461309046,0.0458359260587131
"ARE33212.1",61.2292392576445,-2.28698999838096,0.60748998882508,-3.76465462880158,0.000166779437183899,0.00646251163715805
"ADP78715.1",597.489731028373,-2.28651969966508,0.588505665635691,-3.88529768391479,0.000102204576527053,0.00436101585137272
"AAW61625.1",135.489956091956,-2.28609100500503,0.644308907231978,-3.5481288235271,0.000387978410804795,0.0121950530789984
"ABJ85391.1",549.354287104983,-2.28367162425221,0.524250572059163,-4.35606892193242,1.32419096399187e-05,0.000898284288522424
"AKM39565.1",122.616722543341,2.28358733323842,0.744111255245885,3.06887890371156,0.00214863666322494,0.0423109873707475
"AKU15638.1",555.135615219143,-2.28311930948245,0.594700060862826,-3.83911060336863,0.000123480799566766,0.00501762362820299
"AIR99874.1",7282.87273059128,2.28060356298272,0.695506414642964,3.2790546786739,0.00104155452870593,0.02507299215258
"ABE42150.1",751.840322342291,-2.28026899813294,0.548311881561874,-4.15870798137286,3.20052743433738e-05,0.00178770299494567
"AGF67194.1",806.622165989165,2.27317429000787,0.580527103032752,3.91570742887369,9.01395060502801e-05,0.00394602062558864
"ABQ29348.1",584.872208411743,-2.26841420254532,0.586764098537561,-3.86597306856209,0.000110647148329881,0.00460917251342865
"ACD26501.1",711.860577937259,-2.26070752758616,0.68647115187991,-3.29323019823219,0.000990433475862855,0.0241900948260211
"ACT05407.1",35.8066548056338,2.25845046315682,0.719502378228374,3.13890618223916,0.00169579731313539,0.0355794024993905
"ADU10229.1",430.439873937767,-2.25795843374661,0.453979186922399,-4.97370473975623,6.56853303666266e-07,7.91445673460358e-05
"AFU71934.1",255.985599415524,-2.257629480834,0.625168566807235,-3.61123319485467,0.000304744489725997,0.0100796729719437
"ADP35390.1",2276.45232445767,2.25604643320459,0.644920650544857,3.49817676220879,0.000468450547459379,0.0140201255831251
"ADH87039.1",175.181910405896,-2.25243179061631,0.576416436950415,-3.90764670510267,9.31994520106964e-05,0.00403115510124214
"ACM31886.1",356.700038407764,-2.25140355423823,0.686248565522615,-3.28074063444296,0.00103534904488585,0.0249704740288823
"ACB35335.1",139.914768847383,-2.24925259827489,0.636767509971705,-3.53229799424728,0.000411964837666348,0.0126811998631041
"ACY16659.1",2136.40821580693,2.24710534317783,0.628769262553271,3.57381551072154,0.000351816858016567,0.0113046124282584
"AEO67457.1",733.247951729743,2.2456504823277,0.689111897518676,3.25876028321923,0.00111900176142493,0.0265113310574298
"ACU83992.1",1641.28957662161,-2.24124234369503,0.709416948235099,-3.15927375187587,0.0015816285027846,0.0339958590455562
"SCF12533.1",812.598234862228,2.23802382679782,0.711926935947769,3.14361448316097,0.00166875126276195,0.0351577129072986
"ABV92449.1",495.546287476982,-2.23602131647957,0.574269348383944,-3.89368041803375,9.87347073865066e-05,0.00424156927164818
"ABR40337.1",97.9811084819873,2.23350218107361,0.730601978437803,3.05707108246456,0.00223511265673954,0.0434037264416581
"AKQ64576.1",1172.73462496018,2.23304147331907,0.626730095075913,3.5630034218296,0.000366635898433557,0.0116107486083408
"AEJ41120.1",154.889305863587,-2.23277357447365,0.699325721924981,-3.19275196732028,0.00140923936897575,0.031142343889252
"ABY99089.1",377.78798641757,-2.23026578636783,0.639448915417217,-3.48779352438602,0.000487024020726008,0.0144299400426583
"AEM82375.1",1463.10512957934,2.22943390884983,0.529310939026534,4.21195509949223,2.53169875345644e-05,0.00146509172697823
"ADW68919.1",475.942870005676,2.22741009135451,0.640739709257289,3.47631036312141,0.000508363607940265,0.0149745336108411
"ABZ70421.1",830.925885494799,-2.22532963730576,0.660594652924108,-3.36867643032741,0.000755300400075889,0.0199076729407502
"ABP42962.1",942.266934970061,2.22261945146376,0.684906261520732,3.24514400923824,0.00117391240528657,0.027554272347835
"ABG05606.1",574.496477198729,2.21790717645058,0.633138413485328,3.50303682293,0.000459985869456116,0.0138230670485132
"AEI48680.1",168.043019213439,-2.2165448850561,0.634615519642736,-3.49273665148297,0.000478097753843875,0.0142321264300136
"ABY70643.1",86.2520548221207,2.21634764619698,0.491920658580644,4.50549820898331,6.62173976847932e-06,0.000531904385275658
"CCT75924.1",56.3624887046392,2.21160999665729,0.649493993920811,3.40512771073745,0.000661331179161147,0.0179738591045268
"ACK49434.1",196.970157163844,-2.21088732865533,0.720425259302836,-3.06886425775081,0.00214874199784257,0.0423109873707475
"ABX04818.1",96.8812689700779,2.21048934411709,0.652207990553556,3.38923989913242,0.000700866644837694,0.01876616795167
"BAS98176.1",313.44562209512,-2.20911924851573,0.654996415488717,-3.37271960010258,0.000744297076051012,0.01969973735912
"AJE83012.1",879.518217016108,2.20620773173278,0.650932829553149,3.38930167840404,0.000700708746153856,0.01876616795167
"ACG42119.1",396.479411881814,-2.2027488850602,0.532469618699256,-4.13685364892966,3.52100519699475e-05,0.00192423314253905
"ADO73102.1",802.676629926477,-2.19785197192801,0.428102837158951,-5.13393460906208,2.83746716486277e-07,3.80201232808982e-05
"CAM12502.1",26.1537909934024,-2.19672129752226,0.686547566692697,-3.19966365637929,0.00137588048488213,0.0306252103031907
"ADB73293.1",1279.65364258253,-2.19661414263449,0.392328512538821,-5.59891537940958,2.1569704567816e-08,3.87076762184005e-06
"ACT00431.1",41.6150058310017,-2.19609060198154,0.417755132525453,-5.25688478967457,1.46516034147358e-07,2.13918462638176e-05
"ACN67534.1",286.961311778537,2.19491490853331,0.46657259846474,4.70433736519395,2.54691797372277e-06,0.000252166600674296
"ACY96152.1",310.310487972295,-2.1945051840661,0.543742546600181,-4.03592692495285,5.43871435026845e-05,0.00267215124669597
"ABK51955.1",242.445942882574,-2.19085241738841,0.577643768511034,-3.79273963784924,0.000148994351738748,0.00586314787254362
"AHE50829.1",264.865062650546,2.19007282539853,0.724899459864609,3.0212090733349,0.00251767451824673,0.046704338955423
"AGL12187.1",434.058462971103,2.18909865688876,0.364968212323103,5.99805293440399,1.99697430406057e-09,4.65302985950484e-07
"AIQ38854.1",185.629369483709,-2.18846811531891,0.65436671163748,-3.34440624255245,0.000824588956574179,0.021117990251211
"ABQ24722.1",58.9689742910632,2.18810680045242,0.682201021465734,3.20742234561771,0.00133930212934395,0.0300974388313594
"ABG64065.1",58.4529015185189,-2.18666872266864,0.66473274903305,-3.28954564951022,0.00100349277308008,0.0244147861896588
"ADU26042.1",345.736836361982,-2.17953138543647,0.485387061794345,-4.49029559498213,7.11244004543491e-06,0.000562393970217623
"ACB67897.1",1224.13301180787,-2.17908606589764,0.660963669483138,-3.29683183283228,0.000977820295151418,0.0240435110859733
"ACK82703.1",322.524334421079,2.17815867751973,0.630195675193872,3.45632120824955,0.000547602351422832,0.0156777074123476
"ABS27515.1",2994.5452615824,2.17618337851345,0.702395674723967,3.09823003874372,0.0019468024907255,0.0395662196167288
"AEE44723.1",5395.78152925954,-2.1633599838152,0.668366626788337,-3.23678636411077,0.00120883872249703,0.0280102987136834
"SMY22984.1",38.0215151910071,-2.1615994379492,0.660060313105114,-3.27485139620108,0.00105717568630405,0.025339180093207
"AEK35326.1",28.614782323603,2.16138364809708,0.618944993992885,3.49204480054641,0.000479337842534698,0.0142434911516487
"AIS01329.1",574.030596485216,-2.16082853768977,0.612728651838885,-3.52656682726492,0.000420984908679439,0.0128961030802855
"SCG81265.1",700.78273777967,-2.1596951397655,0.629808418269607,-3.42913031505556,0.000605518716149534,0.0168552696091657
"ACZ90564.1",272.755558226755,2.15745673097185,0.6135556985601,3.51631764815321,0.000437577125574102,0.0133077091447134
"ACU37207.1",418.720006907632,2.15550601041845,0.410996640622107,5.2445830388194,1.56636149043079e-07,2.25191163593013e-05
"ADO75074.1",1475.47423162768,-2.15516854262044,0.53998621891191,-3.99115471310207,6.57523668310343e-05,0.00306961649063775
"SCF38246.1",1433.94320635595,-2.15017641818983,0.555316047214975,-3.871986824392,0.000107951788949539,0.00452985757179136
"AEB46680.1",1227.24261738706,-2.14642258398739,0.53924436369084,-3.98042655336493,6.87917173992899e-05,0.00317634457181429
"APU68904.1",28.3696887482229,2.14587171610975,0.656099998713742,3.27064734082708,0.00107301628984081,0.025613708662115
"AEG91700.1",449.330577679423,-2.14152954461086,0.54358203137613,-3.93966213193135,8.15964428258601e-05,0.00366720211869048
"AJE39277.1",231.382122692744,2.13972697698643,0.492955459072682,4.34060915160886,1.42088265168364e-05,0.000953649701208252
"ACB46466.1",1058.32293437973,-2.13932548321073,0.625420152274161,-3.42062128223992,0.000624782704437354,0.0172218193471007
"ADT97001.1",963.99507936032,2.13646363939232,0.68956843103276,3.09826196102475,0.00194659278525603,0.0395662196167288
"ABM37250.1",332.510716597618,2.13157598314597,0.544039658276335,3.91805257340867,8.92672394987594e-05,0.00391460825136414
"ACH38810.1",403.077181747219,2.1305713463983,0.700863445196208,3.03992362706525,0.00236638147345024,0.0448813921162804
"AKZ55003.1",307.244399150365,2.12883056864714,0.644510550483689,3.30301896074394,0.000956499201847352,0.0236021120265333
"SCG15869.1",1497.23047727295,-2.12444840857857,0.529043564424587,-4.01563982899824,5.92847362199049e-05,0.00285729843918524
"ANB05725.1",302.413420290768,2.1160045846081,0.632425481518649,3.3458559884825,0.000820289872263044,0.0210889583339591
"AHH96695.1",601.525916260948,2.11396478825785,0.70397169488416,3.00291162786837,0.00267410069933811,0.0485385724500375
"ABM15634.1",321.219568651305,2.10953389391898,0.478529337334963,4.40836899502848,1.04151989111882e-05,0.000759469101008058
"ABM41737.1",29.3424236266434,2.10865652783412,0.640051476309381,3.2945108415231,0.000985931413380178,0.0241108169139401
"SCG56773.1",470.2464499275,2.10495535567361,0.562167761963236,3.74435444025206,0.000180858190569577,0.00686095171811396
"AKN74671.1",176.825701717204,2.1033904259958,0.653014880042093,3.22104517106903,0.00127724015446136,0.0290277104158225
"ABF42123.1",1417.78667704577,2.10275720399394,0.694454079770535,3.02792836164018,0.00246236452881769,0.0461362917228881
"ACX51582.1",84.3331927921255,2.09838881691804,0.700769731236177,2.99440561340516,0.00274980119854178,0.0494866427643688
"AFL03844.1",1236.80501760106,2.09815717004348,0.609222417264395,3.44399206362905,0.00057319252719831,0.0161688857477133
"ACZ39406.1",420.227893703899,-2.09754373460508,0.599634945007592,-3.4980345159479,0.000468700470289791,0.0140201255831251
"ADW03442.1",110.482437793642,-2.0960126395475,0.688811199269957,-3.04294216146453,0.00234277357234182,0.0446950006559547
"AOS63291.1",1257.04364494827,2.09327451160675,0.654483993822905,3.19835860214049,0.0013821229370528,0.0306534804417141
"ADO70097.1",120.995915683883,-2.09237080002816,0.693882349261068,-3.01545471254079,0.00256594254524012,0.047210246539238
"AIL10186.1",671.095615389279,2.08990107613373,0.635707778059019,3.28751849240344,0.00101074550625493,0.0245676210804693
"ADV83433.1",52.5812977485273,2.0787653818109,0.597230783148948,3.48067353603317,0.000500154706277561,0.0147671114736769
"AKF07337.1",1249.84897423638,-2.07485450000648,0.659051956595623,-3.14824116557407,0.00164256117542143,0.0349010238545592
"AEA27818.1",465.161047654295,-2.07441567937134,0.471697024676861,-4.39777138893856,1.09368087241707e-05,0.000786176338487759
"AEB43376.1",373.897845748687,-2.07414407928476,0.465765153824853,-4.45319720088963,8.4600986706467e-06,0.000648684474737495
"ABS66976.1",52.2568057647656,-2.07325533074541,0.691064938447272,-3.00008756833147,0.00269901998606383,0.0487989032337948
"ADU26244.1",105.625481262872,2.06703387575036,0.664594571364333,3.11021781521174,0.00186949428952564,0.0383959529284636
"ADI06306.1",3631.11388550173,2.06535937180667,0.662596849963849,3.11706790021618,0.00182659496567506,0.037667752580665
"AMO89148.1",38.5387337726293,-2.06417135875697,0.653409860329569,-3.15907592474322,0.00158270252364009,0.0339958590455562
"ABR59528.1",296.751835927747,-2.06144160595573,0.58202098959033,-3.54186815050558,0.000397304011408737,0.0123810791972694
"AIQ67951.1",245.743735919395,2.06049500592552,0.636227918151447,3.23861142703744,0.00120113092375451,0.0279160726490537
"AGJ57836.1",283.899492362179,2.05860164215945,0.595754628330998,3.45545220173381,0.000549370588689886,0.0156777074123476
"AIR21861.1",33.9012279262642,2.05325672907409,0.634008332892537,3.23853271723814,0.00120146240030113,0.0279160726490537
"ACM35943.1",229.786364654339,-2.05265720113866,0.497774540658968,-4.12366851551166,3.72885424175646e-05,0.00201299416621575
"SBO94195.1",343.933605847728,-2.04976367405107,0.59985621727289,-3.41709165467995,0.000632939668568806,0.0173513244136474
"AGL16228.1",327.202792515833,-2.04716497021345,0.664088480259831,-3.0826689982824,0.00205153205696557,0.0411656745736716
"APE38141.1",212.660904653372,2.0435248344329,0.632450647076006,3.23112142248676,0.00123305546593204,0.0284412055191235
"AFC31930.1",28.8405802480728,-2.03650180192285,0.623311143779185,-3.26723149786057,0.00108604832379214,0.025869577539751
"AEG45248.1",1695.85226503635,-2.03279814346759,0.460638897318949,-4.41299715525341,1.01949336593451e-05,0.000745556087810427
"CAD79663.1",142.923033097423,2.03026917713934,0.642267591638966,3.1610954741752,0.00157176970584697,0.0338472245676985
"ADL47171.1",429.873976946918,-2.02768672896841,0.483245064918368,-4.1959802099809,2.71693971229067e-05,0.00155535578145002
"AHN74142.1",57.6412819841186,-2.02763133711423,0.397412536537157,-5.10208196948676,3.35937181708556e-07,4.38155593235649e-05
"CBL01779.1",96.8189716071608,-2.02676630480331,0.640876340441881,-3.16249200806175,0.00156425029193098,0.0337139907467884
"AGZ38525.1",268.315715157037,-2.01925321275338,0.584161279663824,-3.45667075694478,0.000546892593027788,0.0156777074123476
"AIR01824.2",233.146588582634,2.01868402565305,0.602623918732205,3.34982393314215,0.000808629423540572,0.021005682454765
"AOD24295.1",83.567198255203,-2.01629468252573,0.595677831405516,-3.38487446774414,0.000712108131185104,0.0190068270499754
"ACB75560.1",1297.79620339381,-2.0138951689336,0.469913306656527,-4.2856738475074,1.82186111365251e-05,0.00115535217440475
"SDU21735.1",225.76636322894,-2.01349923730087,0.600898162448531,-3.35081610017959,0.000805737914754094,0.0209748831862375
"AEN08183.1",1752.2823795737,2.01298742768969,0.597227829077131,3.37055195636189,0.000750177581914685,0.0197932673151067
"ABJ88064.1",161.454115592253,-2.00728408388306,0.470275442375339,-4.26831576351162,1.96954399008825e-05,0.00119796566300969
"APG11294.1",88.4077708411279,2.00507799492802,0.551299236141354,3.63700484869512,0.000275826740873279,0.0093518774817942
"AAU90816.1",1127.98966624378,2.00386485247543,0.541896865781458,3.69787127221284,0.000217415089518278,0.00776940037464875
"AKG42356.1",904.003616395233,2.00372129741714,0.524976420188699,3.81678342180953,0.000135202749737815,0.00539595453724909
"AAY38185.1",206.330333495207,2.00339132207077,0.669298593497814,2.99326988213268,0.00276005561883493,0.0495654274828816
"ADK99668.1",300.69952173335,1.99748034642779,0.657209674198083,3.03933497154478,0.00237101063974233,0.0449054507615271
"AGL12188.1",196.223805527503,1.99118277345723,0.568324007980042,3.50360488998936,0.000459005847436634,0.0138217713926006
"ADY35564.1",27.7403319285291,-1.98933369722139,0.55789056801878,-3.56581346102705,0.000362729317924307,0.0115885605194933
"AGW13874.1",440.991276959789,1.98910019181527,0.6282074799932,3.16631090071835,0.0015438568857675,0.0333753443884468
"ACR02050.1",818.848116083991,-1.98664154977654,0.490345507570988,-4.05151371655819,5.08873422937286e-05,0.00253964974764934
"ACO34569.1",40.0143043945966,-1.98177978690632,0.571899278386811,-3.46526016346171,0.000529718769110331,0.0153533493869401
"AGT91331.1",60.0412826926675,-1.98160926648962,0.654914868078454,-3.02575092286992,0.00248016519244089,0.0462632560623785
"ABI13865.1",189.526476492084,1.98109473312336,0.650173702818173,3.04702377923979,0.00231119425326384,0.0442361181470007
"AEK45728.1",173.206450881866,1.97471621609623,0.497106859159157,3.97241796147495,7.11467427127718e-05,0.00327313823792957
"AHH96905.1",920.571224558357,1.96923869298269,0.595068836015632,3.30926201104398,0.000935422537145069,0.0232048984876291
"ANS70584.1",172.224470852375,1.96755013542274,0.528144195069912,3.7254033155894,0.000195003185638119,0.00721369240672709
"ABB36195.1",212.861701874481,1.96684650381765,0.604526263488015,3.25353358920963,0.00113979249484995,0.0269031431876756
"AMP26136.1",142.148901357269,1.96580039467751,0.611615542807171,3.21411124651108,0.00130848966974349,0.0296250741946713
"AIS00826.1",612.879209321039,1.96347190792557,0.598031580020051,3.28322445423322,0.00102626917974014,0.0248494632104925
"ABD88359.1",264.095910224623,-1.96044504829659,0.55351549943367,-3.54180695988175,0.000397396182935906,0.0123810791972694
"AFZ66941.1",579.833734811206,-1.95824283013788,0.596508770664993,-3.28283996219338,0.00102766989296555,0.0248595901545959
"AGM08151.1",338.61435372965,1.95626723344111,0.345291093005075,5.66555950347772,1.46545557240538e-08,2.72897632210235e-06
"AMD56122.1",104.325998578227,-1.95579251678383,0.621710471397178,-3.14582527842671,0.00165618913603801,0.0350389245059948
"ABA48523.1",64.2888095187636,-1.94777681190608,0.534689843733602,-3.64281617601945,0.000269671426137904,0.00918370941529931
"ADG14863.1",278.090519787508,-1.94625341835023,0.648862402867719,-2.99948557621547,0.00270435927975907,0.0488425430804738
"AEA65144.1",1825.30531206076,1.94609950560035,0.563212856055701,3.45535348612121,0.000549571789334113,0.0156777074123476
"ADV81053.1",234.875209337102,1.94164870576392,0.530753154197112,3.65828952764514,0.000253904126944935,0.00876482324690653
"AGT86208.1",137.773027228771,1.9412033112904,0.490139018552654,3.96051576759312,7.47880542729236e-05,0.00340442323438039
"ABU56590.1",107.576616376986,-1.94113167522836,0.583206966225534,-3.32837532410013,0.00087354094262727,0.0220590882947084
"AKN74150.1",824.364395944248,1.94072373206542,0.581411107765577,3.3379543427091,0.000843976161668164,0.0214624410238086
"AKN71916.1",208.484333536777,-1.93949917262465,0.484434296334091,-4.00363720591547,6.23759972950259e-05,0.00295874713281821
"AEM87264.1",700.747995190585,-1.93254912090933,0.571629533061461,-3.3807720020329,0.000722824934539262,0.0192320076957381
"AEH89696.1",571.972491804415,-1.92964288790234,0.3704236747032,-5.20928606803672,1.89568643176748e-07,2.63552493313256e-05
"ADQ79765.1",10785.3081618838,1.92590354732586,0.574136526435472,3.3544348053987,0.000795272907094459,0.0207665535275656
"AGT87625.1",91.689752626269,1.92511347937419,0.557140348028715,3.45534744734547,0.000549584099701708,0.0156777074123476
"CAN94263.1",857.67515496634,1.92236694946114,0.58038073507922,3.3122514812604,0.000925483116775635,0.0231398214464169
"ADJ93836.1",55.4951892844504,-1.91475901668722,0.625529680883344,-3.06102024444834,0.00220584179409383,0.0430999342980357
"SBO95741.1",263.121873874629,-1.9147431215132,0.486760608781334,-3.93364435611788,8.36675516839864e-05,0.00371410536887703
"ABD48218.1",95.2563036196251,1.91460827589581,0.579681415689778,3.30286295898855,0.000957031456318348,0.0236021120265333
"ADH91676.1",287.396275313892,1.91432278771385,0.630276057683617,3.03727670498757,0.00238726202817893,0.0451456585194405
"AQZ70315.1",305.751846835553,1.91205710653119,0.595404487221667,3.2113582406028,0.00132109132249495,0.0298460479759729
"AGS72000.1",1180.43544410373,-1.90774585677545,0.554384667992352,-3.44119519698148,0.000579150568268993,0.0162208267872683
"ADL02235.1",1026.68919140672,1.90687472378383,0.387145560887683,4.92547226787664,8.41568462623316e-07,9.76798477511824e-05
"AGJ53169.1",563.910645984454,-1.90612830728339,0.476128918421592,-4.00338696839161,6.24420412174416e-05,0.00295874713281821
"ABN76874.1",532.239409366185,-1.9058026991391,0.625163744283213,-3.04848564326809,0.00229997902380765,0.0441215839570924
"ANG85144.1",962.337611571927,-1.90495353872607,0.548959767099082,-3.47011503009153,0.000520235512801624,0.015182836424936
"AIQ60570.1",2351.85483209437,1.90258540274318,0.618825775583915,3.07450897782648,0.00210849375308061,0.0417852709015279
"CAN95067.1",705.231334053752,1.90090683776794,0.414042072318439,4.5910958447381,4.40924783566105e-06,0.000384714475812868
"AAW62376.2",1428.1769626244,-1.90047741847878,0.5371853354584,-3.53784307394957,0.000403409735844157,0.0124938513415725
"AIR54677.1",32.2515840549541,1.89730505538272,0.549790080180024,3.45096269245429,0.000558590778910244,0.0158453166802308
"AHY11898.1",1635.48626884296,1.89586550113145,0.566508245204597,3.34658059645143,0.000818148918922414,0.0210889583339591
"SAM84677.1",43.6324106983123,1.88641398127467,0.602752667255881,3.12966509109423,0.00175005702868513,0.0363806273395501
"ADG17356.1",190.701354104338,-1.88370553098425,0.585650871051591,-3.21643085342275,0.00129795807466468,0.0294285243398212
"AGL16460.1",188.181425510893,1.883105385372,0.591547600969444,3.18335393852654,0.0014557954113192,0.0319202697509615
"ABZ72404.1",608.965981850145,1.87918393745862,0.584116154693312,3.2171408415254,0.00129475022295908,0.0293821209789539
"AEK44212.1",272.450901098814,1.87606980268218,0.497047445767965,3.77442801216603,0.00016037520966178,0.00624303681549541
"AAW75035.1",236.646554830267,-1.86899799182357,0.391080879448205,-4.77905745343681,1.76118866936516e-06,0.000184146102896474
"AFH63174.1",39.4509410485211,-1.86094684867524,0.617938078834997,-3.01154260016424,0.00259923928481691,0.0476591508337753
"ACL40866.1",150.830131341592,1.85539582202368,0.585318641309355,3.16989019497683,0.0015249655412317,0.0330644413794222
"ABI67012.1",173.107188165103,1.85392266097401,0.615849810271807,3.01034867601206,0.00260947940213557,0.0476733987813981
"ACS41009.1",184.240875929567,-1.85264464415105,0.362329511313661,-5.11314862936255,3.16832810403131e-07,4.21937926401601e-05
"AGK80288.1",1215.9995462448,1.85019071139887,0.39920321329627,4.634708964694,3.57440002566863e-06,0.000325334690106091
"ADU12519.1",248.455981146767,-1.84698783180964,0.604632031040098,-3.05473037647778,0.00225262934047961,0.0435921755518294
"ABP72276.1",145.099759790332,1.84240866329565,0.544366561931929,3.38450006326075,0.000713080025203738,0.0190127121999264
"ADO69829.1",148.172114399763,-1.84087447972801,0.586428405835557,-3.13912911006603,0.00169450770184586,0.0355794024993905
"ABR38315.1",57.4294035149648,-1.83745557846931,0.583003943217373,-3.15170351735376,0.00162320999211721,0.0346015858724024
"SCG41663.1",239.273098820484,1.83496363184711,0.600658919740425,3.05491781032751,0.00225122205941407,0.0435921755518294
"ABS26669.1",511.455623382693,-1.83439214397062,0.535687815237934,-3.42436787208955,0.000616231418447624,0.0170554170043638
"ACZ84238.1",1990.79147287133,1.83244475301694,0.595643516295785,3.07641181828459,0.00209508262762738,0.0416432645144191
"ACF52384.1",297.014153410974,-1.8319375914766,0.394991581526371,-4.63791553328154,3.51940549486156e-06,0.000321485621792354
"AIX51156.1",104.704836297478,1.83137153741883,0.465175777321105,3.93694518653893,8.25254477542803e-05,0.00369582549473727
"AHB89703.1",394.166843074377,1.82948836786556,0.573750654840626,3.18864711077976,0.00142940257364488,0.0315053774572616
"AJF71723.1",40.2304936771264,1.82739440619013,0.580163291620387,3.14979322646604,0.00163386055943353,0.0347700367833025
"ALV47837.1",310.60844414394,-1.82567867396262,0.54621511370217,-3.34241698584359,0.000830521933210886,0.0212389131181268
"AGL19711.1",1315.81925780621,-1.82487911805385,0.597939011668137,-3.05194858078047,0.00227361044562013,0.0438484490133583
"ADH69945.1",1020.44733803793,-1.82248533615262,0.49843306988263,-3.65642941103761,0.000255752795619373,0.00880909799225616
"ABL87609.1",82.7522112622104,-1.82047450478336,0.603747717812584,-3.01529008072951,0.00256733585890968,0.047210246539238
"ADJ48788.1",181.07257627657,1.81999223870036,0.51781301344639,3.51476728363218,0.00044013950355815,0.0133695676573012
"ACA92574.1",95.7539991885957,-1.81828398705505,0.424961621005825,-4.27870164546018,1.87986641373135e-05,0.00117226453984735
"AFH59871.1",59.5679629314821,-1.81801732898972,0.571961262919298,-3.17856723322579,0.00148004888503929,0.0323120594807154
"AKM40870.1",190.680658779799,-1.79626915509316,0.588842988377218,-3.05050614603304,0.00228456004553103,0.0439696363206071
"ABG06537.1",35.0490994147209,1.79128534954021,0.536871597712067,3.33652470567255,0.000848328884380504,0.0215298553274623
"ADH93476.1",66.2605601710609,-1.78721888475492,0.589663694517745,-3.03091219854834,0.00243816136481366,0.0458359260587131
"ADB40698.1",42.4581391347016,1.78518826348906,0.520145575979952,3.43209352521316,0.000598940971116875,0.01672737681255
"ADD41528.1",555.964793959875,1.78353646200552,0.594517035485403,2.99997536748349,0.0027000144064859,0.0487989032337948
"ACJ23248.1",106.300896174869,-1.78137621141783,0.385347116434764,-4.62278329185161,3.78625211467912e-06,0.00034322916277469
"AGK80319.1",1755.34020423753,-1.78122872776094,0.546550088743199,-3.25904023153104,0.00111789813862751,0.0265100061871527
"ADJ47369.1",274.225042480087,1.78107066407236,0.467004979220019,3.81381514828185,0.000136837835187539,0.00545261062007921
"ADW15742.1",502.41213589465,-1.7767086142337,0.558085059044119,-3.18358032604712,0.00145465746473145,0.0319202697509615
"ADG12250.1",147.826837061022,1.77056963895798,0.569781790842461,3.1074521288932,0.00188707545291298,0.0386628908381028
"ACK84116.1",200.043829819086,-1.76914470689067,0.363092686287867,-4.87243278011955,1.10232367366498e-06,0.000123416353605066
"AJE43210.1",294.637605587924,1.76839225977055,0.38274102851197,4.62033627971831,3.83118565879565e-06,0.00034322916277469
"ADU37741.1",1037.23902491427,1.76366544801107,0.529729307169603,3.32937110358215,0.000870423426859332,0.0220023216481735
"ACF82787.1",279.426224510697,-1.75955596827817,0.525354733052148,-3.34927213476444,0.000810241713466807,0.021005682454765
"AFM15856.1",170.138473248154,-1.75875685796762,0.509457970059703,-3.45221188268291,0.000556010925038793,0.0157934281287112
"APT09097.1",29.655495374692,1.75854628022257,0.523587379744228,3.35864909708407,0.000783244560029281,0.0205372405206434
"AGP52606.1",95.7366274065027,-1.75528843787112,0.581870705924472,-3.01662967391068,0.00255601866094388,0.0471048362548164
"ABC27701.1",55.21816244494,1.75464798999315,0.523807329731884,3.34979655762222,0.00080870934135345,0.021005682454765
"ABS01506.1",825.318026416665,1.75419112616394,0.388000007943162,4.52111105735058,6.15159025286779e-06,0.000500494174174642
"ADC92551.1",344.437286834341,-1.75292549503775,0.537739899736754,-3.25980180361524,0.00111490093112197,0.0264637319513876
"ACU90285.1",169.07696181179,-1.7491482206914,0.395353604727303,-4.42426273537554,9.67721915847165e-06,0.000726595478833259
"ADW22537.1",117.69378684979,-1.74582386130242,0.54352613411512,-3.21203296718139,0.00131799250049868,0.0298026490081485
"ABP83792.1",172.071390186254,1.7458041644134,0.378234073354875,4.61567131942502,3.91826654488438e-06,0.000349098233750737
"AJA07766.1",113.18324783609,-1.74050794246295,0.396659355410311,-4.38791602598794,1.14441942406451e-05,0.00080660848710597
"AHF89581.1",1073.02994823338,1.73529168628642,0.462038479294709,3.7557298018453,0.000172837085893717,0.00664634769660898
"AIU29276.1",62.7260906267127,-1.7257558585608,0.378879532334437,-4.55489334018042,5.24121653723949e-06,0.000442061673472569
"ACB73620.1",425.82901442981,-1.72341856904923,0.370590895013204,-4.65046117495095,3.31193592381552e-06,0.000304734235201106
"ADV68760.1",415.889241361496,-1.72101009099256,0.539988604585691,-3.18712298070255,0.00143695661793107,0.0315893251985315
"ACU38080.1",512.106011341669,-1.7184848463792,0.557654869714144,-3.08162797405517,0.00205871960239801,0.0412444830558012
"AIR98808.1",477.351063201288,-1.71740817143074,0.502592023539788,-3.41710192560344,0.000632915789420276,0.0173513244136474
"ABJ85860.1",430.565752948006,1.71652057623019,0.465608043521408,3.6866213977922,0.00022725105886584,0.0080534083228044
"ABZ82761.1",373.754901682166,1.70314487567699,0.47276223907342,3.60253999772705,0.000315122893254374,0.0103687315578874
"AJP04830.1",43.5900932786352,1.7025109630567,0.563704130469504,3.02022084109743,0.00252590436406074,0.0467884027260827
"AEV83904.1",684.585121014996,-1.69744223766741,0.545634513219598,-3.11095100574081,0.00186485877707979,0.0383318616055644
"AAS52247.1",74.9602306943612,-1.69331846046681,0.534815259467453,-3.16617454437061,0.00154458081171684,0.0333753443884468
"ABL99150.1",119.928513128214,1.68560174575926,0.440225714226771,3.82894885801916,0.000128691743909257,0.00516870983513641
"BAI98324.1",149.897850899642,1.67851968676691,0.545108465408705,3.07923980873863,0.00207529558613904,0.0414138674763233
"AHF94509.1",538.828002552598,1.67622756310253,0.425927681767465,3.9354745766857,8.30324541286509e-05,0.00370425439401381
"AGS71497.1",334.934612237054,-1.6711642862621,0.431813144288123,-3.87010981107845,0.000108786341380033,0.00455731919857448
"ACU76073.1",677.608240530013,1.67046289575726,0.518617421380091,3.22099263713895,0.00127747429974318,0.0290277104158225
"ABF78116.1",25.9543716386751,1.666577595197,0.521766231819851,3.19410780836507,0.00140263725850888,0.0310235406923516
"ABK98501.1",25.5543856775855,1.66588578012221,0.525463218897043,3.17031853079829,0.0015227191267123,0.0330440497969137
"ABF91607.1",564.430491666331,-1.66557308931851,0.422890332613131,-3.93854614511184,8.19768295023199e-05,0.00367776545549149
"ACG38268.1",281.770368830903,-1.66032065394638,0.478191430721999,-3.47208366205882,0.000516435367725409,0.0151242640156898
"AGH86228.1",206.435148279507,1.65711939330378,0.363677378228294,4.55656439610479,5.199710268888e-06,0.000440027655296566
"ACB79364.1",1030.61955753993,1.65331580910827,0.521222234113804,3.17199785599953,0.00151394124695035,0.0329383107236325
"ABV39536.1",212.996735547259,1.6529855113506,0.53681766439132,3.07923084689261,0.00207535801920633,0.0414138674763233
"ABO57621.1",126.509430526368,-1.6501880146277,0.500058457539146,-3.29999021064155,0.000966882011001894,0.0238218262165345
"AGN80783.1",118.389996453676,-1.64582371694266,0.547983810766824,-3.00341667875109,0.00266966639631883,0.0484928706576133
"AEG06233.1",31.489648581771,-1.63703625163894,0.510164205104167,-3.20884184986025,0.00133270775697521,0.0300280537620159
"AHC33634.1",65.8939237625292,-1.6334314077714,0.515225074995451,-3.17032591588408,0.00152268042224762,0.0330440497969137
"ALV36487.1",195.6495773686,1.63215267123846,0.445444008692019,3.66410287127003,0.000248207020026622,0.00863722605016656
"AHJ97138.1",448.448929039228,-1.63056705636454,0.337706607909871,-4.82835401550601,1.37666198996829e-06,0.000146889942333752
"AQA25364.1",133.544755975178,-1.62985294762899,0.51013879000988,-3.19492063639667,0.00139869297267904,0.0309633668308818
"AFO53541.1",183.361760239802,1.62756899121289,0.482613337641768,3.37240781443343,0.000745140261552039,0.0197014462257589
"ABC43952.1",333.806969416837,-1.62700183995325,0.419628391724671,-3.87724441920213,0.000105646212760162,0.00447766519509277
"ABK10838.1",88.4718809187176,-1.62678731914883,0.533296969057981,-3.05043421120956,0.00228510736914984,0.0439696363206071
"ACG71792.1",625.725161097799,1.62638419429004,0.506633533620385,3.21017873149445,0.00132652461699843,0.0299153764562488
"ABN75677.1",170.675869779273,-1.61349593447844,0.464933433484035,-3.47038052821349,0.000519721492942342,0.015182836424936
"ACS31585.1",258.077035016655,1.61281923990944,0.482730257736289,3.34103614609239,0.000834663558707029,0.0212898105100443
"ACY17276.1",789.381284397074,1.61087067471567,0.535155470596199,3.01009849141792,0.00261162986838397,0.0476782615870993
"APC34765.1",125.808504284591,1.60997211885804,0.511830407762016,3.14551870002735,0.00165792595639771,0.0350463663113879
"AEB45932.1",648.435048432076,1.60721760419447,0.432407956501488,3.71690108849543,0.00020168135502262,0.00740659408728206
"AEI46981.1",74.0693671498181,1.60157307041686,0.373252307557801,4.29085912662134,1.77983200116823e-05,0.00114012883862177
"AEG96860.1",283.725076417755,-1.59492830570218,0.495067671287638,-3.22163695632533,0.0012746052854065,0.0290277104158225
"AHI00070.1",635.707348292199,1.5941690677134,0.328651947120593,4.85063022349429,1.23069800091764e-06,0.000134877441885776
"AGL15292.1",291.222957951502,-1.59100642566457,0.38660187262406,-4.1153614049141,3.86573225636542e-05,0.00206359964731676
"ABO58038.1",874.206157728519,1.58945452654489,0.39471939106514,4.02679615575964,5.6542010304755e-05,0.00275131247450234
"ABK05171.1",207.073453751492,-1.5874822088586,0.42282666242171,-3.75445152811889,0.000173721457782266,0.00666011219131013
"ACB76005.1",171.656054637599,1.58727288835281,0.392160401134509,4.04750934505593,5.17655159096336e-05,0.00257332583312664
"ABJ85953.1",90.2124924579192,1.5859892516008,0.521377137560318,3.04192327845852,0.00235071801613842,0.0446950990447703
"AII53927.1",74.1917165738729,-1.58281464274319,0.470632908792138,-3.36316184689555,0.000770551739146921,0.0202674331139652
"ACG32118.1",45.7946614884534,-1.5793442954655,0.502582396110572,-3.14245844599387,0.00167535491742834,0.0352674754373455
"ACZ86333.1",267.079561952928,-1.57903397998269,0.471506124916928,-3.34891509683122,0.000811286525200037,0.0210112415016751
"AMU95187.1",278.576017777361,-1.57264322834722,0.497579888657342,-3.16058438895271,0.001574529871124,0.0338778310621177
"ADI12260.1",376.621580818745,-1.57101278147512,0.424880902652683,-3.69753681953396,0.00021770165061953,0.00776940037464875
"ASF09659.1",183.108115209954,1.5702268341677,0.426435055137736,3.68221799603349,0.000231213567045565,0.00815954935418957
"ABW14634.1",1414.58163750157,1.56671807897979,0.463904412166978,3.37724332403174,0.000732162506290672,0.0194395675725843
"ADU14365.1",186.872345037155,-1.56080480491025,0.491502478957241,-3.17557870353291,0.0014953795108125,0.0325905148682934
"AKN75796.1",131.578856179268,1.55807747894395,0.483507043995803,3.22245042402623,0.00127099158475924,0.0289990081777846
"AEK46054.1",390.705342321456,-1.55701543199931,0.406811478667765,-3.82736356677609,0.000129523133728921,0.00519385713588412
"AAK45288.1",27.5312104127773,-1.55302785861527,0.502304918188734,-3.09180301123738,0.00198944822249158,0.0402068756978469
"ABQ70441.1",1945.78759120661,-1.55288600201146,0.443364848326174,-3.50250140008627,0.000460911361128041,0.0138344486009761
"ABD10536.1",774.463386339363,-1.55262037074259,0.236839101799754,-6.55559136537902,5.54218038836511e-11,1.89505122117301e-08
"ABM93105.1",748.609699989515,-1.54753298855181,0.465929853884943,-3.32138620362788,0.000895715001044807,0.0225291020590823
"ACZ30555.1",812.966643016255,1.53956804804181,0.392641190245477,3.92105588076299,8.81618134914795e-05,0.00387284438676199
"ABE33945.1",341.71539389907,-1.53793207112342,0.401138286173212,-3.83391993268711,0.000126117207979218,0.00508954340270838
"ADJ45084.1",118.374857978155,1.53323699676928,0.473202925765473,3.24012577540396,0.0011947698601836,0.027830230388705
"AKJ65049.1",588.150518298491,-1.53137246614995,0.500856505754431,-3.05750738695761,0.00223186140406837,0.0434037264416581
"ADI05411.1",175.183337843342,1.53098402503263,0.392919637927695,3.89643040777301,9.76208409515824e-05,0.00420085057584675
"AHB06421.1",65.7757591857946,-1.52744640363381,0.346073518254882,-4.41364716761959,1.01643566196998e-05,0.000745556087810427
"APA89700.1",415.748017186316,1.52683369364812,0.470417481204946,3.24569930891435,0.00117162518822357,0.0275261208334457
"ADJ46583.1",160.747493986751,1.52649724397036,0.33326972770578,4.5803657430236,4.64163501721998e-06,0.000402216749454511
"AMB44279.1",208.083812092389,1.52526103512015,0.39671584190377,3.84471925245204,0.000120690534239318,0.0049494855556847
"SCE68159.1",1112.46667314984,1.52172084317107,0.424510916850087,3.5846447824296,0.000337537282541338,0.0109919769494
"ALV32767.1",168.086115129294,-1.51966575938603,0.414778964567825,-3.66379659819401,0.000248504152255513,0.00863722605016656
"ABG97211.1",129.180859708793,-1.51715153356188,0.402170491274367,-3.77240888249769,0.000161679017836194,0.00628412317712628
"ADW03210.1",592.959395445845,1.51492620637849,0.427467906202317,3.54395308840213,0.000394175374995295,0.0123438360315668
"ACS17585.1",200.634780585357,1.50560125306922,0.262117044169101,5.74400362953086,9.24638044474009e-09,1.8422138928603e-06
"AEG50371.1",33.5734079803278,-1.49983799160564,0.48602126624601,-3.08595136832236,0.00202902004956426,0.0408760305048761
"ACQ79186.1",487.632273343382,1.49968379933827,0.374375749653614,4.00582516556116,6.18013504263179e-05,0.00295874713281821
"ADJ22317.1",357.923234264693,-1.49028788012762,0.487224333981108,-3.05873039622321,0.00222277087325212,0.0433303323620173
"AJW95111.1",269.824783287438,-1.48996042254841,0.416645106200645,-3.57609005931989,0.000348771542929726,0.0112707105373574
"BAJ27149.1",206.236601720063,-1.48810772755313,0.484480188663576,-3.07155537496389,0.00212946661581721,0.0420952295156428
"ADJ44820.1",499.133693940919,-1.48756489499425,0.49568724800514,-3.00101505733877,0.002690812589348,0.0487021680602808
"AEE46043.1",832.942226927526,-1.4809064371204,0.369906878447649,-4.00345741970295,6.24234406674524e-05,0.00295874713281821
"AGL16124.1",209.77413581766,1.47849219784533,0.463801584880652,3.1877687486251,0.00143375151750953,0.0315462736065596
"AKT42401.1",690.276965444734,-1.47535302261062,0.352105039103505,-4.19009346292519,2.78839576840971e-05,0.00158907157946106
"ABF79150.1",85.011208226804,-1.46713128642126,0.465737339441589,-3.15012596623738,0.00163200080086727,0.0347596938252058
"ANB09419.1",402.601828266657,-1.46362057142815,0.361946361230109,-4.04374992596665,5.26030258467371e-05,0.0026098320843137
"ADJ49093.1",394.045754496865,-1.46266381593065,0.402965542596337,-3.62974910089481,0.000283696838956143,0.00955843024781264
"ACF93784.1",97.4091361351305,1.45979904543302,0.483612664646176,3.01852939790368,0.00254004756434186,0.046978408792573
"AGZ41008.1",481.171003652058,-1.45567650962384,0.464151648846648,-3.13620885165656,0.00171147276059584,0.0358488371368846
"ADU09070.1",182.768520878274,-1.44972350319325,0.436657963941165,-3.32004365638591,0.00090003372333581,0.0226152465755373
"APL95873.1",167.991425150717,1.4446610615405,0.459168231089265,3.14625656507941,0.00165374865557218,0.0350165709053915
"AGT85422.1",73.6687829300461,1.44461074164134,0.350360435464158,4.12321311259793,3.73623723725145e-05,0.00201299416621575
"ABY31954.1",106.370935469232,1.43992936878595,0.457603524461585,3.14667455955495,0.00165138654823341,0.0349958407286013
"AFO76795.1",108.596834814613,1.43756365845513,0.463987286210324,3.09828243397922,0.00194645830419995,0.0395662196167288
"AEK43384.1",152.43861809294,1.43701262955245,0.326095982224178,4.40671675790399,1.04949279921781e-05,0.000763083801684142
"ABA72741.1",93.4775549998199,1.4366202206661,0.458906341951207,3.13053032685882,0.00174490981715323,0.0363534963056604
"ADG16281.1",214.647925126867,1.43583681776662,0.430462110174232,3.33557073626169,0.000851244944526129,0.0215822152618684
"APU40413.1",115.706343241382,-1.43357505399289,0.468819856521053,-3.05783774738329,0.00222940250878132,0.0433927474459183
"APU42278.1",220.414110159141,1.42838021325123,0.47699754191939,2.99452321599725,0.00274874136573818,0.0494866427643688
"ABG04203.1",275.377827758312,-1.42625494103993,0.444656000290982,-3.20754682295211,0.00133872266223734,0.0300974388313594
"ACO67416.1",227.535600270979,1.42484227346138,0.460547115020178,3.09380349369674,0.00197608324378312,0.0400006674539555
"AEH80936.1",30.5633343501918,-1.42337131488022,0.466869904943676,-3.0487536245283,0.00229792852129842,0.0441156945177647
"AKN70696.1",323.928308303488,-1.41223229834093,0.373368840492632,-3.78240534608509,0.000155320162969916,0.00607429070112487
"AEL78899.1",78.1097323594523,-1.40980688046909,0.382322200661966,-3.68748369314704,0.000226482602386279,0.00803743238173916
"APQ18522.1",36.1849563506036,1.40958473022427,0.441599907142321,3.19199507840926,0.00141293740178722,0.0311960297144223
"AAM13694.1",56.5530618227369,1.40915142197723,0.441997361099508,3.18814442346859,0.00143188998682999,0.0315327348448731
"ADG89116.1",1138.14700461431,1.40528182904322,0.435613675137343,3.22598189462292,0.00125541298329804,0.0288516936570301
"ADH69168.1",598.609003978438,-1.40374503165979,0.356915080421607,-3.93299445347508,8.38941742621074e-05,0.00371450210565894
"AAX62629.2",632.925011129743,-1.40097698378522,0.41147135424654,-3.40479833973037,0.000662129301720761,0.0179762421903867
"AQT82163.1",60.9497272919008,1.40088818974073,0.407113981912022,3.44102205274657,0.000579521298489922,0.0162208267872683
"ANZ43397.1",319.959257474929,1.39652431563438,0.39174905568045,3.56484411483438,0.000364072506389139,0.0115994419167913
"ANN18361.1",243.019234988573,-1.3964682254647,0.417347507678447,-3.34605622358392,0.000819697731137108,0.0210889583339591
"AIS01453.1",540.309042981659,1.39624907570336,0.193107948653262,7.23040706216822,4.81548443194417e-13,3.48132007375667e-10
"AEV85609.1",624.956375682845,1.39583002617155,0.197682497628645,7.0609691951266,1.65345250806573e-12,9.99696995572788e-10
"AOW91125.1",148.025301422272,-1.39571543719681,0.454536132957996,-3.07063693289657,0.00213602714967162,0.0421590444369274
"AAM37919.1",395.665948019891,-1.3938493153908,0.372012426849838,-3.74678159865187,0.000179117906391437,0.0068153690006354
"AIV36786.1",194.650096012684,1.39077856597976,0.406804479141261,3.41878872355487,0.000629005458126485,0.0172853620654707
"CBD33352.1",69.0073581214477,1.38720855741927,0.404711689311231,3.42764638150216,0.000608837963143417,0.0169143538661571
"ACY46985.1",282.908940136921,-1.38279076872115,0.239500464258543,-5.7736454624506,7.75745756102981e-09,1.58295926344143e-06
"ABD26219.1",377.777232407231,-1.380275306075,0.424411631436653,-3.2522089496056,0.00114511806248817,0.0269885655411217
"ABQ80964.1",27.434757581211,-1.37917873772082,0.438084404202039,-3.14820323319422,0.00164277435129352,0.0349010238545592
"CAP67836.1",40.0466090569069,1.37662690764334,0.457631557519705,3.00815554570679,0.00262838572281791,0.0478805211983164
"ADJ45771.1",107.523821727435,1.37641540149221,0.352062248952339,3.90957964277092,9.24568695595641e-05,0.00401275500937504
"ABF39292.1",426.337328150989,1.37361270860856,0.365653417516063,3.75659748496188,0.00017223919501844,0.00663343736918051
"AEV83906.1",514.479637524618,1.36979977885219,0.396254992016527,3.45686440915565,0.000546499751338463,0.0156777074123476
"AHX12623.1",240.404281766242,-1.36764475267565,0.431672862705977,-3.16824352613333,0.00153362997807702,0.0332238350473313
"ACA15911.1",1706.64972818488,-1.3649152490728,0.375909098562801,-3.63097156810311,0.000282356291976942,0.00952594834119009
"ADP36534.1",847.987980303109,-1.36277065711339,0.414722648174276,-3.28598079490638,0.00101627938764342,0.0246547625556487
"AEO68023.1",124.46689298589,-1.35626405705657,0.383781049633702,-3.53395264917601,0.000409394414731004,0.0126328132633398
"AIS01492.1",370.354116701442,1.35464921263704,0.432869027899245,3.12946671008384,0.00175123914553895,0.0363806273395501
"ABG07230.1",36.7067932400188,-1.34812085060134,0.442078564952212,-3.04950512754916,0.00229218720160508,0.0440723501232623
"CBL16789.1",48.802008174885,-1.34772610999225,0.415827525733327,-3.24106997875018,0.00119081947435638,0.0278096401089926
"AMM32695.1",326.559205463368,1.34440997095379,0.38813360986287,3.4637813804086,0.000532639203379147,0.0154203315367306
"AEJ06124.1",30.8201338817119,1.33213032829343,0.391451840659492,3.40305036259158,0.000666379960503205,0.0180722530981914
"ABS02532.1",799.653022067259,-1.32725071741402,0.391591962276985,-3.38937170644789,0.000700529804801913,0.01876616795167
"ACU76898.1",499.479671683974,1.32401790928396,0.301222921288943,4.39547529656256,1.1053063431173e-05,0.000791475869082612
"ADU09912.1",213.829801962562,-1.32102041102721,0.419069434602492,-3.15227096502578,0.00162005859614595,0.034563526693323
"AGT85164.1",86.1475471270237,1.31666672003195,0.439081708371247,2.99868269374295,0.00271149536528592,0.0489364958829027
"SDT92737.1",324.899377680782,1.3143419800735,0.428142318485724,3.06987168360775,0.00214150755872396,0.0422342679332754
"ADL45046.1",217.230669857033,-1.30890992761149,0.268244210846097,-4.87954585667637,1.06330399263087e-06,0.00012011062913187
"ABF52731.1",443.142517032129,-1.30429523235354,0.30527332957435,-4.27254891271422,1.93251144906831e-05,0.00118680514181018
"AGH82599.1",132.135151024847,1.30301700994952,0.323250101621628,4.03098716261112,5.55430776577993e-05,0.00271313994975926
"ACV34691.1",663.801337398149,-1.29636575874201,0.386784796439604,-3.35164611089991,0.000803326357755461,0.0209552235363778
"ANT60669.1",244.292108954594,-1.28811311969872,0.412201497223761,-3.1249598275949,0.0017782934362075,0.0368217338922737
"AJE43490.1",324.687817289503,-1.282620654951,0.30222144421689,-4.24397632760476,2.1959352748085e-05,0.00130738235902305
"AKJ35914.1",33.1444014486714,-1.28192535910133,0.370570164029971,-3.45933235736066,0.000541516255539474,0.015605906393981
"ADF57301.1",56.3101855561556,1.28166853639546,0.385857430623094,3.32161164896004,0.000894991672101288,0.0225291020590823
"AGZ44159.1",513.182727926602,1.2764748812562,0.335046200188612,3.80984735996891,0.000139052614767569,0.00550617889117964
"ADX46886.1",256.561372911087,1.27433589145328,0.413446297507083,3.08222833083044,0.00205457174334403,0.0411940006512155
"ABR79280.1",47.5783695570831,-1.26568012125786,0.412099012372599,-3.07130103023275,0.00213128157617182,0.0420982183621199
"AAW73842.1",123.922150469391,-1.25963370255546,0.319227443612402,-3.94588162064437,7.95068900954131e-05,0.00357964918164455
"ADG11496.1",251.802304693969,-1.25940128098585,0.384609354919657,-3.27449466550008,0.00105851137645812,0.025339180093207
"AJE40108.1",205.204104161952,-1.2588372557489,0.349727635310262,-3.59947893346237,0.000318855461996225,0.0104507768845732
"AEI66794.1",577.78881074048,-1.25875442041915,0.315484480523069,-3.98990916552268,6.60986036008096e-05,0.00307443560093986
"AGS21678.1",146.762136736362,1.25401852032539,0.400575243497383,3.13054423777335,0.0017448271761604,0.0363534963056604
"ADU10146.1",193.855161998484,-1.25253504436297,0.303903503948507,-4.12148931515841,3.76430933156907e-05,0.00201370653312246
"ACU36112.1",853.677503109778,1.24913644953317,0.33366513152388,3.74368290695598,0.000181342483453688,0.00686902523776745
"AAH31419.1",95.2105690543473,-1.2474605647204,0.36468968318639,-3.42060832053435,0.0006248124791779,0.0172218193471007
"AIR71087.1",81.7569219717881,-1.24646419490724,0.29516871989642,-4.22288715194702,2.4119259922144e-05,0.00140619731292629
"ANH89775.1",795.965298064959,-1.24489569369286,0.400908630807907,-3.10518556605816,0.001901596830805,0.038803310169241
"ABB11936.1",289.063706504513,-1.24257427055604,0.367899271093953,-3.37748500251504,0.000731519420673927,0.0194395675725843
"AJY24222.1",158.155313385637,-1.24059139776555,0.388686840542353,-3.19175044885619,0.00141413453276063,0.0311960297144223
"ADJ45087.1",163.285156150303,1.23787453653537,0.386914067829127,3.199352619771,0.00137736589831368,0.0306252103031907
"AEM87142.1",672.020904529089,1.23457032896792,0.305798815144412,4.03719788248656,5.40934394035302e-05,0.00266289162884732
"ADU07281.1",207.220303559695,-1.2341049760287,0.300822767009462,-4.10243210079204,4.08829851490889e-05,0.00215119892491499
"ADH66451.1",202.42980530253,1.23267907500354,0.368444394299564,3.34563123791566,0.000820954983952484,0.0210889583339591
"ABQ30275.1",615.403334179941,-1.23209807807961,0.320810003867054,-3.84058496688961,0.000122741479208669,0.00500117173658123
"ACU36111.1",490.218809026856,1.22461398218972,0.358208461446926,3.41871874618229,0.000629167231644409,0.0172853620654707
"ACB22822.1",404.973587496218,1.22405502883707,0.409394410851995,2.98991631637001,0.00279053886425876,0.0499709871778763
"AAS98503.1",150.792017217193,-1.22189680572767,0.401691658293515,-3.04187747118919,0.00235107576376332,0.0446950990447703
"ABM61003.1",110.429175006474,-1.21638177764685,0.357099777454111,-3.40627985354361,0.0006585463712315,0.0179174180981405
"AQA09922.1",240.845672447278,-1.21244111081318,0.38550185174954,-3.14509802043933,0.00166031190753078,0.0350675060068876
"ABA06207.1",176.27663961539,1.20967938837356,0.377765621115449,3.20219554336808,0.00136384383545484,0.0305122374611087
"AGT83926.1",75.4305519130548,1.20652725248756,0.39721246253889,3.03748589552231,0.00238560568616143,0.0451456585194405
"ACB77600.1",462.573849326826,1.20453697343896,0.391865376650136,3.07385404583573,0.00211312786331491,0.0418376168430807
"AEK42552.1",107.826682731191,1.19739369534536,0.395934771423334,3.02421959819514,0.00249275427494975,0.0463780598669512
"AFD27178.1",134.306601443804,-1.18560173978415,0.356797538307907,-3.32289775710561,0.000890875608874749,0.0224520174615117
"AGC47301.1",209.450524963913,-1.18133986290503,0.390960896578374,-3.02163176226553,0.00251416192508488,0.046704338955423
"AJP01436.1",93.732156931467,-1.17328589386168,0.36671205076209,-3.19947460527516,0.00137678315755515,0.0306252103031907
"ACT96379.1",64.2028606870411,1.17090753938836,0.36103743145203,3.24317491036643,0.00118205619938924,0.0276428539862718
"AEI40749.1",199.927122040295,-1.16681649134792,0.287335669575793,-4.06081324003576,4.89020787258481e-05,0.00246932298048921
"AIO30349.1",329.460345740943,-1.16516490905443,0.371802800311029,-3.1338249956152,0.0017254372805381,0.0360816029003764
"ACT14904.1",76.0854700975377,1.1575924077034,0.290859415541524,3.97990350612575,6.89432467055625e-05,0.0031775427529888
"AAM41545.1",152.921300339508,-1.15466344788421,0.382012682623423,-3.02257883155791,0.00250630794045309,0.0465959660670717
"AKH83261.1",842.188307508732,-1.14911398016623,0.190547838053722,-6.0305799945222,1.63372276895904e-09,3.97481607913179e-07
"ACI55882.1",75.5130581157284,-1.14665499729489,0.341574749797848,-3.35696651457261,0.000788026557452855,0.0206412380778774
"ADG76430.1",348.091992976193,1.1454257362873,0.35495862119182,3.22692750056721,0.00125127159954015,0.0288088492112507
"ADY62367.1",211.421457250315,1.1451391916367,0.377802901319508,3.03104922603084,0.0024370551234367,0.0458359260587131
"ALG83430.1",165.253119576032,1.14373997610706,0.276952158303643,4.12973844693095,3.63176163652549e-05,0.00198048415278027
"ABD68081.1",94.2532628638806,1.14359183601309,0.350274574458449,3.26484398070049,0.00109524386712144,0.0260215545256092
"AJX16008.1",147.99996386349,-1.14301700865725,0.357058614812662,-3.20120271921448,0.00136855212141147,0.0305365734815472
"ACU72485.1",260.974835965092,-1.14239021943263,0.304522684052123,-3.75141255236372,0.000175841084608887,0.00672867238783802
"ADG74919.1",353.347202161687,-1.12915565486876,0.35882912712753,-3.14677814453856,0.00165080166458465,0.0349958407286013
"ADV63344.1",138.087201111285,-1.12910297609605,0.345091056196476,-3.27189869404555,0.00106827847264455,0.0255246932892588
"AKG33853.1",80.2242190089299,1.12520919888365,0.25262409165015,4.45408508560582,8.42516864688583e-06,0.000647969733350007
"ABP79817.1",588.40409580783,1.12315765987156,0.364823060030663,3.07863669521647,0.00207950104679683,0.0414638415973996
"AHF25434.1",113.026001044858,-1.1187783848636,0.337602812984343,-3.31388940445672,0.000920078917702631,0.0230274548512658
"ACO67437.1",234.993034943524,-1.10746800907177,0.262958936839539,-4.21156254425975,2.53610313566164e-05,0.00146509172697823
"ABE40170.1",97.0939900846396,1.09726619011922,0.364731911132096,3.008418393426,0.00262611320525623,0.0478735896488461
"AEI63450.1",559.970242066583,-1.09332183581043,0.354610973744777,-3.08315849412298,0.00204816039390081,0.041130636862597
"AOE83809.1",126.795906881147,1.09153078815606,0.3506453050252,3.11292001493535,0.0018524621492275,0.0381390152659913
"ANC87489.1",454.288426493919,1.09061476216619,0.272481950748188,4.00252111808345,6.2671071881506e-05,0.00296404884451915
"ABA72209.1",53.401913170808,-1.09052339987809,0.336208139486451,-3.24359606981506,0.00118030999327674,0.0276428539862718
"AEV87281.1",1709.96960080075,-1.0752063415821,0.344763704373415,-3.11867614816418,0.00181665516227326,0.0374933324396414
"ANC31630.1",331.265321134857,-1.07338431217705,0.357056037562143,-3.0062068674311,0.00264528966956163,0.0481205710112498
"AKT42101.1",161.750573402542,1.07244797150675,0.315556754945908,3.39858980895713,0.000677342203889713,0.0182521722950175
"ACC43577.1",173.737464233396,1.07223451818152,0.274205750354045,3.91032834576624,9.21707423469358e-05,0.00400721012646824
"CDR06394.1",333.981822268548,1.06941822304731,0.297100261728598,3.59951962622041,0.000318805572198078,0.0104507768845732
"ACO60812.1",117.348964905419,1.06692809275544,0.340280163937005,3.13544016322079,0.00171596430643085,0.0359131884579155
"ABF44817.1",91.3315001839097,-1.06471663999232,0.259153557867944,-4.10843921554362,3.98342011976677e-05,0.00210862927385897
"ACU75706.1",229.65506924554,1.06425036217463,0.336265309920464,3.16491273639362,0.00155129469054015,0.0334918170262264
"AIG79971.1",183.220025974369,-1.05800859675331,0.349414337348654,-3.02794843732358,0.00246220095444716,0.0461362917228881
"AEV87219.1",271.168325304755,1.05507174209171,0.315426123326608,3.34490920081226,0.000823095119090763,0.0211010899679368
"AEJ62364.1",129.178520543139,-1.05158314262856,0.274020019719484,-3.83761428710601,0.000124235419044105,0.00503770642319388
"ACM41799.1",357.562500280357,1.04023357120711,0.300393483572086,3.46290325221878,0.000534380502726117,0.0154530626976902
"AFU98549.1",80.5253067383131,-1.03805675081003,0.346951523251727,-2.99193599463428,0.0027721437726878,0.0497472013335599
"ARZ66457.1",233.66935287716,-1.02761754024502,0.292880464448748,-3.50865853131985,0.000450372734109966,0.013598784357022
"ACU73889.1",411.573632803592,-1.01918358012345,0.336845436389365,-3.0256713317777,0.00248081807821898,0.0462632560623785
"ACN31540.1",222.454075869591,-1.01878956641871,0.202076458765705,-5.04160441370331,4.61644849505353e-07,5.86984905881103e-05
"CBG75198.1",270.889902927854,1.01331632931219,0.333734681606301,3.03629315489474,0.00239506376355582,0.0452593714781575
"AIF91538.1",55.8483085733676,1.01178804163622,0.297575580130551,3.40010440773512,0.000673601270593845,0.0181707174305289
"AKJ03335.1",218.238406132203,-1.0022208536683,0.28353469764695,-3.53473794207805,0.000408179750871008,0.0126107109112199
"ANZ40519.1",124.821115200943,0.99924516201199,0.289131630096355,3.45602161091467,0.000548211366434482,0.0156777074123476
"AEI39591.1",119.747742474823,-0.993661735032394,0.331015995521077,-3.00185413538158,0.00268340720177914,0.0486331167601642
"ADI11700.1",206.10503400295,0.992821971758332,0.204683354175079,4.85052619818369,1.23134367765143e-06,0.000134877441885776
"ABA05048.1",131.473773365104,-0.988069960199282,0.298660201008272,-3.30834157635859,0.000938502662778109,0.023258504286263
"ACF87988.1",154.22175026412,0.98725308177828,0.295013252259002,3.34647028300796,0.000818474520171986,0.0210889583339591
"ACY14321.1",100.383560097683,0.976751479190216,0.273186550798822,3.57540104494202,0.000349691427478049,0.0112860232008636
"ACL73784.1",114.15769537189,0.970253017635289,0.308334245052499,3.1467572389505,0.00165091969082411,0.0349958407286013
"AGL14198.1",737.880127657052,0.970079894545536,0.289074737075814,3.35581000387149,0.000791329127213479,0.0206968625365919
"ACF78271.1",40.2444310380852,-0.962308559170551,0.298269570623529,-3.22630483947409,0.00125399719037311,0.0288453553709189
"ACL94073.1",69.7534743175143,0.95383191213715,0.317761626449145,3.00172151935345,0.0026845763804589,0.0486331167601642
"AAP49277.1",38.6047365839955,0.945548204160337,0.308180032844952,3.06816828926762,0.00215375290582826,0.0423762214068193
"ADC61238.1",432.027400616478,-0.942459853535475,0.194499891867297,-4.84555464009458,1.26258456464315e-06,0.000137459013594605
"ACA90816.1",66.9471227570583,0.935846710567244,0.307771814535792,3.04071609669251,0.00236016258856619,0.0448005956327758
"ADO71648.1",175.442022691705,-0.932882541483728,0.309884755727194,-3.01041766089645,0.00260888672610243,0.0476733987813981
"AEG94818.1",309.391608763166,-0.931225338851954,0.281290160576152,-3.31055070303409,0.000931125815551305,0.023154090332834
"AGL18089.1",149.492228028794,-0.928482550958161,0.294089502989653,-3.15714277972998,0.00159323313307444,0.0341062419341645
"ADU01724.1",126.948003272436,-0.927710751748974,0.285499145455787,-3.24943442568952,0.00115634735024496,0.0272177274448822
"ACI52355.1",242.449933746978,0.924881582331196,0.30349524859966,3.04743348239763,0.00230804602312809,0.0442093024399773
"ACU73512.1",1358.49516845462,-0.922370145639423,0.279698754716609,-3.29772703698294,0.000974708390600261,0.0239912902795315
"AEJ99070.1",46.3944202538884,0.921397893328022,0.305968762488358,3.01141164161514,0.00260036070094004,0.0476591508337753
"AEK46086.1",162.668969420918,0.921265165495931,0.298723874318342,3.08400246748998,0.00204235901548352,0.0410467118099916
"ABY31330.1",131.567095683788,0.916370798819983,0.303367364808874,3.02066374013997,0.00252221293099483,0.046754251862976
"ACU72375.1",204.757560742821,-0.915538260204396,0.290057788597125,-3.15639950450022,0.00159729918806,0.0341355247934815
"ABC80791.1",975.429417161804,-0.91225325720164,0.194681333726222,-4.68587943045701,2.78760340761068e-06,0.000269216522987683
"AKC82215.1",770.811081431166,0.910472429902533,0.300931137170095,3.02551752691483,0.00248208018516608,0.0462632560623785
"ALL77742.1",134.562033736694,0.902661641397836,0.299157197122944,3.01734890578906,0.00254996126229897,0.0470499410473862
"ABS28087.1",435.825451206601,-0.896905987854866,0.217614869318063,-4.12152896842706,3.76366133286738e-05,0.00201370653312246
"AJE44391.1",90.2084547225556,0.888881386451178,0.259173274884417,3.42967995773326,0.000604293561135293,0.0168532911400087
"AGS72909.1",345.012419838191,-0.882403734233478,0.26815702797372,-3.29062318784334,0.000999657211809188,0.024344876256408
"ANG86634.1",1171.11615473257,0.875164060323978,0.230861233546449,3.79086625710113,0.000150122780029778,0.00588923519859453
"AGZ41821.1",237.159949983325,0.87496579723917,0.252110538740715,3.47056414860561,0.000519366270086226,0.015182836424936
"ACU34028.1",529.492906082007,0.869129385899192,0.205528049538431,4.2287628761673,2.34979846511994e-05,0.00137631830006782
"SHL85148.1",128.501329030647,0.863305290215059,0.264031090586466,3.26971073102597,0.00107657514994963,0.0256744401688741
"ACL41341.1",254.665934509053,-0.863130259686164,0.269269530098713,-3.20545090775679,0.00134851047918646,0.0302226400840168
"ADB72945.1",161.961376799321,-0.859780688751921,0.281681033967547,-3.05232012479398,0.00227079783253798,0.0438276106458493
"AEO53498.1",443.593040928662,-0.855643888912836,0.282577524280006,-3.02799697567234,0.00246180551061764,0.0461362917228881
"ACT26832.1",43.9048417079458,0.847393692163706,0.26217657077623,3.23214881350693,0.00122863053720082,0.0283909027240113
"AIV34463.1",225.001706266116,-0.844197650960205,0.26210171991628,-3.22087795238374,0.00127798559076893,0.0290277104158225
"ACF85252.1",123.073079081253,0.836096515354542,0.271843535312509,3.0756534798349,0.00210041795481083,0.0417165427869532
"AJP05947.1",140.541351200933,0.828217236290258,0.276893393135345,2.99110508528972,0.00277969818649329,0.0498467097389562
"ABS27460.1",261.799250000707,-0.827349167715626,0.268834733255744,-3.07753822467785,0.00208718068118028,0.0415421969495866
"ADB31840.1",1190.04413861909,-0.818395890034394,0.231447095605708,-3.53599550641418,0.000406241603544971,0.0125661751766484
"AGI91944.1",401.415394847433,-0.816657843867207,0.23048712834176,-3.54318199780896,0.000395329773386565,0.0123646838763909
"ACO32765.1",164.54970580454,0.793068344640912,0.25475705562244,3.11303780263605,0.0018517229784806,0.0381390152659913
"ACL55093.1",245.246281425836,0.781663809518414,0.222986376029182,3.50543303782882,0.000455865158262934,0.0137482194273266
"ABM61006.1",365.195220822059,0.776736296236528,0.258378288301265,3.00619801045692,0.00264536672634267,0.0481205710112498
"ACY19824.1",411.368452144211,0.769902792220124,0.251734323235934,3.05839419243019,0.0022252664616582,0.0433455868201213
"AFE08337.1",459.804363319545,-0.754715388372535,0.24124991937038,-3.12835498698698,0.00175787729999283,0.0364885720440678
"AEE45365.1",273.824335335851,-0.752474680379223,0.24680115361243,-3.04891070955402,0.00229672733807766,0.0441156945177647
"AGL18899.1",407.047843450218,0.748780860655238,0.184207076331167,4.06488651559228,4.80558388663111e-05,0.0024367873563813
"AFH64767.2",62.4884943841727,-0.741577495772325,0.221683388684021,-3.34521003208473,0.00082220281980633,0.0210995922409326
"ABC83123.1",471.555393653683,-0.72340359871724,0.21105350988603,-3.42758383458243,0.000608978238630562,0.0169143538661571
"ADH68920.1",129.799913960865,0.716732283274171,0.233778782513502,3.06585685650397,0.00217047198132542,0.0426062471244973
"ADG10897.1",336.529349316296,-0.716638098280839,0.178944697627862,-4.00480208567664,6.20694259683313e-05,0.00295874713281821
"AOW91390.1",345.117096651847,-0.710033036094206,0.2266839739776,-3.13225952252085,0.00173466466839794,0.03624460784845
"AGL16691.1",232.467930515107,0.707235015801012,0.228801128087757,3.09104689173452,0.00199452133315285,0.0402772332743548
"AIS01933.1",348.910023916959,0.703906832725808,0.223170312510114,3.15412397289136,0.00160980684782745,0.0343737912831883
"CBG74865.1",160.326878391793,0.701183971904469,0.232860375966272,3.01117770249597,0.00260236505485478,0.0476591508337753
"ACZ31698.1",1086.14300141178,0.695516143638906,0.185827519670281,3.74280485943622,0.000181977548656166,0.0068827771504439
"ACZ84991.1",346.516445874088,-0.689448510398153,0.209162662879154,-3.2962312723877,0.000979913114129486,0.0240435110859733
"AGT85002.1",124.074689578593,0.681431866364728,0.198854004354947,3.42679479136058,0.000610750429804836,0.0169264163475923
"AEA24099.1",650.883028967161,-0.67711867703837,0.199100996883588,-3.40088039556262,0.000671692095120704,0.0181579327808111
"ACU84684.1",224.060768107172,-0.666979181217154,0.222203076392283,-3.00166492762527,0.00268507545010273,0.0486331167601642
"ADG73011.1",619.40430071215,-0.647091111112195,0.209749390116909,-3.0850679029461,0.00203505686224233,0.0409650308554636
"ABV97185.1",1105.99469171777,-0.638711813413838,0.195054676750604,-3.27452704059227,0.00105839009152084,0.025339180093207
"ADU06826.1",197.298829516603,-0.612851865207236,0.195181906070295,-3.13990101616548,0.00169004928221108,0.035517705139358
"AIS85682.1",236.789166583807,0.547932214222807,0.16711625511439,3.27874875994408,0.00104268420363821,0.02507299215258
"ADI08930.1",457.978303169566,-0.477089050529126,0.148044017867418,-3.22261620159747,0.00127025630546551,0.0289990081777846
