"baseMean"	"log2FoldChange"	"lfcSE"	"stat"	"pvalue"	"padj"
"ADG93377.1"	16774.4895755095	-12.2489902083084	1.34047839730001	-9.13777516518011	6.37503071653116e-20	8.11876938146865e-17
"AEF27231.1"	38168.9852949748	-11.8809247196021	1.14535597190926	-10.3731285390664	3.28587364479894e-25	1.13583263690286e-21
"ABM04928.1"	13101.2120009626	11.8360999232285	1.0762686229075	10.9973473827136	3.93538338320167e-28	3.17414905744436e-24
"ACE84027.1"	6754.33525639732	-10.745026688416	1.52837030875115	-7.03038172548373	2.05969255821117e-12	7.32917365162288e-10
"AMG93924.1"	3351.47067412897	-10.4524870975593	1.07274695825422	-9.7436650993349	1.96342310842886e-22	3.65453453497331e-19
"ADI10019.1"	43346.1784641663	-9.48767755482604	1.0798377133539	-8.78620688784608	1.54694591509611e-18	1.70142955943549e-15
"ADW69716.1"	28254.2712562455	-9.00047410700768	1.76608563214481	-5.09628408905469	3.46385205487082e-07	2.35434910594689e-05
"ABC02171.1"	9077.28909425327	-8.91922175891954	0.950251283470144	-9.38617175695693	6.22206992754073e-21	9.40971412729393e-18
"ACX64453.1"	3670.29115010225	-8.86531190973373	1.04355901638881	-8.49526645882638	1.97479345910027e-17	2.02621385903599e-14
"ADY32787.1"	2563.28571689689	-8.83613743389952	1.2094621396796	-7.305840459165	2.75538954602298e-13	1.21222110627487e-10
"ABK16223.1"	2628.67979412314	-8.70106908536857	1.44158401826274	-6.03576966388284	1.58206787533214e-09	2.36304298638344e-07
"ALJ56196.1"	2292.49106694797	-8.64366385404691	1.4459203472158	-5.97796681586974	2.259397428277e-09	3.19711342526424e-07
"ABF09017.1"	21986.798704009	-8.34871362531679	1.01018085004573	-8.26457324442337	1.40195363940644e-16	1.2564100819525e-13
"ACT96036.1"	13623.5677426145	-8.31441352618528	1.27659671537816	-6.51295230986265	7.36879112660561e-11	1.66637980271473e-08
"ACU37728.1"	71525.5815293395	-8.26622450807765	0.746403952641486	-11.0747330300488	1.66375278727355e-28	2.0128913096829e-24
"ABF42494.1"	9680.9803653674	-8.14619646045979	1.25281711120428	-6.50230299986021	7.90995725294549e-11	1.77219662638446e-08
"ADY36172.1"	1004.4354762608	-8.13901544650447	1.2991534257248	-6.26486085888101	3.73158455765881e-10	6.99946911175737e-08
"AEV16571.1"	3438.07333883253	8.09546060960123	1.354142874581	5.9782913321507	2.25490208761317e-09	3.19711342526424e-07
"ADK80806.1"	5405.26532468704	-8.07203035398497	0.724655848564246	-11.1391226193482	8.09125190797344e-29	1.95784022417233e-24
"AAO75562.1"	1250.82929273828	-7.9578769180931	1.43950230158257	-5.52821409826459	3.23507102742441e-08	3.13116054602354e-06
"SMY24903.1"	26041.0842717567	-7.88918118674762	1.19903379499029	-6.57961537006677	4.7166680670191e-11	1.12999224967981e-08
"ACT95943.1"	4318.32000480351	-7.8752964312617	1.75287197372086	-4.49279613647118	7.02940694134139e-06	0.000293766079032189
"ADE53917.1"	2137.81506865894	-7.82710508189168	1.12930574380375	-6.93089991336471	4.18171841076617e-12	1.34913387180412e-09
"AIT05786.1"	18010.1946271352	-7.65518302214595	0.777981122306337	-9.83980562337045	7.58572531447645e-23	1.52959829528656e-19
"ADY27459.1"	2449.73248657627	-7.65515270484352	1.09623205303389	-6.98314985742063	2.88634238993725e-12	9.83673617032557e-10
"ACZ89712.1"	61264.2311690845	-7.63612627370703	0.900236178686225	-8.48235880149912	2.20673822468529e-17	2.1358577929084e-14
"AAO79251.1"	965.792852803773	7.42533334592259	0.930752361610929	7.97777545583764	1.48994126307457e-15	1.03006024978901e-12
"ACY82919.1"	1219.99663290863	7.2558049935063	1.04484770008837	6.9443661434031	3.80163341525173e-12	1.24308275336278e-09
"AHV96513.1"	2633.16274334196	-7.23473560524709	1.25849697278158	-5.74871117032295	8.99262829199059e-09	1.04112261617845e-06
"AJF71746.1"	10683.0262979295	-7.23038943557783	1.01696202292877	-7.10979296429862	1.16217157774541e-12	4.39391651042275e-10
"ADL56818.1"	919.806772506534	7.15056552446913	1.48002593758304	4.831378520397	1.35590940038599e-06	7.34811793398971e-05
"ACE84280.1"	1053.60105934092	7.1141383971851	1.05575703868928	6.73842383851618	1.60113946078514e-11	4.40258767416113e-09
"SCF03497.1"	3432.22772746942	-7.07751610606136	0.973150993674875	-7.27278310566667	3.5215551347979e-13	1.49493104555622e-10
"AHK00940.1"	2144.73710013831	-7.071943070848	1.13920916811199	-6.2077652364476	5.37433543097536e-10	9.43058304105077e-08
"AAU12252.1"	1064.07347064607	-7.0578200696025	1.7542133765472	-4.02335323852924	5.73753427850523e-05	0.00155292077110728
"AHV98773.1"	35203.6033500778	-7.0145280391963	1.26032612303253	-5.56564520167074	2.61184189846812e-08	2.62235429117149e-06
"ADM40168.1"	1206.78531262007	6.99672889150582	0.982104085573773	7.12422338353081	1.04669170197844e-12	4.02012684329718e-10
"ADX07316.1"	570.893197489296	-6.99628802495268	0.994061890686086	-7.03808091880874	1.94905496703055e-12	7.0389974682445e-10
"AIQ11159.1"	2522.09513886616	-6.95753453362315	1.0481769330508	-6.63774818376579	3.18511388512155e-11	7.84872445023169e-09
"AKC06760.1"	2129.05204766878	-6.93449482190015	1.13421799698731	-6.1138994799231	9.722556064712e-10	1.57890395367675e-07
"ADG68554.1"	982.011605791162	-6.92834872862841	0.85440931700459	-8.10893396260938	5.10657888186719e-16	4.11879630681801e-13
"BAQ02386.1"	2151.22604697406	6.92552110768548	0.922525444717408	7.50713288976755	6.04363694567503e-14	3.17908441683693e-11
"CDO72503.1"	2500.99895830875	6.88472777935886	1.1028759767519	6.24252220964611	4.30570615931148e-10	7.83347157419999e-08
"AEG47711.1"	4482.39182654797	-6.87522409238864	1.08314796040962	-6.34744683430748	2.18917595708543e-10	4.41429088613302e-08
"ACK79240.1"	3859.2985312921	-6.86512809182514	1.00934925715127	-6.80153875696199	1.03507543684149e-11	2.94655533473572e-09
"ADV23282.1"	3596.24825119352	-6.81613370832597	1.41418402650392	-4.81983502895059	1.43676981040805e-06	7.6073345957207e-05
"ACU06062.1"	765.451162582828	6.79944530835934	1.22754293456323	5.53906923897423	3.04083413161997e-08	2.97890945274528e-06
"ABD26648.1"	910.153594532001	-6.78217925002464	0.858726772230715	-7.89794783317	2.83532760863327e-15	1.85422762557025e-12
"ABM00134.1"	298.441060276416	6.7666303066758	1.30498203241876	5.18522871470802	2.15749929065134e-07	1.56771802810482e-05
"ACS99803.1"	4336.12697138591	-6.764648254974	1.08972854012458	-6.20764530421556	5.37843724290204e-10	9.43058304105077e-08
"ADN16569.1"	2944.62260715788	-6.76412665833492	0.952872236324768	-7.09867115493278	1.25962125604505e-12	4.68908546654185e-10
"AEI03313.1"	20494.4437605358	6.73623716097685	0.620225312667249	10.8609516951315	1.76895946029888e-27	7.13391867680868e-24
"ADZ81084.1"	309.215137257378	6.72573599110472	1.03192955277482	6.51763094972855	7.14264589638963e-11	1.63047738448056e-08
"ADO53168.1"	3659.49719012252	-6.68271378659145	1.00655799731583	-6.63917410065996	3.15445629739934e-11	7.84872445023169e-09
"ADR24180.1"	3273.70773818838	6.68217438202647	1.86216431306403	3.58839138691877	0.000332724550864106	0.00620257007492972
"ADP36087.1"	3721.47956175963	-6.65607293499693	1.01974011177619	-6.52722478809166	6.69994587681299e-11	1.55883259981965e-08
"ARU56174.1"	609.64337367881	-6.63141173306684	1.2129813117847	-5.46703536867344	4.57624767964291e-08	4.25890250401229e-06
"APA12064.1"	584.155080264853	-6.59186789994646	1.13886339719009	-5.78811112571582	7.11823161381974e-09	8.69898234139375e-07
"AEX77884.1"	211.780710528937	-6.5677336754291	0.919890302832861	-7.13969226026554	9.35400997294748e-13	3.65062869863565e-10
"ACL76656.1"	410.866813475387	-6.50678613352309	1.36604903831305	-4.76321563211114	1.90532047225797e-06	9.66520743547719e-05
"CAY48504.1"	984.310115364512	6.49281890182043	1.20936925857265	5.36876463147702	7.92778007175775e-08	6.73082436478324e-06
"AEO64812.1"	975.500850201283	-6.49158555472522	0.948446488209427	-6.84444049867346	7.67753396556513e-12	2.26552791908267e-09
"ADW11818.1"	6202.66223455591	6.48466328257379	0.893566158184692	7.25706006564482	3.95594067383514e-13	1.65037752559981e-10
"ABW29834.1"	599.391994164112	6.47583463197224	0.964012031569939	6.71758693864643	1.84758536662714e-11	4.90871059947866e-09
"ABE48277.1"	762.053310233684	-6.47295816438488	1.34733293396654	-4.80427517297343	1.55313108806287e-06	8.15208523597771e-05
"ABR44241.1"	372.736933098718	6.47218145896272	1.27684071235567	5.06890279761058	4.00115486561988e-07	2.66710590312409e-05
"AKK05637.1"	833.162187095821	6.46621476691841	1.15306750603779	5.60783712407079	2.04870685471373e-08	2.14599825816053e-06
"ADU07106.1"	2846.92484456648	-6.45785348499011	1.07855240527727	-5.98751943196489	2.13065494175442e-09	3.09943482576587e-07
"AGR57123.1"	870.788838474677	-6.4444832677853	0.870022636920545	-7.40725929913228	1.28936210469869e-13	6.23973896947884e-11
"AEA22835.1"	38542.9479085591	-6.43908954126069	1.19059564499207	-5.40829253688692	6.36284354896525e-08	5.59860819470226e-06
"AEI46533.1"	959.2032260381	-6.41341852600487	1.41021681760084	-4.54782445221142	5.42033180096993e-06	0.000236316700158684
"AFM17736.1"	3347.7430927671	-6.39869643807853	1.05136354302346	-6.08609313166543	1.15699157415082e-09	1.80617581417595e-07
"AEI71804.1"	624.143222715009	-6.38106205419419	1.35463374449046	-4.71054414534342	2.47056276848829e-06	0.000121504486400632
"AKK30611.1"	951.78873883926	-6.37249761952163	1.28189795980627	-4.97114264889282	6.65594531507979e-07	4.0584741227298e-05
"ABS67196.1"	2904.9635056622	-6.33353759896834	0.963469341578166	-6.5736783991424	4.90871958498871e-11	1.16447340978404e-08
"ACX75582.1"	759.442337086817	-6.32326195602975	1.4422496616343	-4.38430469026042	1.16356821730789e-05	0.000444075839196206
"ADY53181.1"	403.087096747078	-6.3047227613461	1.10309389570434	-5.7154905723782	1.0938798604431e-08	1.24265779263576e-06
"ACA15609.1"	6082.60360064182	-6.27326293425638	0.807227479946102	-7.77136939723019	7.76421072454591e-15	4.58220992443506e-12
"AQS64248.1"	617.866355235873	-6.17504979943057	1.16103998110411	-5.31855052360758	1.04597176427323e-07	8.46467517729747e-06
"ADT70315.1"	331.06308505506	6.17086767570689	1.12854336305021	5.46799341323346	4.55158792124983e-08	4.25230783515375e-06
"ADW21705.1"	2677.00390204579	-6.15341399092221	0.665482875379037	-9.24653994652744	2.31877317049806e-20	3.30043261214951e-17
"AKH81615.1"	12262.9748324976	-6.1530823603737	0.784834556607254	-7.83997379902937	4.50640449602524e-15	2.79593511770058e-12
"ALA68251.1"	267.662883521843	6.14965032304968	0.960204197343496	6.40452347538504	1.50839745255347e-10	3.11954642388345e-08
"AGJ81161.1"	2307.40844464249	-6.14418492415786	0.561081513752189	-10.9506101583513	6.60015129970646e-28	3.46161720530811e-24
"ADL44886.1"	2882.33338676909	-6.12827976208258	1.0760233038275	-5.69530394024352	1.23152332142873e-08	1.37323363173322e-06
"AIQ31859.1"	2763.91332553729	-6.12250450786742	0.75738483262955	-8.08374322286178	6.28085058523653e-16	4.90250779390221e-13
"AGP40336.1"	9096.0309542283	-6.11834032067434	1.31928266936015	-4.63762653961167	3.52432844852638e-06	0.000163681718750466
"ABG63418.1"	633.857782770155	-6.07051161605794	0.976375390425522	-6.21739514902388	5.05475701899579e-10	8.99337908740008e-08
"AFR92540.1"	511.951407828622	-6.03669440457761	1.37019371505238	-4.40572332091514	1.05431467350779e-05	0.000412803432926667
"AEM71347.1"	1123.76781826974	6.02094929553929	1.4243563962573	4.22713676953339	2.36683814455653e-05	0.000770799227238685
"ADE81717.1"	963.109859039031	6.0110039113024	1.04155174217558	5.77120047703697	7.87087648110973e-09	9.38185212873952e-07
"ACC72866.1"	2294.56555962265	5.99904561330221	0.706332631887711	8.49323016164417	2.00971742847724e-17	2.02621385903599e-14
"ABR89854.1"	306.057375490801	-5.9857806357151	1.32721900928773	-4.51001725700678	6.48223523310356e-06	0.000274694651375493
"AJA09151.1"	5671.62008799524	-5.96136302008065	0.925456297563018	-6.44153920155772	1.18267891952292e-10	2.50127395747915e-08
"AAO36724.1"	1254.15853118398	-5.94728242159674	0.97012606703455	-6.13042224478742	8.76461446451583e-10	1.4525847684787e-07
"AEC03714.1"	634.376306768439	-5.94500647775653	1.20890144352225	-4.91769325747117	8.75699885218155e-07	5.16308959910113e-05
"ACU59074.1"	598.75727138803	5.94264936560283	0.89048032071036	6.67353250531378	2.49718240170344e-11	6.2942002681269e-09
"AEX82404.1"	204.86412773507	-5.94003133266212	0.853090190068279	-6.9629581981088	3.33200714653678e-12	1.11978579062153e-09
"ACI50811.1"	1086.81791993189	5.93544897502834	0.872443184704098	6.8032498609539	1.02285017079599e-11	2.94641733127984e-09
"ABR45241.1"	464.346872173254	-5.9302553996856	1.23431612960035	-4.80448667684972	1.55149031213353e-06	8.15208523597771e-05
"ACF43940.1"	427.082142594146	-5.90984085451718	1.34468174185585	-4.39497367336956	1.10786179511484e-05	0.000427542772829247
"AEF41469.1"	478.891450160733	5.89283442207289	1.20695820903746	4.88238480665571	1.04810468549389e-06	5.93934170372261e-05
"CBH46405.1"	1372.52941617501	-5.89163031891048	1.0916178526583	-5.39715460365842	6.77060437679825e-08	5.89310482393479e-06
"AKV59543.1"	2998.23160815806	-5.87061599302411	0.9103818273826	-6.44852062777052	1.12947192695567e-10	2.44016359076306e-08
"AEX68898.1"	203.976955069417	-5.84067214076694	0.916145115185319	-6.37526964228313	1.82641322637944e-10	3.74523057955112e-08
"AAC62855.2"	1044.07062402362	5.77248477354141	0.888004024101751	6.50051645811007	8.00447311704132e-11	1.77691959644999e-08
"SDS73681.1"	6195.18529456402	-5.76239247919787	0.641953498147866	-8.97633940125452	2.79924926311581e-19	3.2254016390292e-16
"ADE53086.1"	509.820582129362	-5.73828594930479	1.00362423498113	-5.71756415329359	1.08061883195158e-08	1.23338367343077e-06
"AIV36273.1"	1691.11131118637	-5.73785456373686	1.11883574149819	-5.12841550454361	2.9219098765048e-07	2.0552748047031e-05
"AAU92152.1"	2379.4992254777	-5.68739063332535	0.933258309446515	-6.0941226836741	1.10039247856493e-09	1.74027430090429e-07
"ABJ84212.1"	1165.73555997353	-5.66948430531364	0.92343145402918	-6.13958326909501	8.27382449555837e-10	1.40987134731708e-07
"ADZ83524.1"	621.991069217395	-5.65210014508598	1.17197353117139	-4.82271996316903	1.41613724503549e-06	7.53270041453313e-05
"AFY21670.1"	203.713066520252	-5.651153471637	0.943923995364031	-5.98687341289337	2.13913136299087e-09	3.09943482576587e-07
"ABJ88212.1"	2215.87961779403	-5.63730197504247	0.897336024238021	-6.282264193984	3.33677162544322e-10	6.35746952920076e-08
"AEG95576.1"	271.788131143861	-5.63089083247911	1.03229061642866	-5.45475348013904	4.90408328333631e-08	4.5119430877144e-06
"AAK25284.1"	3408.80583290571	-5.62139501266604	0.556212385617149	-10.1065620939541	5.16655350517468e-24	1.25015095164712e-20
"ANH73973.1"	1960.68351525097	5.6171716482817	0.554527374884612	10.129656176939	4.08081810966531e-24	1.09715061999524e-20
"AAT83531.1"	771.805368850172	-5.61208720130203	0.891818502769543	-6.29285800179486	3.11673431134387e-10	5.98536667711013e-08
"AQA03414.1"	870.057623210635	-5.5960181606784	1.07738434398572	-5.19407785338355	2.05737038280036e-07	1.50399369041149e-05
"ACL96896.1"	3370.21139497562	-5.59231164473736	0.54606910185347	-10.2410329127869	1.29842666859998e-24	3.92725376251422e-21
"CCA67046.1"	3601.05986291022	-5.58669412322654	1.15783343147351	-4.82512766634894	1.39913615681591e-06	7.48224895481621e-05
"ADC56616.1"	274.098556434863	-5.57733020349569	0.95895117221237	-5.8160731902839	6.0246096064196e-09	7.45719085127282e-07
"ABP64533.1"	3770.42196934918	-5.56539785306549	1.20882581184385	-4.60397006627153	4.14512068653571e-06	0.00018747567336842
"ABO26609.1"	412.528332603193	-5.55946452589503	1.32846899065676	-4.18486586062245	2.85334544107439e-05	0.000882038135522962
"ABS16197.1"	1042.19991244555	5.55486051266501	1.25300455990101	4.43323248009877	9.28306735053902e-06	0.000370053345438209
"ABM33295.1"	194.853090305547	-5.55228223687149	0.860109090695584	-6.45532328042397	1.07988128758504e-10	2.37544431960866e-08
"AFC28766.1"	537.493834800002	-5.55176334581602	0.894865600410748	-6.20401917703366	5.50390745997884e-10	9.58115459058331e-08
"ACT01491.1"	1024.33142984351	-5.5406102740157	1.11153511356727	-4.98464709426418	6.2075006814931e-07	3.82727059449176e-05
"AFN74376.1"	1805.4611638091	-5.5231884409784	1.03795705596248	-5.32121093955748	1.03078796027681e-07	8.39797180970304e-06
"ADJ49963.1"	9718.0594300368	-5.51993294638085	0.820736468116006	-6.72558508220283	1.74888263357254e-11	4.70196812050607e-09
"ADO78181.1"	254.122947700379	-5.51266075113713	1.13022530982398	-4.87748832309876	1.07445206612259e-06	6.0575464723979e-05
"SDM70148.1"	1059.02846451597	-5.51022789170624	0.725352614171886	-7.59661960823993	3.03966350466674e-14	1.6716076777823e-11
"AEK46956.1"	9759.11897502959	-5.50942920855328	0.822856091838364	-6.69549543741546	2.14942153642033e-11	5.47468978071188e-09
"AEE52151.1"	275.477660964262	5.50721396638168	1.18234506911219	4.65787367009276	3.19492159255497e-06	0.000151120632909807
"ACY30855.1"	552.211345940759	5.50050532478146	1.12921914305386	4.87106985266463	1.10995586838345e-06	6.23146221514489e-05
"ADG97356.1"	3040.1099360628	-5.49186066747311	0.571610657446913	-9.60769467105878	7.41914223350866e-22	1.19680656416139e-18
"BAO51935.1"	167.803266739859	-5.48383748183873	1.11406261946701	-4.92237813747156	8.54988053916351e-07	5.07062400505244e-05
"AGY56176.1"	333.514331462123	-5.48381757637656	1.04497692628001	-5.2477881936573	1.53936128993972e-07	1.17873180799593e-05
"ABV87727.1"	141.194589734831	-5.46674942482107	1.09027446064248	-5.01410389967275	5.32811913342603e-07	3.36617490003942e-05
"CAP60171.1"	604.505490338013	5.46101997205686	0.807716110248434	6.76106357514298	1.36982394238634e-11	3.8098425211405e-09
"AIQ60673.1"	3383.00191537365	-5.45434626239026	0.498417777747586	-10.9433220601383	7.15298839795865e-28	3.46161720530811e-24
"ACM01161.1"	2109.58821419363	-5.43425657886947	0.935761024490914	-5.80731237638999	6.34836284146367e-09	7.79752972969017e-07
"ACS87771.1"	765.019353541014	-5.42999412892435	1.12541207464102	-4.82489414435721	1.40077645019289e-06	7.48224895481621e-05
"ACF81165.1"	1378.23211834729	-5.41272676368758	1.09230859082325	-4.95530915820053	7.22153723641847e-07	4.33596864788133e-05
"ACF12764.1"	323.901741214633	5.40606767930237	1.50061974902609	3.60255666554497	0.000315102681456738	0.0059659934140913
"ABX05645.1"	196.591290873253	-5.40327240581461	1.08665683817428	-4.97238154309393	6.61353821283244e-07	4.05133630723814e-05
"ALI97699.1"	1144.82769875842	-5.39611511913402	1.00527951788511	-5.3677758505279	7.97135340651805e-08	6.73665023320176e-06
"AJQ95007.1"	408.707174208403	-5.39488786786811	1.11231349195316	-4.85015052581532	1.23367816040715e-06	6.84663083655315e-05
"ADU56336.1"	512.214262478755	-5.39223062321113	1.03073254084357	-5.23145472713807	1.68181227457494e-07	1.25601270394722e-05
"AGP34472.1"	3747.2107854764	-5.37621435243829	0.922861636668297	-5.82559089989636	5.69108722400511e-09	7.09831121439442e-07
"ACS57135.1"	2903.54810515811	-5.37045632418639	1.49088585527687	-3.60219147909822	0.000315545793452681	0.00596971193446013
"SDG26162.1"	444.720538398908	-5.36431985471509	1.13382114924727	-4.73118697624966	2.23210806178512e-06	0.000111132343150235
"ACU04919.1"	167.083361075842	5.36064092762133	0.958102790933055	5.59505825298852	2.20547705990885e-08	2.27089057100487e-06
"AEF99156.1"	872.211627967405	-5.36044674420282	1.40946471040364	-3.80317911093191	0.000142850995014647	0.00320348982981409
"AGL16994.1"	7019.2857685904	-5.35807144962016	0.730485979440739	-7.33494084817659	2.21819434806289e-13	1.01271035169958e-10
"AEH30124.1"	770.381937659732	-5.35596429465833	0.907166851224639	-5.90405644499465	3.54670725102499e-09	4.76775974183621e-07
"AHG44731.1"	5329.86888489253	5.34080257189544	0.634516858916212	8.41711689271395	3.85862620824791e-17	3.59104532157595e-14
"AFL78163.1"	646.935085868031	5.32647454960243	1.06465760093327	5.00299302323421	5.64469845417515e-07	3.52932218335081e-05
"AEA85782.1"	1651.98186332623	-5.31964119993537	0.765598478783781	-6.94834348206397	3.69600248445655e-12	1.2250982481698e-09
"ABP81441.1"	1685.64483103572	-5.28452112624273	0.762760506876221	-6.92815251786534	4.26371938566267e-12	1.35748971019578e-09
"ADV26648.1"	2212.45388488883	-5.27952136267698	0.766810686196067	-6.88503884689872	5.77717676128334e-12	1.79218392426632e-09
"BAD25039.1"	4418.57377265271	-5.25556959654278	1.11506464536384	-4.71324206932227	2.43806277501323e-06	0.000120395520340806
"ADX99504.1"	518.305283341276	-5.24633976795893	0.986784488642055	-5.31660137380005	1.05723332152305e-07	8.52729156029775e-06
"ACZ89199.1"	12427.1150584212	-5.24408360903544	1.08629489517764	-4.82749539955989	1.38260881725759e-06	7.43789976185107e-05
"BAK01222.1"	3822.43437193907	-5.21765372307979	1.03685785790962	-5.03217840640082	4.8493765389904e-07	3.13744289074734e-05
"ACL07680.1"	865.066265174446	-5.21547752660992	0.893056633242106	-5.84002999639107	5.21914242695221e-09	6.61191567041689e-07
"CAP74178.1"	167.595250088274	-5.20735444595863	0.971817141374387	-5.35836859040597	8.39767828566429e-08	7.0310941687965e-06
"ACY49514.1"	1771.73751716916	-5.18196406740875	0.696335322196109	-7.44176534240116	9.93485866711968e-14	5.00820364933947e-11
"ADY61807.1"	2566.12509299945	-5.17815300718578	0.780248473057579	-6.63654359603425	3.21123990814125e-11	7.84872445023169e-09
"ABL05685.1"	487.847612544392	-5.17089604821809	0.988357301551047	-5.23180841594766	1.67859677683353e-07	1.25601270394722e-05
"ARN21043.1"	3605.2948202949	-5.16258704302772	1.21521741168582	-4.24828264751892	2.15415504947878e-05	0.000727990080059189
"AAM18407.1"	321.013670162399	5.16219305232235	0.755225226091781	6.83530273351198	8.18320333021288e-12	2.38565025278507e-09
"ACI09621.1"	284.759740115555	-5.15319701670885	0.827954165933463	-6.22401242573489	4.84598674866371e-10	8.75062248935938e-08
"ACO34216.1"	927.954265435348	-5.1505389860732	0.766892770116231	-6.71611362993105	1.86635275096928e-11	4.90871059947866e-09
"AAW46258.1"	1604.49292540666	-5.14661813456018	0.865767870698552	-5.94457048909379	2.77182675056273e-09	3.78925942843878e-07
"ACI21050.1"	1373.45430630652	-5.12315261867484	1.24497041273931	-4.11507981736078	3.87045458470522e-05	0.00113381827586092
"ACL49975.1"	2294.55031784067	5.1205796808847	0.936049359186403	5.47041630938716	4.4897968337955e-08	4.21083775144766e-06
"ABF86069.1"	7417.50166437633	-5.10172784146979	1.0995737354228	-4.63973235911107	3.48860689733097e-06	0.000162647054132403
"AEO58921.1"	2861.33166416229	-5.09871944783358	1.20053090548329	-4.24705388636458	2.16599878170659e-05	0.000729953656280702
"AJI95063.1"	335.040277109659	-5.08967849108756	0.873244594848835	-5.82846835939319	5.5938399952014e-09	7.01316820538281e-07
"AIX72400.1"	3104.43761621464	-5.08518632609544	1.03170781305346	-4.92890163450953	8.26931930924819e-07	4.91628303011987e-05
"AEK63560.1"	390.715250932838	-5.0804481939272	1.20439001819689	-4.21827490859912	2.46178560258246e-05	0.00079423768300917
"ABY29770.1"	2514.48287781404	-5.07780694540879	1.22792401558751	-4.13527781927065	3.54525474071877e-05	0.00104969024040003
"AEI40117.1"	548.824906564052	-5.06035913327623	0.824519775935654	-6.13734112991262	8.39140680280646e-10	1.41430212343701e-07
"AAZ28124.1"	533.767466613418	-5.04955826765728	0.850690594876023	-5.93583413061383	2.92355259368346e-09	3.97422483760442e-07
"AIE61451.1"	212.816697699381	-5.04942883644144	1.16286229994259	-4.34224141301231	1.41036436038416e-05	0.000520222354088652
"ABJ83977.1"	837.841219646779	-5.04931591807564	0.99543546004064	-5.07246940737825	3.92686280272243e-07	2.62481489606284e-05
"ADY40389.1"	982.979276994919	5.0362269389673	1.08062338936182	4.66048300318721	3.15468212222197e-06	0.000149674202571382
"ADE53255.1"	751.638681018219	-5.02158834542149	1.05679448096281	-4.75171704232074	2.01696498253224e-06	0.000101888312489212
"ACE85678.1"	325.978862053581	-5.02149459243569	1.18881161928687	-4.22396156882109	2.40045001021114e-05	0.000777559422986332
"ACT60144.1"	160.054611625734	5.01404496616642	1.32964133113166	3.77097556218335	0.000162610598589881	0.00355437096122797
"ACR76485.1"	900.172703916277	5.00742500223132	1.03758068605504	4.82605841601575	1.39261676568989e-06	7.47165141450075e-05
"ADG75397.1"	3032.86770982557	-4.99549098713136	0.934871200909644	-5.34350719357989	9.11652097090051e-08	7.52875283047371e-06
"AQQ07796.1"	475.405877760163	4.99329494255998	1.09208464144599	4.57226001818736	4.82491676810572e-06	0.000213825111790942
"BAI44125.1"	761.129987676725	-4.99311842648355	0.922001931609402	-5.41551840110336	6.1111386481733e-08	5.41103488072863e-06
"ABX05714.1"	1440.12863030304	4.98816691126124	0.812851389749171	6.13662838517196	8.42912480401071e-10	1.41430212343701e-07
"AFJ33306.1"	74.6564249186424	-4.9879165918185	0.784832034670705	-6.35539372945104	2.07893432625212e-10	4.22722469683384e-08
"ABD51489.1"	2547.88624759799	-4.96706651603138	0.62099591344097	-7.99854944054077	1.25893472360222e-15	9.23104348697061e-13
"ABS04695.1"	7326.84833397367	-4.95634478922698	0.829762682786243	-5.97320763158951	2.32633511841978e-09	3.27269365467461e-07
"AFN75823.1"	434.931719878032	-4.95347643764401	1.30503363151391	-3.79566956592354	0.000147245512436339	0.00326779948264593
"AAI14325.1"	145.910179975916	-4.94872454598675	1.18064332215041	-4.19154917759008	2.77056115996486e-05	0.000863908097779249
"AEB08291.1"	238.845259099324	-4.94710545732657	1.1698544562117	-4.22882131282094	2.34918829600927e-05	0.000768152827007248
"ADG10297.1"	6785.51541704861	-4.93082281376708	0.986787705119051	-4.99684257129268	5.82766049434664e-07	3.63432734488932e-05
"AHZ47303.1"	798.793112417414	4.92735432375682	0.934427085445154	5.27312874434656	1.34117408280336e-07	1.05215880437389e-05
"APT21838.1"	191.520347330541	-4.91673484793444	1.07110587489653	-4.59033505759586	4.42535048549571e-06	0.000199213335640972
"AAN75154.2"	134.586976258851	-4.91182145960249	1.06077328222427	-4.63041588802388	3.64932005350396e-06	0.00016883861823066
"AAW66447.1"	190.059859284823	4.90896707486414	0.906542121409109	5.41504576448555	6.12730320833014e-08	5.41103488072863e-06
"ADH63307.1"	715.966404352742	4.90040497779996	0.712160492523505	6.88104019985106	5.94170795592286e-12	1.81989249885399e-09
"ADT68316.1"	1049.21374491275	-4.89957097659812	1.13309714009294	-4.32405201922605	1.53189149699496e-05	0.000556564242534339
"ABC33213.1"	3212.59074398015	-4.89803106653387	1.02693851444993	-4.76954656740813	1.84641057786957e-06	9.42565332335652e-05
"EGX49222.1"	488.824643383314	-4.89029211317043	1.38656994663621	-3.52689896750913	0.000420457171276962	0.0074077262163987
"AKD53832.1"	237.390980484512	-4.87197649739864	1.1937704164678	-4.08116705707461	4.48101321633937e-05	0.00127112633992689
"ADX58138.1"	1847.04385267081	-4.87138139114289	1.17162675891536	-4.15779287565316	3.21337167724152e-05	0.000971924430927663
"ABQ72605.1"	121.151169136334	-4.86367474220557	1.12986892286539	-4.30463626689643	1.67260314832344e-05	0.000595176152646798
"AMF93180.1"	510.19296782368	4.86044842736993	1.09687511741821	4.43117757909422	9.37198667103257e-06	0.00037298348927463
"ACI52536.1"	379.741098074151	4.85906432934159	0.741583119165937	6.55228551427466	5.66630713555432e-11	1.33114207533017e-08
"AEV85795.1"	973.37659579783	-4.85882496791081	0.850403033283284	-5.71355554689355	1.10639736372275e-08	1.25100453317754e-06
"ANY20233.1"	969.28008114105	4.85785817301808	0.958570583550677	5.06781478211432	4.02408680097041e-07	2.6750227561286e-05
"ABE49640.1"	1203.06817776025	4.85432859507656	1.03026056448441	4.71174842793862	2.45600456203528e-06	0.000121034505880993
"ACK54356.1"	1314.92639306832	-4.85336885864001	1.01693165976805	-4.77256147158108	1.81897564110816e-06	9.3447459846909e-05
"APP80146.1"	259.839507084223	-4.84089672093717	1.14162306264795	-4.24036346086852	2.23158146296469e-05	0.000742745208519347
"AQA11669.1"	275.110717254539	-4.8369390938758	1.021877847161	-4.733382866958	2.20808411854497e-06	0.000110390519455439
"ACI07112.1"	393.168255020526	-4.83487402302736	1.30002602456584	-3.71905941240064	0.000199966017624897	0.00414007999681548
"AEO59955.1"	492.592960465185	-4.83380385869878	1.01312410809351	-4.77118629404152	1.83144050236773e-06	9.37857869847191e-05
"AIT61788.1"	1587.88480639312	-4.8335185813042	1.12378030553602	-4.30112412318768	1.69933833957887e-05	0.000603801612375768
"ABO88941.1"	1064.6418320019	-4.81848331286601	0.621493918083084	-7.75306591531577	8.97000265373886e-15	5.16778938601236e-12
"AEW96231.1"	2930.98651716604	-4.81577012713651	1.33697674356662	-3.60198496369473	0.000315796634427786	0.00596978997128839
"ACT93328.1"	1764.34345257471	4.81539910155833	0.815817423616008	5.9025450574648	3.5793631642596e-09	4.7770179129237e-07
"ABO34615.1"	1215.14264176663	4.80762755877989	1.6969546721633	2.83309132391325	0.00461002134749216	0.0454400349827221
"AEF58998.1"	383.152655334936	-4.80719648358445	0.850953850512694	-5.64918588791642	1.61209461006933e-08	1.7260112070729e-06
"ADF61080.1"	646.281297120718	4.79836090206542	0.82976128772282	5.78282088241781	7.3458267072719e-09	8.93200848421398e-07
"AGP29857.1"	6522.93747232706	-4.79700893241502	0.830874905323183	-5.77344303177521	7.7667873291185e-09	9.34989815933733e-07
"ACL24608.1"	526.076868241065	-4.79692141096853	0.957751089323979	-5.00852618643785	5.48484139485634e-07	3.45616425081611e-05
"ANS25162.1"	393.780071983037	-4.79690529890913	0.851112536900108	-5.63604117074841	1.74003796428453e-08	1.85478848554154e-06
"AEW87157.1"	170.644329062229	-4.79277108879469	1.13525172184664	-4.22176949531388	2.42391920577861e-05	0.000784111938799801
"AJW40932.1"	1430.17022629877	-4.78968965382442	0.844415590475358	-5.67219472005259	1.40979600623751e-08	1.54356714764385e-06
"ADH00148.1"	195.54456613361	-4.78736917631687	1.52058475289158	-3.14837378660617	0.0016418160596314	0.0212671430379555
"ACY49470.1"	1252.42279795498	-4.78345356038942	1.07749659541431	-4.43941408329938	9.02041153892574e-06	0.000361590590167749
"AGF66193.1"	1153.26412697593	-4.78186720804116	0.638887551275596	-7.48467738727064	7.17231001505952e-14	3.69251883902969e-11
"AEA23989.1"	8068.58926934412	-4.77018980665038	1.11814444539831	-4.26616599159611	1.98860846828773e-05	0.000685446710928178
"ADB37287.1"	252.07741256233	-4.76417337562568	1.13844813205984	-4.184796163709	2.85422101960772e-05	0.000882038135522962
"ABV41073.1"	573.05883802052	-4.76392956871473	0.658137521453365	-7.23850170127749	4.5366852030181e-13	1.86057918402422e-10
"ADZ42419.1"	527.976451836269	-4.75980575142812	1.53894376571998	-3.09290427464145	0.00198208058643637	0.0245572984895038
"ADX05715.1"	213.092318105765	-4.75925419964692	1.04306649286278	-4.56275245366647	5.04873296202875e-06	0.000222521295960309
"APU67062.1"	143.419486800901	-4.75889959477569	1.17680976498308	-4.04389879858289	5.2569617785683e-05	0.00145208566388147
"ACJ31677.1"	467.567012446225	-4.75653915056144	0.805931589820082	-5.90191426994852	3.59307872939667e-09	4.7770179129237e-07
"ADP10255.1"	547.20613104398	-4.7545300452596	1.17616372078552	-4.04240494859355	5.29057614929792e-05	0.00145804181189706
"AAT94297.1"	776.105294064795	4.7537655681747	1.11537066633365	4.26205001768682	2.02560089405574e-05	0.000694241711522191
"ABE59843.1"	481.255785924048	-4.75277902661691	0.893369218004746	-5.32006132607947	1.03732279563574e-07	8.4228522436235e-06
"ADZ44382.1"	411.042029121332	-4.73637174398195	0.848391250919874	-5.58276825562087	2.36720082077672e-08	2.41684212068921e-06
"AGP37314.1"	3262.22540343225	-4.73544932038905	0.954318398612742	-4.9621272389517	6.97252926274497e-07	4.22842833510376e-05
"AEY92037.1"	1157.0687736892	-4.73384198440809	0.620395280489919	-7.63036427464411	2.34091302836103e-14	1.31728075691284e-11
"ADY44705.1"	129.135093548486	-4.72985591781328	1.05155050775756	-4.49798262938384	6.8601300792265e-06	0.000287187833091771
"ADB37909.1"	731.724403884046	-4.72070313737291	0.819097736838926	-5.76329652135423	8.24866863496119e-09	9.73624560781248e-07
"AIQ69158.1"	119.706438906829	-4.7184983376789	1.32967399849523	-3.54861292543793	0.000387265902511194	0.00695669862142788
"ACU75494.1"	4679.08550726109	-4.710470778559	0.815874250763382	-5.7735254840456	7.7629858943677e-09	9.34989815933733e-07
"AAQ58428.1"	3235.95194735597	4.70292217341682	0.781146112402406	6.02054097018167	1.73835096885128e-09	2.54926535716936e-07
"ANW12270.1"	145.741737684293	4.70268250494599	1.01372452791939	4.63901422470062	3.50074960562532e-06	0.000162899304244838
"AJZ88643.1"	816.747978717166	-4.6970672763544	1.25083030050937	-3.75515949241207	0.00017323112924581	0.00371898857965167
"ACB79485.1"	2656.91191963768	-4.69355797175216	1.10785877022435	-4.23660316450053	2.26926681530436e-05	0.000748085138009804
"ADY36269.1"	289.477306249894	-4.68798179527322	1.20858348598161	-3.87890604964343	0.000104927266672574	0.00251877487269471
"ADY35423.1"	298.389109054883	-4.68793962103445	1.14676344213273	-4.08797442331777	4.35156115551033e-05	0.00124772840529332
"ACR12992.1"	839.201223345733	-4.68709092854369	0.916796897726981	-5.11246377487143	3.17983978520916e-07	2.19835952236303e-05
"ABQ13121.1"	178.867736190148	-4.68583118175978	1.26336427979906	-3.70901034379813	0.000208070928626512	0.00427756351739652
"ABM70894.1"	2664.33220972008	-4.68509852993123	1.30327117833349	-3.59487619140179	0.000324545878722814	0.00609234804302244
"AJC73971.1"	225.303324391811	-4.68340010310189	1.35313168636629	-3.46115618331186	0.000537860668446639	0.0090947691085977
"AGP34847.1"	8415.38920109861	-4.67564950403217	0.767193333183021	-6.09448661999355	1.09789214608289e-09	1.74027430090429e-07
"AJE39240.1"	1494.7255814019	-4.65840120653693	1.13188796794319	-4.11560272612663	3.86168956182812e-05	0.00113262184639461
"AAO13692.1"	1205.14537282044	-4.65625186075679	1.36952490176795	-3.39990302822966	0.00067409755170263	0.0108307692287839
"ASF96171.1"	193.659222442221	-4.656107087982	1.08005144435178	-4.31100491771158	1.62514290868826e-05	0.000583435948984121
"AAO76093.1"	251.152480022331	4.65003961533357	1.31488630075334	3.53645757254405	0.000405531633358328	0.00721518303850842
"AEV26342.1"	2283.96711448236	4.64650388781346	0.883835106282768	5.25720675133139	1.46259852522753e-07	1.13431078573496e-05
"ABR65607.1"	1234.32299940114	4.64594020927277	1.39037658408558	3.34149773698059	0.000833276957849864	0.0128797564738456
"AMS14954.1"	821.803311572894	4.64105225536279	0.825502958403249	5.62209039727715	1.88660492224861e-08	1.99345761151308e-06
"ARQ78211.1"	263.636010478049	-4.63470534873632	1.13729764014981	-4.07519121214903	4.59765532448516e-05	0.00130268695417526
"AJY40011.1"	1144.52130580445	-4.63377944543843	0.760995365679434	-6.08910336963917	1.13544792640794e-09	1.78405412177226e-07
"AMJ58303.1"	3348.49892036036	-4.6306124620657	1.15028381127509	-4.02562603826673	5.68239339687556e-05	0.00154170344599778
"ALP95339.1"	378.712840893565	-4.62682483507597	1.18171916109326	-3.91533368283163	9.02792609165865e-05	0.0022520487385553
"SDK00435.1"	272.87363954842	-4.62395028798243	1.14696562636096	-4.0314637001399	5.54305587462041e-05	0.0015155403728609
"ABX02193.1"	1208.12830076107	4.60428749204006	1.45264912781157	3.16957991017175	0.00152659474129174	0.0201852529808942
"AQA13293.1"	757.756327426802	-4.60158192015224	0.771224949817366	-5.96658850474423	2.42265355134175e-09	3.36901999895497e-07
"APP84624.1"	258.837743284262	-4.60138451629373	1.16379327131545	-3.95378168073847	7.69256053779001e-05	0.00196140028801796
"ADO09205.1"	1369.93985259607	-4.60083199649564	0.580716919853206	-7.92267598756833	2.32452743018861e-15	1.56240528411871e-12
"ABQ13629.1"	219.445255505789	-4.60069568819784	0.877425917371519	-5.24340072148771	1.5764364870804e-07	1.19952936093976e-05
"ASE99009.1"	2217.83104612988	-4.5958288088731	1.17282029453875	-3.91861296250893	8.9059988702038e-05	0.00222681669798977
"AFS41012.1"	82.9913196218521	-4.59074090719381	1.00941752417853	-4.54791084683199	5.4181077300471e-06	0.000236316700158684
"ABJ81932.1"	2970.99956798981	-4.5877701135241	0.900451238795707	-5.09496785151847	3.48800439804454e-07	2.36412443752055e-05
"ADP40884.1"	454.556561845364	-4.58673929119187	1.22905797924165	-3.73191449765613	0.000190030007427544	0.00399145493899678
"CCB73848.1"	482.505075725293	4.58519037149422	0.777799304608722	5.89508160308891	3.74496261572678e-09	4.92482937025766e-07
"ACU58337.1"	230.924296774404	-4.58432228112545	1.40061862119383	-3.27306963634252	0.00106386263747748	0.0154237772552681
"ALK20922.1"	2254.05183336663	-4.56647638517288	1.17595603772407	-3.88320331601067	0.00010308929775456	0.00249223538105264
"ACT07852.1"	230.160620486903	-4.5512507407967	1.11018904749099	-4.09952768952499	4.13994139462611e-05	0.00119969056198524
"AAX76986.1"	178.872063133896	-4.55064346842661	0.862595673862666	-5.27552317535865	1.3237787982133e-07	1.04337054007711e-05
"SHM61719.1"	283.695831849719	-4.54805654986632	1.07446569316533	-4.23285413279965	2.307441716332e-05	0.000756343288077648
"ALJ06391.1"	484.114968902571	-4.54788036091969	1.28822112233429	-3.53035692558652	0.000414999401159809	0.00734582334298748
"AKM02852.1"	4471.29493811914	-4.54778188470131	1.16436419620901	-3.90580704860918	9.39114268959227e-05	0.00231874979244963
"AGP61875.1"	77.8290204057377	-4.53626183397956	0.719387487970817	-6.30572801144351	2.86842378136617e-10	5.59735889013848e-08
"ADJ41761.1"	145.463034820627	-4.53325451376377	1.26686409054698	-3.57832742090473	0.00034580008561947	0.00639703721080605
"ACO61507.1"	4124.66264273434	-4.52532491506946	1.11171686192918	-4.07057324579622	4.68975924983345e-05	0.00132567879168481
"AEW93494.1"	470.372328350392	4.5239845559165	0.79734050615431	5.67384263184664	1.39629409325408e-08	1.5357330988395e-06
"ADJ64426.1"	1793.64519713232	-4.51793669894098	0.966600804425746	-4.67404607802398	2.95323027740844e-06	0.000141503590143469
"AGJ58442.1"	2846.77409768944	4.51494321304974	0.624943409835678	7.22456328363698	5.02714722171452e-13	2.02736468873044e-10
"ABO58277.1"	4011.4777908498	-4.51148738392836	0.835063200904766	-5.40256998397283	6.56928139074308e-08	5.73851631089568e-06
"BAS00923.1"	611.707006597509	4.51060008358321	0.770036684843638	5.85764311280718	4.69482197336742e-09	6.04258549412615e-07
"ADY30750.1"	158.869395611446	4.50884999484907	0.931856901166999	4.83856479380307	1.30780062372859e-06	7.17570333160106e-05
"AEH87908.1"	2896.25736427295	4.49722472016127	0.983101719223776	4.57452635085627	4.77298535765343e-06	0.000211911792108514
"ACH38810.1"	403.077181747219	-4.4942929819164	0.697312115220976	-6.4451669257061	1.15473253213669e-10	2.47266044956738e-08
"CCT63073.1"	155.605302721122	-4.49303602579875	1.04535957083801	-4.29807709341284	1.72286244018534e-05	0.000610997556607693
"ADZ77055.1"	139.499542634356	-4.49102543949372	0.899322513120392	-4.99378740548944	5.92065696675983e-07	3.68127205370214e-05
"ABX04778.1"	1037.31769945601	4.49087219872543	1.26474539940799	3.55081125484034	0.000384045726531545	0.00690397804226136
"SDU62105.1"	275.965713398785	-4.48901238948659	0.948116023876284	-4.73466567006607	2.19416483202744e-06	0.000109921752464944
"AIO28055.1"	4481.34657724491	-4.48522852790246	1.18989825810628	-3.76942187901063	0.000163626112105884	0.00356690183299647
"AEA21091.1"	674.861930002778	-4.48192871031413	0.739626973690397	-6.05971505872937	1.36362895646357e-09	2.10163884455726e-07
"ABB22031.1"	633.216437006111	-4.47845251903737	0.807349562535594	-5.54710465807669	2.90438906926189e-08	2.88022550446435e-06
"ACU39097.1"	883.587622129732	-4.4784176606198	1.13229789452952	-3.95515851637315	7.64839228642117e-05	0.0019542571082844
"AEB11326.1"	807.186245234532	4.47751859173779	0.825040907368891	5.42702616530481	5.73007309738339e-08	5.13520661990318e-06
"ACE85112.1"	2296.76740746	-4.469336988863	1.16024710477133	-3.85205614431922	0.000117130157859334	0.00273571277000223
"ALG86329.1"	744.832589206972	-4.4690336473937	0.693867467453465	-6.44075973729582	1.18876929003638e-10	2.50127395747915e-08
"AIE86071.1"	400.771338511429	4.46869451717037	0.975093125460032	4.58283870585398	4.58705860460144e-06	0.00020506359343419
"AIQ57390.1"	845.368184749396	-4.46457302179212	0.954280414767347	-4.67847076467621	2.89022369025189e-06	0.000139312236320767
"AEG59116.1"	181.002305831972	4.45997831788143	1.14201118339446	3.90537184112752	9.40806084579211e-05	0.00232055910586781
"AEJ39452.1"	596.681269775228	-4.45938885659223	1.25734834666335	-3.54666140725935	0.000390145667401668	0.00698767928506155
"ADW02300.1"	2837.29073127157	4.45733239034138	0.608506543747243	7.32503608407018	2.38834441454575e-13	1.07019944071784e-10
"ADZ70308.1"	3598.54386809631	-4.45718616494654	0.718799633468517	-6.20087428737088	5.61503528237703e-10	9.70478633769121e-08
"ABF48404.2"	184.6331987163	-4.45651936138888	1.15745774322001	-3.85026527965591	0.000117989958194802	0.00274519521003811
"AAT44235.1"	4298.83051448526	-4.45483194249309	0.551419255533435	-8.07884726147903	6.53818555604577e-16	4.94388987186374e-13
"AJT51486.1"	184.976110509255	-4.45245264010275	1.21452286281531	-3.66600973635177	0.000246364549165567	0.00487431152588653
"ACU36415.1"	413.113289855161	-4.44314540299414	1.14193350330456	-3.89089679051927	9.98744108897255e-05	0.00243124861197051
"AFR47458.1"	2517.62069152522	-4.44006879508264	1.32892523183156	-3.34109751905547	0.000834479073453133	0.0128856988770552
"AFI57924.1"	103.422974477367	-4.43752167741942	1.50601120524282	-2.94653961535694	0.00321351253323921	0.035104904183652
"ASL12808.1"	75.6479309602912	-4.43515673612845	0.722837106408622	-6.13576239626697	8.47517493484177e-10	1.41430212343701e-07
"ACT26217.1"	110.351525533407	-4.42161696995936	1.0825093254491	-4.08459942654534	4.41529179949485e-05	0.00126031461314271
"AGS35867.1"	472.53223511519	-4.42158850985627	0.685383966558724	-6.45125758056003	1.10925778002023e-10	2.41808202731077e-08
"AFE08339.1"	1708.52420450756	-4.42047304597447	0.945915474355906	-4.6732220434225	2.9651090069869e-06	0.000141791981506051
"ALK09211.1"	610.114134260638	4.40998690641954	0.776370207703545	5.68026292439017	1.34487844391721e-08	1.485937155592e-06
"AOZ94813.1"	347.810184261629	4.40985169982648	1.17345267349674	3.75801410608721	0.000171267228431261	0.00370013671995646
"ARR81159.1"	75.323563915907	-4.40729081907803	0.74709939820705	-5.8992027428412	3.65262189278714e-09	4.82964436829347e-07
"AET59923.1"	152.817143162464	4.40284023904313	1.14005007887057	3.86197090868585	0.000112475962282128	0.00264487935795982
"CCA69712.1"	119.956376102985	-4.40055494669094	1.13546724131659	-3.87554549049645	0.000106386101518634	0.00254417077579465
"ACT03723.1"	1918.63940180067	4.3850879797488	0.718515513173015	6.10298302451947	1.04106903029395e-09	1.66826141231938e-07
"AJQ53550.1"	740.88030057612	-4.38306403690255	0.868397890999849	-5.04729926492108	4.48099171478309e-07	2.93838906565329e-05
"ACI28732.1"	375.945430093662	-4.38206484002526	0.991801081306242	-4.41829004083551	9.94848586566612e-06	0.000392057837934077
"ACF84607.1"	2156.40624893057	4.38028532337238	0.694614119507964	6.30607009036211	2.86209464030369e-10	5.59735889013848e-08
"SCF32826.1"	1957.29590256184	-4.37875927694473	0.903150928826855	-4.84831398294912	1.24515212555049e-06	6.8944956480424e-05
"AJX26266.1"	73.7349723251975	-4.37016209605447	0.917450567019941	-4.76337609147664	1.90380532754854e-06	9.66520743547719e-05
"ABL98500.1"	508.346799931717	-4.36957000719625	1.09861654874145	-3.97733860117248	6.96908944586156e-05	0.00181323717550013
"AAI59176.1"	236.732554257935	4.36891362325192	0.870554852827814	5.01853916391417	5.20658800347785e-07	3.31536341895141e-05
"AFL04535.1"	2492.08231645446	-4.36392025045178	1.12073422267277	-3.89380475956604	9.86840856867306e-05	0.00241197860743618
"ALE17581.1"	86.9568660409356	-4.35420116601569	1.09717168769523	-3.96856865233401	7.23056275320859e-05	0.00186721373467864
"AKL64637.1"	785.649468149084	-4.34211046403173	0.864845017919197	-5.02068043876668	5.14887577868814e-07	3.28726509807169e-05
"ACZ37689.1"	991.144442030636	-4.3418831019927	0.814226706169825	-5.3325235700229	9.68571927092802e-08	7.94458810842865e-06
"ADU22705.1"	248.975367967558	4.34018364900857	0.811328865472375	5.34947520507804	8.82096446330932e-08	7.334738045316e-06
"AGY40468.1"	250.798146598	-4.33869598041568	1.06707245544908	-4.06598067287731	4.78308998583843e-05	0.00134196524277968
"AKT29415.1"	121.532438422797	-4.33454635600379	1.06394168671391	-4.07404504413344	4.62035391292512e-05	0.00130758717697133
"ABQ36175.1"	27021.7654310985	4.33378123018203	0.724310133215787	5.98332265619554	2.18631061738474e-09	3.13030520762476e-07
"AEB43778.1"	781.013770124712	4.32823430394554	0.824201670571954	5.25142626918235	1.50925946670225e-07	1.16675882798065e-05
"ADJ43732.1"	1328.19428150266	4.32775935535968	0.542171898836085	7.98226423141877	1.4367305750895e-15	1.0224873448659e-12
"CUU41874.1"	583.960789656937	4.32557699861686	0.775724111946636	5.5761796391272	2.45858044377885e-08	2.49959121840827e-06
"AAI42133.1"	849.157455224315	4.32482028212584	0.695520483014624	6.21810627830914	5.03190710457008e-10	8.99337908740008e-08
"AAN59631.1"	92.930657610062	-4.31947718997986	1.10355228681478	-3.91415725524642	9.07204997776924e-05	0.00226072495687005
"AJX59046.1"	72.3605881498705	-4.31396187582538	1.02447157839798	-4.21091415983581	2.54339382911102e-05	0.000812599206597654
"ABA79139.1"	827.134473460363	-4.31236035016738	0.925856724097815	-4.65769728504103	3.19765938132088e-06	0.000151120632909807
"AET13878.1"	230.641950674912	-4.31068138294589	0.746854319061779	-5.77178342941244	7.84368875911773e-09	9.38185212873952e-07
"ACT94248.1"	158.629000284801	4.3090337041775	1.23309799476952	3.49447791047855	0.000474989914197544	0.00820366235106208
"ABS27515.1"	2994.5452615824	-4.30248953523988	0.702340232011141	-6.12593347090449	9.01534728820726e-10	1.48397522675341e-07
"AEB56105.1"	306.55832535229	-4.29036473722515	0.883580261796328	-4.85565932460148	1.19986834334006e-06	6.68968071516117e-05
"ABY28340.1"	260.072512179703	-4.28908960499354	1.10675092242013	-3.87538832641279	0.000106454793497738	0.00254417077579465
"AHF91279.1"	1060.19123890504	-4.28708134901806	0.839311467319069	-5.10785508830455	3.25836381756158e-07	2.23984742311186e-05
"ABB33033.1"	726.544133613267	-4.28457786755974	1.05405520488003	-4.06485148759111	4.8063056532818e-05	0.00134448760569318
"ANU39676.1"	334.668818003503	-4.26741519377079	1.2398007722455	-3.44201688634355	0.00057739420508568	0.0095693202605878
"ABG05513.1"	1321.77685511969	-4.26649476481117	0.99292304167929	-4.29690377372592	1.7320033522746e-05	0.000612708846710357
"ARE35335.1"	74.1836247175687	4.26499313011401	0.962929957531306	4.42918313710824	9.45906757304898e-06	0.000375830965624082
"ACO76786.1"	2594.17122605865	-4.26343063602703	0.872896849805105	-4.88423189633339	1.03832816660927e-06	5.91830094407378e-05
"AFC34006.1"	601.259093961869	-4.26061524547258	0.816831294455562	-5.21602841907812	1.82800141857298e-07	1.34854116845153e-05
"ARR76006.1"	72.1262241559039	-4.25928151006275	0.711628231518966	-5.98526213746655	2.16041632051703e-09	3.11164248259229e-07
"ABV40475.1"	371.558434850662	-4.25753005181823	1.09962489468506	-3.8718021685364	0.00010803362143545	0.00257039285926606
"ABA02174.1"	601.370819456455	4.25491479240383	0.988326869835763	4.30516959749449	1.66857854680542e-05	0.000594618484492646
"ADD69868.1"	151.443163497576	-4.25451588287379	1.01658620820359	-4.18510092753664	2.85039425814834e-05	0.000882038135522962
"ACO76555.1"	891.895323322188	-4.25214313631099	0.696025504793141	-6.10917718823354	1.00146096094639e-09	1.61549005813465e-07
"ACC72237.1"	182.509034325257	-4.25206478986841	1.33340648313133	-3.18887364330416	0.00142828294078705	0.0192321437497075
"ABS62331.1"	611.527228180462	4.25187254887606	1.00159319800371	4.24510924929457	2.18486943196142e-05	0.000734267856182922
"AIV80198.1"	74.6460896146547	-4.24993241410224	0.84162631449679	-5.04966674746057	4.42581467856823e-07	2.91009341786183e-05
"AEI97710.1"	397.749939827984	-4.24095612633803	0.874228548549039	-4.85108400243479	1.22788523891775e-06	6.83014692553857e-05
"AFC31829.1"	487.97059502041	-4.23816574740548	1.21253043408725	-3.49530669767958	0.000473517304268632	0.00818992009391571
"ALL05500.1"	105.567444185337	-4.23661754874667	1.11096169946393	-3.81346859283353	0.00013702994644411	0.00310110985890261
"AEY92849.1"	1111.74741006068	-4.23393113568147	0.973536156389118	-4.34902300021941	1.36745371576519e-05	0.000506711754370143
"CQR60962.1"	981.336997779363	-4.23226580701409	0.962297831950646	-4.39808307417153	1.09211179039283e-05	0.000422813263874164
"ADG99025.1"	247.136138539678	-4.23047973764448	0.90324532266615	-4.68364422320747	2.81818997173741e-06	0.000136656799090441
"ADB66082.1"	194.473284539179	-4.22844815773399	1.27841826698471	-3.3075623737036	0.000941117513273584	0.0140569262152351
"ADK98562.1"	293.527235414461	-4.22468106425056	1.36308326575353	-3.09935656198897	0.00193941461280902	0.0241027300391062
"ADK97091.1"	84.2072863921665	4.22383785366219	1.02461751449489	4.12235570240515	3.75017525407584e-05	0.00110124988619992
"AGJ78346.1"	503.135114377725	-4.22306419951386	0.943914067412158	-4.47399222589387	7.67725342385163e-06	0.000314858476435488
"AEB51572.1"	1085.00725900856	4.22218808191572	0.66702678041763	6.32986291685647	2.45379101185624e-10	4.90697364577566e-08
"AOK89953.1"	110.295513109263	-4.22097173157017	0.837411612988433	-5.04049820435016	4.64321484679544e-07	3.02665539273559e-05
"ADI68204.1"	200.967825769108	4.22001264383521	1.07693253461864	3.91854875600875	8.90837113548826e-05	0.00222681669798977
"ABD82184.1"	661.429653291874	4.21766239565113	0.758486151522052	5.56063203947436	2.68799394766282e-08	2.67660039306984e-06
"ABO01157.1"	730.202110395718	-4.2111548299989	1.15976972242468	-3.63102670174458	0.000282295973006707	0.00545148895358603
"ALE59441.1"	972.77429235065	4.19878704428024	0.85519373893018	4.90974951422444	9.11928009659033e-07	5.30430818502876e-05
"CDR47410.1"	765.366246703138	-4.19811517723893	1.23724761129087	-3.39310833088525	0.000691043034292866	0.0110662927205721
"ADJ15508.1"	1137.79718028346	-4.19733373996802	0.741087503189222	-5.66374918198602	1.48100841887223e-08	1.60699375387674e-06
"AEK40441.1"	1334.59643142244	4.19520978663621	0.539589109933796	7.77482293360393	7.55530118875831e-15	4.57039057160962e-12
"AGF67005.1"	1125.51750559024	-4.19100264192958	0.972131218495558	-4.31114911463851	1.62408333542805e-05	0.000583435948984121
"AAU37720.1"	116.495316702892	4.1865800177247	1.40480633553767	2.98018304147407	0.00288076189963647	0.0325728017221979
"ABK75685.1"	173.787372249161	-4.18394937737226	0.986790544213258	-4.23995690058827	2.23562707149794e-05	0.000743069618805435
"ADQ03379.1"	404.221331987838	-4.18259923767315	0.906527465480553	-4.61386929457889	3.95241032398439e-06	0.000180446174734812
"ADM71932.1"	103.956604825522	-4.17913878608565	0.976486320266454	-4.27977197360562	1.8708489205099e-05	0.000653231332317143
"AEC16039.1"	83.2969535940871	-4.17904479749796	1.05401909015695	-3.96486632597486	7.34370887270628e-05	0.00188636649249335
"AGT82572.1"	673.532722594651	4.17508618964419	0.565206421846589	7.38683431091201	1.50365778230011e-13	7.13411908986584e-11
"AAF53127.1"	177.478034790577	4.16828045206575	0.84076463873571	4.95772569399892	7.13231658228727e-07	4.29305135178122e-05
"AKN73151.1"	806.123761929082	-4.16665880363964	0.988245602294195	-4.21621790571778	2.48433714477825e-05	0.000800446150362173
"AFC46690.1"	78.9772675707871	-4.16464578252243	0.744553161860136	-5.59348344195838	2.22558459547684e-08	2.28188434138784e-06
"AKF41069.1"	994.911140064147	-4.1638229599681	1.36539296672252	-3.04954182528339	0.00229190717566952	0.0274949320424767
"AGW30394.1"	755.390148041618	-4.15988723246272	0.865546123792593	-4.80608383321642	1.53915380236772e-06	8.11392256119646e-05
"AOS90464.1"	78.6854283799786	-4.15221180537863	0.74620962317057	-5.56440399111485	2.63049904181459e-08	2.63017294689206e-06
"ADB36615.1"	458.398492578369	-4.15219075003599	1.07488871434983	-3.86290291692896	0.000112047545446535	0.00264231212481782
"ABD89093.1"	375.368737502945	-4.15122486246358	0.928820072855676	-4.4693530897761	7.84565243460769e-06	0.000320137018482634
"ADK85451.1"	767.771221093266	4.15118674610368	0.999465289394146	4.15340761720703	3.27560490135455e-05	0.000985122431582525
"BAD41153.1"	388.070768426908	-4.14598762381972	0.507592273441758	-8.16794864844498	3.13677374677042e-16	2.71073265537871e-13
"ADH64790.1"	390.334474144718	4.14195809897877	0.983669455666973	4.21072147266211	2.54556432037452e-05	0.000812599206597654
"AGA77933.1"	94.6259749252892	-4.14044615644601	1.02936974322151	-4.02231188910614	5.76296762772907e-05	0.0015563228536625
"AEI68823.1"	639.64205824217	4.14033835704491	0.618062318368543	6.69890112047905	2.09992617309999e-11	5.40552272452132e-09
"ADI07288.1"	3015.28342740689	-4.13430841604165	0.880871831587966	-4.69342788336033	2.6866472880771e-06	0.000130539767930927
"ANI62343.1"	222.161816984337	-4.13300114364372	0.972485440625587	-4.24993626741087	2.1383134838211e-05	0.000725677017784281
"ADB37458.1"	535.288282044026	4.12846754023318	1.27407371770019	3.24036787108787	0.00119375582057229	0.0167937846455742
"ASL07159.1"	76.057858263401	-4.12815005555728	0.643844865992992	-6.41171542028296	1.43891250640078e-10	3.00149706184308e-08
"AIT83634.1"	77.2986559044383	-4.12700594092359	0.694187104789361	-5.94509162220157	2.7630226556158e-09	3.78925942843878e-07
"AAN60060.1"	2588.73071879152	-4.11713756068514	0.97743946850203	-4.21216627050557	2.52933247239018e-05	0.000809631557325514
"ADU65528.1"	233.752087490683	-4.10428661659262	1.21009390729223	-3.39170918212173	0.000694581206342145	0.0111155961969979
"AEI01471.1"	697.327531655295	4.10313891195805	1.23727271809783	3.31627688216237	0.000912253981129031	0.0137703116540107
"AAO56655.1"	658.961710823211	-4.10193412495864	0.753011053346784	-5.4473757147753	5.11184102281937e-08	4.68527337989243e-06
"ABO90571.1"	936.645059811091	4.09628351257872	0.853580222737177	4.79894379399181	1.595045445814e-06	8.33592109122273e-05
"ACB08979.1"	94.7329046561263	-4.09201823492374	0.961507590389492	-4.25583560215694	2.08269702983904e-05	0.000710790127376801
"ADI18519.1"	1268.87516171748	4.09178859250076	0.726560505620026	5.63172448935817	1.78416542573735e-08	1.89348468449854e-06
"AIU18001.1"	180.911385237005	-4.09055768581411	0.96807298078184	-4.2254641612975	2.38448773346521e-05	0.000774462411901445
"ADW69225.1"	474.471612805637	4.08706655573091	1.14450702348127	3.57102793768726	0.00035558296027873	0.0065083516564784
"ACU08170.1"	293.223427877596	4.08694509787231	0.933173740778793	4.37961862756821	1.18887188857562e-05	0.000451603345178405
"AHL31501.1"	303.033594796628	-4.08485028684416	1.0788132524141	-3.78642946562191	0.000152827450401549	0.00337405640270646
"ADV82089.1"	116.121823572353	-4.08168274557819	1.30097169343128	-3.1374108800268	0.00170447082356373	0.0218680172416605
"ANS66191.1"	3540.62953700048	4.08093092442515	0.650038983363903	6.27797875029993	3.43002779608999e-10	6.48409238921793e-08
"ANM30380.1"	394.396977466864	4.07853393079113	0.895275782010678	4.55561740051904	5.2231932736917e-06	0.000228959434136808
"ACY95484.1"	137.369624424086	-4.07164617379875	1.0764082145392	-3.78262272509857	0.000155184537095212	0.00342238794914971
"ASL18965.1"	78.6539334048374	-4.07106358591855	0.734269985123622	-5.54436878586715	2.95016466331259e-08	2.91367895339489e-06
"SCG76455.1"	1593.19767273385	-4.07095667578676	0.672554123979236	-6.05298002144499	1.42190508211202e-09	2.16388913659525e-07
"AMR28544.1"	353.815822843505	-4.06417454265173	0.754966137640466	-5.38325408256548	7.31511646491774e-08	6.29907021713931e-06
"APU99311.1"	167.669852705245	4.06326172699781	1.03872935911853	3.91176170320816	9.16252965746173e-05	0.00227822690097737
"ARU29263.1"	108.523764728085	-4.06269431520454	1.24975086063519	-3.25080337463394	0.00115079416605019	0.0163318278216519
"AGH41937.1"	454.800693262028	-4.06019962080309	1.15311508424481	-3.52107059935146	0.000429808166400856	0.00753136746501938
"AKJ14906.1"	3215.14262117027	-4.05851431401416	0.793231520485183	-5.1164309652392	3.11371173786991e-07	2.17125311012214e-05
"ABA29460.1"	129.999748970472	-4.04791501604504	1.12797689930063	-3.58865063509265	0.000332393918115161	0.00620118399123558
"ADO73088.1"	4489.35298202699	-4.04776435590529	1.05296508792103	-3.84415817992331	0.000120966964831806	0.00280905724379578
"ACE84847.1"	439.018132519341	4.04636976097872	1.13043716701887	3.57947339227143	0.000344287299375995	0.00638369332030725
"AGW91096.1"	615.048890517673	4.03948028293118	0.770499138881988	5.24267981505152	1.58261034136878e-07	1.20045211379625e-05
"AIU24625.1"	171.752497617415	-4.0344322884654	0.943645768185305	-4.27536733007757	1.90822408241763e-05	0.000662457648812905
"ABK52376.1"	321.760254782439	4.02784870771213	0.872717859091803	4.61529309358207	3.9254094354347e-06	0.000179892295661389
"ABN76734.1"	870.199956252846	-4.0269339887744	0.901277434661387	-4.46802930363761	7.89434936525043e-06	0.00032108403243395
"ACA89262.1"	104.09456779552	-4.02574070940141	1.0579520604084	-3.8052203498213	0.00014167800577865	0.00318013238017254
"CBQ70546.1"	1405.1409361887	4.02530558613456	0.644157244511396	6.24894871622195	4.1322455848329e-10	7.57484442546982e-08
"AJX74857.1"	64.3550842565066	-4.02382889079373	0.907149198243133	-4.43568588120526	9.17795970269781e-06	0.000366771894275673
"ACK82434.1"	2558.01120884604	-4.02304773658613	1.22504523077746	-3.28399934591227	0.00102345159910038	0.0149634189386296
"ABM06664.1"	1496.85569823211	4.02292412897026	0.855265694938034	4.70371272083084	2.55472653659706e-06	0.000125135056692387
"AAY47902.1"	425.795833391013	-4.02186496719527	0.699465639308441	-5.74991070493709	8.92905954580866e-09	1.03873295110544e-06
"AJX41288.1"	69.4273534205619	-4.02118732794283	0.966343993755603	-4.16123797936062	3.16527024822876e-05	0.000962186484879289
"AJX51042.1"	75.7582786365832	-4.01877788337801	1.0718591133402	-3.74935272123069	0.000177291580192903	0.0037796690448702
"ACD96977.1"	604.828025060544	-4.01762113593584	0.829321948863522	-4.844464977011	1.2695330857429e-06	7.01344567938836e-05
"SBV28691.1"	689.723064807572	4.01458899052786	0.494463896852122	8.11907404379918	4.69753869094021e-16	3.91952909326484e-13
"AGP33178.1"	1000.81416946585	-4.01376406012648	1.24230916612423	-3.23088983771138	0.00123405492206444	0.0171913574824284
"ABO96670.1"	1557.84397053631	4.00979463869218	0.596059126746534	6.72717597762292	1.72987484472478e-11	4.70196812050607e-09
"AEO53769.1"	469.493510265013	-4.0090037599919	0.80923256333812	-4.95408111538985	7.26728877951358e-07	4.35263828212599e-05
"AJX19481.1"	74.3724774152445	-4.00783564840405	0.831039747512384	-4.82267624430842	1.41644777807686e-06	7.53270041453313e-05
"AJX84162.1"	66.8990035842452	-4.00097639690603	0.932202637921387	-4.29195996036587	1.77102889265709e-05	0.000624687844251074
"AQT62048.1"	867.4047981476	3.99926227314548	1.13760417973572	3.51551299158779	0.000438905285201521	0.00766247560318991
"ABV42497.1"	165.895335189106	-3.993734255583	1.03213307873169	-3.86939856679198	0.000109104160187269	0.00258822878828565
"AAM42607.1"	436.586670500993	-3.9931348685926	0.736060483771791	-5.42500916246801	5.79515672577142e-08	5.15534585637835e-06
"CAK41919.1"	160.94093986612	3.99214818997813	1.15950543077147	3.4429749822922	0.000575352535573257	0.00955511688624989
"ADE10406.1"	789.737686708402	-3.99045758854312	0.730036961622042	-5.46610349656389	4.60035800195107e-08	4.26493726334138e-06
"ARF53290.1"	462.286408212807	3.97912518581576	0.936867742257788	4.24726458851741	2.16396348093147e-05	0.000729953656280702
"AEB11328.1"	2860.77042854525	-3.973044256384	0.902366562361422	-4.40291608987246	1.06805483064522e-05	0.000416834237695523
"ADX05721.1"	143.902248941971	-3.97274134869851	0.807265193964822	-4.92123453160007	8.59999968473403e-07	5.08787756409558e-05
"ACF83226.1"	5009.88258471238	-3.97252367907512	0.952145552531297	-4.17218110037283	3.01697687033909e-05	0.000925244478220467
"AIW49305.1"	69.3867184094401	-3.96968535908135	0.883705554151079	-4.49209053901984	7.05274267094666e-06	0.0002942331282912
"AIV69426.1"	75.2115503934504	-3.96745560910999	0.861500378999543	-4.60528597064274	4.11899431434985e-06	0.000186993068338318
"ABP84474.1"	2862.79957273948	-3.96560958159509	0.94607611238374	-4.19163905492055	2.7694635950995e-05	0.000863908097779249
"ABA56776.1"	89.8366514452665	-3.96541772704055	1.35885560492859	-2.91820390088388	0.0035205405670704	0.0374117347832246
"AAM43336.1"	8468.18878589406	-3.96146806444928	0.657966040392842	-6.02077891753207	1.73579713515349e-09	2.54926535716936e-07
"ACT93520.1"	552.859053700389	-3.96103506810008	0.785905569613055	-5.04009033814369	4.65312148653816e-07	3.02665539273559e-05
"ADL56097.1"	140.956263462742	3.96030368144864	1.33771854068502	2.96049098595931	0.00307149109785528	0.034092142245323
"ACL64427.1"	3172.49916666983	-3.95836594140214	0.818880594017357	-4.83387440161787	1.33901085386864e-06	7.29730757456294e-05
"ACH40432.1"	633.798578850584	3.95737802051213	1.15131320739167	3.43727318952388	0.00058760261456853	0.00971160419906443
"BAC06186.1"	880.961977168713	3.95690359222121	0.760792412086722	5.20102925496866	1.98187900052622e-07	1.4576147773779e-05
"ADB36688.1"	283.50145233486	3.94952883160895	0.896934719794052	4.40336263548345	1.06585780951765e-05	0.000416648811258458
"AFG36805.1"	359.179419804176	-3.94734459988132	0.786780303619605	-5.01708619511883	5.2461035149415e-07	3.3317576575076e-05
"ALA68250.1"	532.330069985638	-3.94655494306104	0.766905518665674	-5.14607712033105	2.65990106502205e-07	1.89581066351269e-05
"ADZ78857.1"	146.887624252323	3.94648919692124	0.826423573672721	4.77538313601413	1.79365429927593e-06	9.23426661267653e-05
"ABL94289.1"	740.584715845203	-3.94491686377194	1.12829919190091	-3.49633935049242	0.000471688419884701	0.00816412353072254
"AEB99159.1"	587.931913530547	-3.94370187693787	0.903621979173573	-4.36432708348315	1.2751466640299e-05	0.000478367811310564
"AAY51245.1"	8501.53580003769	-3.94360273101931	0.651828817566496	-6.05005888776466	1.44792897522458e-09	2.18972108834432e-07
"SCF01804.1"	774.981147308077	-3.94346166328762	0.971197334704653	-4.06041236149691	4.89861222119831e-05	0.00136872655792535
"AIC89531.1"	84.0592356883615	-3.93232641018169	0.927891155937751	-4.23791776117058	2.25602370921365e-05	0.000745751443877632
"AFS12473.1"	77.2439710995415	-3.9307811201204	0.722547239871916	-5.44017180221628	5.32292144973578e-08	4.86032944600968e-06
"SCF09315.1"	435.517008814896	-3.92810665058478	0.895153868135179	-4.38819156171215	1.1429708377391e-05	0.000437602300012232
"AEE48407.1"	116.260248168125	-3.9262777257158	0.800199741321187	-4.90662208817169	9.26583206484697e-07	5.35096273205494e-05
"AEA83387.1"	440.050522216604	-3.92598137243975	0.942172449762391	-4.16694563020799	3.08708089104947e-05	0.000941968427751879
"ABG11116.1"	730.009286136526	-3.9244341756818	1.14943050826679	-3.41424222469909	0.000639596849964037	0.0104279016207563
"AIV56071.1"	76.0615234682015	-3.91016769542525	0.931962603174789	-4.19562725167836	2.72117454731707e-05	0.000855120266512094
"ARI56364.1"	868.207944964064	-3.90984953457439	0.961167818990244	-4.06781152814905	4.74567401818881e-05	0.00133549493382322
"AAW41592.1"	252.407695592584	-3.90768479131811	1.16499367767104	-3.35425407555003	0.000795792556308295	0.0123911148552071
"AIP43018.1"	77.0248477835233	-3.90765715733024	0.981398205446811	-3.98172437614267	6.84170916995421e-05	0.00178778441452896
"AAO43396.1"	264.165251901696	3.90353011681065	1.17961234347784	3.30916350476794	0.000935751728647002	0.0140028545385046
"AOW19208.1"	547.457766832833	3.90293249936389	0.938769128608408	4.15749983720644	3.21749504850631e-05	0.000971956650295971
"ABR37861.1"	254.957183563379	-3.90010161281343	1.26992036226918	-3.07113873333321	0.00213244044020843	0.0260467750286337
"AFZ31002.1"	658.073445196617	3.89941410987853	1.32200829796022	2.94961394409935	0.00318171225027803	0.0348519200180976
"AHF90825.1"	3056.56685199679	-3.89917384576312	1.30580877268035	-2.98602209400043	0.00282632222355611	0.0321072858419658
"AKM30777.1"	771.211450099459	-3.89635890036867	0.923577775082119	-4.21876641631208	2.45642595434939e-05	0.000793566606373729
"ADM72490.1"	60.7436838960777	-3.89632680698966	1.21895858204139	-3.19643904591449	0.00139135220515166	0.0189137917460981
"AAH79128.1"	193.251762350266	-3.89598240817629	1.04408239790891	-3.73148940732951	0.000190351015404166	0.00399472985232837
"ADB15271.1"	183.591964891312	-3.89196984033255	0.959469556094645	-4.05637658392637	4.98398785596211e-05	0.0013909752497199
"AEL09293.1"	8458.04631029431	-3.889321565546	0.59609050258436	-6.52471654670521	6.81302534851571e-11	1.57004547007652e-08
"AEO58711.1"	425.022744652085	-3.88926988263421	0.860413325784551	-4.52023436420845	6.17712092877662e-06	0.000263611631593664
"AGL17323.1"	796.142847174615	-3.88862829548684	0.803375698980374	-4.84036086780096	1.29603566935467e-06	7.12731252076704e-05
"ADW68878.1"	567.085813695188	-3.87985149597095	0.946199119398062	-4.1004598465904	4.1232997830157e-05	0.00119630077757351
"ACI91346.1"	717.479682093437	3.87713444876474	1.18701351870789	3.26629342266056	0.00108965277897987	0.015684906777499
"AAM22493.1"	133.090968741365	-3.87671397010636	0.779856383981791	-4.97106140275807	6.65873549086138e-07	4.0584741227298e-05
"ACU62427.1"	122.867037636865	-3.87655392793946	0.869265601190529	-4.45957360170494	8.21228688356728e-06	0.000332852103386394
"ACI54250.1"	415.528102451012	-3.87618843927822	0.72775013428608	-5.32626276061185	1.00254073784929e-07	8.19543183572273e-06
"AIJ12409.1"	769.271133786353	-3.86685065583266	0.894263882151896	-4.32405997045048	1.53183625464202e-05	0.000556564242534339
"ABK05142.1"	1810.08127435746	-3.86031858388197	0.778258921809815	-4.96019830380477	7.04212532927582e-07	4.25995766481218e-05
"ACT51154.1"	227.060966062333	-3.85971317622665	1.11859037178404	-3.45051528565437	0.000559517481311444	0.00938229001752807
"AFN73994.1"	905.615755959835	3.85793439174912	1.01342147961356	3.80684095349967	0.000140753199080033	0.00316524642949772
"ADQ79764.1"	147.537028647867	-3.85524358573013	1.12759934861258	-3.41898351615199	0.000628555340842007	0.0102903610164777
"ADV83775.1"	261.828072946547	3.85492477845994	0.989014400171965	3.89774383243527	9.70930426604982e-05	0.00237789509438874
"ABQ71469.1"	276.73695656566	3.85296295187493	0.854184791904579	4.51069017897634	6.46170397851182e-06	0.000274305002049211
"ACP25891.1"	1065.60730776988	-3.85128954397087	1.03557181549836	-3.71899803213308	0.000200014609921779	0.00414007999681548
"AAU91727.1"	389.330332420999	-3.84876004585939	0.991603972343462	-3.88134795059725	0.000103879090720165	0.0025085452676206
"ACG72309.1"	3144.29616963538	-3.84830655288712	0.795800066216006	-4.8357705864309	1.32630818450604e-06	7.26078713585806e-05
"AEK40013.1"	3621.72490505688	-3.84551484606499	0.67647266758726	-5.68465664663228	1.31075731829908e-08	1.45488049682949e-06
"ADO76263.1"	105.79764243542	-3.84542937741107	1.14395071388963	-3.36153413842101	0.000775107744561182	0.0121314890654249
"AIP18234.1"	71.9565571109507	-3.84337301309186	0.91555485353436	-4.19786209232041	2.69446624212435e-05	0.000848932287248475
"ABN86582.1"	116.57351876338	-3.84054082793725	0.876288489506438	-4.38273567886348	1.1719827232477e-05	0.000445887829472083
"AAU38582.1"	104.667848167702	-3.83099820402454	1.08848578392894	-3.51956659479408	0.000432252505412165	0.00756817212261806
"ADH64553.1"	316.908008890494	3.82605580808469	0.95150465263028	4.02105843361688	5.79372296244633e-05	0.00156114381427967
"SDU27391.1"	220.250016772445	-3.81933966888666	0.920110796748144	-4.15095625699097	3.3108904615282e-05	0.000992733785596009
"AMH00611.1"	61.1063434282277	-3.81771826001	1.21405869553183	-3.14459117508945	0.00166319075749873	0.0214865065452198
"ADI06306.1"	3631.11388550173	-3.81417475104085	0.662551842058823	-5.75679442560846	8.57262012615693e-09	1.00208545503681e-06
"AGH44347.1"	55.6867752393572	-3.80745095376206	1.15035618400272	-3.30980178722894	0.000933620599322666	0.0139967891213201
"ACB96331.1"	180.580101111122	3.80499751595248	1.06734777818228	3.56490882702964	0.000363982692334368	0.00662202195971029
"ACK73416.1"	55.3508485802954	-3.80485378351818	1.33209926751222	-2.85628396945521	0.00428631583394612	0.0430280013983347
"AHI20993.1"	346.105096216786	3.80246796743863	0.939564588491852	4.04705329895647	5.18664345760678e-05	0.00143664081893718
"AHE30816.1"	67.7409564243011	-3.80145196043201	0.930698006324495	-4.08451714154269	4.41685660183089e-05	0.00126031461314271
"AEI46409.1"	560.294179961162	-3.80056137087117	0.850185663143251	-4.47027224244171	7.81200946223851e-06	0.00031930269080707
"ABR38886.1"	159.324885276407	-3.79971766712695	1.13013790150134	-3.36217169787792	0.000773320225179129	0.0121113459473523
"ABG93525.1"	274.537408101048	-3.79836196643624	0.808264600302203	-4.69940408749321	2.60921726569487e-06	0.000127545919551553
"AIV75519.1"	69.4348976711988	-3.79795689483306	0.891708384575442	-4.25919163768022	2.0516751917414e-05	0.0007011918730871
"CKI53818.1"	171.616439732149	-3.79619591021486	0.978341244486584	-3.88023701505811	0.000104354724063065	0.00251490630186372
"SHK71458.1"	852.749570107358	3.79359447495855	0.763413179687738	4.96925462632208	6.72107631288572e-07	4.08617797846472e-05
"AJO25045.1"	351.387211644408	-3.79206090338067	1.01499721330252	-3.73603085179157	0.000186947741709873	0.00393696649795805
"AHH97336.1"	2437.28108376141	-3.79147832974743	0.519568366625598	-7.29736175889935	2.93464991735058e-13	1.2680307866095e-10
"AJX05875.1"	67.8463588174579	-3.78540453709001	1.02203522281694	-3.7037906840986	0.000212401537757454	0.00433345700600094
"ADE53164.1"	187.54001925165	-3.78152921579089	1.18542182237119	-3.1900283463879	0.0014225883949148	0.0191693175467416
"AGJ55179.1"	435.242245044906	3.78144688154177	0.688157966739076	5.49502739823043	3.90649760005675e-08	3.73508992213721e-06
"AAZ61138.1"	1775.56840167335	3.77935572973126	1.0084436971313	3.74771119149471	0.000178455563549433	0.00380113492183594
"AGO11847.1"	114.362895093639	3.77377225996453	1.27513982614926	2.95949681954549	0.00308141882561234	0.034139693829369
"AEN08183.1"	1752.2823795737	-3.77096647986391	0.597144023597428	-6.31500330045361	2.70155710595422e-10	5.35816207317822e-08
"AID53183.1"	289.276225732453	3.77002732130568	1.22616754693507	3.07464288280116	0.0021075474283651	0.0257948027942086
"ACV69560.1"	99.0383844248329	-3.76500987107355	1.0513872640224	-3.58099246577266	0.000342291525745344	0.00635642981462784
"ABR42751.1"	133.907179977213	-3.76477947526282	0.941556980178922	-3.99846164864862	6.37555087731257e-05	0.00168784687722464
"ADB39231.1"	177.128095640515	-3.76453685034153	1.21650698968796	-3.09454600939625	0.00197114359534479	0.0244525086637023
"APY00961.1"	1473.73513933093	3.76090954326221	0.858953218209654	4.3784800656562	1.19509870060731e-05	0.000453257104366696
"ABO03702.1"	111.920500572771	-3.76077857457354	0.758382436555373	-4.95894735069982	7.08761704635912e-07	4.27678477981924e-05
"ABF39055.1"	159.726871671266	3.76068280103353	1.19742273260846	3.14064757468006	0.00168574753388711	0.0216968992664228
"AFZ65995.1"	579.322722048833	3.76062355002492	0.973053288144776	3.86476629372984	0.000111195616933936	0.00263268135318049
"ADJ43311.1"	3659.73942058356	-3.75940606052712	0.688555893585197	-5.45984152564944	4.76559770527073e-08	4.40126594177236e-06
"AAS50540.1"	148.676889152667	-3.75672092501837	0.789686509938181	-4.75723072097617	1.96266805406291e-06	9.93528847367367e-05
"AEA61607.1"	1916.90514560223	-3.75514309740119	0.82690547509587	-4.54119994424493	5.5934952048509e-06	0.000242555203354439
"AIS98420.1"	84.8777446756721	-3.75460196528753	0.833912095950935	-4.50239537658468	6.71918338872668e-06	0.000283247526928605
"ADO71457.1"	640.685163886766	-3.75303990435279	1.07175415920897	-3.50177311849462	0.000462173003043269	0.00801663093522436
"ADV82154.1"	841.670244201337	-3.75279377603825	0.903111922742054	-4.15540275965343	3.24715026752147e-05	0.000978471918097347
"AFE08294.1"	1213.88166152496	-3.74489407469376	0.762242381272072	-4.91299639944458	8.96949247464643e-07	5.22975444359083e-05
"AAM41677.1"	1446.55624084432	-3.74308931534507	0.550479847952966	-6.79968454660831	1.04848476576654e-11	2.95002161363407e-09
"CCH30819.1"	405.932670876344	3.74297474851023	0.799896265970669	4.67932519220871	2.87820632019914e-06	0.000139009896865985
"ABF91523.1"	420.201184537626	3.73789418405356	0.503136699906642	7.42918213826806	1.09271196055842e-13	5.39599006319023e-11
"AGG71756.1"	160.520918306998	-3.73562706405228	1.10318174332017	-3.38622995410479	0.000708599790562885	0.0112654330698096
"ADV82904.1"	736.858026503974	-3.73407886512745	0.904684390025029	-4.12749341792461	3.66738925599149e-05	0.00107824809024576
"AHF03803.1"	1326.7413012874	-3.72913667695756	0.940076708965167	-3.96684296227547	7.28309453003703e-05	0.00187677357128121
"AEI43954.1"	1171.43624632266	3.72820144397103	0.697052687024315	5.34852173066939	8.86755304294497e-08	7.34822537603218e-06
"ABD42753.1"	63.6634216337565	-3.72705942450227	0.657201381783332	-5.67110710325776	1.41877661590233e-08	1.54640260247697e-06
"AAY48779.1"	1453.88071297592	-3.72658727699056	0.527100933908678	-7.06996902729109	1.54968281986162e-12	5.68146593821086e-10
"SCG81265.1"	700.78273777967	3.72095147593023	0.632864973963833	5.87953454371907	4.11421737044451e-09	5.32362126805592e-07
"AIJ17795.1"	1065.49104863694	-3.72066399413804	0.806793023231534	-4.61167100731148	3.99444847644654e-06	0.000181679830422137
"ACF79171.1"	497.788757748968	3.71647444840515	0.541249593434669	6.86647065140705	6.58097071888399e-12	1.99049685606045e-09
"SDP31699.1"	117.102316197759	-3.71113546644843	0.892963912779874	-4.155974741348	3.23903610050772e-05	0.000977243846932484
"ACV59828.1"	449.551400137235	-3.70671712155915	1.19230092674026	-3.1088771621551	0.00187799779625094	0.0235572382975034
"SDU35040.1"	497.725028460655	3.70611623324829	0.850028667992181	4.35998969540916	1.30068568911048e-05	0.000484195255683173
"AKJ02831.1"	540.663706661921	-3.7035438765847	0.723750677398556	-5.11715428011299	3.1017989690613e-07	2.16919738885481e-05
"ABR43910.1"	213.518659136635	-3.69927973626438	1.13866463164683	-3.2487877760058	0.00115897910818667	0.0164094894562861
"SMF87083.1"	38.9976856435864	-3.69890291082362	0.919859562704305	-4.02116046926682	5.79121357045034e-05	0.00156114381427967
"ACE85899.1"	66.8898753989672	-3.69733668661216	1.06958392786269	-3.45679903212495	0.000546632345379876	0.00920895831539604
"ABI42569.1"	64.325418721723	-3.69480833333129	1.06136363169386	-3.48118987969717	0.000499191474725345	0.00857878985364287
"AIR99874.1"	7282.87273059128	-3.69350398031015	0.695497651275223	-5.31059159371417	1.09269950424406e-07	8.7840697356125e-06
"SDE76860.1"	17978.8224281321	-3.68837644315307	0.821472947847864	-4.48995484612861	7.12382733151506e-06	0.00029617740539634
"AGT90104.1"	161.504699831541	-3.68374920560664	0.930780983413685	-3.95769710732197	7.56758341822789e-05	0.0019377017563054
"ACR11203.1"	102.149432962761	-3.6836235508535	0.866519843066003	-4.25105504545603	2.12765863157548e-05	0.000723075223430222
"ABK10021.1"	282.582196677846	-3.68051226511076	0.896586552689965	-4.10502728829512	4.04267156155704e-05	0.0011757274492187
"AGP59587.1"	1502.36040394799	-3.68017147729336	0.973708283752305	-3.7795421264276	0.00015711701096639	0.00344987324351519
"SCF12533.1"	812.598234862228	-3.67768408162914	0.711798849521859	-5.16674631337151	2.3820422357905e-07	1.71542488033996e-05
"AKN71652.1"	2474.64024623939	-3.67586306228953	0.718578639110988	-5.11546386466099	3.12970861501342e-07	2.17613676314597e-05
"ACL56008.1"	1899.25518198968	3.6740820037745	0.58722992343136	6.25663280628777	3.9337813082295e-10	7.32197740886379e-08
"AIV41319.1"	2514.00024986105	-3.67008006132578	1.0300693854769	-3.56294450943865	0.000366718219218712	0.00665677475651552
"ABX13985.1"	3051.16416056643	3.66997237404671	0.809824869816812	4.53180991450273	5.8480461800045e-06	0.000252237385771068
"ABR74049.1"	484.075529029809	-3.66894530493587	0.911406388726039	-4.0255865553722	5.68334700099195e-05	0.00154170344599778
"ADY52084.1"	116.393874955095	-3.66824340311628	0.980711247023456	-3.74039087881343	0.000183734301045523	0.00388281125100307
"AME07261.1"	94.7474065382233	-3.66584594333151	0.983585212836642	-3.72702425320047	0.000193753820531617	0.00404858479741237
"AKM43426.1"	952.523290220195	3.66409899181797	0.957379879691078	3.82721537139498	0.000129601111448894	0.00296124465885636
"AEM82375.1"	1463.10512957934	-3.66326359171306	0.52917861607237	-6.92254652862252	4.43596023423888e-12	1.39398610114127e-09
"AEQ08501.1"	21540.8538782169	-3.66095370485586	1.04430876719661	-3.50562383449437	0.000455538534996022	0.00791858184719737
"AMJ64654.1"	785.646057195961	3.66093628010125	0.621633497783246	5.88921976237799	3.88023177856721e-09	5.07513342410761e-07
"AMS19567.1"	131.210661597813	-3.66028514064	1.05839698963273	-3.45832913027287	0.000543536929744995	0.00917152237729404
"CCF65281.1"	345.650846279139	3.65659949025324	0.700296204839165	5.22150407925321	1.7747571939804e-07	1.31326604962519e-05
"AEL27127.1"	60.7841414666487	-3.65562821067858	1.16052169995806	-3.14998695053329	0.00163277755432036	0.0212296176689359
"ANY19247.1"	315.158523588394	-3.65503309607214	0.873037512831198	-4.1865704993811	2.83200997018019e-05	0.000878540323698078
"ADN02583.1"	1004.21514554837	-3.65284091742859	0.908672650404661	-4.01997453736708	5.82044318392531e-05	0.00156485848579379
"AID55365.1"	181.007704393968	-3.6508482431232	1.06845874877054	-3.4169295233196	0.000633316723215481	0.010347646546476
"AAW28933.1"	100.308541703646	3.6507927559806	0.851138125941472	4.2893070404317	1.79231452262463e-05	0.000627989257761458
"ACV81462.1"	1174.76824340064	-3.6477690606601	0.71831635361824	-5.07822081773006	3.80985746906411e-07	2.5678863838146e-05
"AAZ54496.1"	431.706730500004	-3.64461889873664	0.97261639330843	-3.74723161547708	0.000178796977444	0.00380505757538475
"AIR55905.1"	49.0454958429643	3.64269429564064	0.614982956877956	5.92324430279055	3.15651371616887e-09	4.26693644637643e-07
"AID55366.1"	767.866489761001	-3.64203500215259	1.21526931911174	-2.99689537526926	0.00272744302160121	0.0313222300871782
"ADT85500.1"	99.0629481291442	-3.63972418695336	1.27703999569172	-2.85012544574368	0.00437019889937653	0.0435885007288598
"ADB48040.1"	208.634185962619	-3.63893860822503	0.649707240587006	-5.60088972525114	2.13254374818229e-08	2.21464210621317e-06
"ABK67007.1"	54.7089964930341	3.63865122303205	0.63333159650048	5.74525452880874	9.1782817765001e-09	1.0575565911713e-06
"CTQ96552.1"	1096.65266122112	-3.636126517765	0.966846370368202	-3.76081105458385	0.000169363325920305	0.00366227381348849
"ANH22750.1"	1835.57969163608	-3.63247218154531	0.779971002745006	-4.65718875286556	3.20556524641232e-06	0.00015119895178838
"ABN93419.1"	108.605888383924	-3.62954647231438	0.757090958382245	-4.7940692358419	1.63431828179283e-06	8.50442999237444e-05
"AIC18336.1"	67.9636860685591	3.62689656872104	0.963591250113784	3.76393680234515	0.000167259170773262	0.00362649655483926
"ACD04696.1"	217.817740275293	-3.62552813407116	0.860110010418946	-4.21519118502669	2.49566678556805e-05	0.000803027250138165
"AEI49405.1"	91.6112028416979	-3.62486277122616	0.689402937019931	-5.25797407666304	1.45651044946582e-07	1.13322132944451e-05
"AHG97584.1"	1405.96480647134	-3.62450397246046	1.06208250199417	-3.41263881633969	0.000643371503356615	0.0104621372760215
"SDT81452.1"	1421.6829966885	3.6204613432971	0.600626367735966	6.02780952981512	1.66196747717686e-09	2.46715503345083e-07
"ANB09419.1"	402.601828266657	3.61819935280595	0.362803126881872	9.97290013430348	2.00293261138057e-23	4.40590549068869e-20
"ADY34724.1"	73.6069255587102	-3.61360780845211	1.08473171449066	-3.33133784158685	0.00086429638888637	0.0132279441631142
"ACB77594.1"	559.35283510182	-3.60974682050988	0.772033703779264	-4.67563372277586	2.93047245386571e-06	0.000140691749932914
"AGZ32472.1"	75.2356517444809	-3.60928222576866	0.887288140418787	-4.06776791140827	4.74656214856374e-05	0.00133549493382322
"AAP95805.1"	73.2496991814798	-3.60568341151702	1.05775438096969	-3.40880971649725	0.000652469735811642	0.0105816422234814
"CAW41297.1"	164.158723947871	-3.60523179677131	0.703990623668703	-5.12113609977272	3.03700347094062e-07	2.1300397967058e-05
"ABG05606.1"	574.496477198729	-3.60364375416968	0.632151125102522	-5.70060482544462	1.19383094023719e-08	1.33736700282033e-06
"ACF94698.1"	100.477758475786	-3.60081382793728	0.876226246205222	-4.10945671113112	3.96591046523216e-05	0.00115618235574967
"ABG59366.1"	109.943520537453	3.60045015599902	1.20592361597966	2.98563699084216	0.00282988354230028	0.0321263905895016
"ABO91424.1"	651.903231705512	3.60030534630301	0.669434985683885	5.37812546893556	7.52653593468621e-08	6.4353212018234e-06
"CDR49015.1"	277.125394267623	3.59894571247439	0.945003569690668	3.80839377532981	0.000139872408953322	0.00314836528320329
"ABA04795.1"	2339.39354947392	-3.59758232847133	0.893261974117289	-4.02746611040553	5.63811909609488e-05	0.00153459581291572
"ABW33678.1"	143.712070873565	-3.59464495291172	1.2063977851638	-2.97965148570267	0.00288576502813048	0.0326141318942893
"ABV99424.1"	1485.84295057218	-3.5943533600422	0.879256875329174	-4.08794455965619	4.35212123018374e-05	0.00124772840529332
"ACR17210.1"	132.869580789468	-3.59282473048337	1.00492562154977	-3.57521457652022	0.000349940766343657	0.00644407665389457
"AKA83749.1"	126.151468945363	-3.58949402218848	1.12459160596369	-3.19182003773945	0.00141379389411	0.0191114920982009
"ADQ45029.1"	67.5471515410995	-3.58905700994511	0.991965553805739	-3.61812665386965	0.000296743179296792	0.00568325103610896
"ACU08219.1"	37.8111021363184	-3.58755976127546	1.04656232390238	-3.42794660130542	0.00060816507140173	0.00999033960129509
"AEW98041.1"	3354.29689200491	-3.58746575496897	1.09262246921528	-3.28335345102822	0.00102579963747369	0.0149886919250912
"ACF87003.1"	776.472378935535	-3.5869403406626	0.912871765974344	-3.92929267215765	8.51960960408389e-05	0.0021406956759088
"AEA96627.1"	76.0156964606272	3.58495527774278	0.845179181412089	4.24165118661961	2.21881347108435e-05	0.0007415556569037
"ACV57659.1"	247.664406186432	-3.58061925257018	0.884962263881321	-4.04606998366923	5.20846676844115e-05	0.00144033451881109
"AIJ13978.1"	1267.07936056833	-3.57925022725865	0.727873482602244	-4.91740709451642	8.76980545204184e-07	5.16308959910113e-05
"ABR63736.1"	113.341456255835	-3.57250952557904	0.842784488549396	-4.23893601996407	2.24581646489749e-05	0.000743392900152182
"AAY92522.2"	439.61848382683	-3.57210562967594	0.698582610254314	-5.11336179464236	3.16475323885785e-07	2.19419868540525e-05
"ADI00741.1"	84.11881708646	-3.57098554478899	0.949181346543904	-3.7621741701851	0.000168442676005528	0.00364562382048817
"ADU15260.1"	2081.97957710324	3.57074666024165	1.13385041509603	3.14922198969185	0.00163705788107241	0.0212503259580622
"ABF40361.1"	631.266324227124	-3.56788644654157	1.1421895345211	-3.12372538769366	0.0017857703750578	0.0226587759650097
"AEH00519.1"	313.948190349054	-3.56688861580952	1.01062152574781	-3.52940099229552	0.000416501516712063	0.00735748261859176
"ADC71417.1"	891.285400436932	3.56372605332653	1.2151640549781	2.93271187435738	0.00336015564670311	0.0362371542372752
"ADT97001.1"	963.99507936032	-3.56255162071603	0.689239461709469	-5.16881551134653	2.35582308249036e-07	1.70160749632893e-05
"AFH63886.1"	579.554801336979	3.56199171726154	0.732190245956229	4.86484453587555	1.1454680777707e-06	6.40112957917265e-05
"AFC31541.1"	592.053548317925	3.56016337446708	0.701469954122697	5.07528990164611	3.8690565315361e-07	2.59333963694125e-05
"ADI12636.1"	1494.79167628183	-3.55887797871482	0.983657165765384	-3.61800645852628	0.000296880989777316	0.00568325103610896
"ADB23429.1"	961.17981011978	-3.55789098392283	1.05000241106851	-3.38845982296575	0.000702863250934089	0.011218457838293
"ACB60803.1"	166.309512030084	-3.55728945619989	0.790438869676218	-4.50039793419704	6.78263667836505e-06	0.000284929617545832
"AAW45012.1"	85.1659469823224	-3.55618729605455	0.969747456140605	-3.66712722321277	0.000245290769678943	0.0048570382601648
"AAT75704.1"	124.397185124239	-3.55537662659854	1.1342398426701	-3.1345897867852	0.00172094579414129	0.0220326589316597
"ABG84962.1"	304.824044262185	-3.55228511472427	1.07774894388621	-3.29602282134024	0.000980640488588331	0.014539557538218
"AJQ46025.1"	505.025084373151	3.55052803027843	0.615376682508785	5.76968242573562	7.94210603303031e-09	9.42034998437423e-07
"APY85400.1"	5814.37578452598	-3.54971917636974	1.15698730258107	-3.06807098785858	0.00215445431985933	0.0262494114691018
"ABF79763.1"	274.431833150024	-3.54911794621117	0.879067650264448	-4.03736611754909	5.40546749704233e-05	0.00148463220233749
"AGN37922.1"	97.3093051036849	3.54441288384773	0.846597142584175	4.18665821742402	2.83091619349267e-05	0.000878540323698078
"AKT38592.1"	973.704094420589	-3.53964046772622	0.815375380776286	-4.34111766332246	1.41759780586692e-05	0.000522094583083132
"ABJ82092.1"	1114.83464013777	-3.5395386409582	1.16586480647231	-3.03597691714204	0.00239757718516508	0.0284104677519292
"CTQ97099.1"	168.309400000683	-3.53572615036122	0.660034799273156	-5.35687838619241	8.4672070401224e-08	7.0648623706842e-06
"ABE64487.1"	154.457956552674	-3.53326734979232	0.752644995469601	-4.69446733992803	2.67302310873012e-06	0.000130139115013969
"ADM09007.1"	473.294481036512	-3.53169123735526	0.858722863191136	-4.11272529094077	3.91015574007794e-05	0.00114406334271664
"ADV27424.1"	1876.1801045224	-3.52633567845191	0.803078351365799	-4.39102320770402	1.12818496936635e-05	0.000432625859013591
"ABF65723.1"	346.17133992892	3.52526505331167	0.920818698681221	3.82840298351943	0.000128977452831493	0.00294978017595806
"ACD19353.1"	708.575763011661	-3.52337680311955	0.671387271283456	-5.24790527586871	1.53838356049792e-07	1.17873180799593e-05
"ACV80837.1"	1349.47906216801	-3.52117530055607	0.779507057635423	-4.51718206533921	6.26680200798028e-06	0.000266967972160385
"ADX74424.1"	1253.00464825228	-3.51976957679107	0.814731091868747	-4.32016110827167	1.55915328458609e-05	0.000565619670571657
"AHZ86446.1"	208.930904833159	-3.51581141211832	0.923046734527455	-3.80892026438748	0.000139574954688024	0.00314459513834834
"AAQ97603.1"	652.115648609071	-3.51418072807896	1.15457161068468	-3.04370962836596	0.00233680571503951	0.0278815029027667
"AFM31873.1"	844.708324598693	-3.50673410035925	0.858884909967249	-4.08289173516039	4.44787475856271e-05	0.00126617912391696
"AJY16834.1"	401.957750568775	3.50656939091935	0.645554853358475	5.43186899250552	5.57668590444392e-08	5.05389770898238e-06
"BAL92354.1"	1533.22152765533	-3.50634455498987	0.500336847263074	-7.0079678803793	2.41804297206475e-12	8.35848368500726e-10
"ABR43077.1"	166.855534014477	3.50573215196254	0.635508316160721	5.51642215029006	3.45970638788126e-08	3.32228500427727e-06
"ACQ96943.1"	223.800215363894	-3.50304196177071	0.833642963580964	-4.20208904148028	2.64463064089515e-05	0.000836299818647332
"AJC97044.1"	675.285007495678	-3.50296974253106	0.802539007898316	-4.3648591633005	1.27204686899792e-05	0.000477945933061222
"ADU48919.1"	800.592230017413	-3.50235328616824	0.76343406408103	-4.58763035467134	4.48305504911047e-06	0.000200882375969122
"ACR73263.1"	78.6840124429826	-3.50048029234781	1.09092788787872	-3.20871831331986	0.00133328045931912	0.018309527397358
"BAU27076.1"	131.382306324694	-3.49885782370514	1.05741073052474	-3.30889192127721	0.000936659871199794	0.0140076383828315
"AGS49305.1"	263.019121908611	-3.49463643601554	0.905314974126197	-3.86013325294717	0.000113325209457582	0.00265968001284687
"AEM84668.1"	145.710131902583	-3.49377457349398	0.624069554262143	-5.59837369029286	2.16371960576905e-08	2.23741552567494e-06
"ABS14700.1"	56.2501183083358	-3.48802006014345	0.956796970363509	-3.6455174589634	0.000266854296274744	0.00521572973098545
"ADK97265.1"	94.5406352187103	-3.48793776442834	0.974328576054006	-3.57983728503002	0.00034380822444145	0.00637969908497681
"AAK16178.1"	1519.93779972391	3.48640139271709	0.360224096998319	9.67842357512623	3.72413870764737e-22	6.4366417363531e-19
"CAM02992.1"	3998.04177569107	-3.48448435334631	1.09345571175461	-3.18667168307617	0.00143920043501369	0.019336109342602
"ACR14738.1"	54.8952213224057	-3.48329667325204	1.10842789978707	-3.14255593342714	0.00167479711117194	0.0215821742125641
"ACF07998.1"	369.658743642587	3.48000814631744	0.821585918616765	4.23572029103959	2.27820228018351e-05	0.000749487117244008
"AAU46020.1"	102.100270021184	-3.47928347518972	0.705689808599214	-4.93032977491352	8.20909211622686e-07	4.89249758463895e-05
"AHV98939.1"	462.635417014138	-3.47883215848018	0.552233169353204	-6.2995711803308	2.9847021433629e-10	5.77766702103617e-08
"AEI09999.1"	101.324021518289	3.47684557854144	0.839149720549106	4.14329587843553	3.42349790400245e-05	0.00102017707861019
"AEI49190.1"	167.036861859639	-3.46944829850873	1.04914617032626	-3.30692557113354	0.00094325950720558	0.014080228436677
"ABP42962.1"	942.266934970061	-3.46829178213196	0.684534354932281	-5.06664385379908	4.04890795050892e-07	2.68414864872505e-05
"ABJ87849.1"	1825.15352593565	-3.46780913066707	0.798190705933244	-4.34458720815661	1.39537802671709e-05	0.000515480337595015
"BAC74089.1"	589.093763525783	-3.46443467842286	0.765698832423733	-4.52453958621902	6.05271237254074e-06	0.000259676385245334
"AKQ74807.1"	88.7463349712716	3.46440987096512	0.838017835146194	4.13405267247176	3.56421731845036e-05	0.00105303255744253
"ACU05595.1"	96.7708961254886	-3.46397749222597	1.11940641123711	-3.09447708843989	0.00197160162015469	0.0244525086637023
"ABW98683.1"	610.122438273056	-3.46248487176845	0.952143775862502	-3.63651473605648	0.000276351840701989	0.00534950839157282
"ADG11906.1"	667.876163968465	3.46197288007694	0.483166811952427	7.16517110537345	7.76894582976004e-13	3.08172429906072e-10
"AAS02546.1"	1995.24089570307	-3.45904761216413	0.383562042079869	-9.01822191113438	1.91166774458076e-19	2.31283122078104e-16
"ADI12151.1"	938.573918360827	-3.45270710377376	0.629899144473848	-5.48136496781209	4.22056793371752e-08	3.97655050660571e-06
"AEI46644.1"	131.894732791542	-3.45261739907613	1.18368542284209	-2.91683696736437	0.00353600544779609	0.0375356508916943
"ACH66675.1"	55.4900282778028	3.45209480412381	1.06680057386156	3.23593264636901	0.00121245989597136	0.0169485223008775
"APZ48088.1"	282.141284316632	3.4510102752719	1.04130823005682	3.31411024676486	0.000919352507092575	0.0138398260605309
"ABD68845.1"	846.108309266343	-3.4501013067917	0.916974495562095	-3.76248338802142	0.000168234486019303	0.00364437767073328
"AEB51588.1"	96.0604341074209	3.44784158645732	0.960520066854549	3.58955705917534	0.000331240323153186	0.00618920625431479
"AIY26194.1"	90.3798455866739	-3.44776464018667	1.1094742686503	-3.10756611271476	0.00188634788016933	0.0236130158595227
"ADM68292.1"	338.043731059017	-3.44572734995775	1.01956292830751	-3.37961223803784	0.000725881621565665	0.0114723433030858
"AQZ67968.1"	1662.05974152707	-3.44567193989606	0.588727148773189	-5.85274850510339	4.83515001804495e-09	6.19027116331394e-07
"ADG69043.1"	555.594976262418	-3.44499028820447	1.20950150477274	-2.84827284183641	0.00439572213480792	0.0437587776606771
"XP_001390806.1"	120.4375103985	-3.44338088890343	1.22122137664353	-2.81962054936133	0.00480804674912572	0.0470061847226647
"CAW41338.1"	186.056564347712	-3.44183591975388	0.675119999376442	-5.09810985148248	3.43061727348583e-07	2.3383280610292e-05
"ABM93480.1"	296.104983434587	-3.4374387489331	0.996650036841731	-3.4489927475706	0.000562681814422286	0.00942881708003882
"AKZ55003.1"	307.244399150365	-3.43688529079243	0.64441603969547	-5.33333293878996	9.64262769077675e-08	7.93614497393623e-06
"AEJ61964.1"	1137.34542188199	-3.43404350186876	0.855017874979787	-4.01634118111266	5.91086657288858e-05	0.0015874055323439
"BAH30925.1"	177.146653689184	-3.43293796887842	1.09442412679717	-3.13675282262362	0.00170830080402744	0.021905540304744
"AAO79104.1"	83.4802825433535	3.43009608860536	1.06764860849913	3.21275751338009	0.00131467234112011	0.0180950663470326
"AAZ36583.1"	69.9774906804556	-3.42916966363801	0.654733177143288	-5.23750709960974	1.62760041396529e-07	1.22688620612829e-05
"AAU08003.2"	69.408602798525	-3.42499582034245	0.924694146160699	-3.70392289662795	0.000212290807506452	0.00433345700600094
"AKM29956.1"	628.195198756422	-3.4249866822637	0.797259895062049	-4.29594753665258	1.73948721196452e-05	0.000614457986392782
"SMS15441.1"	199.46450018744	-3.42432595792675	1.11664091663968	-3.06663127501328	0.00216485724314187	0.0263119981940777
"AQQ09760.1"	62.8840478670959	-3.41706813677477	1.12609239048399	-3.03444740915631	0.00240976765389694	0.0284936358761209
"AKE58387.1"	5346.04944086623	3.41698657462919	1.17665628857872	2.90398020883104	0.00368451450256241	0.0387626945297837
"ADU15254.1"	211.246727307559	-3.41414536687317	0.822034959855178	-4.15328487668537	3.2773631335452e-05	0.000985122431582525
"ABQ39578.1"	550.113758462308	3.41189086869428	0.740998375349422	4.60445121365534	4.13554947354225e-06	0.000187393053579217
"AIQ50890.1"	171.297671275837	-3.41049420133985	1.12850821894905	-3.0221261520948	0.00251005917767891	0.0295264472155063
"ABD88883.1"	214.547513077707	-3.41018304369566	0.844541719373336	-4.03790951408069	5.39296462014043e-05	0.00148288141947202
"AIP27963.1"	77.8230562828448	-3.40975567033005	0.837951559645764	-4.06915606407069	4.71837354600804e-05	0.0013322110232527
"AII49444.1"	104.720005915687	-3.40742682871647	0.952706569705382	-3.57657534551294	0.000348125009407643	0.00641588692786844
"ADP35390.1"	2276.45232445767	-3.40367500228099	0.644506115892449	-5.28105927678889	1.2843912391892e-07	1.01896442015282e-05
"ADV81312.1"	229.105727619204	-3.40349976548175	0.820726503270023	-4.14693536996938	3.36955127221041e-05	0.00100658064362562
"ABS24534.1"	4385.39441152821	-3.4021190626337	0.803225562986228	-4.23557120117706	2.27971450300281e-05	0.000749487117244008
"AHI74906.1"	90.6971997888459	-3.39968892706585	0.823157143235862	-4.13006065124035	3.62667544356602e-05	0.00107017885009716
"ADZ00354.1"	41.3486529524877	-3.39905893436795	0.86701425092857	-3.92041875981573	8.83952320218113e-05	0.00221418160375959
"ABA80535.1"	1186.80734296982	3.39502397931773	0.822358931991103	4.12839679517758	3.65301334121956e-05	0.00107532802697676
"ADO52490.1"	2325.44693974142	-3.39401453456172	0.653184725481287	-5.1961021165351	2.03510496912587e-07	1.49222530114966e-05
"AIA16533.1"	179.684754117235	-3.39317989104474	1.16674991610479	-2.90823238485667	0.00363478126421459	0.0383562155474053
"ARU29965.1"	156.45482328629	-3.39082044735399	1.05740018268357	-3.20675228062517	0.00134242539461422	0.0184113071174753
"ADE81919.1"	128.004690041134	-3.39059452019293	0.689652985251102	-4.9163776460105	8.81602548227726e-07	5.17770312122968e-05
"AEI04689.1"	108.634863866525	3.39027864407707	0.794899519459541	4.2650405001907	1.99865943921291e-05	0.000687931187064508
"AGP58778.1"	262.98953501108	-3.39018359454121	0.732718652664831	-4.62685586372262	3.71258695606913e-06	0.000171111364906676
"SCF41954.1"	548.9775110347	3.38885496052803	0.840186142078655	4.03345733856531	5.49621627254157e-05	0.0015044337686277
"AJY00848.1"	84.5636284387664	-3.38798356810524	0.851120310100972	-3.9806165214214	6.87367607858133e-05	0.00179420000079215
"AEG93719.1"	2914.99069761205	-3.38631645228954	1.10533377653565	-3.06361437981472	0.00218680590905099	0.0264968165154265
"AEW01148.1"	106.363492171888	-3.38579167741827	1.15242815849577	-2.93796333633294	0.00330376091421092	0.0357998669239416
"ADO73102.1"	802.676629926477	3.38485026713898	0.429258513860682	7.88534218388864	3.1367478141613e-15	1.99736544366476e-12
"AHI81007.1"	87.9931777222008	-3.38470714710544	0.921458028123104	-3.67320815902995	0.000239524206306254	0.00476625593749378
"AEH83753.1"	153.281626933156	-3.38348205209134	0.923060073409136	-3.66550579920019	0.000246850217335602	0.00487676564988784
"ADI12519.1"	2622.89084089061	-3.38309580930516	1.11635403126563	-3.03048648954999	0.00244160110335319	0.0288214544158061
"AHW94984.1"	86.1755069920267	-3.3772916170848	0.991279362154524	-3.40700285512283	0.0006568043995426	0.0106305659235668
"AIV37171.1"	897.970304603876	3.37581362734386	0.787053957097503	4.28917686888098	1.79336519863275e-05	0.000627989257761458
"ACM29077.1"	117.958999944566	3.37557625829794	0.735458232566843	4.58975929403462	4.43757440635135e-06	0.000199213335640972
"AAS51685.1"	32.9301400959297	-3.37334598685136	1.05718054415425	-3.19088920573171	0.00141835659905014	0.0191355872289597
"AGM02855.1"	482.057376564008	3.37277759748052	0.848997257797142	3.97266017823394	7.10744109280486e-05	0.00184452862697904
"ACM25985.1"	997.279420382627	-3.37213437616072	0.894857395584982	-3.76834833438048	0.000164331281660979	0.00357583095535136
"AAZ34265.1"	276.082547350695	-3.37149487359289	1.09451827108895	-3.08034590435711	0.0020676031410269	0.0254087319468908
"ABD25176.1"	635.333891731909	3.36955708157987	0.891312083735619	3.78044586522104	0.000156547756558834	0.00344549819217825
"ABY79073.1"	2762.415035484	-3.36775175224168	0.856464858986347	-3.93215403633434	8.41880898531695e-05	0.00211977024992419
"AAU42370.1"	175.316547807617	3.36699479806973	0.814254695901528	4.13506340831336	3.54856641999927e-05	0.00104969024040003
"ABP86021.1"	1034.76323103992	3.36492376416206	0.823242133970722	4.08740469578751	4.3622578450804e-05	0.00124915447428888
"AHI66993.1"	91.1793102181374	-3.36014971532119	0.923148005783712	-3.63988189788546	0.000272763117761229	0.00530124430559716
"ASA55983.1"	62.6014381969917	-3.35792390414618	1.1175324340852	-3.00476639579141	0.00265784895492966	0.0307271720795189
"ADV63033.1"	178.746495160491	-3.35569018311154	0.918030405419618	-3.65531486027166	0.000256866526411438	0.00504906526366983
"ADY41621.1"	68.7729813914506	-3.35489183002472	1.19785747871585	-2.80074373590863	0.00509849890174043	0.0489168826032566
"ABP43649.1"	734.831151117428	-3.35424549316213	0.829583572335913	-4.04328822919837	5.2706761838118e-05	0.00145421381550392
"ADI11756.1"	1018.27122218072	-3.35211383343195	0.721796529697515	-4.64412572728318	3.41519549419982e-06	0.000159840397240141
"ANU62443.1"	136.344819287773	-3.34775052192714	1.01880642751675	-3.28595347605627	0.00101637795605719	0.0148779778600821
"AAD20440.2"	103.54722597771	-3.3476333765653	0.89258066236632	-3.75051075797496	0.000176474733019753	0.0037692805241139
"AHF92439.1"	2254.72423784615	-3.34465468428477	0.623450257566101	-5.36474986367321	8.10614754870272e-08	6.81057125819304e-06
"ACN27961.1"	93.8382992388024	-3.33994184483344	0.977557183792012	-3.41662042917793	0.000634036135239991	0.010347646546476
"ADX55897.1"	388.473700192027	-3.3379403802618	0.814554759239843	-4.09787106685968	4.16967412921281e-05	0.00120541941343563
"ABP61028.1"	167.433119289046	-3.33560591076685	0.853448495872753	-3.9083857161829	9.29148812864119e-05	0.00230118872311905
"ADV42626.1"	165.781166398835	3.33515006575711	1.00582741907914	3.31582735019347	0.000913722588940982	0.0137838812248161
"CCK29817.1"	49.8866668039353	3.33478643052788	0.907767774004216	3.67361182675382	0.000239145944866127	0.00476264561969192
"AKD96630.1"	55.7834549036405	3.33077672885594	0.635093875845972	5.24454235119053	1.56670716903594e-07	1.19588685707138e-05
"AEH25509.1"	189.484643920939	-3.32973492378803	1.14793384880018	-2.90063310465866	0.00372409636414555	0.0390264009195452
"ADI05234.1"	289.439469513275	3.32813225926885	0.892001270256175	3.73108466349274	0.000190657132259562	0.00399768685379949
"AEG56685.1"	164.237568588212	-3.32579362086344	0.983662534734024	-3.38103109900664	0.000722143691780896	0.0114207260849819
"ADL59581.1"	266.055349603577	-3.32401381023494	1.16563070154877	-2.85168690719824	0.00434879113131957	0.0434641838968968
"ACA19680.1"	417.874025846214	-3.3234145680213	0.813976761484288	-4.08293544149964	4.44703799999169e-05	0.00126617912391696
"ACS17681.1"	1516.18034796805	3.32186407487196	0.841505959816419	3.94752293328577	7.89639561186638e-05	0.00200702819979339
"AKS35901.1"	547.497500210918	-3.32083727802321	0.873986926139515	-3.79964182381042	0.000144905367110149	0.00323457118815892
"AFN47105.1"	1154.68712305454	-3.32061848647358	0.697070763893929	-4.76367487846452	1.90098710217009e-06	9.66520743547719e-05
"ABD26847.1"	5992.20918721374	-3.32030540843876	1.07934115531475	-3.07623348937391	0.00209633615036945	0.0256965784348985
"ACM39672.1"	46.7533193261908	-3.31984936973806	1.03647677836659	-3.20301374717715	0.00135997488948973	0.0185917019214594
"SDT85547.1"	243.865744975563	-3.31849657991632	1.01519051368985	-3.2688412028741	0.0010798888883855	0.0156000426461277
"AEX52955.1"	67.3944541917041	-3.31773878879837	1.15095431155398	-2.88259816701052	0.00394410219559887	0.0406108258837897
"AEE15635.1"	299.145141108275	-3.31711609307929	0.934874944233779	-3.54819231549519	0.000387884892646303	0.00695748758144003
"AFU98456.1"	21918.2484214455	-3.31473096493978	0.796971250135737	-4.15916002537762	3.19420064761403e-05	0.000968547281582916
"ANE44867.1"	214.999451159603	3.31103145090761	0.927449793148713	3.57003848118461	0.000356928790694368	0.00652804682421136
"AGB21164.1"	144.651431227243	3.30604894246096	0.908047990865938	3.64083063419173	0.000271759869366403	0.0052859916069605
"AJY30968.1"	85.3586799064219	-3.30519173761569	0.807741634490033	-4.09189225426324	4.27867454276567e-05	0.00123032832718044
"ABK13648.1"	278.917480265831	-3.30475733615957	0.823460403487301	-4.01325591633081	5.98869244308457e-05	0.0016025300898838
"ABU56463.1"	638.089009152943	3.30368867349251	1.15109274293887	2.87004560992871	0.00410412595005473	0.0418313123898375
"ACA14629.1"	1184.16394498132	-3.30283618351849	0.764599330742038	-4.31969536294664	1.56244736809904e-05	0.000565966152184021
"ACI94790.1"	120.198815392835	3.30179747452012	0.79216515844664	4.16806702404663	3.0719361569553e-05	0.00093853079785161
"ABJ83974.1"	370.572620814979	-3.30042432364174	0.803023116251707	-4.10999914802854	3.9566057716313e-05	0.00115486115628664
"ACV07738.1"	10497.606987309	-3.29818075480745	0.76862254231155	-4.2910278755142	1.77847985571143e-05	0.000625492399253626
"ACJ00670.1"	491.52808996638	-3.29671645641635	0.804979102755977	-4.09540625977682	4.21428722665044e-05	0.00121541249133803
"ADG20215.1"	1019.68214535988	3.29613772864466	0.745627683622913	4.42062144558412	9.84174545144976e-06	0.00038848403701261
"AGH41235.1"	1462.32775503421	-3.29583201160896	0.777082247490976	-4.24129108887825	2.22237687312289e-05	0.00074172211308903
"ACK49434.1"	196.970157163844	3.29364200290118	0.713697910742027	4.61489651759917	3.93291227594701e-06	0.000179895422194877
"ABG58512.1"	260.025390361592	-3.29309705931317	1.09890732924527	-2.99670133383756	0.00272917953649952	0.031327304195768
"ABQ04263.1"	95.6581421175957	3.29266283244573	1.06802602393289	3.08294251138269	0.002049647462741	0.0252650635027734
"APZ78831.1"	174.152834025724	-3.28647462244719	1.15892458540562	-2.83579679284907	0.00457115204625717	0.0451461902299121
"ABZ72749.1"	1567.77969594626	-3.28487461045644	0.628264703049037	-5.2284882383406	1.70901703942309e-07	1.26849954916934e-05
"AJI94294.1"	83.2853305565888	-3.28357596439139	0.984714064073062	-3.3345476460543	0.000854382619670785	0.013117700665085
"APS22769.1"	244.6492922591	3.28307751627189	0.856437641535755	3.83341104716592	0.000126378513842666	0.00289856009426634
"ANB05725.1"	302.413420290768	-3.28269382286066	0.63221303255022	-5.19238556285202	2.07616485069249e-07	1.51316147265681e-05
"ADV82374.1"	145.581631875383	3.28073843242333	0.960943090462932	3.41408192117063	0.000639973298624751	0.0104279016207563
"ACL53972.1"	153.824274676873	-3.28032716601555	0.652491016175933	-5.02739054591223	4.97199103053863e-07	3.19966135547721e-05
"ADG99409.1"	1061.16487152195	3.27827075588231	0.908363149812432	3.60898695258526	0.000307395067916839	0.00583833473970466
"ABQ07083.1"	119.727175104703	-3.27439342872539	0.872122354356077	-3.75451152280463	0.000173679855536392	0.00372234850700981
"AAZ48657.1"	151.647501351825	-3.2688072792973	0.864978859865503	-3.77906031114515	0.000157421296346929	0.00345342076854637
"AGQ97139.1"	34.1292901343834	3.26365579632232	0.707621413474257	4.61214956780141	3.98526056645784e-06	0.000181603295530283
"ADW06331.1"	265.352948793852	-3.26361515994867	0.842407087792738	-3.87415444058044	0.000106995546090716	0.00255071057020399
"AIT22661.1"	87.3863207018924	-3.2634383236953	0.87482870770888	-3.73037406630383	0.000191195692376807	0.0040055083709451
"ADG65882.1"	446.607840918941	-3.2594711029244	0.860369568432772	-3.78845466240952	0.000151587248255159	0.00335279400916826
"DAA04516.1"	215.371166708765	-3.25904191034686	1.02545092183973	-3.17815493743952	0.00148215524250697	0.019748739208668
"AGT82061.1"	291.288427183435	-3.2558204303863	0.485807709066366	-6.70187065710298	2.05768137641951e-11	5.35373293174439e-09
"CEF78598.1"	86.3621428925245	-3.25499783549778	0.91552745843578	-3.55532519041984	0.000377511876866295	0.00681983332733759
"ACY95474.1"	109.318528687714	-3.2521074490685	1.1069063249834	-2.93801505661941	0.00330320981008876	0.0357998669239416
"AIR99535.1"	103.544202194632	-3.25165852880343	0.910225898497407	-3.57236432645044	0.000353772775017172	0.00650048634583129
"ACR14618.1"	166.577109671668	-3.25162140907018	1.08689668689416	-2.99165638121668	0.00277468384984135	0.0316992564280506
"ACD05045.1"	48.8630632415654	-3.25145668432628	1.15697254885757	-2.8103144603879	0.00494931164172396	0.047985223133352
"ACV12589.1"	715.493052042157	3.25009744097807	0.768864817040288	4.22713768265425	2.36682854321801e-05	0.000770799227238685
"ABF88528.1"	334.910533520125	-3.24739964916668	0.702103601841905	-4.62524282833392	3.74159789256943e-06	0.000172120616362172
"ABK01657.1"	2874.90219498468	-3.24465075427721	1.15727810430187	-2.8036914741721	0.00505212240291039	0.0486261757292055
"ACB75035.1"	934.342904002838	-3.24403967335955	0.698987536577098	-4.64105510270673	3.46634666518992e-06	0.000161921216713514
"ABM33991.1"	1409.43476517683	-3.24120113764062	1.01469480322183	-3.1942620848646	0.00140188783695843	0.0189929899165079
"ADD17685.1"	45.9215686033793	-3.24022424856791	0.798951085504888	-4.0555977798319	5.00062474972289e-05	0.00139240641046082
"ADQ18247.1"	508.686614481998	-3.23583407217343	0.904212749780274	-3.57862026714371	0.000345412911647509	0.00639703721080605
"AEN11036.1"	1023.37044535174	-3.23567632741504	0.910862930165756	-3.55231969625355	0.000381850614016443	0.00687473162749693
"ABI13865.1"	189.526476492084	-3.23430578079224	0.649268196435464	-4.98146343614064	6.31052091012755e-07	3.87552473254711e-05
"ACA83110.1"	96.2448063166468	-3.2341916570702	1.12433223249467	-2.87654446221308	0.00402055549053994	0.0411877143118522
"CAN94263.1"	857.67515496634	-3.2307173016423	0.580221220571815	-5.56807849678161	2.57563796699058e-08	2.59677966196963e-06
"AFC43740.1"	72.2164946883342	-3.22678301324268	1.06585469485413	-3.02741361352665	0.00246656203513115	0.0290996594656599
"AGA85278.1"	435.505515958973	-3.22366855891547	0.935820035963541	-3.44475266080012	0.00057158215988069	0.00952518837646904
"ABB23854.1"	51.6804909772086	-3.22317465956711	0.855712088668676	-3.76665785402396	0.000165447491013404	0.0035968849416454
"AEB09394.1"	159.98252360035	3.22293127385639	0.869009243934591	3.70874222150274	0.000208291346578771	0.00427845985837566
"AJX21510.1"	88.228361370831	-3.22129273513413	1.0357746282484	-3.11003247934512	0.00187066772895339	0.0235018416601689
"ADG97865.1"	756.575560748425	-3.22055899669297	0.78588686229149	-4.09799317334617	4.16747568811597e-05	0.00120541941343563
"ABQ07258.1"	133.173633384601	-3.22027434319687	1.08313908533515	-2.97309402531663	0.00294814124161564	0.0330260063071174
"ANS30396.1"	139.129725392689	3.21981374857115	1.02166161340073	3.15154617374102	0.00162408481931793	0.0211279464371162
"ADG87543.1"	825.823967642521	3.21961647302869	0.951509154304565	3.38369469012815	0.000715174823125099	0.0113401606783473
"ACD26501.1"	711.860577937259	3.21808467671513	0.687270861583283	4.68241105013756	2.83520228153662e-06	0.000137206779212683
"ADO75074.1"	1475.47423162768	3.21421378960047	0.540045848402068	5.95174242911217	2.65302671232901e-09	3.66830213475571e-07
"AGK75212.1"	712.721031342599	-3.20944654284465	0.576101049552749	-5.57097846868405	2.53312635769153e-08	2.56460495719924e-06
"ACE85719.1"	108.560878138831	-3.20805068065688	1.13438019204022	-2.82802071401396	0.00468367758688513	0.0460133766016482
"AKI30033.1"	84.1609068142899	3.20499323296772	0.803367350869264	3.98944919718213	6.62269010942869e-05	0.00174373484850757
"ADH68351.1"	342.771436286309	-3.20483262873079	0.595471742836691	-5.38200622831186	7.36602155856697e-08	6.320412186264e-06
"ADF63923.1"	86.8175012818949	-3.20472416159374	0.912608901846834	-3.51160738746727	0.000445405472618891	0.007759162146119
"AAO76876.1"	79.8753609424313	-3.20246322086242	0.980822807098785	-3.26507825642342	0.00109433837631851	0.0157336338037902
"ABG03680.1"	668.489319909182	3.20236747973953	0.896517598672999	3.57200738109278	0.000354255424562901	0.00650048634583129
"ACT96525.1"	141.841229172888	-3.2008804022042	1.07000112521735	-2.99147386555692	0.0027763430135591	0.0317032429915477
"AJE83012.1"	879.518217016108	-3.20051251157125	0.651063711684606	-4.91582076244125	8.84112603362693e-07	5.17987231563368e-05
"AKA04743.1"	340.077839843246	3.19840980879216	0.548125259949405	5.83518046420155	5.3732378020395e-09	6.77167891124738e-07
"AFI61839.1"	144.554019492583	-3.19628935472477	1.11088027730084	-2.87725817087233	0.00401147250404164	0.041164376666792
"AAC79665.1"	795.994943349434	-3.19613733843478	0.697457687767435	-4.58255374410687	4.59331601609005e-06	0.00020506359343419
"ABD10952.1"	224.228942071465	-3.19608053511305	0.88525142787519	-3.61036473308424	0.000305766731479615	0.00582224078145308
"AOS63291.1"	1257.04364494827	-3.19503696303496	0.654387636889966	-4.88248368844444	1.04757907406717e-06	5.93934170372261e-05
"ABV13340.1"	1848.13668654725	3.19437889614542	0.54646868716867	5.84549301936391	5.05070118655544e-09	6.43220087426747e-07
"AFK06814.1"	363.023516795198	-3.1941734590088	0.638371211131652	-5.00363018148396	5.62606415386449e-07	3.52678430909479e-05
"ADE83742.1"	196.691987445099	-3.19373202675332	1.13952385047467	-2.80268993529444	0.00506783657277107	0.0487192854792776
"CAG22026.1"	75.3478948861498	-3.19206834358127	0.933736736730458	-3.41859564694703	0.000629451906092558	0.0102980715157009
"AGT32307.1"	74.3172688579002	3.18641338466528	1.06710195600168	2.98604399208903	0.00282611983961054	0.0321072858419658
"ABG06350.1"	747.208730279602	-3.1843384615427	0.832857532359535	-3.82338916059423	0.000131629777573567	0.00299689722308041
"AFL03844.1"	1236.80501760106	-3.18354323666583	0.608436467126012	-5.23233469503152	1.67382320616576e-07	1.25601270394722e-05
"ACV54571.1"	2440.16052714719	-3.18114884105537	0.580370305469719	-5.48123984131257	4.22355449104297e-08	3.97655050660571e-06
"ADJ43219.1"	569.939634904919	-3.18105687932938	0.482294181384401	-6.59567749749398	4.23318234877687e-11	1.02430313293354e-08
"ADV83524.1"	141.604380575372	-3.17893621934646	0.840919368380028	-3.7803103827546	0.000156632971500437	0.00344549819217825
"SDU67740.1"	143.55911192522	-3.17252613416882	0.978159935280107	-3.24336135609596	0.00118128286615307	0.0166570521633484
"CAK41095.1"	245.108338107215	-3.17143795912199	1.13274261388351	-2.79978692445319	0.00511363484561757	0.0489844110686494
"ACE91307.1"	249.801524371903	-3.17034368987017	0.756181680184579	-4.19256876085165	2.7581344323446e-05	0.000862255540819669
"ADO59158.1"	116.257111155576	3.16781099574737	0.919966763073259	3.4433972214006	0.000574454894311977	0.00955280510801732
"AGL19301.1"	1080.80486843862	-3.16708291646769	0.627965654246365	-5.04340149027509	4.57328259674075e-07	2.99080321603611e-05
"ABS26829.1"	821.044871252974	-3.16603953474661	0.615688966703724	-5.14227102638683	2.71437158680563e-07	1.92608942187495e-05
"ABW67775.1"	219.020047507654	3.16070515491683	0.505411325698438	6.2537283875643	4.00767770757619e-10	7.40257843436802e-08
"ANS70234.1"	1233.83393937469	3.15881240042474	0.619342754240369	5.10026536808211	3.39177603946437e-07	2.31838431714462e-05
"AGK77845.1"	1176.55392675399	3.15818832219311	0.679198034174963	4.64987847915289	3.32130664228421e-06	0.000156049819074468
"ABL89456.1"	754.622821555991	-3.15688843921552	0.857446540751188	-3.68173208378664	0.000231654777506886	0.0046288213314242
"ACB76628.1"	1255.50960753093	-3.15635036536673	0.583843262027968	-5.40616047259535	6.43901114811788e-08	5.64509973735537e-06
"AEE52526.1"	69.261498114983	3.15588439061884	1.09906957904353	2.87141455899932	0.00408639233087778	0.0416681142984617
"AAN16193.1"	132.606178680542	-3.15546821080889	0.967153993369347	-3.2626326649554	0.00110382494618943	0.0158417866091019
"AEH52450.1"	108.643848082097	-3.15396464278381	0.803553953147906	-3.92501913583801	8.67228437865182e-05	0.00217679735591533
"ACB64707.1"	367.79308112776	3.15317216202886	0.65698023957888	4.79949315378195	1.59067673129402e-06	8.33108330457173e-05
"ABM57849.1"	1261.02431844576	-3.15048918350424	1.04921137819017	-3.00272113798332	0.00267577493148599	0.0308901364585719
"APA97425.1"	348.963511400238	-3.15042149399612	0.750206678445106	-4.19940475673417	2.67617567435238e-05	0.000844268876040477
"ADV24093.1"	274.911220845055	-3.14811967635019	1.04921433542796	-3.00045431143114	0.00269577192754863	0.0310617111099496
"AAS95367.1"	70.7870904776134	-3.14277794922041	0.895370868366422	-3.51002926301848	0.000448057381012606	0.0077997442074547
"CAD79663.1"	142.923033097423	-3.14269076484123	0.642649452798999	-4.89020997552171	1.00728470052517e-06	5.76200186728308e-05
"ABV92913.1"	1147.10777077602	-3.1419044415556	0.793038121442368	-3.96185801994126	7.4368761857982e-05	0.00190827246095184
"ACL38730.1"	738.190079710773	-3.14160484262064	0.736181959071116	-4.26742981665101	1.9773795104784e-05	0.000682548530885104
"ASB50186.1"	88.8246037031658	-3.1410227726101	1.0894241362129	-2.88319550503906	0.00393663032907259	0.0405857026299828
"AGT95925.1"	214.697645187368	3.14080435118978	1.02066329091548	3.07721888221595	0.00208941814584328	0.025624759693345
"ADP85981.1"	67.8703635907823	-3.13954399814513	0.948305987512965	-3.310686676543	0.000930673524469561	0.0139612568329758
"BAH32244.1"	54.02271112642	3.13917043106461	0.735371773337342	4.26882094864492	1.9650892617772e-05	0.000679275212388899
"ACZ77292.1"	762.406204127655	3.13776523992622	0.95951784734741	3.27014786499343	0.00107491280433254	0.0155467215340313
"AMV19001.1"	304.135008977371	3.13766393334054	0.625669534858648	5.01489006340928	5.30637976697657e-07	3.36121652412388e-05
"ABN45393.1"	171.357369904451	3.13733367665141	0.695370159250946	4.51174620439702	6.42960938544706e-06	0.000273422246572342
"AIR23084.1"	60.7722395617689	3.13606440863643	0.686914773041689	4.56543450761701	4.98460801999211e-06	0.000220095912882754
"AFO74932.1"	284.380862076706	-3.13315183973155	0.517156943306979	-6.05841588376731	1.37468601739089e-09	2.10527073182325e-07
"AAT94296.1"	550.703059231058	3.13277625992632	0.798609916597827	3.92278657554407	8.7530684114906e-05	0.00219479788966672
"AEO67457.1"	733.247951729743	-3.13059845425547	0.689040821765278	-4.54341507116382	5.53501114865181e-06	0.000240676111122922
"ADP96206.1"	185.809666364951	-3.12950149358679	0.613228379686965	-5.10332136810809	3.33743535868827e-07	2.28770321173314e-05
"SDN08490.1"	137.066888765222	-3.11887994018093	0.81499615880359	-3.82686458885822	0.000129785863187363	0.0029626684259855
"AAZ60122.1"	166.920235058548	3.11617540814544	0.863131266716902	3.61031459328134	0.000305825847552459	0.00582224078145308
"CCH14568.1"	142.944706520685	-3.11259497711812	1.06626158412691	-2.91916638792424	0.00350968836458977	0.0373456153729018
"ABF07062.1"	617.325993463107	-3.11238381947223	0.776021058220432	-4.01069505331407	6.0540262036292e-05	0.00161273104868524
"ACB76868.1"	584.479976008829	3.11219772951146	0.683867023846275	4.55088141552362	5.34216516880419e-06	0.000233751122223427
"ANB10624.1"	302.294338978711	3.11211724929492	0.802305844647329	3.87896619482177	0.000104901330140313	0.00251877487269471
"AGL16687.1"	1406.29658167537	3.11198604334247	0.681232980370546	4.56816703391218	4.92007885404197e-06	0.000217643780678709
"ACA16381.1"	159.792297959548	-3.11189572017079	1.08287588607861	-2.87373258577197	0.00405652269684244	0.0414508782497873
"ADU28083.1"	332.120849413597	3.11179904537802	0.66854549111504	4.65458085759875	3.24640422120092e-06	0.000152827320895717
"ADI10071.1"	3280.97423000626	-3.11115606084092	0.553699700911967	-5.61885089646376	1.92231656877803e-08	2.02236060933574e-06
"ADC56139.1"	196.465105100673	3.10759330041472	0.661728957685742	4.69617244994517	2.65081767699263e-06	0.000129318216391513
"AEO61106.1"	85.7854249307506	3.10707424018779	0.654778265899586	4.74523117519645	2.08268340664042e-06	0.000104988938313497
"ADV89072.1"	53.5879510011379	-3.10689348556174	0.802285465054016	-3.87255362447898	0.00010770096973234	0.0025650003588715
"ABN53708.1"	132.50564839489	-3.10152370491716	0.710914235196715	-4.36272556007962	1.28452038716188e-05	0.000481138387123157
"ALU72339.1"	60.455014359701	3.10055227734796	0.837959443864954	3.70012212410562	0.000215495738570862	0.00437698423427003
"AEK47264.1"	1060.83386001317	-3.09894800184187	0.635403201663293	-4.87713627147261	1.0763707783602e-06	6.0575464723979e-05
"CBL17979.1"	265.812603822012	-3.09870139069634	0.78031133806958	-3.97110901702679	7.15388316522417e-05	0.00185136375346448
"ADG14863.1"	278.090519787508	3.09678469946808	0.649087690462304	4.77098047763383	1.83331310673935e-06	9.37857869847191e-05
"AMY52263.1"	127.684268750515	-3.09577851059896	0.814638424650367	-3.80018719584413	0.000144586824215082	0.00323044079919885
"AGJ54248.1"	260.743612376274	-3.09203362381058	0.839525945547874	-3.68307095237267	0.000230440985544178	0.00461587791987787
"ACN34619.1"	233.634578491871	-3.0910719624316	1.01704275739488	-3.03927434707786	0.00237148785901561	0.0281795838103065
"AEW21183.1"	44.9760512918552	-3.08990010218306	1.05720679589539	-2.92270170242908	0.00347008784398417	0.037070956097521
"AEE16529.1"	57.0501716659857	-3.08639294570613	0.959325888865805	-3.21725180309178	0.00129424954067548	0.017905635297727
"ABF50324.1"	41.649801364772	-3.08463499814275	0.723732472654462	-4.26212048608115	2.02496208022282e-05	0.000694241711522191
"ACO78265.1"	268.081034947567	-3.08402126649227	0.644091742181925	-4.78817079077096	1.6830838410054e-06	8.72068087811725e-05
"ACB81620.1"	612.127256740756	-3.08197876956181	0.686615068713191	-4.48865588595056	7.16739665437163e-06	0.000296616670416581
"AIP65163.1"	89.36235025109	-3.08082782495879	0.82809661892195	-3.72037242341303	0.00019892921189209	0.00412467021435553
"AHF93523.1"	49.3460902106116	-3.0798977129517	1.02262415425862	-3.01175920803921	0.00259738541217672	0.0302303678780376
"AOW87177.1"	136.809152322088	-3.07583628466711	1.07864329920733	-2.85157872572653	0.00435027123760775	0.0434641838968968
"ACF44803.1"	48.0662409702991	-3.07385082152229	0.790295596200482	-3.88949506526481	0.000100453011233254	0.0024428758922724
"SCE74500.1"	1468.34636575622	3.07200902017157	0.736052238215428	4.17362907233284	2.99785694418358e-05	0.000921717210653243
"AKP50784.1"	302.585620673169	-3.07193926470512	0.92704549094826	-3.31368772589885	0.000920742758095344	0.0138466205827427
"ANQ71446.1"	180.706860828531	-3.07132804378122	1.04690631738736	-2.93371813004812	0.00334928218268058	0.0361635791942535
"ACT01401.1"	186.148751792814	3.07109461393978	0.949856427683583	3.23321980504913	0.00122403343866871	0.0170807019120338
"ABM27928.1"	140.570196969818	-3.07068860808091	0.914108370819052	-3.35921725049901	0.000781635927863158	0.0122178582341762
"ACO53434.1"	62.3669796950127	-3.06592851924578	0.741350674143053	-4.1355982076765	3.54031165809926e-05	0.00104969024040003
"ADX56344.1"	837.70115836058	-3.06504594258462	0.557992809303264	-5.49298466123925	3.95197128969541e-08	3.75003330575529e-06
"AEU38011.1"	1326.02840034874	-3.06478920253766	0.690379455495405	-4.43928216308003	9.02594191268838e-06	0.000361590590167749
"ACI93107.1"	1665.49424272203	-3.06318556480328	0.916508358958567	-3.34223418134886	0.00083106913138748	0.0128576597008842
"ADJ50264.1"	1042.01635192486	-3.06083735967302	0.633336825557462	-4.83287444556674	1.3457566669475e-06	7.31758967868061e-05
"ACO32472.1"	577.83840780118	3.05999414932399	0.519947777492958	5.88519517109664	3.97584534161827e-09	5.17223278124394e-07
"AAT81216.1"	539.125236999716	-3.05769594158543	0.820398682504255	-3.72708538762137	0.000193706847662968	0.00404858479741237
"AIS01020.1"	1746.06496225248	-3.05743140126869	1.00667268858153	-3.03716534276579	0.00238814420834438	0.0283125553205826
"ARW16988.1"	263.684101246673	-3.05732193774366	0.590035367486633	-5.18159097948128	2.20001233851141e-07	1.59382331002876e-05
"AJD41040.1"	891.816029494173	-3.05612589481558	0.975064070513676	-3.13428213307621	0.0017227512969506	0.0220441105935028
"AIV33082.1"	800.588680598012	-3.05374107208428	0.551988226627622	-5.53225761850237	3.16135126729973e-08	3.07209705280529e-06
"ABX43741.1"	266.690019845028	-3.05337293234752	0.983506800049272	-3.10457734729902	0.00190551098384545	0.0237423528713226
"AAW68437.2"	2538.11270765004	-3.05248881258205	0.936542096352825	-3.25931832052115	0.00111680284216078	0.0159712047114447
"AOH48281.1"	187.486109875825	3.0510264951579	0.867372187720609	3.51755167891166	0.000435547531550043	0.00760934557466887
"CAZ94916.1"	133.672748302466	-3.05090996454909	0.972943003387361	-3.135754051293	0.00171412890992342	0.0219570022410889
"ADX74082.1"	159.944880293393	3.04875225015193	0.766426455748164	3.9778797134238	6.95325292917633e-05	0.00181106416713972
"AKD95553.1"	177.204068504531	-3.04817506013096	1.05595069443514	-2.8866641938822	0.00389349535433625	0.0402610714055018
"ALC22590.1"	582.553772002781	3.04786347130182	0.73272490698087	4.15962858948016	3.18765518946011e-05	0.000967775315173981
"AEH89749.1"	271.966068891065	-3.04706008585031	0.967653022922068	-3.14891806636324	0.00163876134387503	0.0212503259580622
"APC36453.1"	370.401300038759	-3.0462283073226	0.510490945979765	-5.96725237012009	2.41282069496773e-09	3.36901999895497e-07
"ACB74648.1"	598.719763889231	-3.04530283377206	0.786959232056396	-3.86970850550212	0.000108965556835928	0.00258747750614226
"ALU68007.1"	171.113147292086	-3.04460215801489	1.08086900685778	-2.81680956591209	0.00485032752706363	0.0473430315338276
"ACO31679.1"	144.617017561558	-3.04386634331455	1.05303514279286	-2.8905648250652	0.00384550211893569	0.0399012070205347
"ACL76949.1"	120.438181029237	-3.043363568913	0.538177032895621	-5.65494880474258	1.55892732260081e-08	1.6765050855543e-06
"ACV67625.1"	122.825436929669	-3.04031988339515	0.896826838680507	-3.39008574706389	0.000698707652664487	0.0111668620023267
"ACZ22176.1"	564.319778611562	3.04021057054347	0.875535250357984	3.4724022468546	0.000515822825989669	0.00880830269616938
"ABK95005.1"	286.291332279875	-3.03918299115252	0.670055676036801	-4.53571710507471	5.7408088458248e-06	0.000248497945693064
"ACE84782.1"	240.62709124217	-3.03903775499198	1.01167561515496	-3.00396462014803	0.00266486311962174	0.0307935496205765
"AIQ68833.1"	46.6782332255645	-3.03882604783035	0.914027992704951	-3.3246531529492	0.000885285951671783	0.0134724931903158
"ADO70169.1"	230.258796326145	-3.03829891270691	0.915587155142799	-3.31841583364398	0.000905296008440767	0.0136909046976508
"ACF88424.1"	465.073390231264	-3.03044956298685	0.564608466704645	-5.36734700539324	7.99032366379677e-08	6.73665023320176e-06
"ACV78168.1"	445.139250753977	-3.029994165014	0.797520653588672	-3.79926733104612	0.000145124484791592	0.00323647664378078
"ABD80204.1"	41.5524991334	-3.02658528841326	0.627882503466514	-4.82030518720239	1.43338771469188e-06	7.60607073078936e-05
"ACM04860.1"	192.400477385203	-3.02636366373385	0.54026389450536	-5.60163967000728	2.12333594530886e-08	2.21458447709649e-06
"ABA75757.1"	242.421295405422	3.02526897518247	0.654552486854641	4.62188905540635	3.80261374492123e-06	0.000174595530902958
"ARE32110.1"	167.081769991128	-3.02268816310058	1.04742710585933	-2.88582197862897	0.0039039290956771	0.0403344886114854
"AKG42356.1"	904.003616395233	-3.02167387411763	0.524745832770034	-5.75835706625201	8.49365426429748e-09	9.97674525403913e-07
"AGC59910.1"	1937.20686103173	-3.02040635877057	1.01069475921822	-2.98844565208479	0.00280400364384354	0.0319468340035056
"ANP50964.1"	374.013945888721	-3.02029561884369	0.717453843742031	-4.20974205544806	2.55662406010789e-05	0.000813982005031982
"ARE33211.1"	54.385572619579	3.01804946281587	0.729383923961495	4.13780639203558	3.50642046981673e-05	0.00104360216615197
"AEG08294.1"	164.042721295481	-3.01797701631533	0.948487855472565	-3.18188261336429	0.00146321110609738	0.0195717629266105
"ACL62097.1"	806.664298017177	-3.01794196597138	0.920618074116614	-3.27816936341085	0.00104482686562724	0.0151933147040759
"AKR39031.1"	206.039323995429	-3.01741057347989	0.87097691440661	-3.46439787733712	0.000531419870750251	0.00901736789098445
"AMO04965.1"	419.251833922289	-3.0139782275307	0.794187478647245	-3.79504626875315	0.000147615924728005	0.00327093638337319
"ACZ90564.1"	272.755558226755	-3.01300757588687	0.614571300513838	-4.90261678891891	9.45683562897844e-07	5.44826313605694e-05
"ACE84509.1"	168.990241786084	-3.01130295472003	0.707915057015544	-4.25376311024545	2.10207680680124e-05	0.000716393697100982
"AKJ09226.1"	504.959617592627	-3.00902203965619	0.73953824546045	-4.06878489128404	4.72589520131944e-05	0.00133277955928119
"ABL70597.1"	548.391661150004	-3.00898922264522	0.764692801720626	-3.93489936857615	8.32315622053356e-05	0.00209786886529428
"ADG10480.1"	762.008406702747	-3.00812713003082	0.718448222028849	-4.18697832049201	2.82692815969585e-05	0.000878540323698078
"ADJ45855.1"	876.639553955612	3.00708755959852	0.634296001012068	4.74082692433891	2.12847701263152e-06	0.00010685219559055
"ABE62638.1"	1431.49838562847	3.00271804487656	0.735743674378233	4.08120130616701	4.48035287161003e-05	0.00127112633992689
"ACG28518.1"	456.250334647356	-3.00061672781075	0.927252976520591	-3.2360281431182	0.00121205433485552	0.0169485223008775
"ADK92878.1"	66.9054898513165	-2.99918759770139	0.970650085930242	-3.08987516837961	0.00200240635778506	0.0247837476415985
"BAK05168.1"	1089.11593105812	-2.99818373921733	0.893674992147001	-3.354892735685	0.000793957638118104	0.0123705041658363
"AEB47930.1"	446.593460161771	2.99811676837301	0.572202258420476	5.23961016275801	1.60916163813825e-07	1.21677762993848e-05
"ABI67262.1"	585.570230145974	-2.99728600765302	0.81692782020903	-3.66897286823467	0.000243526919631496	0.00483264428858942
"ACX75652.1"	308.616138815453	-2.99531055810649	0.591463069871029	-5.0642393594576	4.10034200706299e-07	2.7108190039591e-05
"AKH86024.1"	1323.81497457592	-2.99229336172747	0.771208557123087	-3.88000539424757	0.000104454148236096	0.00251490630186372
"ADN75992.1"	64.9209616216989	2.98966272185475	0.88574897048337	3.37529347646121	0.000737370124631714	0.011615979756324
"ACA90533.1"	4857.07143251891	-2.983472509081	0.920546630972732	-3.24097922766649	0.00119119863656507	0.0167675587021321
"ALV32732.1"	378.365139810744	-2.98318176547934	0.740296027740327	-4.02971467317632	5.58445960871372e-05	0.00152341791603208
"ABR79321.1"	245.734558861871	2.98176574170431	0.939015992655071	3.17541529114255	0.00149622199117586	0.0198923535826826
"AAM77714.2"	71.3838839986674	-2.98157472431061	1.01094763977087	-2.94928699273326	0.00318508049273133	0.0348719388921068
"AHY11898.1"	1635.48626884296	-2.98097343956312	0.56674577683031	-5.25980706241003	1.44206630345919e-07	1.12560252725168e-05
"ADV23067.1"	56.6752965771467	-2.98058582139216	0.891768844720202	-3.34233006573283	0.00083078207399615	0.0128576597008842
"CCT67729.1"	83.2465845641157	2.97971058193208	1.00209170405802	2.97349091891051	0.00294433118954557	0.0329986020349394
"ACF10675.1"	155.19146103458	-2.97593867127715	0.61646786635615	-4.82740274666299	1.38325201175062e-06	7.43789976185107e-05
"ACZ37643.1"	1084.90165043404	2.97573778132427	0.772257860758137	3.85329555390079	0.000116538576267456	0.00272452553617741
"AHM02722.1"	677.146788359995	-2.97449716820785	0.766836411030811	-3.87892010006334	0.000104921207138647	0.00251877487269471
"ABJ83595.1"	1095.57003985744	-2.97436308635563	0.657716654104779	-4.52225600156658	6.11839970232062e-06	0.00026156699222094
"APX66746.1"	2333.46346983694	-2.97329023972043	0.868203628741418	-3.4246461789507	0.00061560057098195	0.0101056221275782
"AGL14274.1"	730.751922219048	-2.97251947706686	0.726081185281111	-4.09392164034111	4.24137703537857e-05	0.0012217690491078
"AIQ43288.1"	78.8047772085602	-2.96924090420608	1.00031714348681	-2.96829952734409	0.00299452367317893	0.0334630610360385
"AEO60271.1"	242.406009509464	-2.96465725127304	0.988365047034302	-2.99955695536666	0.00270372568736084	0.0311237157264844
"ADY37152.1"	66.8923991695471	-2.96432145893837	0.916756856944299	-3.23348708709847	0.00122288864331886	0.0170745738617348
"ACH83319.1"	55.9594731767353	-2.9624170314517	0.938462662709581	-3.15667010437948	0.00159581777862076	0.0208611576387285
"AIV31437.1"	74.2160361670167	-2.96232042729546	1.03674075146426	-2.8573396223806	0.00427208463159928	0.0429641030053233
"CDR49038.1"	895.777079225327	-2.95767560040522	0.965033309963398	-3.0648430161622	0.0021778427692393	0.026436649316436
"ACY17037.1"	453.492113275775	-2.9556421865001	0.888179175390015	-3.32775443108338	0.000875490026953127	0.0133654461717254
"AEI13640.1"	526.072209809323	-2.95423508956523	0.778118563201152	-3.79663875054158	0.000146671284526659	0.00326195319089298
"AIO66794.1"	101.866205702284	-2.95321389905877	1.01627584291613	-2.90591764002255	0.00366177817608929	0.0385590431398651
"AFH63139.1"	479.309420590971	2.95022808862932	0.832161426609588	3.54525936229609	0.000392226939324083	0.00701457150837016
"AEI65732.1"	1638.67351856628	2.94650939586422	0.855939734035145	3.44242623481624	0.000576521073588931	0.00956560229005902
"AAU90816.1"	1127.98966624378	-2.94036206964766	0.541654575115633	-5.42848192322561	5.68354010406809e-08	5.13151566784088e-06
"AIQ25945.1"	66.741677677515	2.93972041488741	1.03524678963447	2.83963248601368	0.0045165535561978	0.0446799044968594
"AEY93037.1"	784.403156989674	-2.93926648011439	0.578933985734898	-5.07703218767384	3.83375945950334e-07	2.57681882337784e-05
"AEM83078.1"	131.294310004338	-2.93895117056323	0.634816565952882	-4.62960692613899	3.66360510257533e-06	0.000169176054708044
"SCG17578.1"	637.212691488461	-2.93886209099744	0.885740906905349	-3.31797037721267	0.000906741002821072	0.0137041924080334
"SCG42032.1"	929.513466681727	-2.9386657996847	0.765522965254967	-3.83876896326152	0.000123652713253194	0.00285226377749051
"ADI11234.1"	4581.73059917308	-2.93707866035036	1.02056163153572	-2.87790425349493	0.00400326622701904	0.0411150394291934
"AAM38307.1"	290.847133144508	-2.93649956902975	0.754527659077532	-3.8918382032805	9.94875846361323e-05	0.00242427098231671
"ACB73670.1"	941.702299586283	2.93576842225457	0.691908733140724	4.24299951950091	2.20551908129544e-05	0.000738132022269791
"CAP61917.1"	32.3443138160362	-2.9353306541108	0.99312055749805	-2.95566397447831	0.00311996801726369	0.0343778989588932
"SCF37519.1"	1392.00949228083	-2.93503042121981	0.628911462582964	-4.66684198943604	3.05864361811162e-06	0.000145402749759227
"ABD07627.1"	626.090296202252	-2.93430684732761	0.553479783376748	-5.30156102437126	1.14816655048686e-07	9.19939934507637e-06
"ADV46712.1"	89.3227022401902	-2.93234847272793	0.862279995398086	-3.40069175717588	0.000672155741829191	0.0108139311735644
"ADG41535.1"	72.9448518251606	-2.93207766388098	1.0131086520346	-2.89413939757849	0.00380199332521416	0.0396367223137471
"ALD43762.1"	96.7262174416713	-2.931778171048	0.98690850595998	-2.97066866213319	0.0029715218684157	0.0332263930915225
"ADG87604.1"	553.041661078718	2.93107411921947	0.580256271810969	5.05134414156636	4.38711830030978e-07	2.89250957799988e-05
"AEI66060.1"	606.828917945288	-2.92935197311541	0.837279950291399	-3.49865295603449	0.000467614792267546	0.00809940954080015
"AGT83925.1"	187.844201683606	-2.92907664700138	0.793373262025156	-3.69192760482582	0.000222560823239203	0.0044952456092813
"ADW02160.1"	551.831653782775	-2.92817137673601	0.688517222534626	-4.25286584111373	2.1105202758135e-05	0.00071825962185456
"AGB28354.1"	730.187112734784	2.92804637339155	0.649982836634152	4.50480567849152	6.64337059741006e-06	0.000281030836268411
"AEN08184.1"	729.994152994422	-2.92755694872503	0.672451494418253	-4.35355854366522	1.33945303836027e-05	0.000497860908897134
"ADG79625.1"	288.638052484594	-2.92451558763013	0.778840744430323	-3.75495967377676	0.000173369389504777	0.00371898857965167
"ACM01248.1"	155.733054058875	2.92398317236177	0.630662127610999	4.6363703231048	3.54580470035296e-06	0.000164363671138775
"ACM19117.1"	88.4972795045556	-2.92093138677613	0.924737955467094	-3.15865848212182	0.0015849710599115	0.0207872207289739
"ABR40294.1"	180.890525427106	-2.92015945461189	0.979284144387925	-2.98193274275573	0.00286434917491752	0.0324326892772482
"ACU35919.1"	496.929183091694	-2.91998696276188	0.481478132470222	-6.06463049065364	1.32257362405111e-09	2.05143038340799e-07
"ACT02698.1"	158.749714388268	-2.91951342314599	0.894162181647078	-3.26508264727562	0.0010943214120025	0.0157336338037902
"AIW14860.1"	253.708764233111	2.91826999515304	0.887755342113386	3.28724577224826	0.00101172493502262	0.0148245221681275
"ADG99208.1"	1582.29493492849	-2.91758991158695	0.608408246607839	-4.79544767490231	1.6231193503495e-06	8.46435752594975e-05
"ACQ73746.2"	101.471783316725	-2.91558465169811	0.822990835796995	-3.54266964452237	0.000396098562552609	0.00707335565910367
"ADD41528.1"	555.964793959875	-2.9135879456625	0.594935231838796	-4.89731955637814	9.71527772695758e-07	5.58386164273616e-05
"CUW27228.1"	1163.71544099175	-2.90936404946429	0.696022774309094	-4.17998398450722	2.91529626881101e-05	0.000899167123913165
"AIA04549.1"	357.405242516151	2.90906121772265	0.541764231685016	5.36960738193214	7.89082412250259e-08	6.72303772155616e-06
"ACA21244.1"	506.953485787988	-2.90522692366982	0.96608683366297	-3.00721096948863	0.00263656714534025	0.0305102894384496
"BAU95303.1"	76.2564238185424	2.90201230101523	0.914460940134499	3.17346774875743	0.00150629635680963	0.0199714262716288
"ACH84098.1"	133.333327350315	-2.90113658914386	0.964017243257904	-3.00942395940912	0.00261743589594893	0.0303760654073268
"AGT84100.1"	51.4593048457344	-2.9002283049271	0.825682498491444	-3.51252244080011	0.000443874518094408	0.00773806319476254
"ADJ45086.1"	381.975358442772	-2.89851894648021	0.854649378616665	-3.39147142559414	0.000695184116813232	0.0111178916553402
"AMB39257.1"	290.564440436287	-2.89824235643937	0.95510292040007	-3.03448172394381	0.00240949353753149	0.0284936358761209
"ADX72107.1"	265.330600989628	-2.8964343611234	0.860874495276232	-3.36452569685434	0.000766753438313925	0.0120318631302737
"ADI01878.1"	104.663411766809	-2.89617968509827	0.756235932919835	-3.82973032492133	0.000128283764698977	0.00293669087457062
"AGF67194.1"	806.622165989165	-2.8937333829408	0.5801840091573	-4.98761313181289	6.1129824070479e-07	3.78301369062246e-05
"AFZ45346.1"	214.243697036365	2.89243570534678	1.00268975550381	2.88467663050317	0.00391815893588423	0.0404124858361427
"AAT90349.1"	230.440525184331	-2.89116409659174	0.935968507588204	-3.0889544607026	0.00200862225196741	0.0248479716926663
"ABE64437.1"	143.781451432561	-2.88972627636203	0.905519054601077	-3.19123740320969	0.00141664823541909	0.0191287038797074
"ADE53403.1"	93.8650144530148	-2.88937404336829	0.970059182344444	-2.97855439745979	0.00289611616929668	0.0326832582069752
"ADB80099.1"	250.442972394138	-2.88746929152856	0.794457628078619	-3.63451641657952	0.00027850252436003	0.0053825284200796
"ALV47021.1"	850.198721484788	-2.88335645568712	1.02520045023629	-2.81248067636195	0.00491609772431693	0.0477730187290349
"AIR96706.1"	1559.29685300006	-2.88280747668551	0.505596261226407	-5.7017974573087	1.18550641049638e-08	1.33421854022237e-06
"ACS89078.1"	214.74138130353	2.881249733338	0.816353768777767	3.52941315828279	0.000416482367704227	0.00735748261859176
"AJO19972.1"	99.3818479959004	2.88112733026325	0.889547713991556	3.23886766830654	0.00120005238059669	0.0168435040660856
"AJX33488.1"	93.3124592009232	-2.87996930859963	0.952388266797167	-3.02394454972111	0.00249502164327154	0.0293638320536194
"ACL24959.1"	128.432721088479	-2.87753160746313	0.994436997335044	-2.89362887259276	0.00380817980118075	0.0396759727343348
"AMY07609.1"	394.516913992812	2.87717553183174	0.725652420443318	3.96494995506803	7.34113471591628e-05	0.00188636649249335
"ADB53806.1"	5195.95206876598	2.87586768032405	0.824753349867415	3.48694270934015	0.000488576006973088	0.00842028037088876
"SDT71786.1"	430.828632409464	2.87452748075841	0.570494485055426	5.03865954195707	4.68803547446822e-07	3.04119019774015e-05
"ABF50872.1"	47.4849223170037	2.87286261853732	0.943506776867973	3.04487756630001	0.00232775048598251	0.0278008778427042
"ANY71981.1"	59.3382650540667	-2.87269696162095	0.83927571184217	-3.42282866177018	0.000619731274862316	0.0101527675408554
"AFC30817.1"	493.590606048685	2.87159657871315	0.828023697185756	3.46801255625048	0.000524322789192383	0.00892196802397193
"AEI43151.1"	501.059079699538	2.87119585282741	0.796515277684032	3.60469652405887	0.000312517893160371	0.00593097683200118
"AGS70034.1"	578.45654419838	2.87093971987005	0.833779215800209	3.44328530318988	0.000574692694969853	0.00955280510801732
"AOT62485.1"	953.2117948384	-2.86723152284579	0.665630112751242	-4.30754478789232	1.65076677274501e-05	0.000590881710060815
"EMD37281.1"	184.069076267738	-2.86270144585488	0.999104446567946	-2.86526744594985	0.0041665718252482	0.0422542072319911
"AKJ07842.1"	586.784070316826	-2.86224319890238	0.660642493887273	-4.33251452243211	1.4741593586259e-05	0.000537341411746943
"ABQ92384.1"	171.853238315611	-2.86168982912298	0.713397662451991	-4.01135296587205	6.03717715263162e-05	0.0016106017151293
"AQS60669.1"	32.4027635417431	-2.86160068042822	0.883636028667122	-3.23843821165222	0.00120186051048911	0.0168490259399218
"ADB32112.1"	885.332657436898	-2.85777521106942	0.683800900839938	-4.1792504332169	2.92471477706755e-05	0.000900373072019128
"ABF39947.1"	452.184154607735	2.85623395514288	0.798252547989227	3.57810815930077	0.000346090238578483	0.00639751375315779
"ACU02897.1"	59.4259440628468	-2.85511156055831	0.938543487898844	-3.04206634787927	0.00234960098722467	0.0279789838030883
"AFR05469.1"	244.070241248417	2.85354703029807	0.62170357174353	4.58988360368506	4.43493247794659e-06	0.000199213335640972
"ADM98059.1"	458.264489624919	-2.8495984416029	0.910240957316288	-3.13059791333112	0.0017445083378746	0.0222167727639745
"AEB47278.1"	5727.52375932831	-2.8492102881742	0.65347370692658	-4.36009935514408	1.3000340295736e-05	0.000484195255683173
"ACB74675.1"	1047.5729556613	-2.84776079022581	0.949476318984214	-2.99929627868176	0.00270604022406285	0.0311355469812881
"ABI93796.1"	82.7577085114842	-2.84731603486684	0.893683943978761	-3.18604362767259	0.00144232845317477	0.0193566398122406
"ADB50953.1"	1565.62447686953	2.84644578707317	0.528728151503887	5.38357146101809	7.30222374747496e-08	6.29907021713931e-06
"ACV49028.1"	1327.23606201149	-2.8460718180204	0.968312161162631	-2.939208999093	0.00329051104325612	0.0357363086686123
"AAW66417.1"	39.3271214740793	2.84490310638942	0.915556836508738	3.1072927348102	0.0018880933171905	0.0236226442585618
"AIQ64402.1"	102.477252130123	-2.84449413924502	0.833755067974961	-3.41166638561344	0.00064567082748108	0.0104924761669306
"AGJ57461.1"	201.458609565156	2.84058095029232	0.783708204821572	3.62453899655043	0.000289477341265836	0.00556622670681597
"AEN72146.1"	475.717298566926	-2.83924384433368	0.900047069748152	-3.15455040048977	0.00160745610878123	0.0209792963668713
"CAB61821.1"	245.257500784065	-2.8369417546604	0.586071285020934	-4.84060868902503	1.29442036215641e-06	7.12731252076704e-05
"BAL88285.1"	793.418520334885	-2.83537625771087	0.773538402922193	-3.66546282253044	0.00024689167752666	0.00487676564988784
"ABE42150.1"	751.840322342291	2.83385090165055	0.550054928551436	5.15194165992379	2.57803242708228e-07	1.84558137982574e-05
"ABQ24722.1"	58.9689742910632	-2.83304011847764	0.683660145491701	-4.1439304852853	3.41403272518335e-05	0.00101861097227203
"ACK79543.1"	131.630158424716	-2.82899961758013	0.937219648403949	-3.01850225013721	0.00254027515298745	0.029707508841657
"ABS14367.1"	96.851683656071	-2.8274764781167	0.917481435640801	-3.08178058790028	0.00205766446725038	0.0253123066161959
"AHH21332.1"	471.710413267016	2.82716820447291	0.384497303330137	7.35289475371287	1.93959658779713e-13	9.02546512210138e-11
"ACU72618.1"	986.928452387399	2.82674032637435	0.731843222994152	3.86249436704415	0.000112235154003365	0.00264231212481782
"ABK99935.1"	146.686315001167	2.82433453340241	0.935388681213865	3.01942346548093	0.00253256271468211	0.0296496469355544
"ABR40337.1"	97.9811084819873	-2.82414826606326	0.722867359295702	-3.90686926134673	9.34997103135467e-05	0.00231094227830122
"AAT88806.1"	522.031873331447	-2.82400001023362	0.691802842067753	-4.0820878991952	4.46329086640278e-05	0.00126907460745415
"AKL25310.1"	101.769661296633	-2.82130411460982	0.833081170973905	-3.38658970207142	0.000707671372700227	0.0112641703586151
"AEI48682.1"	38.2006696460404	-2.82081325126351	0.814891095262451	-3.4615831092804	0.00053700828650217	0.00908670594999511
"ACR10922.1"	49.5657522904786	-2.81965736773876	0.698014942978865	-4.03953725647409	5.35567606185139e-05	0.00147430368223684
"ADU98515.1"	175.840012526942	-2.81712212418187	0.745321485168134	-3.77974093091704	0.000156991619473983	0.00344987324351519
"AEK42492.1"	886.598578771668	-2.81510488668849	0.764154414130074	-3.68394768731821	0.000229649391577289	0.00460383291466085
"AKL08379.1"	97.9586746400163	-2.81359913894163	0.895124013509491	-3.14325065184032	0.00167082699691239	0.0215506401088961
"AEG96155.1"	181.727217624724	-2.8126444022803	0.698038612212362	-4.02935361034816	5.59304324985316e-05	0.0015240413008637
"ACR14097.1"	37.1575958329476	2.81179445684873	0.89779239165523	3.13189829072255	0.00173680031489426	0.0221535884130187
"ABD26332.1"	674.011275327383	2.81167603734294	0.626411629323207	4.4885438036659	7.17116800403769e-06	0.000296616670416581
"ABQ66886.1"	1533.70091950542	-2.8115533726377	0.638979678386334	-4.40006696259565	1.08217478822265e-05	0.000420986870588801
"AGZ32627.1"	32.8711971548057	2.81060948780722	0.700249286241239	4.01372702983228	5.97674614895542e-05	0.00160154292985907
"AIV33079.1"	935.066114743841	-2.80955849161111	0.661164543854212	-4.24940889182137	2.14335362202099e-05	0.000726124486468278
"XP_001394039.1"	44.1162874122245	-2.80896435931598	0.911413820078157	-3.08198569896066	0.00205624716052591	0.0253123066161959
"ACB67897.1"	1224.13301180787	2.80622941225289	0.661186608462136	4.24423207659929	2.19343258741002e-05	0.000736123277636064
"ADX57121.1"	311.177811617746	2.805756853712	0.633745900824639	4.42725838551557	9.54383822852837e-06	0.000377957861891491
"BAW03418.1"	151.356367383412	-2.8054590344709	0.661811142713788	-4.23906285857772	2.24454809029365e-05	0.000743392900152182
"ACU95685.1"	411.614820670679	-2.80501493315555	0.969731616669154	-2.89256829924784	0.00382106094098851	0.0397327939789854
"ADU73490.1"	81.73888536683	-2.80315760399926	0.960159889581953	-2.91946959502728	0.00350627596413638	0.037340649206051
"CCD53425.1"	115.659733622744	-2.80202217234682	0.67151221938904	-4.17270466782596	3.01005002090613e-05	0.000924291628881542
"AMP12429.1"	1070.91577794063	-2.80020653987917	0.753300306462833	-3.7172512952075	0.000201402090380624	0.00416167923222883
"ACS39314.1"	485.825893350656	-2.79723603602821	0.63920535637607	-4.3761148246425	1.20813387999379e-05	0.000456823386793881
"AIQ52957.1"	135.718026619442	-2.79429492312311	0.743824603515196	-3.75665837069347	0.000172197313858221	0.00370064539631593
"ACT93093.1"	106.41698340414	-2.79172345020828	0.692532607756762	-4.0311797869723	5.54975696212971e-05	0.00151565992339337
"ADT91959.1"	477.484273499698	2.79042219650026	0.913014111771022	3.0562749912896	0.00224105615302932	0.0270458033590276
"ABZ00178.1"	435.865907443888	-2.7880780517072	0.883660173728082	-3.15514734577723	0.00160417067550849	0.0209477160471014
"AIQ12062.1"	64.4864764978451	-2.78607409151481	0.872990483095262	-3.19141404799346	0.00141578228743727	0.0191276850972193
"AFO76797.1"	192.442448774417	-2.78157238657727	0.863847825843008	-3.21997961141224	0.0012819971415302	0.0177462727881043
"CCK25639.1"	1135.63463324111	-2.78105007635223	0.855634341723225	-3.25027870053844	0.00115291960328319	0.0163428211134408
"ACB76939.1"	399.105383803646	2.77835044384216	0.667088493232312	4.16489037365933	3.11502206228925e-05	0.000948103004291986
"ACX74291.1"	69.4337283707862	2.7774087808703	0.930315612795442	2.98544788743753	0.00283163381361179	0.0321263905895016
"AAC44386.1"	98.5240817851801	2.77733719311127	0.965570887643913	2.87636798980988	0.00402280423705154	0.0411933110977301
"AKS31237.1"	208.152574810356	-2.77519540100744	0.723217336491071	-3.83729103407866	0.000124399011434224	0.00286129551299803
"AGH83358.1"	187.295400628867	-2.77257497231636	0.8925152757881	-3.10647341006925	0.00189333335225934	0.0236637330189149
"ADV47234.1"	107.465668318598	-2.77205035157953	0.960652398229979	-2.88559145502274	0.00390678934931689	0.0403468125844732
"ANN18316.1"	601.461478849501	-2.76755077756619	0.942871489656131	-2.93523646427736	0.00333293590861043	0.0360514305680137
"ADJ45261.1"	58.5026291815934	-2.76340572777721	0.834000205420701	-3.31343530830817	0.000921574235239648	0.0138505166273874
"ADM96987.1"	244.830288293411	2.76309461127554	0.91452266848589	3.02135169142411	0.00251648884419546	0.0295446290941278
"AHC25839.1"	30.8876288696114	2.76143869972634	0.87790115371674	3.14550070703898	0.00165802794187524	0.0214312511268991
"AHY53709.1"	698.40509654595	-2.76068024213458	0.773527683543585	-3.56894821073205	0.000358417260954518	0.00654537544401243
"AEG56620.1"	38.8234311211675	-2.75871743680885	0.814383903953484	-3.38749013016645	0.000705352549963516	0.0112359550042575
"ADL42951.1"	64.0669390534723	2.75489046852934	0.768365799864995	3.58538923649827	0.000336575833199552	0.00626471187379198
"AOW24972.1"	3622.868663562	-2.75397331822832	0.80097234845754	-3.43828763069254	0.000585405521389864	0.00968493191564351
"ABM55881.1"	296.788392528177	-2.75278145105884	0.849965720444098	-3.23869702606423	0.00120077052998296	0.0168435040660856
"ABF88670.1"	534.695459232494	2.75050069191228	0.608024740585245	4.52366574633925	6.07776827014574e-06	0.000260289838641976
"ASB73601.1"	59.2881579438947	-2.75017623751027	0.976943702073189	-2.81508159751076	0.00487648503900581	0.0475599792377363
"ACR11078.1"	185.132492947626	2.74865639026743	0.670829026056573	4.09740229403196	4.17812427818187e-05	0.00120642092075378
"AHF24999.1"	46.2135539065805	-2.74667798951846	0.819733861572089	-3.35069480264103	0.000806090901111492	0.0125353351762177
"AGK80319.1"	1755.34020423753	2.74648629764816	0.546744481098545	5.02334526016575	5.07791395961352e-07	3.25915872893285e-05
"ANQ72567.1"	58.2109580053412	2.74465766791712	0.599235873088476	4.58026261640693	4.64392440048359e-06	0.000206560732938422
"ABR07374.1"	126.389248286477	2.74177041887593	0.691471238235397	3.96512575978258	7.33572611715955e-05	0.00188636649249335
"AOW24543.1"	429.975199234586	-2.74144583634076	0.97863323401742	-2.80130057006828	0.00508970891114205	0.0488647043742977
"AGM09002.1"	606.824503378955	2.74061097898215	0.713144487349904	3.84299539237336	0.000121541751470287	0.00281969871555756
"AAR98545.1"	405.838213239551	2.74022820067718	0.740891432608086	3.69855565886493	0.000216829806340819	0.00439784645769388
"AJT65903.1"	361.810956301802	2.73822477335759	0.73923573680019	3.70412932850094	0.00021211802568123	0.00433345700600094
"CAP68427.1"	358.151206803963	-2.73767067770323	0.640988973037423	-4.27101056782672	1.94589186082759e-05	0.000673601507245283
"ACY21787.1"	514.647206277448	-2.73671585044589	0.790013260028801	-3.46413913400153	0.000531931306724698	0.00901972097324283
"SDJ09020.1"	279.295018765786	-2.73520396695983	0.915951858360582	-2.98618747480402	0.00282479408788011	0.0321072858419658
"AIG74281.1"	2106.21705651532	-2.73303617463394	0.758873540659325	-3.60143822152426	0.000316461628559823	0.00597769088701173
"ALC19479.1"	822.05987564803	-2.73123732647468	0.825286445351161	-3.30944163915419	0.000934822526229421	0.0140028545385046
"AEE63287.1"	44.1752638802913	2.72987675156023	0.786552348664198	3.47068666973836	0.000519129372695891	0.00883981240754573
"ACL74812.1"	9155.87040878457	-2.72489968068814	0.670239821835055	-4.06555921017586	4.79174265306295e-05	0.00134196524277968
"ABG37634.1"	74.8259352528127	-2.72329674848597	0.612378998767928	-4.44707730664357	8.70465179841659e-06	0.000349877839811107
"AEE17747.1"	75.2019288711802	-2.72256929827379	0.856078744220849	-3.18027905336175	0.00147133291928636	0.0196369788460961
"ADN75669.1"	224.458151042559	-2.72229278388688	0.761046812392918	-3.5770372328705	0.000347510690944976	0.00641588692786844
"AAY90310.1"	190.130552042775	-2.72077019587637	0.89943201650951	-3.02498704286185	0.0024864377917003	0.029291302456559
"ADB42043.1"	34.8510466782449	2.72007020117682	0.960972920264934	2.83053782662983	0.00464698159125965	0.0456714108707189
"AFC41554.1"	101.275535560954	-2.71985812665622	0.678180731100246	-4.01052109257611	6.05848875172492e-05	0.00161273104868524
"AEL05117.1"	346.283145659593	-2.71848747773962	0.763650471312704	-3.55985831196645	0.000371054939212483	0.00672037153003327
"AEW99815.1"	559.146898197739	2.71759247613975	0.543081476184729	5.00402351269915	5.61459042861821e-07	3.52678430909479e-05
"ABV99044.1"	1951.19789426123	2.71718829680158	0.557129988466061	4.87711728511112	1.07647434935368e-06	6.0575464723979e-05
"ACU71472.1"	517.762130682405	-2.71703178503146	0.679351853303543	-3.9994470785928	6.34906426323392e-05	0.0016826758814619
"AEA21271.1"	342.975690038076	2.71694797336778	0.969239451979572	2.8031751780416	0.00506021759255108	0.0486653756307466
"ABM15574.1"	127.629941074386	2.71522969724749	0.736869717610684	3.68481650467558	0.000228867464460844	0.00459196188852326
"AEA79673.1"	33.6052276667908	2.71192384495225	0.894887573429157	3.03046318383919	0.00244178954219129	0.0288214544158061
"AKC39128.1"	64.612199583122	2.71073500948751	0.910073482820815	2.97858915863087	0.00289578767482844	0.0326832582069752
"CDR06394.1"	333.981822268548	-2.70959668141642	0.295120277912377	-9.18133006848456	4.25799109475571e-20	5.72392280665578e-17
"APP77854.1"	92.2060268278944	-2.7081380782762	0.682304990317723	-3.96910196569883	7.2144007770765e-05	0.00186503050857821
"ACU62820.1"	42.8485441707857	-2.70765728521557	0.806765470767821	-3.35618885949422	0.000790245842522718	0.0123206048012385
"ABN67457.1"	217.440485432121	-2.70753811566883	0.7639075479483	-3.5443269580733	0.000393616789880725	0.00703422855594084
"AEW97906.1"	4224.14731429124	-2.70699811663524	0.693306318923732	-3.90447633715138	9.44296304703515e-05	0.00232442906255452
"ADG56569.1"	160.39395465818	-2.70699065981603	0.813016294612747	-3.32956507483705	0.000869817357131972	0.0132956226093003
"CCA87435.1"	51.5969724928142	-2.704630519767	0.728489498840935	-3.71265546596102	0.000205095998795961	0.00422358117690712
"AAZ03639.1"	115.625124511104	2.69974724048139	0.840388446575276	3.21249923351912	0.00131585499607136	0.0181010479476628
"ABA49877.1"	145.449236937821	2.69592685656969	0.628418194557734	4.29002037165238	1.78656729432069e-05	0.000627424801461217
"ABF72529.1"	167.356782006986	2.69469423802179	0.563602847844999	4.78119343847403	1.74257582991785e-06	9.00963832404323e-05
"AFC29158.1"	55.9389734121533	-2.69410227852816	0.832128947028182	-3.23760192233394	0.00120538874135553	0.0168786981435969
"AFU99235.1"	490.103715785116	-2.6937579082454	0.772131981722326	-3.48872727980607	0.000485326033987654	0.00837023096535941
"ADK67719.1"	658.220614378067	-2.69247985398721	0.435432983784478	-6.18345406584973	6.27139881068323e-10	1.07623430512129e-07
"AAF52614.1"	44.3970628808436	-2.69243097288221	0.692377932872402	-3.8886724215955	0.000100794051748831	0.00244870850418319
"ABX57602.1"	166.977483214216	2.69198445487798	0.645595262956629	4.16977107692754	3.04905754426024e-05	0.000932718652319407
"ADL46835.1"	1326.18366441638	-2.69190925633573	0.831492974463237	-3.23744077101008	0.0012060697231177	0.0168786981435969
"AEB46634.1"	1016.53368597615	2.6905166229905	0.60271761457556	4.46397543049275	8.04527939688499e-06	0.00032663024423897
"ADY34773.1"	42.9161377098603	-2.68805817285331	0.917445050651768	-2.92993915106269	0.00339028384952495	0.036443668728101
"XP_003716025.1"	182.537790889717	-2.68760176552044	0.752943426960142	-3.56946042595935	0.000357717247732007	0.00653752586357354
"AIM03351.1"	40.4192089961327	-2.68634499817043	0.721927804696821	-3.72107152639534	0.000198379235012595	0.00411679446792431
"BAQ02385.1"	160.293624665738	-2.68628785429803	0.717981091443568	-3.74144651761928	0.000182964116972455	0.00386991498110359
"AEK61665.1"	100.007115501361	-2.68608985419744	0.891649872135137	-3.01249395995017	0.00259110592412913	0.0301793303106742
"AHI30867.1"	47.0940135628306	-2.6838410086693	0.881041725398403	-3.04621328513775	0.00231743381969581	0.0277110187212718
"AKG43946.1"	254.39951033735	2.6834460891965	0.634683230239655	4.22800849517205	2.35768892184153e-05	0.00076989202215654
"ADU10559.1"	1394.34251006265	-2.68269412706432	0.821827304915005	-3.26430396145304	0.00109733371638514	0.0157673301278927
"ACB77600.1"	462.573849326826	-2.68214045922921	0.390981660671893	-6.86001602893602	6.88528219157922e-12	2.05682929863756e-09
"APA94863.1"	155.096709285528	-2.67944900422449	0.696335001741744	-3.84793094921608	0.0001191196151603	0.00276881587707374
"AFC29355.1"	854.514254788298	2.67692246499498	0.665210620599296	4.02417276889432	5.7175933096057e-05	0.00154925649846057
"ACU73788.1"	266.980592884487	-2.6768759152091	0.759819818391052	-3.52304039775836	0.000426626326837079	0.00750223635935814
"AGL14804.1"	102.60639946345	-2.67658812882446	0.731802423093252	-3.65752837700483	0.00025465907320062	0.00501382066251863
"AEI96593.1"	98.9240099663079	-2.67625641163682	0.617127503430507	-4.3366344827608	1.44680920438547e-05	0.000530590708615046
"ADJ43143.1"	364.704557969976	-2.67310158246685	0.465620793266016	-5.74094117171367	9.41517969584828e-09	1.07971138910162e-06
"ADG96633.1"	227.641370059217	2.67309702606088	0.82902889937328	3.22437134348593	0.00126249571220261	0.0175264536707782
"AJW79649.1"	476.669292440375	-2.67308211244394	0.612833374699368	-4.3618416078518	1.28972228437178e-05	0.000482340187247976
"CAK97337.1"	39.5923617873729	-2.6724953326507	0.918043769375194	-2.91107616194548	0.00360186208060886	0.0380586274080753
"ADY37532.1"	171.023507532928	-2.67105391293351	0.82880833933005	-3.22276428238235	0.00126959984944172	0.0176048753907974
"ABV84537.1"	136.631077051577	-2.66884657450599	0.55687893967678	-4.79250764278323	1.64709495239354e-06	8.55252286761086e-05
"ADQ79765.1"	10785.3081618838	-2.66832362125467	0.574169745732729	-4.64727311232584	3.36351718645469e-06	0.000157726793334582
"ACB74572.1"	274.227442749741	-2.66768538409799	0.594127298097223	-4.49009057931124	7.11928925599913e-06	0.00029617740539634
"AEY93102.1"	180.652649449893	-2.66534956404213	0.852674574907516	-3.12586963711357	0.0017728011995262	0.022506018166283
"BAX91287.1"	234.890280470208	-2.66278971754654	0.820160130866577	-3.24667051875961	0.00116763478081834	0.0164934377066324
"SBT38533.1"	300.640847869099	-2.66246782845514	0.725674597583853	-3.66895553092236	0.000243543433090369	0.00483264428858942
"ARI46383.1"	77.5069129527976	-2.66001382502728	0.842177926788459	-3.15849387690665	0.00158586640764086	0.0207872207289739
"ABQ29367.1"	580.863877272948	-2.65994704935466	0.636374600385585	-4.1798447765561	2.91708142444036e-05	0.000899167123913165
"AEB47949.1"	2837.38992976501	2.65858920110234	0.667662886044026	3.98193348271126	6.83569124764521e-05	0.00178778441452896
"ABL03018.1"	339.070747666605	-2.65518312351148	0.798627481012347	-3.3246828923865	0.000885191533909383	0.0134724931903158
"ABB36195.1"	212.861701874481	-2.6547144311766	0.6037597162108	-4.39697177519164	1.09771612824211e-05	0.000424304107908536
"AIA04037.1"	142.930383892585	-2.65444379488601	0.864477756758345	-3.0705750080138	0.00213647015220864	0.0260828296029225
"ACD04834.1"	367.312492278693	-2.65297235615363	0.646977997614977	-4.10056039916899	4.12150843580789e-05	0.00119630077757351
"ADO47230.1"	64.6047759607745	-2.65268204823909	0.818857389198714	-3.23949210598789	0.0011974278103533	0.0168356541122132
"ADY38062.1"	69.466424730136	-2.64995019789037	0.814947030573562	-3.25168397266915	0.0011472350311635	0.0162917886648249
"AOE77056.1"	163.316937031327	-2.64892785528895	0.844220594100051	-3.13772001512559	0.00170267434461794	0.0218680172416605
"AQU47380.1"	40.483726899648	-2.6466355149867	0.849876678998238	-3.11414065168411	0.00184481523998464	0.0232358239279695
"BAW03424.1"	418.036267169661	-2.64641009014348	0.836859077427895	-3.16231270177205	0.00156521388113837	0.0205834131966876
"ACO45757.1"	678.674395932296	-2.64584697430877	0.80290584878667	-3.29533902176339	0.00098303006789832	0.0145660615755883
"CCV64583.1"	97.3539610396877	-2.64583798972372	0.88398347363742	-2.9930853558117	0.00276172498605369	0.0315959619326436
"AGJ58960.1"	142.782023932644	-2.6456655203859	0.612966482090347	-4.31616670354245	1.58762099988895e-05	0.000573368139318104
"AEJ47977.1"	125.815639771393	2.6447656103225	0.725243009373667	3.64673023543732	0.000265598503001934	0.00519958493295938
"ACA72153.1"	148.610877181864	2.64456801108422	0.703880689917924	3.75712538923691	0.000171876386528256	0.00370064539631593
"ACO53432.1"	58.0033724643092	-2.64064626446144	0.75045302464337	-3.51873625363337	0.000433607547147007	0.00758640767774123
"CBH46348.1"	218.004823483084	-2.639784963712	0.807794457470458	-3.26789189910793	0.0010835174194222	0.0156337930815497
"ABN77273.1"	216.687048764515	-2.63904494818085	0.638011190656982	-4.13636153538834	3.52856108611456e-05	0.0010489016290014
"ACE83184.1"	59.1712038887134	-2.63845501431176	0.805357082844455	-3.27613063883781	0.00105239868933682	0.0152850486709982
"AIG55859.1"	244.584581053592	-2.63826104216196	0.724992072946851	-3.63902053637402	0.000273676976506795	0.00531047457941853
"AFV76928.1"	36.0319929689558	2.63804691832064	0.739365836776216	3.56798595107268	0.000359735787390624	0.00656449988498561
"AAP85354.1"	737.679413532288	-2.63749041669073	0.707999579683648	-3.72527116169931	0.000195105378542073	0.00407330875287535
"AAK47445.1"	125.97974869408	2.63558952802956	0.758927167066488	3.47278321609834	0.000515091227025512	0.00880202148328836
"ABF39669.1"	440.009796841094	2.63095918616071	0.497195981208068	5.29159382939521	1.21254952705901e-07	9.68318841790326e-06
"AIG56439.1"	666.680171043721	-2.63087806737294	0.836959930289638	-3.14337398023643	0.00167012311651016	0.0215506401088961
"ACT03687.1"	517.172071636771	-2.63024814979946	0.797869962954733	-3.29658750413279	0.000978671226181485	0.0145192566890947
"ABS55266.1"	170.151051676184	-2.6299499122898	0.826307161881909	-3.18277516353617	0.00145870837960608	0.0195331304157877
"SEB07332.1"	2332.2062304372	-2.62909736026255	0.821065771601614	-3.20205451401791	0.00136451172954297	0.0186431904685214
"ABO57793.1"	874.20707976496	2.62890385665105	0.882647280419371	2.9784308125914	0.00289728432673314	0.0326832582069752
"AEI66438.1"	754.580423013597	-2.62870174597728	0.667358157945431	-3.93896697699801	8.18331915600739e-05	0.00206908854355184
"ACQ71242.1"	153.88673179015	2.62674553567244	0.891048076492402	2.94792795694323	0.00319911609286259	0.0349921607954602
"AGT81986.1"	353.989315705823	-2.62593457744833	0.497350337263759	-5.27984879209145	1.29290538838209e-07	1.02236704845364e-05
"AEV67023.1"	47.3287859588219	-2.6258978552379	0.896347995295287	-2.92955176897879	0.00339451263980941	0.0364587079982207
"ABN82531.1"	132.994077647665	-2.62557557821851	0.73511331413105	-3.57166103204389	0.000354724334755865	0.00650048634583129
"ACO53433.1"	69.0919138637668	-2.62536108506185	0.698740059858172	-3.7572786160203	0.000171771214269738	0.00370064539631593
"ADW03246.1"	398.936258272195	2.62485992937951	0.736663680177752	3.56317272048236	0.000366399426395101	0.00665598117153322
"ABQ79734.1"	131.715328859018	-2.62435818194607	0.677182085435673	-3.87540993536128	0.000106445346356082	0.00254417077579465
"AMO91515.1"	34.4023976660172	2.6226337247412	0.857456892896909	3.05861874394718	0.00222359936612241	0.0268887725447596
"AER38243.1"	52.9874209703801	-2.61852984514469	0.574261947363964	-4.5598177924979	5.11980239488815e-06	0.000225243379180198
"AOS44231.1"	299.621521333634	-2.61364619247948	0.647429649388048	-4.03695783001273	5.41487974871907e-05	0.00148553112562081
"ABL06864.1"	55.3687766995281	-2.61068817066403	0.801281358231905	-3.25814165504204	0.00112144411425849	0.0160186441751551
"AIM25582.1"	96.6940320595964	-2.60706047766354	0.818976551443547	-3.18331516704389	0.00145599038010687	0.0195138800456493
"ADD78865.1"	46.4237264652912	2.60434389011685	0.881735227841713	2.95365752425668	0.00314032292914661	0.0345235774268789
"AHI23792.1"	396.981429653402	-2.60280531175871	0.627249716769993	-4.14955199208666	3.33126619714546e-05	0.000997253600894873
"AIQ40360.1"	787.556449157768	-2.60270677928912	0.913753141631939	-2.84836971902581	0.00439438412180531	0.0437587776606771
"ADD78030.1"	438.300426423546	2.60255126469901	0.791205380542896	3.28934980562599	0.00100419135230843	0.0147441857717276
"ACF78828.1"	132.165149264059	-2.60249805222159	0.677748055658305	-3.8399196139246	0.000123074602620432	0.00284435163286208
"ACU69326.1"	2306.81176968026	2.59981679945517	0.584583888821668	4.44729464695915	8.69585228165266e-06	0.000349877839811107
"ABF10146.1"	887.861998295986	-2.598429539829	0.727509494873525	-3.57167783807512	0.000354701568248652	0.00650048634583129
"CCA83491.1"	54.7863700411226	-2.59604706569165	0.797022572824087	-3.25718135747785	0.00112524514763575	0.0160436030866272
"ACV78212.1"	4593.90040908378	-2.59580675755788	0.612616151653163	-4.23724831699755	2.26275840014585e-05	0.000746957230672976
"AKA04277.1"	154.547418318672	-2.59472946356745	0.788767068228051	-3.28960166833087	0.0010032930355378	0.0147399402434173
"SBT38907.1"	797.3368302447	-2.59274364692035	0.720657308163701	-3.59774835771373	0.000320983944929943	0.00603484733136738
"ABX15612.1"	787.713900937274	-2.58889450709283	0.752621847477401	-3.43983438132994	0.000582070259941429	0.0096402149759088
"ARF53866.1"	511.419107272222	-2.58838216828504	0.50664217506936	-5.10889597363403	3.24046693072671e-07	2.23389112030753e-05
"ACM05722.1"	202.924135560013	-2.58789636980067	0.868225915621426	-2.98067164690471	0.00287617001552228	0.0325360850236525
"AGJ54224.1"	222.090781981056	-2.58596369788586	0.596533808400725	-4.33498263043748	1.45771632119692e-05	0.000532815133293078
"ABN01327.1"	139.69220785965	-2.58485801069771	0.746369240554163	-3.46324295033717	0.000533706264389945	0.00903715218995346
"ADN18843.1"	72.8844891224994	2.58336757591061	0.854928973433773	3.02173356639753	0.00251331659130046	0.0295301122759745
"ANP27932.1"	305.791376663591	-2.58236778832847	0.710354495841876	-3.63532265009174	0.000277632937984533	0.0053700113512484
"ADW03210.1"	592.959395445845	-2.57999555865126	0.427004825055434	-6.04207589063267	1.52143867570241e-09	2.28659948049511e-07
"AEH87960.1"	116.962442339721	2.57797709035966	0.756745885925717	3.40666152047335	0.000657626263247957	0.0106309629539591
"AQT81775.1"	193.931170514813	-2.57683263387756	0.730336373796405	-3.52828193464167	0.000418266410368818	0.0073820512995582
"AEO59465.1"	444.591800702389	-2.57677438807372	0.62406728861926	-4.12900088670694	3.64342998618687e-05	0.00107381334197033
"AEV84546.1"	1883.86555133948	-2.57578402304352	0.597633807726571	-4.30997040284908	1.63276396928933e-05	0.000585303552072503
"AAM42433.1"	98.8813879899311	-2.5747123951811	0.571600748157583	-4.50438947723575	6.65640292915953e-06	0.000281090718458767
"AFC45479.1"	56.0019300570071	-2.5739083630997	0.670823788677146	-3.8369366241102	0.000124578605133899	0.00286270513620603
"ADU14973.1"	273.051933107313	-2.57331277989315	0.66099037225283	-3.89311688629082	9.89644388886411e-05	0.00241639003813163
"AEI40705.1"	927.252412092596	-2.57017608477882	0.473077933956593	-5.43288092784865	5.54514117779255e-08	5.04420229620474e-06
"ABE02800.1"	81.7399512269457	2.5658973438491	0.696895552015778	3.68189657177065	0.000231505333305192	0.0046288213314242
"AHH96695.1"	601.525916260948	-2.56322464541637	0.703675489834763	-3.6426231728183	0.000269873769771249	0.00526262805642547
"ADG16905.1"	623.591506169565	2.56228178892195	0.707745640981801	3.6203427341036	0.00029421303460414	0.0056455771596482
"ACB34020.1"	1178.03336405546	-2.55952510323225	0.634311771210915	-4.03512155914442	5.45740358895609e-05	0.00149550163807441
"ADU73187.1"	171.929679705486	-2.55854841813567	0.736094783950228	-3.4758409839631	0.000509254144240441	0.00872075196616132
"ADG89012.1"	640.372965869633	-2.55776770940844	0.56298602570123	-4.54321704739047	5.54021547693794e-06	0.000240676111122922
"ADX71906.1"	839.168746547893	-2.55632033738974	0.653159468713413	-3.91377674188075	9.08636531348192e-05	0.00226196277253418
"AOX15702.1"	114.962671566278	2.54626142781842	0.704708382550704	3.61321291312327	0.000302426169822151	0.00577114040314399
"ABZ71531.1"	1432.04299273021	-2.54611803372587	0.846304800351497	-3.00851186554582	0.00262530550104223	0.0304381970334062
"CAD77331.1"	83.6918276152828	-2.54426303320608	0.65047414347011	-3.91139764546689	9.17635445113198e-05	0.00227822690097737
"AHB89703.1"	394.166843074377	-2.543352828317	0.574427186765011	-4.42763310462436	9.5272780186204e-06	0.000377920567568128
"AKN74150.1"	824.364395944248	-2.54334280939937	0.581190851821555	-4.37608885519805	1.20827775157286e-05	0.000456823386793881
"AEK42021.1"	50.7341389443738	-2.54117585857475	0.780775347746806	-3.25468249722303	0.00113519198647825	0.0161485916272377
"AHC24364.1"	432.503235478279	2.53823004043653	0.799521049971009	3.17468819680053	0.00149997586488901	0.0199203710223487
"ABB09584.1"	1018.84258837347	-2.53805097848288	0.716767915873639	-3.54096622110849	0.000398664613668607	0.0071139289505452
"AIJ31779.1"	202.245991354536	-2.53626746031606	0.733912784507484	-3.45581588692191	0.000548629923055322	0.00922529412659459
"ACY53394.1"	28.6217496849024	-2.53475861989581	0.802507997694349	-3.15854624150577	0.00158558152701983	0.0207872207289739
"APO97428.1"	88.8930722623803	-2.53171361173729	0.615630578360255	-4.11239093821584	3.9158247148376e-05	0.00114433829257156
"ABI63231.1"	44.9678932050608	2.53142356898909	0.903423412285165	2.80203449962181	0.00507814428045997	0.0487796177666891
"EAA26599.1"	105.485809706406	2.53000825292439	0.773752878632702	3.26978848517522	0.00107627929047457	0.0155571863749182
"AEH89752.1"	403.733260422059	-2.53000096324651	0.622029627997788	-4.0673319233847	4.75544846456268e-05	0.00133644119044162
"AEF35973.1"	173.011574807504	-2.52691729593279	0.575192761426189	-4.39316602258224	1.11711749703299e-05	0.000429743912173405
"ABJ06717.1"	1257.09040256957	2.52648157390957	0.789153578221524	3.20150810138043	0.00136710230860783	0.0186680443348666
"AGW13874.1"	440.991276959789	-2.52578002264425	0.627326732001712	-4.02625919444695	5.66712188331507e-05	0.00154075672146713
"ACF78471.1"	132.148929715397	-2.52538325628123	0.693957572216462	-3.63910324980718	0.000273589097563751	0.00531047457941853
"AGC65030.1"	49.1791553540359	-2.52424170173141	0.730204260379288	-3.45689807454732	0.000546431484759279	0.00920895831539604
"ANI42603.1"	540.266486314896	-2.52419258517065	0.468569341873651	-5.38702036090806	7.16353217665053e-08	6.2127594293338e-06
"ACG27904.1"	675.384273770056	-2.52206364105028	0.631327666937833	-3.99485682812413	6.47333592414674e-05	0.00171186130444348
"CBG75160.1"	457.807821343725	-2.52049236433052	0.645695835697683	-3.90352891405455	9.48002188574608e-05	0.00232881309207511
"AGR67806.1"	53.7028297259727	-2.51914806023505	0.821244848875466	-3.06747502122483	0.00215875502007372	0.0262885733370527
"AFY62890.1"	52.0445579194443	-2.5189950338869	0.411783975024004	-6.11727310112071	9.51901542117485e-10	1.55629470369032e-07
"ADV42628.1"	134.250894338422	-2.51812265122574	0.702673551448339	-3.58363089949156	0.000338850827890526	0.00629736826610373
"SHI28350.1"	357.709611145984	-2.51793837282778	0.597570599826152	-4.21362492324808	2.51304487091583e-05	0.000806474094715522
"AAL02787.1"	126.117580643587	-2.51701682523888	0.531977456401303	-4.73143512934905	2.22938063734879e-06	0.000111132343150235
"SCE78484.1"	190.940005897959	-2.51528347156693	0.671650806149938	-3.74492734697235	0.000180445986185161	0.00383677638639924
"AIQ23051.1"	40.7269532226236	-2.51477102995588	0.746618381362979	-3.36821473021475	0.000756566462333508	0.0118874277201844
"AGK58775.1"	264.321710413438	2.51450146628216	0.589728842088944	4.26382650266056	2.00955502007751e-05	0.000690698903704767
"AFY26879.1"	782.643317848598	2.50939964077469	0.877009210842554	2.86131503495143	0.00421887599105358	0.0425858217826514
"ABQ74844.1"	122.101050483756	2.50909582928565	0.660787473170344	3.79712983547863	0.000146381129314361	0.00325849511133358
"CBG74048.1"	595.836774250863	2.50813759275726	0.537130220316157	4.66951494794123	3.01911732097997e-06	0.000143806263416835
"ABN96267.1"	74.6807459268747	-2.50786099447767	0.586074836438289	-4.27907980100035	1.87667574152139e-05	0.0006543216558731
"ADW03442.1"	110.482437793642	2.50748689428868	0.687222022608131	3.64872895774253	0.000263540968342579	0.00516766678361863
"AEK39840.1"	345.382749550603	-2.50744692599141	0.452319309432028	-5.54353279575878	2.9642912213385e-08	2.91572986515154e-06
"ADU10229.1"	430.439873937767	2.50661765683938	0.454393143326835	5.51640730862972	3.45999843401195e-08	3.32228500427727e-06
"BAJ32041.1"	631.355936476996	-2.5065813860469	0.645479875288095	-3.88328355694768	0.000103055268929619	0.00249223538105264
"ALA86727.1"	60.0288414062623	-2.50512547119401	0.757027457784985	-3.30916064593462	0.000935761283992308	0.0140028545385046
"AHN22616.1"	31.1028189924029	-2.50503596861276	0.594398553505707	-4.2144045503447	2.50438036517301e-05	0.000804760845897627
"ABF78419.1"	130.558246655301	-2.50494487705451	0.734922481328633	-3.4084477488373	0.000653335960158798	0.0105885935887223
"ACE93355.1"	568.385336747531	-2.50314397246721	0.653107873747098	-3.8326654341278	0.000126762297851114	0.00290460920559035
"ACX75576.1"	84.8479389501941	-2.50182879495175	0.668334699506611	-3.74337707857857	0.000181563443005245	0.00385187586196506
"AJG20058.1"	197.434937836021	-2.50143716296946	0.875789289442799	-2.85620889992951	0.00428732947767843	0.0430280013983347
"AGK46399.1"	112.284116023625	-2.50143043743109	0.8711227487909	-2.87150168090895	0.00408526609478657	0.0416681142984617
"AEI48680.1"	168.043019213439	2.49830329195476	0.640813282376876	3.89864467647763	9.67325983982941e-05	0.00237146776438047
"ABO07903.1"	295.397773399242	-2.49823514293254	0.817627657098457	-3.05546800092123	0.00224709579845787	0.027078175814385
"ACF78280.1"	65.8082923730276	-2.49812662535735	0.752057411567096	-3.32172329789542	0.00089463365313176	0.0135810357460574
"AIJ29689.1"	60.9388291844451	-2.49695961278672	0.821132456195515	-3.04087311851692	0.00235893214154192	0.0280624783819517
"ADL47171.1"	429.873976946918	2.49670024726267	0.484356851686384	5.15467106239938	2.5407652966336e-07	1.82429964043451e-05
"AFU19641.1"	212.168188153732	-2.49413058282681	0.705080193594497	-3.53737150112208	0.000404130783276439	0.00719555008310523
"ADU10156.1"	398.003670894811	2.49350434240555	0.568594278354075	4.3853841611343	1.15781260364363e-05	0.000442584384997865
"AHD09250.1"	344.943531295007	-2.49332396667145	0.855973823500862	-2.91285071834786	0.00358145769523819	0.0379128576161399
"ABN84368.1"	134.529816700091	2.49011444219753	0.659952641328261	3.77317141603641	0.000161185461018434	0.00352640560602446
"CCK27241.1"	1162.15265562261	-2.48930109278824	0.780146786863888	-3.19081118412983	0.00141873965734404	0.0191355872289597
"ANN17816.1"	369.534563013145	-2.48871198453901	0.690450892804908	-3.60447355557583	0.000312786292978197	0.00593141844137417
"AIZ79691.1"	209.559786280432	-2.48705183426003	0.857357012310391	-2.90083570618728	0.00372168951194847	0.0390180767420351
"AEL26048.1"	48.8233548321939	-2.48591539171315	0.852954559319317	-2.91447576491881	0.00356286470795186	0.0377785439694615
"ACC70060.1"	361.565138548617	2.48521734788564	0.532207754526239	4.66963761190953	3.01731524148314e-06	0.000143806263416835
"ABC21385.1"	455.899813229748	-2.48470673829424	0.667210362633749	-3.72402300300927	0.000196073048923508	0.00408645957347297
"APD91459.1"	47.6024970949543	-2.48232647601608	0.846478476950262	-2.93253348266992	0.00336208667449199	0.0362371542372752
"AAY88924.1"	383.522023864411	2.48028619015683	0.616882119908319	4.02068095364063	5.80301539068872e-05	0.00156190838051718
"ACH39610.1"	255.489199256519	-2.47829081167493	0.639320747152618	-3.87644358909459	0.000105994369718959	0.00254186894359727
"ABF39392.1"	127.583154288321	-2.47657318104094	0.822121313898588	-3.01241816648295	0.00259175304316985	0.0301793303106742
"AAY47122.1"	154.495160308814	2.47609817154155	0.508470087304101	4.86970272857106	1.1176626370972e-06	6.26020435875946e-05
"ABK91972.1"	3464.49286976179	-2.47479993199298	0.679120563735522	-3.64412456954663	0.000268303457774508	0.00523982144291346
"ACT00457.1"	163.596539439131	-2.47081272563654	0.632270326493941	-3.90784229798932	9.31240551382596e-05	0.00230401100427451
"AIE85386.1"	891.100267801	2.47034867131318	0.70969543587949	3.48085748677783	0.000499811350315595	0.00858334651780444
"ADY44786.1"	75.5908471657966	-2.46825205813197	0.737308632511081	-3.3476511047019	0.000814995441804248	0.0126413107085496
"AEG99244.1"	141.303447960791	-2.46809967456854	0.813384524860446	-3.03435779650713	0.00241048364005536	0.0284936358761209
"AEB03072.1"	118.719415376308	2.46782891833284	0.709596804582091	3.47779034854341	0.000505565180621023	0.0086698516481126
"ABM37250.1"	332.510716597618	-2.4676452113788	0.544717385180466	-4.53013852414728	5.89450255121726e-06	0.000253788751302142
"ABU74770.1"	57.9075847533312	-2.46710105140258	0.882879399648962	-2.7943805828786	0.00519992418875807	0.0496341481638576
"ADB40766.1"	82.1931419019781	-2.46489601965464	0.727627915026967	-3.38757759116936	0.000705127693082795	0.0112359550042575
"AKC82987.1"	2582.09600342047	-2.46377186073554	0.69462784450777	-3.54689475841762	0.000389800271602221	0.00698666457182144
"ACL26063.1"	48.9609711225976	-2.46274454938227	0.770297785599985	-3.19713310283508	0.00138800862476458	0.0188895639445604
"AKF84494.1"	577.129170347898	-2.46187193356393	0.722758690104488	-3.40621561147611	0.000658701361196631	0.0106399177816254
"ACE84037.1"	74.8751022462198	-2.45892765725323	0.585201599333947	-4.20184712422502	2.64745902832523e-05	0.000836299818647332
"ADL47477.1"	116.741380209938	2.45393995062602	0.729351733577698	3.36454941786273	0.0007666875297409	0.0120318631302737
"AEV88403.1"	653.67852962376	-2.45091391048608	0.799265560409869	-3.06645754788838	0.00216611565080807	0.0263119981940777
"ADI05686.1"	283.092446104295	-2.45085858477695	0.658605227841303	-3.72128625946392	0.00019821059379427	0.00411679446792431
"AGF67259.1"	180.980189015428	-2.44927962974522	0.853762301412279	-2.86880742531459	0.00412022574288826	0.0419414437517913
"ACN62224.1"	46.8332225849617	-2.44859139438288	0.811230591341625	-3.01836668946786	0.00254141188173038	0.029707508841657
"ACL41774.1"	170.845520202504	-2.44650620509204	0.649877528415812	-3.76456501128115	0.000166839259048542	0.00362063636878706
"AEJ61055.1"	187.794131173337	-2.44554745463134	0.66096315894902	-3.69997543965981	0.000215620333398763	0.00437698423427003
"AEA66686.1"	223.637692387595	-2.44525374480372	0.70340910591441	-3.47628957919868	0.00050840300979636	0.00871234251277799
"AMO04966.1"	423.836388730486	2.44408761524281	0.81530905436209	2.99774374167241	0.00271986267260246	0.0312500081144168
"CAV27792.1"	184.657737481052	-2.44170102088352	0.619568361155839	-3.94097112436212	8.11523958395614e-05	0.00205402146666304
"ARE33212.1"	61.2292392576445	2.44113284527553	0.612019781175394	3.98865023706798	6.64503128539909e-05	0.00174771545666089
"ABQ91050.1"	347.531146312312	2.43620407408242	0.719682776510379	3.38510820822358	0.000711502002564547	0.011296728317621
"SCY41802.1"	1112.6962975243	-2.43595289878881	0.847026745442247	-2.87588663746025	0.00402894380328095	0.041238728091366
"AAQ58251.1"	216.86873251293	2.43004649976059	0.729906959099126	3.3292551461077	0.000870785926873965	0.0133020246670261
"ABB32237.1"	119.360729716003	-2.42959095664864	0.857765322674285	-2.83246581835905	0.00461905043900583	0.045470774398952
"ADU14366.1"	245.210836641887	-2.42933265159793	0.713311821392604	-3.40570922665368	0.000659924249667462	0.0106525597526375
"ADQ69076.1"	161.877999251495	-2.42740251974225	0.659464922217858	-3.68086677238057	0.000232442441053592	0.00464060210080344
"AGS21259.1"	553.337914714977	-2.42687075716211	0.560160309267592	-4.33245754297593	1.47454104806368e-05	0.000537341411746943
"ACT01030.1"	35.9321213300928	-2.42669165817838	0.766369131934076	-3.16647886385268	0.00154296558656315	0.0203239729439676
"ADG82712.1"	1013.94594053508	-2.4259303262304	0.655550957709595	-3.70059763882623	0.000215092297569662	0.00437698423427003
"AAQ20039.2"	282.935040955121	-2.42445875629837	0.757605979424827	-3.2001578949245	0.00137352319514884	0.0187240229594459
"ABO55400.1"	757.524251453178	-2.42380833840043	0.67622072163228	-3.58434496439235	0.00033792521760739	0.00628499345922062
"CQR60821.1"	337.813546274576	-2.42350371407376	0.647427860628891	-3.74327992576601	0.000181633688411875	0.00385187586196506
"ABF52322.1"	672.10533409133	-2.4229717464397	0.638378169962584	-3.79551159555114	0.000147339307995483	0.00326779948264593
"ALE80806.1"	635.927282983953	-2.42211359746077	0.539677274676872	-4.48807780337053	7.18686836075651e-06	0.000296758794752944
"ACF50724.1"	530.171506085806	2.42028763485506	0.609260584907384	3.97249993649758	7.1122255195745e-05	0.00184452862697904
"CAD62686.1"	1513.64886563894	2.41263728128898	0.851675718518616	2.83281210069657	0.00461404992158318	0.0454400349827221
"ACS31329.1"	1425.17284785638	2.41253515484401	0.634468847209057	3.80244856064474	0.000143273020523217	0.00320700950749332
"ADJ45710.1"	499.383963439839	-2.40905344575899	0.691207884239176	-3.48528062351411	0.000491621160350123	0.00846070925817349
"ADO71618.1"	313.696075456027	2.40882303661592	0.826972572699747	2.91282095215327	0.0035817990870974	0.0379128576161399
"AAM39347.1"	158.86811999583	2.40825585582804	0.548356789100297	4.39176810371824	1.12432582310199e-05	0.000431830348279348
"AKF80916.1"	412.286564992977	-2.40637095812802	0.770524547797013	-3.1230295842073	0.00178999754463068	0.0226886173847189
"AAI42195.1"	140.494359814092	-2.40555727152349	0.854854786265004	-2.81399520734247	0.00489299578572695	0.0476058781774166
"AFP39845.1"	61.2588116010108	-2.40485627381185	0.855735304199882	-2.81028054120124	0.00494983332400077	0.047985223133352
"AEI77617.1"	720.16116375946	2.40485069095849	0.576499075670785	4.17147362840145	3.02636086374468e-05	0.000926947516709242
"AAY48076.1"	95.20703885666	-2.40429662224843	0.572001150437537	-4.2033073192411	2.63043070663383e-05	0.000834187834972724
"ACV79838.1"	4632.47562465373	-2.40323696407439	0.846590670113869	-2.83872365821271	0.00452943642547885	0.0447890368562778
"ABP73024.1"	338.372389853265	-2.40157330873082	0.598439473736071	-4.01305965620506	5.99367579181238e-05	0.0016025300898838
"ACB37751.1"	432.544027176251	-2.40154887012584	0.718175059897088	-3.34396027407297	0.000825915632055568	0.0127942897239748
"ABF52968.1"	566.281571359008	2.40038178923495	0.433863347242464	5.53257564735816	3.15562273441396e-08	3.07209705280529e-06
"AEO71031.1"	84.8589706143035	2.39950097152571	0.854431891445667	2.80829987217102	0.00498038269212027	0.0481875120202153
"AMY12511.1"	3503.30648479711	-2.39934354328965	0.687588438568648	-3.4895053620802	0.000483915349769091	0.00835185429269808
"AKH18093.1"	1178.55415974994	-2.39884336473686	0.823394240762365	-2.91335941640279	0.00357562795298181	0.0378972709497595
"ADU09944.1"	126.525204173733	2.39736617532228	0.666157319795413	3.59879881836103	0.000319690373623122	0.00602457007052857
"BAV43807.1"	51.6696340697639	-2.39701283765643	0.763892669963223	-3.13789218290552	0.00170167458002339	0.0218680172416605
"ADY37533.1"	396.867411554987	2.39653059648382	0.702096677195628	3.41339116723389	0.000641597788633177	0.0104408897413718
"ABM50755.1"	137.077111639325	-2.39078923592364	0.830611201969676	-2.87834937724681	0.00399762131810138	0.0410919469133811
"AEI40530.1"	109.966631704755	-2.38848555195799	0.815940583625955	-2.92727877481447	0.00341942229612877	0.036659176472941
"ACT17679.1"	256.371921264622	-2.38800039893994	0.71852091886212	-3.3234946071183	0.000888971416038414	0.0135115837650009
"AEI42889.1"	29.3496073667427	2.38776054893557	0.66952127978465	3.56636991389368	0.000361960355898607	0.00659018414723746
"AGT84549.1"	243.447983882486	-2.38682085418393	0.662896984110182	-3.60059090838647	0.000317494793021626	0.00598785776051776
"ABL89695.1"	67.741096650705	-2.38650716734676	0.544371850858499	-4.38396504812497	1.16538479104679e-05	0.000444075839196206
"AAT83312.1"	136.205750910858	2.38595702569081	0.633524511122967	3.7661637139525	0.00016577511218822	0.00360077234256584
"ACU69412.1"	1155.63666482604	-2.38508221585884	0.629871468504998	-3.7866173261028	0.00015271200660557	0.00337405640270646
"AOL06217.1"	152.365485716554	2.38397566457294	0.542645435421295	4.3932474300131	1.11669908444246e-05	0.000429743912173405
"ABZ69338.1"	263.157761926333	-2.38380682954495	0.64641062950131	-3.68775932936622	0.000226237477036623	0.00455809178339315
"AJX12013.1"	146.444620006398	-2.3833428552427	0.664015243837175	-3.58928936852409	0.000331580619377135	0.00619078414125658
"AKQ64576.1"	1172.73462496018	-2.38209015274492	0.62719263644631	-3.79801996120666	0.000145856579952639	0.00324980816308839
"ADH69383.1"	896.954986864391	2.38006085109144	0.685547657080916	3.47176571389043	0.00051704736132876	0.00882298660230748
"AGZ42058.1"	3787.95532659702	2.38000346446549	0.834367558585088	2.85246404893963	0.00433817192460555	0.0434122192140945
"AAM39018.1"	319.210072298686	-2.3793474999805	0.766750593970273	-3.10315703527547	0.00191468014187254	0.0238443208403962
"CCM72193.1"	34.9978826823	-2.37803663782202	0.728828665587653	-3.26281985067728	0.00110309616472487	0.0158407227880401
"SCF38246.1"	1433.94320635595	2.37666929039949	0.555705984949065	4.27684666850822	1.89559269052849e-05	0.00065901805075744
"ACM52598.1"	47.7903813886514	-2.37514304130563	0.786704370777973	-3.01910492623404	0.00253522710759346	0.0296638734634617
"ADZ98864.1"	115.650247967089	-2.37347851578362	0.839898836060599	-2.82590999520372	0.00471465093894904	0.0462988671955154
"ABQ66430.1"	390.279957241203	-2.37344386136187	0.803985980831101	-2.95209607872562	0.00315624706637538	0.0346514111910549
"ABB92850.1"	392.502518993293	-2.37325831505448	0.616385155842862	-3.8502846678863	0.000117980618052939	0.00274519521003811
"ACB76390.1"	595.042290896738	2.37315274697624	0.749155379241889	3.16777108291976	0.00153612423572092	0.0202669564513299
"AEA65144.1"	1825.30531206076	-2.37306730154376	0.563386957724823	-4.21214454648921	2.5295758041827e-05	0.000809631557325514
"ADH98369.1"	149.790647158312	-2.3725565832332	0.760888829276452	-3.11813827716373	0.00181997393726292	0.0230083121002879
"ADJ43156.1"	864.094373089626	-2.37177988190321	0.573567844775621	-4.135133975007	3.54747615965748e-05	0.00104969024040003
"AEO46770.1"	127.38923971744	2.36828928448982	0.672608538669915	3.52105147099845	0.000429839173004578	0.00753136746501938
"ANQ72568.1"	55.8649358209207	2.36795692637113	0.598974720330288	3.95335036020449	7.7064466375104e-05	0.00196287251881936
"ADV42433.1"	148.761193587929	-2.36756900806142	0.790328727878958	-2.99567626045351	0.00273836989389987	0.031403002996538
"AEB15412.1"	74.8391622446345	-2.36716123382455	0.800638524064734	-2.95659172357432	0.00311059697503408	0.034325101083662
"AKS35208.1"	250.659040860642	-2.36681237265325	0.741296769082782	-3.19280006519082	0.00140900467264079	0.0190787275119693
"ACZ87792.1"	602.212252814779	-2.366769950141	0.559057327103324	-4.23350135200639	2.30080798612655e-05	0.000755395533789745
"CAB69046.2"	1534.26539455055	2.36500771598417	0.798373955062444	2.96228064679188	0.00305369306193913	0.0339568984465722
"AFV00461.1"	189.037567450844	-2.36433987844463	0.581520231972414	-4.06579126305754	4.78697675215348e-05	0.00134196524277968
"AOE87584.1"	292.676493864116	2.36294553019619	0.534930576022113	4.41729382486917	9.99443274714558e-06	0.000392589755166691
"ABP72040.1"	222.524456976512	-2.36266972176503	0.707809665881044	-3.33800149341575	0.000843832958463573	0.0129946503225468
"ACF53044.1"	302.461354831862	-2.36259756613649	0.64952728177207	-3.63741082544022	0.000275392491281448	0.00533520585391288
"ABS06081.1"	1367.07980196662	-2.35882282529334	0.827087530181751	-2.8519627478545	0.00434501922845352	0.0434627657176064
"ALC16454.1"	87.4752281990092	-2.35769336895955	0.634207653372846	-3.71754165441059	0.000201170825324052	0.00416045338492829
"AAQ14342.1"	170.302234417092	-2.3573603783884	0.792000448919397	-2.97646343711645	0.00291593850044244	0.0328019357950747
"ABK11575.1"	130.487842947333	-2.35661757943983	0.776826503405033	-3.03364724183606	0.00241616771882739	0.0285468800256183
"AKQ65141.1"	204.794251286846	-2.3530886276998	0.519007874419734	-4.53382066761631	5.79262152106054e-06	0.000250292969544825
"AEE44547.1"	1065.01337752094	2.35225582380394	0.783456414615542	3.00240802158501	0.00267852902031188	0.0308924531479917
"AEB45932.1"	648.435048432076	-2.34793807475411	0.432610096968439	-5.42737696417059	5.71882623856694e-08	5.13520661990318e-06
"AGJ58510.1"	366.93194953638	2.34732539096779	0.510184329524796	4.60093588753338	4.20596881338138e-06	0.000189872812271248
"ACU38496.1"	277.741414576945	-2.34467380763096	0.659255063357626	-3.55655032164546	0.000375756530927852	0.0067953518526616
"AGF66919.1"	453.747326584024	-2.34388962060628	0.78156128681561	-2.99898377791487	0.00270881729054539	0.0311526863019614
"ARK09315.1"	35.7656911970016	-2.34348746101608	0.758709626813897	-3.08878044800519	0.00200979903662523	0.02484982487952
"CEF86032.1"	153.802394474462	-2.34220080256156	0.62801237624036	-3.72954561275258	0.000191825380632689	0.0040152238193505
"ACM36022.1"	142.849545469017	-2.3400700537862	0.632446739910294	-3.70002706333519	0.000215576476164196	0.00437698423427003
"ABJ85006.1"	399.043587951328	-2.33999750913456	0.591785927110477	-3.9541283459715	7.68141701569812e-05	0.00196062497393299
"ABV97421.1"	464.639786460245	-2.33919175876281	0.597167574149168	-3.91714463414334	8.96039934325831e-05	0.00223751065953376
"ADG97357.1"	323.488572693311	2.33911229014858	0.556625136332869	4.20231164111453	2.64203064514802e-05	0.000836299818647332
"AEG71843.1"	487.311305286163	-2.3380695033268	0.641869682129549	-3.64259220901309	0.00026990624532066	0.00526262805642547
"ACF53147.1"	447.242789239	-2.33406437853031	0.830705902979062	-2.80973611739116	0.0049582134532118	0.0480472130265783
"AGL16802.1"	2225.94242025643	-2.33093422988848	0.613293759187768	-3.80068147599532	0.000144298693008018	0.00322698287866452
"AHE50829.1"	264.865062650546	-2.32773395771728	0.724749091122248	-3.21177906427295	0.00131915781439446	0.0181361713834675
"AEB84918.1"	268.924283779247	2.32746637309445	0.617329008983108	3.7702203188675	0.000163103495377262	0.00356192714588774
"AKK82275.1"	161.999766707036	-2.32742668028254	0.796326436790357	-2.92270427397008	0.00347005918769673	0.037070956097521
"AIQ40299.1"	170.959168528901	-2.3263459898106	0.757822476694949	-3.06977697462389	0.00214218672235441	0.0261394312258244
"ABP56833.1"	400.718002833219	2.32144307925337	0.626435753118314	3.70579595385087	0.000210727902800796	0.00431751317872215
"CDR17364.1"	284.497204620883	2.32001471505807	0.614279099932318	3.7768088077776	0.000158850575342861	0.00348161899598842
"AGJ57253.1"	108.139358487697	2.31728250525134	0.703310014251288	3.29482370262879	0.000984834443405	0.0145749474171687
"AOH83331.1"	749.712580488035	-2.31709300029979	0.647527018883497	-3.57837268983007	0.000345740208755254	0.00639703721080605
"ACA94570.1"	129.565399105143	-2.31546292041978	0.735978382741622	-3.14610180776555	0.00165462398505871	0.0213986833599495
"AGL50935.1"	29.2496466309282	-2.31453396264052	0.82537894536067	-2.80420766200806	0.00504404061716863	0.0485677082425903
"ACR35387.1"	279.987606105527	2.31392929713031	0.673003823695544	3.43821121910459	0.000585570748133506	0.00968493191564351
"ABO07303.1"	158.531943001469	-2.31155476782655	0.693697091937677	-3.33222496489032	0.000861545815749039	0.0132025485140466
"ACG38761.1"	651.242822667662	2.3107945503173	0.47239282179027	4.89168006736401	9.99788663047866e-07	5.73267447387896e-05
"APA08244.1"	57.6140569938972	2.31022188310642	0.518427741311925	4.45620806722303	8.34220697139761e-06	0.000337552478406201
"ABA50272.1"	246.86386568584	-2.30954608143551	0.670929656681835	-3.44230733942759	0.000576774548133906	0.00956560229005902
"ADJ45461.1"	674.980470543297	2.30855459700614	0.742560059209484	3.10891296720669	0.00187777023062677	0.0235572382975034
"ABV43929.1"	69.0883347085663	2.30802018138471	0.826556807399565	2.79233098163693	0.00523297982577137	0.0498513436394449
"AHI00070.1"	635.707348292199	-2.30631961755227	0.328641521537681	-7.01773655002945	2.25491197863533e-12	7.90755147058538e-10
"ACU35821.1"	1272.55145611375	-2.30604182284975	0.487727367358282	-4.72813702323114	2.26589256994237e-06	0.000112582756704098
"ABS06082.1"	793.179697331553	-2.3051590392435	0.718124303021299	-3.20997218663289	0.00132747816460544	0.0182401982674377
"ABA79690.1"	207.963656872309	-2.29841371344088	0.559546028284681	-4.10764011762677	3.99722286900037e-05	0.00116390856511675
"ACG73646.1"	1056.02504413839	-2.29768172599032	0.515962858148791	-4.45319210424198	8.46029957539343e-06	0.000341759380343564
"AEA60721.1"	349.312709162415	-2.29658824317158	0.754436765560872	-3.04410965637952	0.00233370060136285	0.0278581911451292
"ACK53731.1"	109.67618658153	-2.29619525430656	0.79914276775478	-2.87332294923697	0.00406178673292881	0.041469642859358
"AIU21851.1"	54.6742137409691	-2.29565907738472	0.797109246095956	-2.87998049028824	0.00397699780153051	0.0409147176035858
"SHO77371.1"	191.689091208276	2.29476312840204	0.76426875462175	3.0025604403228	0.00267718806207085	0.0308917117491313
"AIR01824.2"	233.146588582634	-2.29363338155912	0.602108880535803	-3.80933325467325	0.000139342041742638	0.00314227342408817
"AEK42231.1"	660.29687673312	2.29246905318007	0.762098205845673	3.00810188975081	0.00262884984006806	0.0304615732286459
"BAB04213.1"	80.2655131996577	-2.28743656154795	0.745479041686685	-3.06841163015463	0.00215199965739085	0.026232713203973
"AOC97440.1"	85.6336062380844	-2.28720325923258	0.813328250482829	-2.8121527290793	0.00492111305286303	0.0478025582256631
"AJE37728.1"	36.6992902383143	-2.28565496898059	0.545141580033749	-4.19277313031065	2.75564995214465e-05	0.000862255540819669
"ABA76698.1"	227.795902551789	-2.28474809683579	0.655848686928382	-3.4836512481808	0.000494623555760051	0.00850632990669933
"AKC81756.1"	577.740613664738	-2.28470414675123	0.526886569470306	-4.33623530971402	1.44943777490823e-05	0.000530590708615046
"ADU68845.1"	84.2404775718573	2.28428165652306	0.779742075123614	2.92953494418129	0.00339469641360463	0.0364587079982207
"ACT23978.1"	126.17424014143	2.28241263682415	0.696039209663359	3.27914376824841	0.00104122575805776	0.0151591694751646
"ABK53805.1"	225.928307760333	-2.28209348215509	0.578003451263362	-3.94823504456079	7.87294869357105e-05	0.00200317286580798
"AEY92764.1"	454.709718138767	-2.28206150913259	0.771184741469444	-2.95916320230126	0.00308475687288475	0.0341610352646189
"ADO42232.1"	234.261748319615	-2.28193368372663	0.594593903562285	-3.83780201925261	0.000124140504380811	0.00286078836619284
"AJY03392.1"	314.103227876567	-2.28144219158301	0.728262796883093	-3.1327183007939	0.00173195579626296	0.022115110502467
"ACU74082.1"	699.270060707527	-2.27679815318627	0.722195965985079	-3.15260436283483	0.00161820965434675	0.0210628397021131
"ACU37122.1"	544.954783545045	-2.2753136589607	0.640439889598271	-3.5527356991894	0.000381247304833716	0.00686898066646421
"ABA04321.1"	151.99454230418	-2.27211526985732	0.735806694389229	-3.0879241615807	0.00201559901307504	0.0249088096626031
"AEB02371.1"	33.8582107095345	-2.26986717320695	0.628505502432681	-3.61153110739883	0.000304394563126214	0.00580412548775807
"ABK53232.1"	380.824402108083	-2.26944315859348	0.61226585103117	-3.70663030572636	0.000210035192662738	0.00430696742106802
"AGL19711.1"	1315.81925780621	2.26777567486867	0.597361685712353	3.79631926370428	0.000146860342486292	0.0032631585924158
"ACR37999.1"	229.282271301224	-2.26770977668972	0.791129389539008	-2.86642084932671	0.00415141956038311	0.0421712422764862
"AAB00965.1"	45.4848380733567	-2.2660320429752	0.683775756354673	-3.31399881015935	0.000919718986045117	0.0138398260605309
"AHK27700.1"	85.4697834995079	2.26494937219952	0.695067204802836	3.25860486086666	0.00111961490808058	0.016001962156424
"ACV81595.1"	685.663246934996	-2.26408790029279	0.685875703795595	-3.30101779048808	0.000963347738757763	0.0143358703780576
"AKM46981.1"	78.1437886881063	-2.26253981522866	0.763318722544316	-2.9640826936448	0.00303586693239042	0.033836422000484
"ADO69646.1"	219.526598616195	-2.26164017974853	0.73741800008878	-3.06697175750558	0.00216239287208764	0.0263119981940777
"AAW77794.1"	211.796083927912	-2.25974736934379	0.795147887192056	-2.84192086244955	0.0044842621220403	0.0444513275571524
"BAF11826.1"	280.208216521335	-2.25904672241616	0.763286714117772	-2.95963060882991	0.00308008110648231	0.034139693829369
"ABF41905.1"	302.265036013923	-2.25893654741947	0.676784467911605	-3.33774880264319	0.000844600678552933	0.0129946503225468
"AFE08202.1"	1177.49227782438	-2.25678666520384	0.601911189678702	-3.74936818570942	0.000177280648592431	0.0037796690448702
"AKG42238.1"	326.849034159834	-2.25499119172549	0.596173928150297	-3.78243845503589	0.000155299498622407	0.00342238794914971
"ABR30877.1"	30.4241045056142	-2.25457828421674	0.691443323840043	-3.26068414645407	0.00111143771553383	0.0159304462873296
"ABP51332.1"	140.523196460064	2.25431146763766	0.694085389588159	3.24788779803487	0.00116265108466368	0.0164326333502378
"ADG76731.1"	894.770745638463	2.25311592339733	0.753949910557326	2.98841593035246	0.00280427637407307	0.0319468340035056
"ACB63782.1"	483.744104297017	-2.25053569914098	0.727167811999224	-3.09493305672251	0.00196857322680895	0.0244400032678789
"ACZ90636.1"	231.866312220015	-2.25023549581588	0.575316049294121	-3.91130318470481	9.17994473882275e-05	0.00227822690097737
"ASE12738.1"	31.2820343296607	-2.24983331201711	0.582489326935795	-3.86244555561634	0.000112257588308994	0.00264231212481782
"AIP20872.1"	37.0729952705029	2.24897930632765	0.706510591133211	3.18322093759471	0.00145646432873673	0.0195138800456493
"ABC81214.1"	1026.02570241215	-2.2479807662404	0.525501606313391	-4.27778096057766	1.88765627422753e-05	0.000657203149172426
"ABN90504.1"	152.742779712246	2.24766858939038	0.635703648180879	3.53571761908599	0.000406669139711303	0.00722479675006931
"ALU72338.1"	56.8211169297414	2.24729485393591	0.682563074752199	3.29243543499886	0.000993237005415621	0.0146505205579562
"AEI42402.1"	134.001242330198	-2.24604908754564	0.796418584566144	-2.82018668458019	0.00479957180985174	0.0469422955064602
"ACJ35104.1"	377.923087232471	-2.24574519016177	0.727576880959464	-3.08660878174178	0.00202453854189114	0.0249810092290361
"AAQ06261.1"	423.540088439133	-2.24563889120436	0.578772160125894	-3.88000502773991	0.000104454305631816	0.00251490630186372
"AIV33730.1"	247.578419310875	-2.24520967615857	0.60848030403116	-3.68986417684211	0.000224373815379772	0.00452808441263081
"CAJ81036.1"	340.000553471467	-2.24384547057256	0.581381235040882	-3.85950790175534	0.000113615583562036	0.00266391111962267
"AGG87693.1"	1101.98412813437	-2.24326633879137	0.581543040252283	-3.85743820065013	0.00011458163660625	0.00268136543613291
"ACU70252.1"	732.416473048375	-2.24118114797385	0.57838567749531	-3.87489046699643	0.000106672670161442	0.00254552130167299
"AKA06207.1"	815.99521790122	2.23676025452537	0.500617690810353	4.46800082295276	7.89540022722652e-06	0.00032108403243395
"AEG26430.1"	49.7651005738493	-2.23642320041438	0.784764985251363	-2.84979993048243	0.00437467375622972	0.0436151548741205
"ADV81053.1"	234.875209337102	-2.23595940610487	0.527228333120032	-4.24096973861954	2.22556144222503e-05	0.000741761848726158
"AEO36293.1"	38.4383922108279	2.23565988761946	0.788706105601901	2.83459183559042	0.00458842678159073	0.0452859470373726
"ACU84387.1"	251.424728747829	-2.23551872568525	0.730324959397771	-3.0609918186675	0.00220605122240138	0.0267032623453958
"ACF01206.1"	954.74474483305	-2.23426748505441	0.713126865454588	-3.13305751513114	0.0017299553955069	0.0221012305729042
"ALW84995.1"	171.292415433739	-2.2322273524323	0.601954205573914	-3.70830095007652	0.000208654584488669	0.00428228581923013
"AIS01329.1"	574.030596485216	2.2286587440086	0.614444427597758	3.62711197938892	0.000286609017212327	0.005525958876085
"ACG39534.1"	78.4665738957771	-2.22694700748078	0.771296561401065	-2.88727724059279	0.00388591659178778	0.0402170760357095
"ABY34307.1"	50.1933468661725	-2.22500569847296	0.752013081439716	-2.9587327047732	0.00308906914006276	0.0341888809369071
"AIR96696.1"	414.68419174104	-2.22360512196907	0.613383701791051	-3.62514542769274	0.000288798888561911	0.00555932116669257
"AEL05761.1"	419.920364416278	2.22260981116472	0.637665565114309	3.48554153267833	0.000491141973270898	0.00845847852472307
"ANR69582.1"	393.462895083086	2.22236818359473	0.692682013307771	3.20835266529043	0.0013349768958768	0.0183224253826041
"ANS68960.1"	138.118059202127	-2.22221729115557	0.575216321881989	-3.86327231446585	0.000111878170573487	0.00264108887157723
"AKH61141.1"	155.729703312086	-2.22209704739403	0.746484731691687	-2.97674815445763	0.00291323211341567	0.0327968378073236
"BAR47645.1"	43.357774036336	-2.22035915315706	0.772874157509632	-2.87285987192474	0.0040677449757361	0.0415129587422549
"SDT43147.1"	2579.97333170242	-2.21949888207939	0.672676131480255	-3.29950592597254	0.000968551826232205	0.0143956072108972
"AFM61610.1"	100.551694571093	-2.21730329672552	0.67136542375662	-3.30267722802675	0.000957665500082028	0.0142688621339192
"AHL27899.1"	562.823303074062	-2.21698883807053	0.741570830163857	-2.98958474078688	0.00279356946346922	0.0318548540563453
"AMP39306.1"	63.1406899285332	-2.21603139067858	0.713401924291331	-3.10628737493231	0.00189452500911272	0.023666402501549
"AIQ47345.1"	6993.01444810381	-2.21444995070425	0.627894952684033	-3.52678412406128	0.000420639576035534	0.0074077262163987
"AEG48978.1"	924.159075457081	-2.21264333355113	0.575874057116581	-3.84223478416427	0.000121919125677872	0.00282574433335965
"SEH66333.1"	231.810958060694	-2.21058530019082	0.55208806661108	-4.00404470569379	6.226858945054e-05	0.00165391115141023
"AHI00240.1"	300.327245581876	2.21021636533554	0.561259951331015	3.93795488185833	8.21790415605263e-05	0.00207566416350737
"AIQ40695.1"	43.0257289824153	-2.20898829546385	0.634906383475496	-3.47923466034753	0.000502848058660605	0.00862937196837636
"ACB24811.1"	1056.45012684898	-2.20747757747618	0.526376027299125	-4.19372741726654	2.74407700823922e-05	0.000860083307880368
"ACR36760.1"	540.947610687562	-2.2055783983794	0.574746646994351	-3.83747936575797	0.000124303675574693	0.00286129551299803
"ABQ71963.1"	31.7667397752554	-2.20545151254347	0.762634983202479	-2.89188348439285	0.00382939934642698	0.039782614134781
"ABZ00834.1"	108.227078846968	2.20492103923774	0.613791279253066	3.59229776271984	0.00032777501185525	0.00614343296813438
"ADG09381.1"	908.996003826939	-2.20453881119852	0.6201426196253	-3.55489002276692	0.000378137219889796	0.0068231068677654
"ACK85576.1"	1735.39057201577	2.20290259629173	0.437819879558593	5.03152711684239	4.86588268299282e-07	3.13972702081006e-05
"ADI03757.1"	738.004891582597	-2.2017497478558	0.580818392615598	-3.79077139403362	0.000150180134151146	0.00332471061853182
"AJA66761.1"	78.6406077878434	-2.20155880035542	0.489138111413925	-4.50089401946516	6.76682411390682e-06	0.000284759727102963
"ACT23267.1"	31.742302541115	-2.20134031045972	0.59723909105197	-3.68586106207868	0.000227930681089928	0.00458076303183803
"ABX42184.1"	843.011512120147	2.20114185022001	0.782084001014081	2.81445707541123	0.00488597023500796	0.0476058781774166
"ADW01927.1"	314.030754314167	-2.20034182820497	0.553987125018783	-3.97182845744	7.1323073959426e-05	0.00184775633896813
"ACS62711.1"	372.6278386477	2.19975756412119	0.601696025616811	3.65592835994914	0.000256252916636418	0.00504109904378162
"AFM19830.1"	3792.70968169292	-2.19680906569086	0.596910764163455	-3.68029728659626	0.000232962195186725	0.00464714446573223
"CQR60176.1"	127.965699192435	-2.19370843090463	0.754851268624384	-2.90614657759319	0.00365909997133034	0.0385590431398651
"ADE19838.1"	110.144131018832	-2.1932213103469	0.640516662205831	-3.42414403833589	0.000616739226298877	0.0101148281497793
"ABE39645.1"	1234.32653701165	-2.19083431287841	0.669126647447149	-3.27416987686393	0.00105972882510932	0.0153730565834354
"CDR44461.1"	239.475353977921	-2.19045623807204	0.746929577004344	-2.93261413861417	0.00336121347690861	0.0362371542372752
"ABK51954.1"	223.98614762035	2.1894742384637	0.731959723379414	2.99124961187076	0.00277838283867483	0.0317115705412334
"ADY65346.1"	60.2842193196066	-2.18928026775041	0.595851216028405	-3.67420625964796	0.000238589944966661	0.00475548673670371
"AEY01109.1"	140.741147679539	-2.18922742917131	0.697770604804591	-3.13746009662359	0.00170418469417827	0.0218680172416605
"AEK35441.1"	208.668143924017	2.18890689706874	0.655293133542601	3.34034767804634	0.000836735666876667	0.0129123041654431
"AFJ88920.1"	302.788710054759	-2.18820666545882	0.726757062841949	-3.01091902279139	0.00260458302667394	0.0302704589320025
"AEB50198.1"	112.511552274967	-2.18211016631095	0.744977860825803	-2.9290939785675	0.00339951622116056	0.0364780904671495
"AKJ09136.1"	1230.20188433486	-2.18175927383612	0.505848151164191	-4.31307155875707	1.61001978465703e-05	0.000579726915615268
"BAQ09944.1"	109.919751729238	2.18063498581265	0.584220830950382	3.73255260731682	0.000189549092373798	0.00398481267434301
"AIV36787.1"	195.829748683318	-2.1805277326238	0.650142863605054	-3.35392089137568	0.000796751380720631	0.012398066340384
"AEE72811.1"	132.34240349678	2.17891658117593	0.55372774767784	3.9349961968018	8.3198013594901e-05	0.00209786886529428
"ABQ29348.1"	584.872208411743	2.17827312736126	0.586681618336046	3.71287093251584	0.000204921404606495	0.00422358026172348
"ACB73620.1"	425.82901442981	2.17811453448308	0.374527455848479	5.81563380860458	6.04045710976349e-09	7.45719085127282e-07
"ADY66710.1"	53.7782906416279	-2.17707573359712	0.570528683316586	-3.81589181623857	0.000135691949938585	0.00307428662234452
"AEG91752.1"	2193.02860104494	2.17454766176335	0.506697901174864	4.29160582019641	1.77385633215035e-05	0.000624774405662912
"APC37660.1"	59.5521117655843	-2.17443125870789	0.759447053150106	-2.86317689915128	0.00419416329254865	0.0424095984913496
"ACZ31816.1"	655.594181502565	-2.17439092526797	0.561737399460006	-3.870831686404	0.000108464665399861	0.00257811346628727
"ADB42249.1"	296.632448018421	2.17143224989544	0.672454914067226	3.22911202590805	0.00124175242084909	0.0172682088087847
"AEW81879.1"	66.6669042720043	2.17091717154464	0.536005763791005	4.05017505071291	5.11793335115382e-05	0.00142237968799928
"ADB36671.1"	49.3683278098884	-2.17004154978694	0.740588560432169	-2.93015807389816	0.003387896137621	0.0364341879297846
"XP_003711481.1"	220.808612403293	-2.16959334164974	0.769152899192561	-2.82075689232573	0.00479104957215219	0.0468968553791936
"CBL01779.1"	96.8189716071608	2.16950722058997	0.647920979355834	3.34841329377373	0.00081275708116247	0.0126146780582991
"ADB82653.1"	63.3142919958944	-2.16829231188502	0.770674320594204	-2.81350014389117	0.00490053642276138	0.0476600803141306
"ABQ89270.1"	68.5982247346779	-2.16816543504299	0.673279751371072	-3.22030393848578	0.00128054751688743	0.0177363527567974
"AEJ45412.1"	33.7098396134231	-2.16613144384373	0.657654179675264	-3.29372413464068	0.000988694807336294	0.0146052797638073
"AEL09279.1"	163.14645003657	-2.16590832004675	0.743708777731342	-2.91230705472347	0.00358769770391227	0.0379586888244711
"ABC24401.1"	496.01717825484	2.16524545978971	0.582681836335166	3.71599958119208	0.000202401916658998	0.00417520816487449
"ABN99209.1"	220.344509115612	-2.1646338869259	0.607782726414103	-3.56152584279116	0.000368705808785305	0.00668783692292205
"ADI04829.1"	302.719481310446	-2.16273574042036	0.627437478588177	-3.44693425915012	0.000566986532400769	0.00946353256909218
"ADV82520.1"	68.3454447952659	-2.16181340442125	0.670989154171017	-3.22183062272011	0.00127374409407485	0.0176522255694898
"AGT85672.1"	158.817507698913	-2.16174668848748	0.5659110949881	-3.81994045996383	0.000133483892101571	0.00303277909594528
"ACU38080.1"	512.106011341669	2.16043188898505	0.559128228272723	3.86392920217806	0.000111577573163577	0.00263656497835848
"AKE05711.1"	233.503947126887	-2.15892603712748	0.662330294981389	-3.25959125452376	0.00111572881429819	0.015965280969588
"AKN75734.1"	165.395290524982	-2.158746469765	0.510926751020601	-4.22515843113089	2.38772734695198e-05	0.000774475048447683
"ACF92878.1"	33.1148861990131	-2.15638524212866	0.72807505555646	-2.96176228765393	0.00305883840202198	0.0339984900384592
"ABL83981.1"	906.565597489761	2.15425165279323	0.744703089617401	2.89276583221912	0.00381865881830882	0.0397248871137655
"AKM08589.1"	95.5854163022455	-2.15186269180285	0.632817337182627	-3.40044838433659	0.00067275435771592	0.0108163702283403
"ALQ32033.1"	75.5520230035861	2.15145024030868	0.636045420003168	3.38254183215086	0.000718183390401063	0.0113804083153468
"ABA99884.1"	207.547758779932	2.15121907516753	0.679976182845608	3.16366827168118	0.00155794260239499	0.0204989326536985
"ADL42950.1"	60.3619776857102	2.15105095846988	0.72306467500782	2.97490809995194	0.00293076334070119	0.0329075083781656
"ACB74660.1"	1072.38125555777	-2.15031914533548	0.598725554013081	-3.59149385043368	0.000328787936051578	0.00614813113496138
"ACD86466.1"	62.3648893003209	-2.14998445085889	0.764700137663954	-2.81153924913205	0.00493050748699446	0.0478745945677388
"AIL06115.1"	282.907474387261	-2.14859312823537	0.613411468457287	-3.50269474687035	0.000460576956173598	0.00799467762448534
"ACU77333.1"	492.113557926335	2.14783212267967	0.740757092287522	2.89950936014258	0.00373747185734088	0.0391157467699296
"AAW75017.1"	169.895566661085	2.14698595535105	0.713774288714492	3.00793400560529	0.00263030250071153	0.0304615732286459
"ABQ39466.1"	185.545712993604	-2.14680484367788	0.552720170138544	-3.88407183175488	0.000102721538075106	0.00249223538105264
"ACZ86332.1"	560.405652750671	-2.14568205526333	0.580882066204696	-3.69383422229327	0.000220897842144085	0.00446716014632118
"ABN78773.1"	143.252821127726	-2.1441563470906	0.478141398818311	-4.48435620172132	7.31344055773141e-06	0.000300447064813968
"AJY09756.1"	238.939543476151	-2.14175599687667	0.657819935948557	-3.25583929557916	0.00113057723109897	0.0161015757862871
"ABQ27375.1"	57.5609372442483	2.14113052242033	0.688910853637995	3.10799359759461	0.00188362148627495	0.0235937551232705
"ABG83674.1"	127.814111283317	-2.13982089691641	0.620479510413883	-3.44865682267102	0.000563382217083631	0.00943402041991184
"AAP57754.1"	63.1278681945283	-2.13977145923562	0.725212630107938	-2.95054356529497	0.00317215305276013	0.0347944639245861
"ACG38167.1"	152.21585737423	-2.13574855873289	0.721645918994661	-2.95955191114811	0.00308086791696844	0.034139693829369
"AHY49890.1"	81.5264457960002	-2.13543247059022	0.503758558509564	-4.23899988301574	2.24517775494602e-05	0.000743392900152182
"AHH94967.1"	439.81337185767	2.1337083070694	0.53916695170266	3.95741671541861	7.57646907881535e-05	0.00193792623995872
"AEK46516.1"	474.450652585077	-2.1323447574355	0.56575660601242	-3.76901433368096	0.000163893476798423	0.00356951436371867
"ABY25118.1"	60.7490510875197	-2.13115608791129	0.687410473133329	-3.10026712016349	0.00193346188238086	0.0240423042923115
"AIO68829.1"	154.120392077498	-2.13012186700254	0.530871768046779	-4.01249792363198	6.00796076432592e-05	0.00160457645269751
"AEW01335.1"	71.1187821960917	-2.12862542668115	0.722103129942354	-2.94781359949386	0.00320029969997741	0.0349921607954602
"ACY16659.1"	2136.40821580693	-2.12648521641961	0.628803054183022	-3.38179848566809	0.000720129502644677	0.0113963201932592
"AAK44469.1"	30.7309340176053	-2.12593458618816	0.64467185848751	-3.29770030783707	0.000974801173353138	0.0144707141052919
"AEA67472.1"	299.641615252545	2.12567141139151	0.645450803025052	3.29331283101527	0.000990142409356282	0.0146177400117108
"AIS01080.1"	889.59755118563	-2.12502806402608	0.423144066311474	-5.02199660401679	5.11370877781001e-07	3.27345003430341e-05
"BAS98176.1"	313.44562209512	2.12501752412753	0.656107876369504	3.23882337137311	0.00120023876649161	0.0168435040660856
"AEL04966.1"	160.535988832738	2.12123268537975	0.52735562678822	4.02239509284996	5.76093158643765e-05	0.0015563228536625
"AGT88375.1"	464.990529723566	-2.11821177575921	0.555012083226584	-3.81651470260775	0.000135350013592844	0.00306941356973388
"ACU74303.1"	1006.88898388495	2.11818928460073	0.537426931021658	3.94135307021928	8.10232601718395e-05	0.00205290034175707
"AKA22314.1"	471.353431059019	-2.11449295950258	0.446015295742433	-4.74085301487881	2.12820290792067e-06	0.00010685219559055
"AGF67811.1"	105.231911010728	-2.11438531844605	0.59818866108043	-3.53464626799697	0.000408321375412497	0.00724351343171275
"AIT18865.1"	296.945520398566	2.1138107943754	0.48947559801053	4.31852129701045	1.57078066885413e-05	0.000568134227866418
"CAN95067.1"	705.231334053752	-2.1075632754316	0.414387024434022	-5.08597796543014	3.65736516414075e-07	2.47199063901435e-05
"ABA48523.1"	64.2888095187636	2.10622331883641	0.54350504014996	3.87525995758066	0.000106510930936892	0.00254417077579465
"SCG80540.1"	383.630494897426	-2.10397472202242	0.750787673939775	-2.80235650511118	0.00507307789592701	0.0487503041492239
"SCG56773.1"	470.2464499275	-2.10360958669192	0.562699364022057	-3.73842538519282	0.000185176433439683	0.00390646395809941
"ACD16420.1"	553.921180782066	-2.10290319757491	0.427895255753524	-4.91452795818383	8.89966251171135e-07	5.20157328009371e-05
"AQA16591.1"	335.090820280011	-2.10216055415048	0.409669848798911	-5.13135286942324	2.876670385804e-07	2.02935257508161e-05
"ADH69945.1"	1020.44733803793	2.10112007418198	0.499329865070971	4.2078798428837	2.57777865333956e-05	0.000818563124341959
"ACF42340.2"	208.303273875505	2.09628760405499	0.610472311607368	3.43387826801756	0.000595011347724858	0.00980755421042125
"AGZ44920.1"	1682.09462114245	2.09529052463736	0.563002353462546	3.72163723961547	0.00019793524052488	0.00411463832902106
"XP_003719393.1"	118.357880454877	2.09503880518501	0.658289588169256	3.18254890072231	0.00145984861768104	0.019537586837405
"AOH36637.1"	256.688061316077	-2.09399706169151	0.48173455696424	-4.34678607008663	1.38146839604051e-05	0.00051112218316502
"ADW03701.1"	340.106359738854	2.09316590944781	0.591970942677307	3.53592678042785	0.000406347300988911	0.00722438327849279
"ADG17356.1"	190.701354104338	2.09270564052725	0.585116804207723	3.57656048412569	0.000348144792176355	0.00641588692786844
"AEW79636.1"	72.125720627877	2.0923420671595	0.570334240118872	3.66862432583989	0.000243859101391399	0.00483264428858942
"AEF43770.1"	46.6281221667667	-2.09173732905087	0.693907742892053	-3.01443145789522	0.00257461378480336	0.0300665684125902
"ACD36972.1"	61.6649376898231	-2.09141948931302	0.734287415173522	-2.84823006100246	0.00439631311704368	0.0437587776606771
"ACP32689.1"	130.729954806215	2.0909183882889	0.728995607101262	2.86821809064545	0.00412790882091641	0.0419852920301447
"ACT93924.1"	145.773945719239	-2.09084706434221	0.565992499479447	-3.69412503922789	0.000220645214866024	0.00446716014632118
"AEI11151.1"	1305.65512215398	-2.08916756576279	0.535581300125672	-3.90074777680359	9.58960209557894e-05	0.00235334281852661
"AEE46296.1"	713.55592801562	2.08825872507571	0.277500270844672	7.52524932216946	5.26198174368198e-14	2.82942605004162e-11
"ABA49363.1"	159.238162238916	-2.08792698007576	0.691504673857779	-3.01939677200965	0.00253278589146551	0.0296496469355544
"ABG06589.1"	72.3876097878564	-2.08663069646183	0.57210929513323	-3.64725886157103	0.000265052862197687	0.00519310453975501
"ALR12880.1"	125.798704676249	-2.08642971335849	0.686737916901621	-3.03817462529506	0.00238015984920033	0.0282455752187839
"AEG68447.1"	196.087072199502	-2.08521999934617	0.683603142734239	-3.05033705814432	0.00228584675905705	0.0274630754860493
"AGN70502.1"	62.6610871418865	-2.08435462674881	0.652338075389846	-3.19520614445687	0.00139730996043652	0.0189628205903996
"ACO31903.1"	186.414960824072	-2.08167751711617	0.731610533964537	-2.8453356266424	0.00443646501990497	0.0440497103351007
"ACL17281.1"	149.173810933734	-2.07987989041893	0.558740842168459	-3.72244112735157	0.000197305922924416	0.00410508290369913
"ABR64983.1"	54.5288210848648	-2.07777236598864	0.704315995627737	-2.95005704667658	0.00317715260295088	0.0348177362018127
"ACX67825.1"	99.4652474283128	2.07734244745297	0.742382687510397	2.79820971367126	0.00513867365005005	0.049146437276783
"ABW16319.1"	645.638614422324	-2.07717037811964	0.532031143112399	-3.90422704574798	9.45270089662509e-05	0.00232446141865485
"ABE45326.1"	291.463538232217	-2.07678397858821	0.604611747820311	-3.43490510410232	0.000592761362642163	0.00977712794263968
"ACL24299.1"	45.6911236366099	-2.07645277058493	0.70127661500732	-2.96096109031563	0.00306680680911775	0.034055770702259
"AJY04208.1"	133.62794494004	2.07538172082464	0.631285447464429	3.28754880880029	0.00101063668421454	0.0148208338472359
"ACU73792.1"	811.593015586313	2.07526379056411	0.58372428785149	3.5552123386925	0.000377673953739405	0.00681983332733759
"ACA94827.1"	141.540637352248	2.07205938037013	0.687717463145076	3.01295152648032	0.00258720239187545	0.0301698970005833
"ACO31611.1"	315.941573501104	-2.07165993143941	0.559316450715318	-3.70391381978831	0.000212298407781216	0.00433345700600094
"ACZ30555.1"	812.966643016255	-2.0694338263246	0.39247388284993	-5.27279372399892	1.3436255343701e-07	1.05215880437389e-05
"ACF50262.1"	296.964820746045	-2.06636830022705	0.714307385658847	-2.89282785214536	0.00381790490086814	0.0397248871137655
"AAW64926.1"	114.504972826643	-2.06627146416775	0.619266373043864	-3.33664405837421	0.000847964704015873	0.0130357064441373
"ADP78715.1"	597.489731028373	2.06547412306268	0.586537537710735	3.52146962515691	0.000429161831048533	0.00753136746501938
"AIO37360.1"	770.789403745704	-2.06289916883956	0.551799079110009	-3.73849694016669	0.000185123745635129	0.00390646395809941
"ABY70643.1"	86.2520548221207	-2.06279336328531	0.491577394401196	-4.19627384574521	2.71342141207966e-05	0.000853792690612374
"ADC92551.1"	344.437286834341	2.06210825094432	0.53997337961493	3.81890724393648	0.000134044149783257	0.00304265130610269
"ABL06590.1"	113.932111386465	-2.0618315471268	0.509431987296389	-4.04731465346171	5.18085765232969e-05	0.00143664081893718
"CBK62766.1"	410.984300218415	-2.0597614569146	0.662576661997295	-3.10871416856969	0.00187903405229403	0.0235580243333464
"AIQ60570.1"	2351.85483209437	-2.05618626952907	0.618667231233537	-3.32357391134055	0.000888718687658698	0.0135115837650009
"ABR18059.1"	34.1329357361266	-2.05584001906387	0.699680443658844	-2.93825565327116	0.00330064723955112	0.0357998669239416
"AAX95330.1"	258.038344543598	-2.05564162603179	0.701072370008473	-2.93213898303672	0.00336636058413622	0.0362670645834123
"AQZ61956.1"	194.386634012111	-2.05304143739209	0.699493986909612	-2.93503800720646	0.00333506834713652	0.0360583774779546
"AKQ54629.1"	62.7452427457373	-2.05218755013066	0.552176774424171	-3.71654087093894	0.000201968982093309	0.00416983230350835
"ABN75677.1"	170.675869779273	2.05188335105278	0.463619078627934	4.42579575699358	9.60874065955269e-06	0.000379906368854896
"ADB75269.1"	5572.34457671346	-2.05171036655824	0.682120379415399	-3.00784205907559	0.00263109840260652	0.0304615732286459
"ACE91324.1"	183.783652461474	-2.0502394947635	0.50552098507626	-4.05569611408756	4.99852122325325e-05	0.00139240641046082
"ACY49478.1"	297.087296868977	-2.04993876950175	0.586516890879863	-3.4951061109707	0.000473873320618795	0.00819022338500928
"ADV26288.1"	433.12153744407	-2.04948494295013	0.598559230830936	-3.42403030040149	0.000616997410797796	0.0101148281497793
"ADL68114.1"	276.765645307233	-2.04785336523091	0.700297528509509	-2.92426187707601	0.00345274136453174	0.0369508990701347
"AFC55908.1"	43.3066863169972	-2.04689129484509	0.671143167442848	-3.04985790534684	0.0022894965903372	0.0274932749361733
"AAW46263.2"	101.665551357494	-2.04618969724262	0.732096608700487	-2.79497223853382	0.00519041721671623	0.0495629539829844
"AGZ42188.1"	491.268193529043	2.04596793432264	0.448793445844493	4.55881865759592	5.14421655306847e-06	0.00022590672946388
"AQT91856.1"	73.6967434254504	-2.04201583912895	0.714800930272469	-2.85676158584541	0.00427987179566985	0.043022353874638
"AAP44580.1"	164.194894423825	-2.03758197242835	0.72953238382555	-2.79299729196886	0.00522221291290104	0.0497683678036497
"ACG42119.1"	396.479411881814	2.03733469135235	0.532542825928441	3.82567296404835	0.000130415328909704	0.00297423158683139
"ADG80706.1"	727.021615301417	-2.03707079748418	0.670270969261629	-3.03917503652025	0.00237226979466852	0.0281795838103065
"ABF92949.1"	217.680312501066	2.03706410808992	0.696689450544733	2.92391984189967	0.0034565374431581	0.0369751708718376
"AEM85607.1"	520.672065984278	2.03571850419204	0.679653360485523	2.99523054331371	0.00274237481030254	0.031434032820886
"AKD96631.1"	64.8693342910472	2.03541929501019	0.638930057992599	3.18566839914388	0.00144420026093803	0.0193710164711294
"ACU40147.1"	647.011067412313	-2.0350998743927	0.64728395404757	-3.14406044158348	0.00166621021258604	0.0215140280223823
"AGL19174.1"	2221.47027676967	-2.03442891718578	0.542444196468421	-3.75048517512201	0.000176492740167006	0.0037692805241139
"AKJ05986.1"	493.43875587476	-2.03419725122635	0.567012889970136	-3.58756791460859	0.000333776810535931	0.00621739606199994
"ACM01712.1"	226.558756291771	-2.03298287129625	0.629028634833297	-3.23194010370454	0.00122952825254919	0.0171474899867048
"ABO89240.1"	80.0345256012637	2.03277644952907	0.696312524916977	2.91934494467329	0.0035076784578813	0.037340649206051
"ABA73040.1"	312.22583236513	2.03220470422384	0.452900473470401	4.48708893733725	7.22029393553404e-06	0.000297631094306843
"AIQ60350.1"	209.023468132188	2.03215019406772	0.685191103418212	2.96581520677944	0.00301881818395619	0.0336929629138321
"ADV84584.1"	282.828375605422	2.02973825932383	0.694340430025984	2.92326094167938	0.00346386095890997	0.0370371381452693
"SDU21735.1"	225.76636322894	2.02849739974274	0.603279064860331	3.36245283136483	0.000772533230351003	0.0121068565898985
"SCG17653.1"	318.369921620048	-2.0281033721195	0.603790533221398	-3.35895192211607	0.000782386779116427	0.0122216997380763
"ACY16636.1"	726.138639841359	-2.02641071897709	0.54860777046239	-3.69373316981848	0.000220985688107883	0.00446716014632118
"ADL48027.1"	717.772826530364	2.02624113587513	0.694688535325257	2.91676202044479	0.00353685514869872	0.0375356508916943
"AHW98490.1"	288.544939278094	-2.02278523159846	0.616908107653081	-3.27890848978106	0.00104209422328878	0.0151626902711477
"ACK52558.1"	179.610808915874	-2.01964417072833	0.450192105602657	-4.48618299964345	7.25104682501444e-06	0.000298390442219174
"ACM06262.1"	508.709342926139	2.018899693353	0.472474342840713	4.27303561335105	1.92829644158242e-05	0.000668466891074065
"AFM31302.1"	468.907185311348	-2.01659600631301	0.607901773151253	-3.31730568223109	0.000908901149323418	0.013728265362159
"AKQ70091.1"	401.336254801726	-2.01370881946435	0.684046945680182	-2.94381669588777	0.00324191948091878	0.0353673244724038
"ADJ49175.1"	106.073048842908	2.01327750125359	0.548763620641689	3.66875176400979	0.000243737595924812	0.00483264428858942
"AJX35797.1"	152.490652366195	-2.01144882677395	0.526097513369366	-3.82333840335364	0.000131656889206698	0.00299689722308041
"ADR37300.1"	563.645888554147	2.01015912382081	0.602259251128362	3.33769737875289	0.000844756992906814	0.0129946503225468
"ABJ05050.1"	41.169755393211	-2.00948117429937	0.695802618048248	-2.88800461822928	0.00387694180185608	0.0401563853360811
"ADJ49538.1"	456.042203181991	-2.00895690592006	0.58800691101812	-3.41655322118851	0.000634192661421825	0.010347646546476
"ACB39466.1"	70.2055926422064	-2.00840733831691	0.603001435315872	-3.33068417534503	0.000866328323895317	0.013250661474902
"SCE68159.1"	1112.46667314984	-2.00567685632871	0.424779917965681	-4.72168473955671	2.33899041624394e-06	0.000115739368306451
"AHX31546.1"	41.6416991686302	-2.00192143996374	0.453989277060178	-4.40962274027096	1.03550854739325e-05	0.000406097249939617
"ABY29768.1"	312.938267032707	2.00158580383194	0.616159472763443	3.24848662125558	0.00116020664689228	0.0164172632952354
"ACZ43662.1"	325.035527300813	2.00049052981016	0.626719405511103	3.19200349026805	0.00141289625373133	0.0191100339024802
"AEK43640.1"	308.521805438532	-1.99970874784583	0.556711701652573	-3.59200056673821	0.000328149136101435	0.00614568471071704
"SBT38933.1"	292.678935973973	-1.99803101986688	0.623243712588601	-3.20585828546619	0.00134660289273858	0.0184505946747425
"AKT42624.1"	306.057850833448	-1.99507475111283	0.70671973383027	-2.8230069935927	0.00475755337990938	0.0466444566992169
"ABC21102.1"	134.214000097555	1.99499846290742	0.59043714695861	3.37884984571824	0.000727897528046789	0.0114966948343004
"ADL45733.1"	846.345318770195	-1.99446986415395	0.496701541388568	-4.0154291822374	5.93377148105953e-05	0.0015917901167095
"AAW84081.1"	863.168238636415	1.99431866721336	0.412487316956461	4.83486057687408	1.33238986717793e-06	7.27761571469625e-05
"ACE84401.1"	227.990101598886	-1.99370274824188	0.445756235268215	-4.47263008456237	7.72633689291863e-06	0.00031633531945508
"SMS10326.1"	46.5143071441856	-1.99251748457084	0.455371174537429	-4.37558983963985	1.21104549211463e-05	0.000457155503474225
"ACK52450.1"	444.830949667195	-1.99155439465247	0.585254988674818	-3.40288324438192	0.000666787677708633	0.0107561742916772
"ACL17505.1"	67.2945090186326	-1.99093051965442	0.678272963344797	-2.93529394100637	0.00333231854808362	0.0360514305680137
"ADU37741.1"	1037.23902491427	-1.99039928407317	0.529690053458288	-3.75766784948683	0.000171504323146705	0.00370064539631593
"AMK77504.1"	49.968260038421	1.99035069671768	0.652839972150752	3.04875740093022	0.00229789963750894	0.0275531603215084
"AID59415.1"	51.9003160568902	1.99030320610733	0.668495237399789	2.97728853514186	0.00290810181672281	0.0327899998412124
"ACB74628.1"	454.824803967375	1.98286687996942	0.496927995055202	3.99024989475418	6.60037167830402e-05	0.00173975156317998
"ADV00102.1"	273.904293136624	1.98163947121528	0.610738820639568	3.24465942600488	0.00117591171978483	0.0165909830225268
"APU14217.1"	38.2000202432311	1.98092551035926	0.475554993093305	4.16550249525105	3.10667525285761e-05	0.000946753414274503
"AAY91004.1"	528.960428923568	-1.97893754585304	0.667720313933186	-2.96372224202102	0.00303942496418677	0.0338448991525206
"AEL08362.1"	126.601127890484	-1.97795644023329	0.549762813963859	-3.59783599398435	0.000320875839752296	0.00603484733136738
"AEX53498.1"	39.3419261637478	-1.97572859439654	0.614735946392647	-3.21394674573755	0.00130923953086299	0.018040813740485
"ADJ44866.1"	59.3412690032421	-1.97386091836878	0.693433949984384	-2.84650170129863	0.0044202493034887	0.0439608600067883
"ACS20561.1"	86.6553498031205	1.97216896806166	0.613724714809415	3.21344231456296	0.00131154140558434	0.0180622466652956
"ASL17217.1"	30.8147577400038	-1.97192330144302	0.647323041299097	-3.04627392450857	0.00231696645576781	0.0277110187212718
"ABW00657.1"	281.231117707555	-1.9695774799317	0.669497700787274	-2.94187340392004	0.00326233264648087	0.0355099698816454
"SDN65010.1"	93.9708110759503	1.96703879697278	0.699864069974434	2.81060120295165	0.00494490348387002	0.0479758739371302
"ACT93491.1"	275.952230549878	-1.96652056010725	0.616467931887497	-3.18998030292699	0.00142282490862289	0.0191693175467416
"ALD62807.1"	79.9337682720102	1.96555169792772	0.644848311574437	3.04808380924298	0.00230305686348514	0.02759125769005
"ARE78888.1"	356.449706670539	-1.96529315810286	0.642896016217721	-3.05693783835379	0.00223610642959241	0.0270130141172478
"AIJ11657.1"	311.232997058364	-1.96416102982867	0.523388302007411	-3.75277976656203	0.000174884487157761	0.00374484950066934
"CDN55071.1"	163.12766623967	-1.96283327871143	0.644564198461985	-3.04520990057315	0.00232517971891215	0.0277838882264283
"AAZ45772.1"	223.87547139893	-1.96087535397653	0.510502751808585	-3.84106715787454	0.000122500591253592	0.00283379235809098
"AGP52124.1"	352.267691785615	1.95829668497083	0.686819911576116	2.85125205598208	0.00435474340657356	0.0434881247250765
"ACZ39406.1"	420.227893703899	1.95825207310533	0.601238494314064	3.25703043239014	0.00112584361867558	0.0160436030866272
"AEG45248.1"	1695.85226503635	1.9581466099696	0.46083030101211	4.24917069400379	2.14563378858875e-05	0.000726124486468278
"ABJ85860.1"	430.565752948006	-1.95622654648869	0.464634803553072	-4.21024540462614	2.55093446249866e-05	0.00081324059537655
"ABG65214.1"	165.977776780851	-1.95074565033061	0.697036006430337	-2.79862967240498	0.00513199584891631	0.0491019784722135
"AIJ46113.1"	203.911195491621	-1.94794999218023	0.694507992474343	-2.80479132463287	0.00503491648163047	0.0485250616484093
"ABO97678.1"	727.535396382411	-1.94596670733411	0.608943431818823	-3.19564446490833	0.00139518917279351	0.0189553017485034
"ACB74105.1"	696.097975073246	1.9458135093454	0.448522622566091	4.33827283496427	1.43606813165403e-05	0.000528093321909308
"AIO37757.1"	238.989555173366	1.94515824770293	0.510193300854134	3.81259072678231	0.000137517724641281	0.00310692472749306
"APL95873.1"	167.991425150717	-1.94511246513848	0.458146154697746	-4.24561560801866	2.17994074163506e-05	0.000733630405081274
"AFE09577.1"	498.076551149789	1.9402768450539	0.35313825709036	5.49438302448616	3.92078704063665e-08	3.73508992213721e-06
"ABL78333.1"	213.347051167555	1.93651614567263	0.587805793608934	3.29448291719457	0.000986029378097038	0.0145837120182237
"ACL63906.1"	789.405825493315	-1.93334062778163	0.579894086921213	-3.33395471929395	0.00085620594913425	0.0131290338093799
"AAC53246.1"	44.4795568850338	-1.93125186251001	0.485662045961329	-3.9765344617104	6.99268692427427e-05	0.00181742261553882
"ABO28816.1"	397.23807725772	-1.93040862856358	0.655298139089253	-2.94584787200296	0.00322070759571777	0.0351676271180428
"ABD53107.1"	43.5662097132161	-1.9303877715413	0.662998108231303	-2.91160374000319	0.00359578481165341	0.038011011396932
"ADB77286.1"	782.93277557916	-1.92976217983551	0.45476263782909	-4.24344926189992	2.20110156623732e-05	0.000737673886402277
"AGB72392.1"	542.814126735985	1.92909157604385	0.483051463824768	3.99355290380334	6.50905473060582e-05	0.00171942791830206
"AJK76609.1"	31.6427630693551	-1.92698117620603	0.538760838682563	-3.57669124748952	0.000347970762306642	0.00641588692786844
"AFN75319.1"	56.6516041515326	-1.92694684545268	0.511204866065596	-3.76942195461304	0.00016362606254602	0.00356690183299647
"CCA69124.1"	72.4971287345985	-1.92594078943636	0.651036005761602	-2.95827077518292	0.00309370237317624	0.0342131244624065
"ADJ46833.1"	304.302212027849	-1.92498851990921	0.531117216721169	-3.62441370624935	0.000289617697395599	0.00556622670681597
"AFU01680.1"	275.696129241604	-1.92403710677849	0.641400770072209	-2.99974243336485	0.00270207993806217	0.0311195755646313
"ACG26489.1"	176.107056653914	-1.92302085043135	0.593271569097584	-3.24138379554649	0.00118950919261511	0.0167535238263724
"ABY99089.1"	377.78798641757	1.92243763718568	0.641884723818421	2.99498892223131	0.00274454809179729	0.0314440483793651
"AMN42854.1"	279.647160791494	-1.91882225420919	0.669849441193613	-2.86455752025413	0.0041759230501611	0.0423135720455394
"AEG53201.1"	51.0939098151741	-1.91868034248917	0.661401657397481	-2.90093065390688	0.00372056204502241	0.0390180767420351
"BAI98324.1"	149.897850899642	-1.91545463825888	0.543971959143975	-3.52123782496646	0.000429537186585669	0.00753136746501938
"AHD22791.1"	68.5891143022929	1.91528192255122	0.684620043919189	2.79758376863605	0.00514864143348528	0.0492115527428373
"ANA11091.1"	266.433113523898	1.91126127971685	0.492190172346427	3.88317643687451	0.000103100699112852	0.00249223538105264
"AIA02758.1"	141.589100669945	-1.90645344244215	0.6123971606655	-3.11309974130249	0.00185133439423968	0.023295235744887
"ALV35388.1"	184.348412322647	1.90584160165119	0.501175553403355	3.80274254941029	0.000143103047616612	0.00320617078072144
"ACN58869.1"	798.782316090134	-1.90517639900839	0.579058741820565	-3.29012630569828	0.00100142420373988	0.0147214225139087
"ADJ47357.1"	759.785753102241	-1.90404025286375	0.552368268783096	-3.44704857333402	0.000566746676176772	0.00946353256909218
"SCG15869.1"	1497.23047727295	1.9018724159682	0.529118203049142	3.59441879906665	0.000325116519697914	0.00609832901327939
"ACY13005.1"	944.152574063797	-1.90039380903804	0.596271549818872	-3.18712809560563	0.00143693120551744	0.0193270841466957
"ABD26857.1"	531.698187184123	-1.89942985815958	0.630468032421029	-3.01272984589825	0.00258909289252886	0.0301773991910023
"AEY93653.1"	97.6807506933272	-1.89837754989774	0.55615833787102	-3.41337604892296	0.000641633386180924	0.0104408897413718
"AIS00826.1"	612.879209321039	-1.89819476950284	0.598322009021943	-3.17253041151829	0.00151116731430742	0.0200205540809894
"ADI04148.1"	407.695099406921	-1.89812634547156	0.44164572256747	-4.29784836234112	1.72464078672172e-05	0.000610997556607693
"ABS01506.1"	825.318026416665	-1.8973418177072	0.388480358952885	-4.88400963904925	1.03949989719029e-06	5.91830094407378e-05
"AAP57751.1"	71.7994887281281	-1.89473092876652	0.614928894234983	-3.08121954673102	0.00206154581214019	0.0253471666749777
"AGZ42271.1"	498.68958152035	-1.89406583043043	0.647443586471509	-2.92545307422515	0.0034395504598125	0.0368423207065441
"AHH94081.1"	854.251491369228	1.89352334791478	0.575301121399613	3.29136043279066	0.000997040769451009	0.0146837464993342
"ACA15606.1"	462.576498960707	-1.89238152949534	0.518175136999626	-3.65201144241066	0.000260194288317082	0.00510618101736289
"ABV39536.1"	212.996735547259	-1.8920905265343	0.536472927255746	-3.5269077532263	0.000420443220047698	0.0074077262163987
"AEG49477.1"	426.285217347697	-1.89156289599368	0.526676925070206	-3.59150516370454	0.000328773661104892	0.00614813113496138
"ABX04818.1"	96.8812689700779	-1.88866697126761	0.652121974808523	-2.89618667094014	0.00377727636742141	0.0394300070157445
"ADD43343.1"	442.157996420616	-1.88670120577772	0.574814080542036	-3.28228077502661	0.00102971018250589	0.0150367515305341
"AQQ15112.1"	51.2143411928128	-1.88604469772786	0.642694257642907	-2.93459086540615	0.00333987747905712	0.0360942453598683
"AEJ44642.1"	430.010193261656	-1.88536455686767	0.637597736687034	-2.95698125696626	0.00310667001690313	0.0343094908256527
"AGT88011.1"	96.2991289036716	1.88361622650039	0.594445458556536	3.16869478837351	0.00153125102868538	0.0202357625019662
"AOX61292.1"	426.089731071948	1.8812645795131	0.544677685446923	3.45390426260894	0.000552533486460777	0.00927160386400236
"ACT16569.1"	167.000711987644	1.87960212662099	0.432170015718428	4.34921919211908	1.36623103601347e-05	0.000506711754370143
"ABK50302.1"	35.9025490862947	-1.87369814016719	0.607008016713901	-3.08677659697255	0.00202339602190676	0.0249796497663663
"ANG85144.1"	962.337611571927	1.87325898209538	0.549363152450201	3.40987373059242	0.000649929625342965	0.0105493554571057
"AFS16325.1"	42.0638447396136	-1.87216182690442	0.645386183928928	-2.90083964225455	0.00372164276652353	0.0390180767420351
"AHC69592.1"	588.907243598572	-1.8718960272357	0.593444932577071	-3.15428765918832	0.00160890413133347	0.0209849127360818
"AIT87172.1"	39.3469022447272	-1.87164003009575	0.572993791582722	-3.26642287855496	0.00108915470113075	0.015684906777499
"AAY38262.1"	189.962933324946	-1.86904536846671	0.662486483221311	-2.82125811741632	0.00478356965039464	0.0468615525629956
"AEP71394.1"	60.797882027691	-1.86736687470174	0.627335668471263	-2.97666300284228	0.00291404128359716	0.0327968378073236
"ABL69750.1"	438.894318008007	1.86649808706497	0.555748376778391	3.35853088385943	0.000783579647147562	0.0122324365948578
"AKL65907.1"	253.517378918432	1.86483285737383	0.58642214120036	3.18001781712515	0.00147265997369689	0.0196438552279734
"ACU74084.1"	298.26259728472	-1.86440296848553	0.547181377605982	-3.40728512480201	0.000656125473771614	0.0106266854677723
"ADU10250.1"	333.802749495589	-1.86277887961708	0.502819551330333	-3.70466676303386	0.000211668816531289	0.00433312212657157
"ACT01197.1"	95.2030834153099	-1.86210552705299	0.615502014770258	-3.02534432441792	0.00248350217037106	0.029270970295406
"ABP54664.1"	116.218142441473	1.85781124496603	0.567401796454548	3.27424279685878	0.00105945537662707	0.0153730565834354
"APG07231.1"	152.261979026788	-1.8557479449262	0.552683489996843	-3.35770468724659	0.000785925300982963	0.0122611441056639
"AKC85744.1"	296.931623668656	1.85510220106886	0.378017145482264	4.90745518619842	9.22657282181614e-07	5.34647728216153e-05
"ACN39731.1"	345.889718480831	1.85436008288335	0.545149400621996	3.40156309585517	0.000670016597641322	0.010786687700018
"AAF52326.3"	35.5179848822795	1.85164810434293	0.587079207807883	3.15400048190579	0.00161048819898764	0.0209849127360818
"AGJ56975.1"	175.744859306972	1.85147582658182	0.589520589241499	3.14064658702421	0.0016857532182037	0.0216968992664228
"ABI65876.1"	263.52927092341	-1.85137094283459	0.58552497623555	-3.16189918103478	0.00156743821922667	0.020590283708267
"ANH68661.1"	174.765745297707	-1.84966822900606	0.580081537714638	-3.18863488793875	0.00142946300781227	0.0192373283648685
"AIT07692.1"	233.235558550114	-1.84836828193985	0.618909171898078	-2.98649360175299	0.00282196743395126	0.0321030305591531
"ASF13300.1"	160.187509600441	-1.84722870203706	0.552830296110466	-3.34140280486355	0.000833561955533419	0.0128797564738456
"ARU28397.1"	63.9792428781446	-1.84580211166115	0.577380361626339	-3.19685641275012	0.00138934067460485	0.0188970636893837
"AAW61625.1"	135.489956091956	1.8456710868403	0.647494277069488	2.85048247097052	0.00436529564668061	0.0435575500052498
"AHF94509.1"	538.828002552598	-1.84505124621114	0.425492748569939	-4.33626954257685	1.44921217172137e-05	0.000530590708615046
"ADU49005.1"	139.553146116132	-1.84430828635351	0.621754026683874	-2.96629890149668	0.00301407401888261	0.0336555371642375
"ADU90688.1"	283.699416243964	-1.84137444302299	0.520921179983696	-3.53484272434578	0.000408017932079499	0.00724344086759181
"ASF94640.1"	30.8513449046314	-1.84090052716604	0.568360085221427	-3.23896870141549	0.00119962736889551	0.0168435040660856
"AFE10035.1"	954.511314394255	-1.83901228008353	0.417747511655679	-4.40221001627246	1.07153756590208e-05	0.00041752003996993
"ABG60100.1"	32.5677207919292	1.83872067944768	0.580797231085667	3.16585648318367	0.00154627063734447	0.0203564257953342
"ABK70327.1"	45.863269946409	-1.83785129967592	0.620327300876499	-2.96271226025214	0.00304941480140841	0.0339249149193927
"AEY91371.1"	144.785355939001	1.83714665982955	0.482673620173944	3.80618824614341	0.000141124984307695	0.003170660394887
"ACR02050.1"	818.848116083991	1.83500115603753	0.490932496018264	3.73778711110063	0.000185647035468788	0.00391298024149674
"ABQ26609.1"	34.3612615934213	-1.83302234235581	0.599725224655395	-3.05643695979117	0.00223984574851456	0.0270446844195642
"AJW78997.1"	927.663261060058	1.83271163892972	0.474296595734437	3.86406239347304	0.000111516716667046	0.00263656497835848
"AGK80288.1"	1215.9995462448	-1.82989827342228	0.399369474570876	-4.58196830238093	4.60619726677358e-06	0.000205259954445894
"CDR14464.1"	103.16721770224	-1.8293198000019	0.536988463361424	-3.40662774866852	0.000657707630783851	0.0106309629539591
"ACF02335.1"	210.402920846612	-1.82929222173514	0.642604409122092	-2.8466848278154	0.00441770758782088	0.0439536474105682
"ADE10584.1"	176.046032522705	1.82828306236319	0.610901057216304	2.99276460691382	0.00276462892268879	0.0316142372600665
"AFK65224.1"	308.464884641188	-1.82768978455298	0.504584431015292	-3.62216840673309	0.000292143822024225	0.00561032068374616
"SDS85544.1"	319.592614424887	1.82428479663198	0.487424103623091	3.74270534237395	0.000182049658110842	0.00385394188740862
"ANH27201.1"	29.8912009235001	-1.82428169489164	0.647248096747681	-2.81851998338561	0.00482456077816477	0.0471348982913883
"ACU37207.1"	418.720006907632	-1.82351552908149	0.412771227680409	-4.41773894786426	9.97387805578964e-06	0.000392419394009662
"AHF89581.1"	1073.02994823338	-1.82277783894657	0.462274451580414	-3.94306419642032	8.04471100379658e-05	0.00204043891151851
"AFQ48552.1"	160.808958449808	1.82238650440386	0.619134367422084	2.94344265202368	0.00324583952907135	0.0353781887769997
"ADH87039.1"	175.181910405896	1.82182585002667	0.57851201078595	3.14915821289793	0.00163741520908881	0.0212503259580622
"AGZ41235.1"	255.94097673216	1.81881366220497	0.593126303503179	3.06648626348641	0.0021659076006047	0.0263119981940777
"AQX16543.1"	1237.7313150106	-1.81638100913211	0.646853643924509	-2.80802469954717	0.00498464035155593	0.0481875120202153
"ADY26390.1"	160.184992747804	-1.81256769437132	0.428238744290135	-4.23261024028992	2.30994623254693e-05	0.000756343288077648
"AGM08151.1"	338.61435372965	-1.81185398445554	0.346464267569567	-5.22955512025993	1.69918435495206e-07	1.26508196420846e-05
"ADL02235.1"	1026.68919140672	-1.81141379202388	0.387407509873003	-4.67573226088902	2.92906553568663e-06	0.000140691749932914
"AGZ42864.1"	390.282883690659	-1.81055453590702	0.546197995938985	-3.31483189130792	0.000916982525175193	0.0138158319811109
"AAS95114.1"	100.990952397293	-1.80906942468288	0.619260920003937	-2.9213363321415	0.00348533346946199	0.0371845740566895
"AEB46680.1"	1227.24261738706	1.80783511950564	0.539798409454925	3.34909308334411	0.000810765521304246	0.0125918442355577
"ADY44330.1"	93.0425000269004	-1.80751177198643	0.635286519950043	-2.84519144547341	0.0044384737786379	0.0440515791721498
"AKV86538.1"	285.842021998442	1.80568344627805	0.623000964360944	2.89836380611427	0.00375115187307259	0.0392249878447439
"ADL47150.1"	336.872573005026	-1.80561219480936	0.499091795506781	-3.61779578639622	0.000297122681422862	0.00568338144062371
"ACB76950.1"	2123.20289214492	-1.80495888683565	0.489201561834378	-3.68960164409026	0.000224605476434054	0.00452898226106233
"AMO05362.1"	62.8982500999014	-1.80088447567608	0.619904865904104	-2.9050981444541	0.0036713795844332	0.0386413100498174
"ADU09912.1"	213.829801962562	1.79985506641973	0.417229592574214	4.3138240873928	1.60454637238538e-05	0.000578617117326514
"ACA18163.1"	678.750595496997	1.79984055618206	0.554653031101585	3.24498462148027	0.00117456966726845	0.0165817165921206
"AJC58336.1"	823.428557242934	-1.7993535235944	0.468680285587553	-3.83919183060725	0.000123439959095256	0.00285007317769839
"ADI13044.1"	542.047387338001	1.79905411420692	0.360938508341144	4.98437842632886	6.21613151892905e-07	3.82727059449176e-05
"AKQ63746.1"	408.496531519923	1.79794063004255	0.574234885523373	3.13101951025469	0.00174200587144397	0.022196585608915
"APU41941.1"	695.978640127295	-1.79793699828495	0.619938528426359	-2.90018593109352	0.00372941367571519	0.039065204636918
"AEK46136.1"	104.812211758585	1.79549904006333	0.543602401165538	3.30296377685898	0.000956687449596149	0.0142630722229686
"AEI42025.1"	873.261080595685	-1.79452913760922	0.579607980407653	-3.09610840131477	0.00196078664864694	0.024355828817921
"AEF20032.1"	285.384378713867	-1.79412593103602	0.398827299111251	-4.49850332470736	6.84335265339473e-06	0.000286981982936209
"AGL12187.1"	434.058462971103	-1.79391217056025	0.365563231579585	-4.90725547755124	9.23596935133908e-07	5.34647728216153e-05
"ABV92875.1"	192.232825612071	1.79321520047398	0.613893418472936	2.9210529816961	0.00348850496741068	0.0371856188090028
"ADB73474.1"	457.212975484187	-1.79021199629038	0.495959538069274	-3.60959283747121	0.000306678002303044	0.00582929114039808
"SDT72854.1"	428.200913013556	1.78978166174877	0.61724497215059	2.8996293894673	0.00373604111495904	0.0391157467699296
"ADG11713.1"	396.705779384231	-1.78944623936174	0.576297566601303	-3.10507339101733	0.00190231817031025	0.0237312536719386
"BAL09801.1"	79.3876935337512	-1.78944476482448	0.480657869092557	-3.72290745640514	0.000196941722763327	0.00410103172607936
"ADG16281.1"	214.647925126867	-1.78922992045422	0.431207282155853	-4.14934996345337	3.33420739399079e-05	0.000997253600894873
"XP_003717525.1"	50.396863468583	1.78763072246556	0.577872488589783	3.09346916103935	0.00197831112788493	0.0245231528490941
"AEV37742.1"	43.6943141187497	-1.78734605605457	0.601207617600102	-2.97292649615666	0.0029497508180768	0.0330287462031487
"ADJ49373.1"	341.409056337017	-1.78356399292831	0.568228070834978	-3.13881711318391	0.00169631281951456	0.0218212021763922
"ACK49668.1"	473.168697503856	1.78191486782508	0.499542187319911	3.56709585908092	0.000360959463825688	0.00658186597301445
"AEA28675.1"	653.804359550172	-1.78161847053164	0.524641940375108	-3.3958750405235	0.000684095831253414	0.010969560522756
"ACL52974.1"	1062.78547280591	-1.78107451102608	0.519370594693532	-3.4292940902383	0.000605153419258375	0.00994762043871936
"CQR64715.1"	206.204693123836	1.78013477150651	0.476746556633451	3.73392266129188	0.000188520405141101	0.00396663325495585
"ACZ86277.1"	14830.5064766689	-1.77979023945942	0.550868459238763	-3.23088063876245	0.00123409463764012	0.0171913574824284
"CCF63038.1"	179.621094289159	-1.77501714811389	0.608390502894189	-2.91756222306218	0.00352779254563404	0.0374723425051391
"ACT92883.1"	254.615101783317	-1.77398942501413	0.574020499314358	-3.09046354116809	0.00199844337808784	0.0247473564071605
"SDT13632.1"	87.2937045317781	1.7709594900135	0.489385885540743	3.61873838690034	0.000296042722194236	0.0056761852210253
"AEB45928.1"	236.542816802363	-1.77090763336502	0.53820196197814	-3.29041467417941	0.00100039836778734	0.0147158302681064
"AHX68231.1"	31.4822417493363	-1.76975451897268	0.471680103659301	-3.75202283336291	0.000175413483483383	0.00375285593266792
"AKQ43218.2"	69.9102481641043	-1.76972308111671	0.627382432026168	-2.82080433046441	0.00479034118638311	0.0468968553791936
"AEH77999.1"	100.213896298375	-1.76969119790474	0.620604935457585	-2.85155836957678	0.00435054979535827	0.0434641838968968
"ACU69978.1"	902.330808988096	-1.76645888395371	0.556091425176203	-3.17656198959369	0.0014903193529749	0.0198465918458633
"ACD20174.1"	243.347625095697	-1.76636613431281	0.621624717347697	-2.84153136935966	0.0044897434705953	0.0444874376568364
"AKU07896.1"	158.465454078941	1.76260701527263	0.482257834616492	3.65490592117454	0.000257276303885605	0.00505301519896102
"ABP69216.1"	288.259553512531	-1.76136539276823	0.535050017443577	-3.2919639946633	0.00099490348240281	0.0146611934005486
"APR52196.1"	351.402917915659	1.76041995185334	0.498793349412815	3.52935730583763	0.000416570285054788	0.00735748261859176
"ADE09306.1"	102.969426107667	-1.75988986776158	0.607922758360558	-2.89492348091663	0.00379250968697353	0.0395548952136631
"AAZ61778.1"	136.565511129263	-1.75551009096952	0.520648655786572	-3.37177494162043	0.000746854515832503	0.0117500901947978
"ACO75797.1"	156.737781762625	-1.75384909383265	0.543077287335076	-3.22946500384673	0.00124022059238186	0.0172667535522807
"ADI04056.1"	808.684581387865	-1.75223128616682	0.475454766587396	-3.68537957615518	0.000228362040860183	0.00458562348771273
"CUU17781.1"	92.2176404809204	-1.75207435257071	0.506543621630046	-3.45888148178152	0.000542423530086651	0.00915912223133754
"ABP42909.1"	125.041434244891	-1.75044115709974	0.609036054698321	-2.87411745757285	0.0040515825430086	0.0414326106181187
"AAW84078.1"	214.661191119872	1.7499699955257	0.587898420382703	2.97665367834552	0.00291412990394453	0.0327968378073236
"ADV67916.1"	616.613973622302	-1.74926514377888	0.534511878575779	-3.27264035448538	0.0010654795727077	0.0154300089972282
"ACY47191.1"	456.910815624277	-1.74700841164351	0.506613691204319	-3.44840347186539	0.000563910989951837	0.0094363445531567
"ADJ93836.1"	55.4951892844504	1.74681364236095	0.622834522189373	2.80461917271476	0.00503760610244262	0.0485250616484093
"ACU38454.1"	465.245224413655	-1.74643522872157	0.584599093918327	-2.98740666362641	0.0028135519189799	0.0320374191922619
"AGF65529.1"	143.573627653528	1.7462571867758	0.525796314705277	3.32116665320225	0.000896419937260963	0.013582137271073
"AJE39277.1"	231.382122692744	-1.74578712483786	0.493099587130807	-3.54043517861383	0.000399467750728787	0.00712300749033491
"AEN10445.1"	282.552242609316	-1.74448827008037	0.473156908001795	-3.68691282020499	0.000226991076990626	0.00456567172896275
"SDT80852.1"	160.708098090564	-1.74442877761536	0.528337941046634	-3.30172914358498	0.00096090811361305	0.0143083653077507
"ACI50426.1"	725.385154861574	1.74297250853762	0.484434858751223	3.59795022395923	0.000320734980629625	0.00603484733136738
"AMB44279.1"	208.083812092389	-1.74078915304856	0.395704483524459	-4.39921513535482	1.08643084224732e-05	0.000421803342164336
"ADU15179.1"	126.565830964617	-1.74029580870643	0.550770784814524	-3.15974604443206	0.00157906709775253	0.0207317886946923
"ADX54263.1"	200.308113790034	-1.7398718375166	0.434259904105047	-4.00652194934332	6.16194014868947e-05	0.00163846665689933
"AHX31436.1"	33.078011194683	-1.73976338516787	0.528738501800678	-3.29040419648449	0.00100043562388044	0.0147158302681064
"ACI53593.1"	221.459597494725	-1.73848661037857	0.540443088756424	-3.21678016898852	0.00129637888964903	0.0179248457101929
"ABR89018.1"	82.8284196237849	-1.73843433022034	0.599130619341593	-2.90159486779489	0.00371268344521987	0.039008163840202
"SDK00396.1"	90.9064079598063	-1.73824129149753	0.520780745026919	-3.33776029182431	0.000844565758297767	0.0129946503225468
"AMW08868.1"	110.003891480813	1.73820078129965	0.391883238606541	4.43550682973924	9.18559193003503e-06	0.000366771894275673
"ACF50425.1"	224.783168748923	-1.73790308554	0.477313618941594	-3.64100879709585	0.000271571855808249	0.0052859916069605
"SDG33663.1"	76.4442550213743	1.7353755601844	0.503457722247117	3.44691417670342	0.000567028679538663	0.00946353256909218
"ANI17130.1"	112.28448296424	-1.73246596611449	0.577170665115772	-3.00165284000875	0.00268518205904553	0.0309544308159718
"ADG73370.1"	1035.26047391013	-1.73191458977444	0.48466132565044	-3.57345325098949	0.000352304164908616	0.006482664546231
"AGN80783.1"	118.389996453676	1.73151052124434	0.55350380682924	3.12827210920795	0.00175837309278514	0.0223580418949669
"ADO69422.1"	337.366969196638	1.73083292345952	0.539766185112403	3.20663459697663	0.00134297462753002	0.0184113071174753
"AEJ43507.1"	62.4372528198588	1.72992795288913	0.614587192688397	2.81478034926482	0.00488105829372248	0.0475854019070116
"AGK75001.1"	463.162381940422	-1.72791292125557	0.571978983022278	-3.02093778363228	0.00251993133116622	0.0295706975849802
"AEE45837.1"	1487.83621845534	-1.72770150515257	0.436137888408125	-3.96136531833676	7.45224129341432e-05	0.0019101894340757
"AGG89376.1"	327.577769256487	-1.72613022424457	0.534821126337293	-3.22749072398453	0.00124881089962546	0.0173563913487864
"CCA59891.1"	673.016523342143	-1.72506005899374	0.573133927792429	-3.00987251904323	0.0026135736105169	0.0303596967352119
"BAH32245.1"	62.3901627285732	1.72328587749959	0.616948222723667	2.7932423079067	0.0052182587346031	0.0497502784086648
"ALE04933.1"	429.591699115215	-1.72055584538892	0.496324575590537	-3.46659409992296	0.000527097198473574	0.00895658069625356
"ABQ71626.1"	47.06390780146	1.720542851262	0.546806670537237	3.14652864342634	0.00165221077451854	0.021378900594131
"AEG03616.1"	109.25648599386	-1.71904445669219	0.594554086428892	-2.8913172004542	0.00383630698670968	0.039822874370405
"AEE46883.1"	1231.45735971182	1.71799024823514	0.590900050197772	2.90741259483755	0.00364432172011974	0.0384401275770434
"ABA73348.1"	192.379562191693	-1.7163499916774	0.516123180411844	-3.3254658128469	0.000882709246973889	0.0134501987714277
"BAX93337.1"	49.7821692886595	-1.71539719242808	0.515560208153056	-3.32724901049545	0.000877079600600013	0.0133812705521554
"AAY47897.1"	441.248726650178	-1.71367174535925	0.402253617884537	-4.26017733382113	2.0426477257952e-05	0.000699094017271096
"AKC84129.1"	700.492042786934	-1.71337782572773	0.430081716100636	-3.98384251546934	6.78098189546151e-05	0.00177767517794672
"AHH96905.1"	920.571224558357	-1.71234875538934	0.595264919826266	-2.87661627345537	0.00401964074341286	0.0411877143118522
"AHJ98306.1"	124.985932251863	1.71149218799276	0.55110847178932	3.10554505256642	0.00189928685167694	0.0237136449690541
"AFR47451.1"	103.286230822931	-1.71112014594085	0.520899894031803	-3.28493087740267	0.00102007393808727	0.014923052648064
"ACM00569.1"	275.169583103629	-1.71054061598703	0.520279288205874	-3.28773536591402	0.00100996726792343	0.0148199987761936
"ABX34830.1"	283.29609778733	-1.70993949709879	0.487415141553144	-3.50817886299158	0.000451185593416404	0.00784855341761088
"AIV36786.1"	194.650096012684	-1.70846371625978	0.407657326117917	-4.19093097756716	2.77812171398026e-05	0.000865150722177354
"ABN90274.1"	63.5447431794848	1.70788113362545	0.561514642782569	3.04156116955756	0.00235354739106073	0.0280121919436776
"ADU34921.1"	303.396646312163	-1.70695425480114	0.585378033064369	-2.91598618052933	0.00354566205387568	0.0376126193413546
"AEU37165.1"	236.689831314275	-1.7063640236284	0.491596455382125	-3.47106657289061	0.000518395461459233	0.00883353167671061
"AIG77475.1"	372.695696984057	-1.70568622891102	0.521520119692748	-3.2706048424669	0.00107317753596229	0.015530907199569
"AEB45033.1"	216.84100268102	1.70538778500429	0.56393173220278	3.02410325154581	0.00249371315104087	0.0293627139249324
"AIL09102.1"	63.6740644949433	-1.70336101494847	0.501178524087388	-3.39871110409245	0.000677041905029154	0.0108708579800865
"AMY09989.1"	80.8483575114228	-1.70308981043925	0.567074974899811	-3.00328860525039	0.00267079023411328	0.0308473084939566
"ACU86690.1"	539.314946014622	-1.70275913196324	0.609539381537268	-2.79351783254571	0.00521381542449343	0.0497275095886746
"ACF93784.1"	97.4091361351305	-1.70203402876536	0.485743136642075	-3.50397957350765	0.000458360514922929	0.0079619162811128
"ADB34580.1"	311.884755480924	-1.70147365318307	0.536016935034083	-3.17429085160319	0.0015020309602578	0.019925791198113
"AEI63450.1"	559.970242066583	1.70135940233118	0.356027632889692	4.77872851756514	1.76407191828126e-06	9.10133224022424e-05
"AFE09802.1"	247.391400250847	-1.70101487160462	0.472072587238806	-3.60329092937595	0.000314213498818186	0.00595381678222681
"AEV83906.1"	514.479637524618	-1.70078901119147	0.396563259772669	-4.28882144091325	1.79623701484404e-05	0.000628085940002619
"AIX51156.1"	104.704836297478	-1.700017860516	0.466846495900109	-3.6414921723644	0.000271062368569913	0.00528091476029483
"ACB22822.1"	404.973587496218	-1.69543809100438	0.407722717253651	-4.1583115663129	3.20608543785388e-05	0.000970934284602632
"AEK46344.1"	315.387080829113	-1.6935082155915	0.567007709103008	-2.98674636764744	0.00281963544170414	0.0320915892675988
"ADK86362.1"	262.926720405836	-1.69225069565552	0.533098260854229	-3.17436919217084	0.00150162557253112	0.019925791198113
"AKJ35912.1"	41.0900603819897	-1.68933592146983	0.600990892420981	-2.8109176740843	0.00494004242448356	0.047947936841247
"ADI12260.1"	376.621580818745	1.68588305740893	0.427104737818267	3.94723567343398	7.90587257968029e-05	0.00200732842403488
"AGP53421.1"	262.435343507535	-1.68060810160427	0.55644416148753	-3.02026369925697	0.00252554693808149	0.0296119461561192
"ABG09670.1"	30.4263914578243	-1.68015997463613	0.569708585156742	-2.94915684687089	0.00318642215524438	0.0348719388921068
"AAZ97823.1"	412.810636880414	1.67979921824886	0.421762833134125	3.9828052314763	6.81065692661466e-05	0.00178352235555514
"AIQ16995.1"	161.093826226778	-1.6797335886872	0.522537342904535	-3.21457138230611	0.00130639428886705	0.0180118647337414
"ACN36154.1"	34.1627232486187	1.67789260450799	0.600607403150248	2.7936595448329	0.00521153140088563	0.0497253254366047
"ADB49808.1"	587.596115390418	1.67522367292514	0.384107484894097	4.36134087151939	1.29267793743886e-05	0.000482699506978521
"AAZ47650.1"	482.229752855487	-1.6739508895819	0.525351848152648	-3.18634243977287	0.00144083944446063	0.0193473873682652
"ACB74694.1"	420.507902318146	1.67305953420273	0.584767270566373	2.86106904133382	0.00422215094667028	0.0425858217826514
"ACQ96008.1"	67.0089797278706	1.67193820511068	0.473285100637307	3.53262378819724	0.000411457544471872	0.00728846134962364
"ACB95495.1"	247.906110924584	-1.66936747989689	0.448247218545007	-3.72421157529007	0.00019592656428891	0.00408645957347297
"ABQ36232.1"	394.196747306596	-1.66901353283047	0.522434349495094	-3.19468567570928	0.00139983207814796	0.0189757629103339
"AAF16405.1"	238.688594142968	-1.66892392711463	0.505704195185987	-3.30019790818788	0.000966166686376717	0.0143689829811047
"AFH59871.1"	59.5679629314821	1.66850171144301	0.586307530541417	2.84577909122582	0.00443029175222457	0.0440064735338989
"AOR79043.1"	733.947503891427	-1.66824690332334	0.354508384491676	-4.70580380127093	2.52867624927373e-06	0.000124110302644374
"ANI40163.1"	47.2639528718999	1.66658033778219	0.431603197493333	3.86137161972238	0.000112752253528475	0.0026488022122607
"ABO31337.1"	178.508157249778	1.66525383270495	0.523490237253679	3.18105995909526	0.0014673725627015	0.0196057503587455
"AGM06774.1"	368.631564302501	1.66118496900681	0.316536778814317	5.2479998540115	1.53759419642771e-07	1.17873180799593e-05
"ADO73399.1"	195.207021287863	1.66110005654806	0.564462876106666	2.94279770532537	0.00325260883298361	0.0354200611753845
"ABJ85391.1"	549.354287104983	1.6605652998677	0.524201695246943	3.16779841599985	0.00153597982932615	0.0202669564513299
"ABS02532.1"	799.653022067259	1.65915822856048	0.392606813447522	4.22600467371221	2.37877052325658e-05	0.000773643956333862
"ACB34341.1"	1026.60013761129	1.65849267838615	0.519041992342853	3.19529576190945	0.00139687611007447	0.0189628205903996
"ABZ71537.1"	756.466108040984	1.65793457050301	0.471289549536444	3.51786830863052	0.000435028193413999	0.00760576386997005
"ACK51945.1"	151.511151150489	-1.65700550124829	0.467301830850322	-3.5458998699687	0.000391274850991022	0.00700272009573207
"ABC93448.1"	296.676573316394	1.65665724655382	0.509894799756443	3.24901773335429	0.00115804258597149	0.0164058293048901
"ADB50348.1"	792.371948195334	-1.65557364996729	0.334462706283179	-4.9499499312356	7.4232576189052e-07	4.43507566925059e-05
"AAU90416.1"	294.864815655673	-1.65463264533912	0.465888094405143	-3.55156670713339	0.000382944908060576	0.00688930701884145
"ADB73293.1"	1279.65364258253	1.65376339594121	0.392981185884984	4.20825081540985	2.57355119888405e-05	0.000818294590793659
"ALN86362.1"	403.161282539009	1.65207872971747	0.377741014279162	4.37357519376103	1.22228117312988e-05	0.000460678154925603
"AGB21508.1"	54.8589628979524	1.65103996153827	0.528853353535078	3.12192397098746	0.00179673332647439	0.0227620713616235
"ADJ22317.1"	357.923234264693	1.64829448581423	0.486381937055297	3.38888918407106	0.00070176364751724	0.0112083003161549
"ADJ22196.1"	214.229626383826	-1.64697281432951	0.554181484477852	-2.97190155293854	0.00295961567777042	0.0331085624387475
"AKJ10596.1"	1035.38542411257	-1.64570436591874	0.489363709838716	-3.36294729836246	0.000771150841161129	0.012093024564858
"ACU35739.1"	1028.66735981709	-1.64392306146374	0.575755858764207	-2.85524330571682	0.00430038703164647	0.0431232760069415
"ABP00921.1"	349.641843641315	-1.6434234782451	0.539197867777415	-3.04790426011758	0.00230443333546647	0.02759125769005
"AKE92279.1"	100.655764787435	-1.64325868691907	0.475475979939042	-3.45602881375782	0.000548196717250662	0.00922442000508642
"BAD01325.1"	396.080695319372	1.64298400146579	0.560530344677854	2.9311240989282	0.00337737832669655	0.0363375169211476
"ACX81318.1"	74.1106718517217	-1.64193373841546	0.569122153593101	-2.8850286850534	0.00391377999279054	0.0403922704674632
"AEB43114.1"	43.1634333962938	1.64172463934867	0.570725298206194	2.87655838020263	0.00402037818541771	0.0411877143118522
"ADG73600.1"	1310.0765263691	1.64115328151833	0.558196873126935	2.94009759016535	0.00328108887445245	0.0356499809138419
"AEK62802.1"	87.8217448580121	-1.640509296121	0.520212631375463	-3.15353606809474	0.00161305294012002	0.0210070193714123
"ADG73256.1"	372.761933097617	-1.6402406326008	0.456041614337897	-3.59669069890076	0.000322291328825039	0.00605472304625735
"AIG74059.1"	376.864317398729	-1.6398114068082	0.339424422961707	-4.83115325791745	1.35744460738662e-06	7.34811793398971e-05
"AIJ12155.1"	625.093970740286	1.63932943837649	0.520877307480401	3.14724679849519	0.00164815783188462	0.0213378678748594
"ABE63096.1"	213.874159409274	-1.63686854839092	0.495050205712475	-3.30646978731207	0.000944795385788196	0.0140944598951399
"AKJ02217.1"	199.556890264571	-1.63668672063097	0.496124797372487	-3.29894157538381	0.000970501078349881	0.01441572412083
"ADL01829.1"	259.211203869721	-1.63465765233419	0.574409722075658	-2.84580429179936	0.00442994118043541	0.0440064735338989
"ACG33758.1"	36.6964777832709	-1.632236940615	0.50186525112094	-3.25234101577927	0.00114458607457768	0.0162723556090224
"ACX66156.1"	37.125304749992	-1.63183183788195	0.491285107742668	-3.32155771091822	0.000895164680051541	0.0135810357460574
"SBO95178.1"	429.968534919754	-1.62908942030964	0.506513805513562	-3.21627841645478	0.00129864776765179	0.0179459623265965
"ABQ38144.1"	215.360245525962	-1.62865065921464	0.499931860884774	-3.25774527819105	0.00112301160532937	0.0160272476282473
"ACU72743.1"	708.252341161329	1.62785987042365	0.337779754920944	4.81929377562797	1.44067283231818e-06	7.61134509248976e-05
"ACQ98238.1"	97.7820351701767	-1.62535330715767	0.562362293392043	-2.89022455142556	0.00384966733467454	0.039927304113639
"ADZ71036.1"	602.448529812888	-1.62464303620004	0.479749391187395	-3.38644105869315	0.000708054846280676	0.0112641703586151
"ANJ06731.1"	293.586600290803	1.62414707970973	0.54642352945345	2.97232273532265	0.00295555824941519	0.03307846575444
"AIJ12158.1"	139.25761679372	-1.62403326851098	0.492865731244773	-3.29508254592859	0.000983927727871173	0.0145704401660335
"ACU95603.1"	280.755199039992	1.62383075944223	0.548534701369393	2.96030634960451	0.0030733326647145	0.0340969419936253
"ACX75579.1"	155.590644553154	1.62238178389874	0.506230307127035	3.20482942458759	0.00135142543856336	0.0184957247380756
"ACU76073.1"	677.608240530013	-1.62169208225791	0.518450880811049	-3.12795703948073	0.00176025908161054	0.0223702673307406
"ABY30372.1"	377.295249390192	1.62166604759997	0.442978897192753	3.66082009295882	0.000251409250392442	0.00495790516034711
"ABN84575.1"	62.5762115462973	1.61907875226253	0.571500264155181	2.83303237778189	0.0046108715445888	0.0454400349827221
"AIR21982.1"	28.4534603605914	-1.61480339301364	0.552801934403206	-2.92112471487089	0.00348770182083876	0.0371856188090028
"AEO71029.1"	96.3155355638359	1.61297630057263	0.494792052044722	3.25990745790483	0.00111448571042902	0.0159569294291426
"AGP60371.1"	156.072645290255	-1.61237350235993	0.545649072636533	-2.95496424940131	0.00312705284504807	0.0344359206908522
"AEG44915.1"	1255.75712406641	-1.60705248402957	0.3731508846564	-4.3067095647096	1.65700943079304e-05	0.000592240135847847
"ADG89116.1"	1138.14700461431	-1.6067711792939	0.435747347845302	-3.68739175863976	0.000226564415855118	0.00456088117341621
"AGZ41008.1"	481.171003652058	1.60575076835401	0.464099213520561	3.45992994940266	0.000540315929440547	0.00912990540829114
"AKL68859.1"	426.414009363173	-1.60248109899375	0.524088554335505	-3.05765330255217	0.00223077503803991	0.0269620697279979
"ABF09084.1"	168.696629881985	-1.60157545892404	0.521226872486881	-3.07270316145173	0.00212129382402097	0.0259367726588286
"ABO00409.1"	61.1348684856898	-1.59782417950174	0.532929354093226	-2.99819134980926	0.00271587095279892	0.0312189688574231
"ACY16781.1"	366.173094637628	-1.59430886075595	0.528963885567816	-3.01402213696412	0.00257808993922526	0.0300926397778261
"ANT60669.1"	244.292108954594	1.58641893407986	0.41198884579452	3.85063564286662	0.000117811658858454	0.00274519521003811
"ACL28421.1"	183.824355249571	1.58417226140466	0.482792743939012	3.28126775162301	0.00103341592082252	0.0150726733189527
"ACY98022.1"	366.703429158113	1.58394057100159	0.391392238632521	4.04693914354483	5.18917252449102e-05	0.00143664081893718
"AEI43761.1"	126.467326602062	-1.58311639181457	0.525737518767739	-3.01122962562228	0.00260192006367622	0.0302600837331292
"ABS26669.1"	511.455623382693	1.58247920089889	0.535550800837442	2.95486291575769	0.0031280800792864	0.0344359206908522
"ABS25981.1"	1723.24372958501	-1.5793965101314	0.477013806782447	-3.31100795757829	0.000929605650261147	0.0139538882874497
"CAP70884.1"	67.4331130304766	-1.57869196449954	0.485704939992233	-3.25031070205872	0.00115278986236636	0.0163428211134408
"ABB08122.1"	224.914769887435	1.57829204161211	0.366536562879565	4.30596071838732	1.6626256115534e-05	0.000593370972312059
"ABP47681.1"	143.258239758682	-1.57684496677227	0.458941765066397	-3.43582799997325	0.00059074588991988	0.00975053089931197
"CBG71389.1"	48.4756389964574	1.5708565522895	0.394732623238336	3.9795457983746	6.90470581445676e-05	0.00180035739862511
"AEG96860.1"	283.725076417755	1.57052333977149	0.497586970456374	3.15627906882498	0.00159795892480249	0.0208778683063963
"ABO93653.1"	135.423154998981	-1.56701419901655	0.54723694892914	-2.86350218508264	0.00418985924187358	0.0423837893292705
"AEF22527.1"	622.203411067343	-1.56401751304085	0.453966822834138	-3.4452242639156	0.000570585779543828	0.00951513722096623
"ACL95830.1"	270.334416431284	1.55994904354207	0.406102996211343	3.8412645513461	0.000122402108106142	0.00283379235809098
"AEM83762.1"	150.797464142113	1.55863958482987	0.508706065165429	3.06392962765839	0.00218450289580741	0.0264821726301863
"AIQ34761.1"	105.797609108008	1.55860671059504	0.508273294440084	3.06647374088779	0.00216599832706293	0.0263119981940777
"AFV10649.1"	113.181636079359	1.55841894330394	0.458005265917407	3.40262232614804	0.000667424701991568	0.0107592774910659
"SBT41835.1"	109.904104683411	-1.55715076868543	0.545146627076317	-2.85638888941972	0.00428489949183739	0.0430280013983347
"AFJ88441.1"	69.5600075973348	-1.55704297717585	0.533517768738329	-2.91844633564497	0.00351780420161002	0.0373990809606141
"ABM96248.1"	851.126039661255	-1.55381172306584	0.485701262611898	-3.19910991112127	0.00137852602600386	0.0187816409072159
"AFH63220.1"	156.639573884452	-1.55201606653379	0.477298443759497	-3.25166798011985	0.00114729957783451	0.0162917886648249
"AKC82215.1"	770.811081431166	-1.54845952547012	0.300917303801166	-5.14579755271662	2.66386587425844e-07	1.89581066351269e-05
"ALV36487.1"	195.6495773686	-1.54779306609201	0.445504441538701	-3.47424833913257	0.000512286662693077	0.00876028295207377
"ACU73180.1"	431.319264975338	-1.54700126001726	0.531241292698446	-2.91205010092354	0.0035906503830346	0.0379733248768742
"ANG85634.1"	610.917097921068	-1.5467717334862	0.502592462496118	-3.07758641226768	0.00208684324697957	0.0256061592531261
"AKN74564.1"	152.191596705074	1.54651658839089	0.523845977811145	2.95223530178261	0.00315482424057326	0.0346514111910549
"AQW55389.1"	146.128529762557	1.5454672152653	0.539322219736947	2.86557304466168	0.00416255229546516	0.0422311437708052
"ADG20346.1"	320.414790333077	1.54447193232939	0.489023409203813	3.15827811769579	0.00158704070576988	0.0207913502747774
"ADU10146.1"	193.855161998484	1.54429621058741	0.309269113818562	4.99337354293126	5.93336405729568e-07	3.68127205370214e-05
"AGK57549.1"	153.357334673429	-1.54385385540913	0.450106470633892	-3.42997480848229	0.000603637289147078	0.00993619828945023
"AAY47705.1"	41.8494279765707	-1.54230326203582	0.35279494374781	-4.37167053941202	1.23299485959019e-05	0.00046399341551328
"AEK41888.1"	531.430270065292	-1.54089289568899	0.424953519186958	-3.62602690910078	0.000287815375717503	0.00554479987757677
"AMU95187.1"	278.576017777361	1.53763862969021	0.498940248287842	3.08180916445757	0.00205746695101142	0.0253123066161959
"ABM42525.1"	243.621524720053	-1.53641132708134	0.521968139030439	-2.94349637879285	0.00324527619721054	0.0353781887769997
"ABO58038.1"	874.206157728519	-1.53611806902396	0.394686233307586	-3.89199809719949	9.94220249421367e-05	0.00242427098231671
"ABL93541.1"	64.0933410895419	-1.53527597109875	0.466317549197417	-3.29234010974095	0.000993573758548831	0.0146505205579562
"CAK16207.1"	180.080104600982	-1.53521465430711	0.49044881648177	-3.13022399629783	0.00174673055691035	0.0222333715336979
"AEV60598.1"	72.5302291945981	-1.53488919032085	0.478973866507016	-3.2045364009403	0.00135280183073598	0.0185040960420116
"ADW22537.1"	117.69378684979	1.53298801592991	0.547258028914929	2.80121612645762	0.00509104102688782	0.0488647043742977
"ABE43577.1"	238.479510074874	-1.53213994256268	0.386235532503017	-3.96685393659558	7.28275932284985e-05	0.00187677357128121
"ACN38287.1"	37.7781861245015	-1.53038718159213	0.518269569834046	-2.95287871538005	0.00314825630157534	0.0345950761713072
"AGZ43959.1"	590.943192065226	1.52809857725007	0.477419494305876	3.20074608489078	0.00137072265508545	0.0186963788529326
"AKL67969.1"	414.365686716976	1.52792479365175	0.432515832304673	3.5326447716611	0.000411424891164738	0.00728846134962364
"CAN94347.1"	149.611638886639	-1.52769808746877	0.486139337954731	-3.14251073343714	0.00167505571646053	0.0215821742125641
"BAW10199.1"	107.122097587888	1.52481528954009	0.466559670225196	3.26821066382377	0.00108229774694432	0.0156255122809139
"ADB30605.1"	554.623750687797	-1.52330036790539	0.513713772507257	-2.96527064180252	0.00302416752612473	0.0337371054078562
"ACK82432.1"	385.397009509243	1.52103233020169	0.495038627172218	3.07255282055503	0.00212236268398895	0.0259367726588286
"AAK24253.1"	281.07725523155	1.51597871193375	0.452553830750288	3.34983069178846	0.000808609694039435	0.0125664282380682
"ABJ85953.1"	90.2124924579192	-1.51596223355981	0.530932083865279	-2.85528465811171	0.00429982709252803	0.0431232760069415
"AGM42716.1"	35.7562272823594	-1.51378728319076	0.472867977423574	-3.2012894834593	0.00136814006088832	0.0186716779770528
"ACU38092.1"	107.875173011857	-1.5132374258526	0.495313319736088	-3.05511151337275	0.00224976855473525	0.0270968888595962
"ADU14365.1"	186.872345037155	1.50883064088136	0.492431523418255	3.06404153496853	0.00218368590237991	0.0264821726301863
"ADT97549.1"	138.226288429395	-1.50012105477444	0.479871543904136	-3.12608879153317	0.00177148056511676	0.0225010578656852
"AMR65553.1"	342.222536668265	-1.49873793633814	0.478627149600363	-3.13132662363498	0.0017401850216886	0.0221850668966275
"ACA93741.1"	508.906905380333	-1.4980048337692	0.526628659607101	-2.84451825103254	0.00444786376116098	0.0441266746325593
"AKC84126.1"	211.568113422604	1.4968277798247	0.340269350553708	4.39894976549891	1.08775999301792e-05	0.000421803342164336
"AHX68341.1"	41.1774279842315	-1.49655011791966	0.471225779096197	-3.17586639845982	0.00149389734788954	0.0198798334735222
"AAX92971.1"	448.877634125169	-1.48837114435468	0.518638556188598	-2.86976570984716	0.00410776041574733	0.0418480726677238
"ADI05325.1"	354.030404679287	-1.48815235066795	0.476799753896384	-3.12112650752614	0.00180160620573568	0.0227999295816873
"AIQ34533.1"	29.2618472299615	-1.48604231249185	0.476115454280365	-3.1211805857845	0.00180127537845689	0.0227999295816873
"ADW01763.1"	164.026404160592	1.48079389544156	0.497967520984745	2.97367565762773	0.00294255928964728	0.0329986020349394
"ADU34243.1"	322.48753098991	-1.47985632034479	0.454686052336521	-3.25467718382864	0.00113521322304134	0.0161485916272377
"ABM44117.1"	170.280634132404	-1.47934241443085	0.465823494945733	-3.17575740700496	0.00149445869687717	0.0198798334735222
"ADI05411.1"	175.183337843342	-1.47917542031063	0.393739010174339	-3.75674084123818	0.000172140600534968	0.00370064539631593
"ANZ27271.1"	92.0253389529832	-1.47831989797962	0.510235282673652	-2.89732981661551	0.00376353866583152	0.0393317208716753
"ABY61040.1"	39.618926138116	-1.4756558565455	0.428567807300285	-3.44322609260184	0.000574818541028773	0.00955280510801732
"ABJ12104.1"	193.294010556513	-1.47494454306619	0.478381061415656	-3.08320011394565	0.00204787394986583	0.0252560682797674
"ADG89529.1"	377.399073538254	-1.4743257192054	0.40770318962913	-3.61617411074595	0.000298989312341011	0.00571335321692844
"AJE43210.1"	294.637605587924	-1.47334106561551	0.381849817641177	-3.85843071686368	0.000114117407264718	0.00267308703154346
"AEA25808.1"	941.29448051492	-1.47326687499162	0.488521621185111	-3.01576595815268	0.00256331029737673	0.0299490194426
"BAQ49069.1"	556.348175575631	1.47156132056828	0.397354865646954	3.70339323307984	0.00021273473645969	0.0043365984988333
"ABP69863.1"	336.267421218204	-1.47106124274739	0.469683515467941	-3.13202655469351	0.00173604172596372	0.0221535884130187
"ACF85320.1"	266.684571752877	1.46985705818978	0.350364853057497	4.19521834271591	2.72608853255966e-05	0.000855553362157537
"AGL15292.1"	291.222957951502	1.46953955707784	0.389460242204351	3.77327233393639	0.000161120247317248	0.00352640560602446
"AKN75840.1"	113.180919480973	-1.4630604115245	0.421453542617225	-3.47146307618842	0.000517630512879115	0.008826712840124
"AHE48177.1"	97.0704992521299	1.46303410462231	0.500710403909565	2.92191672711189	0.00347884538834718	0.0371481120308194
"ABQ36024.1"	219.780868280839	-1.46279568260697	0.491351842938713	-2.97708394428354	0.00291004320219656	0.0327966070626689
"APA89700.1"	415.748017186316	-1.46274397701987	0.470124922059574	-3.11139424519705	0.00186206157034942	0.0234058721131143
"AGP57195.1"	398.346610778941	-1.46240917652237	0.439618821807365	-3.32653904696369	0.000879316991755994	0.0134069522681284
"ACQ79186.1"	487.632273343382	-1.46081294964952	0.374121689358732	-3.90464651261851	9.43632107472188e-05	0.00232442906255452
"AAM42805.1"	33.9556414817975	-1.4584538882238	0.421924725255776	-3.45666845511285	0.000546897264091586	0.00920895831539604
"ADG12157.1"	636.346637455233	-1.45756460584877	0.389408626705202	-3.74302084209398	0.000181821141315264	0.00385247474291194
"ABQ66849.1"	303.281629446567	-1.45468624047795	0.39214940441517	-3.70952046362889	0.000207652174135674	0.0042725847428239
"AQA25364.1"	133.544755975178	1.45308238914087	0.506822593122633	2.86704343661585	0.00414326142189752	0.0421060464618456
"CUW31909.1"	119.291672784685	1.45143607089309	0.424809231487967	3.41667733021994	0.000633903641844595	0.010347646546476
"ANB19106.1"	790.793690846541	-1.44984523209743	0.396282895847649	-3.65861168193043	0.00025358523122783	0.00499674416939723
"ACO73870.1"	127.675494343638	-1.44848422424724	0.477244190017212	-3.03510080278819	0.00240455305793533	0.0284682938599214
"SDS82450.1"	399.26988586841	-1.44737183254183	0.430694192984297	-3.36055571706907	0.000777858396527845	0.012166670730953
"ACG32291.1"	47.6482016306089	1.44681395829876	0.515225807105156	2.80811624407522	0.00498322354666201	0.0481875120202153
"SDT69950.1"	196.31166141859	-1.44593077226596	0.503106522889622	-2.87400521853935	0.00405302266120126	0.0414326106181187
"AII52876.1"	189.697559458152	-1.44582412750816	0.392702893259473	-3.68172517270672	0.000231661058492983	0.0046288213314242
"CUW27640.1"	108.351720093001	-1.44513138151013	0.504543162698191	-2.86423737026158	0.00418014632953295	0.0423386357202632
"AHJ99334.1"	87.2549594078259	-1.44409590065504	0.505293053995962	-2.85793736770143	0.0042640454712126	0.0429010845184746
"ABJ88388.1"	77.0607935746385	-1.44359379784209	0.495985728768841	-2.91055511098162	0.00360787333084817	0.0381055045772733
"ACO76762.1"	753.507700816766	-1.44240959959638	0.507830270282802	-2.84033797117514	0.00450657601703568	0.0445994355354652
"ACM04012.1"	192.025373058872	-1.44163116009358	0.463132450401725	-3.11278373787691	0.00185331768725138	0.0233080707268303
"ADL47471.1"	128.443681423722	-1.44137874905571	0.495826819735995	-2.90702053959723	0.00364889237895502	0.0384715681453484
"AAY89412.2"	194.05039134737	-1.44072849531931	0.464307885118564	-3.10295935411782	0.00191595952624019	0.02384797976154
"ACL96367.1"	285.782997149981	-1.4406317646532	0.499041279251872	-2.88679879711133	0.00389183017854719	0.0402610580719565
"AKZ55002.1"	81.6303534361543	-1.43833898235163	0.279998127258063	-5.13695929482404	2.79219404490484e-07	1.97551810832054e-05
"AKH81272.1"	1385.09410711195	-1.43529709999744	0.437581853479215	-3.28006540624432	0.00103783023306674	0.01511883091482
"AEI10686.1"	1236.93696869387	-1.43481774157087	0.488002260746687	-2.94018666916721	0.00328014568261521	0.0356499809138419
"AEC53450.1"	495.101717414561	-1.43448674986447	0.505595223398964	-2.83722369887288	0.00455077156142354	0.044963258257152
"ABF39292.1"	426.337328150989	-1.4312440071874	0.366046419899499	-3.91000684443343	9.22935059237843e-05	0.00228814135536661
"AMP21811.1"	70.4365981130361	-1.43036709419978	0.505152616484683	-2.83155436104359	0.00463223587755414	0.0455820299020649
"CCK63224.1"	31.4699420408852	1.4302558253866	0.483542068516175	2.95787257926816	0.00309770143107097	0.034226064624486
"ABD88150.1"	746.709704677231	-1.4276638089002	0.469848962344621	-3.03855903347308	0.00237712525668183	0.0282234052188078
"ADL44187.1"	349.808489640833	1.42669794143802	0.357832205966862	3.98705850856294	6.68975325952618e-05	0.00175687966705301
"ASE52599.1"	39.8035407206736	1.42451460648078	0.47905995506346	2.97356226798811	0.00294364673780231	0.0329986020349394
"AGM07708.1"	528.94950269635	-1.42314050039668	0.490519410799612	-2.9012929337022	0.0037162629665269	0.0390118937097837
"AEI40311.1"	39.8012979137041	-1.42191606091181	0.496122065906759	-2.86606091247521	0.00415614267706762	0.0421920470097935
"AAG06253.1"	191.359197659899	-1.42041753624393	0.495306652674345	-2.86775380176011	0.00413397084635265	0.0420292825920988
"ADJ45129.1"	518.81255537298	-1.41922422392037	0.410706333226469	-3.45556936697588	0.00054913187334751	0.00922732218013173
"AFC32440.1"	44.7115675463476	1.41745620820217	0.478423993916709	2.96276153835408	0.0030489266923981	0.0339249149193927
"AHY41457.1"	81.5340379765746	-1.41250473480199	0.430914809509169	-3.27792107310235	0.00104574631261148	0.0151975516674234
"AGU47914.1"	536.191015278363	-1.4119966134976	0.477367706390921	-2.95788046529755	0.00309762218641891	0.034226064624486
"ALB65653.1"	39.9363486069291	-1.41157733572474	0.489100715622538	-2.88606679695419	0.00390089356103837	0.040320342373535
"AOT57724.1"	197.452568153492	1.40942082863003	0.397202589204094	3.54836767669164	0.000387626710248747	0.00695748758144003
"ACJ23248.1"	106.300896174869	1.40738511801534	0.389207825313738	3.61602472119069	0.000299161818648937	0.00571335321692844
"ABM16566.1"	146.539436931688	1.40651353847927	0.474496635819987	2.96422236176374	0.00303448928455295	0.033836422000484
"AIJ16572.1"	86.1777294766339	1.40625393706703	0.480078830551894	2.92921463637632	0.00339819679794082	0.0364780904671495
"AJE37622.1"	37.8991185102482	-1.40287075148291	0.415741637230116	-3.37438116814461	0.000739818497163401	0.0116469669328971
"ABK65496.1"	694.972596694127	1.39887740472971	0.309125609400599	4.52527180598903	6.03179334228511e-06	0.000259238549739383
"AEA63934.1"	518.33407044335	-1.39701533728933	0.366651668841617	-3.81019767809322	0.00013885571991047	0.00313422747637467
"AHL27897.1"	171.356505734462	-1.39598072248314	0.46920476990508	-2.97520573536698	0.00292792109027294	0.0329075083781656
"APU40413.1"	115.706343241382	1.39404948827374	0.471943174718874	2.95385030010052	0.00313836202502081	0.0345209524780411
"ANS62881.1"	177.198484478773	-1.39194151629245	0.495662028648853	-2.80824722459939	0.00498119703693407	0.0481875120202153
"ABM15634.1"	321.219568651305	-1.39129178404868	0.478781504720177	-2.90590127298634	0.00366196971258462	0.0385590431398651
"AGZ44159.1"	513.182727926602	-1.39074656353966	0.334880687768721	-4.15296138098044	3.2820014379968e-05	0.00098529266495296
"ACI98608.1"	234.961393171199	1.38781683629147	0.3806601615739	3.64581581259599	0.00026654484494298	0.00521389297743353
"ABF80533.1"	374.010785028241	-1.38778574510002	0.481432619637416	-2.88261677437896	0.00394386924913325	0.0406108258837897
"ACM00081.1"	114.690116913349	1.38758097645391	0.484749654674604	2.86246924174778	0.00420354058353949	0.0424689233820062
"APT85625.1"	172.207657964294	1.38731340132988	0.400140039982771	3.46706968237822	0.000526165468892171	0.00894703151847074
"AGL85100.1"	44.4851673601809	1.38627643060706	0.465335506661587	2.97909016346612	0.00289105693492133	0.0326586856462611
"ACS54636.1"	216.224611803818	-1.38454253464196	0.450260140546747	-3.07498357052153	0.0021051414977461	0.025778395152309
"AKS32874.1"	203.646570192273	-1.37903543580221	0.46460263171056	-2.96820409889828	0.00299545357705746	0.0334630610360385
"ACL38614.1"	171.131336052463	-1.37529518684257	0.491187415213014	-2.79993978723202	0.00511121396371371	0.0489806115960319
"BAN29407.1"	31.5250071645691	-1.37016952604044	0.477630387364655	-2.86868164649325	0.00412186441466957	0.0419414437517913
"AJP04697.1"	428.51612048132	1.36851946475665	0.422937759549202	3.23574671179825	0.0012132498933026	0.0169497734805099
"ACF52384.1"	297.014153410974	1.36728604641694	0.396673512244624	3.44688012738735	0.000567100145686807	0.00946353256909218
"ADG99349.1"	278.202398327571	-1.36589951486293	0.447278805661868	-3.05379887795424	0.00225963513326029	0.0271751447910036
"ABF93096.1"	514.183601937228	-1.36396334445301	0.476810748612202	-2.86059688969457	0.00422844324431533	0.0426127860440969
"APU14453.1"	128.209118553275	-1.3615218000759	0.386541817832934	-3.5223143713376	0.00042779651823866	0.00751735101802532
"ALC25808.1"	439.085278833294	-1.35837035990577	0.474770161331475	-2.86111148201957	0.00422158576192764	0.0425858217826514
"ADJ24452.1"	145.655334060203	-1.35509748420617	0.344821060673851	-3.92985707299326	8.49963694313323e-05	0.00213789724649683
"ACF85134.1"	62.8261955570533	1.35287925456093	0.464403493624688	2.91315477409882	0.00357797214035363	0.0379055130823716
"ABZ82761.1"	373.754901682166	-1.35274991083693	0.472353907310848	-2.86384825000867	0.00418528465125506	0.0423673065065651
"AGP57635.1"	450.062812631218	-1.34954330689389	0.448179199382412	-3.0111689894434	0.00260243973420845	0.0302600837331292
"AFU03922.1"	289.105936040136	-1.34894105822136	0.368314275206533	-3.66247291790397	0.000249792167754161	0.00493003350990819
"ABC43952.1"	333.806969416837	1.34847494020909	0.421557589285101	3.19879175344915	0.00138004815887621	0.0187917981431219
"ADW01641.1"	169.456037586034	1.34440335202386	0.43997581435035	3.05563012368975	0.00224588124984105	0.027078175814385
"ABY31954.1"	106.370935469232	-1.34381068964762	0.460243149243417	-2.91978423113234	0.00350273812979631	0.0373208958726029
"ANZ19579.1"	158.114581253763	-1.34208991621283	0.470239569857964	-2.85405568191168	0.00431649649666599	0.0432489713166986
"ACG75472.1"	519.673336918496	1.34130768331943	0.344381576010747	3.89482996987496	9.8267636802103e-05	0.00240422852143629
"AIU29276.1"	62.7260906267127	1.34080467838426	0.390961439287934	3.42950619587011	0.00060468062719018	0.00994660580293731
"ADI13239.1"	709.687172792242	1.34032959261189	0.27755751217813	4.82901573116745	1.37209569804718e-06	7.41084812626062e-05
"AJC47729.1"	237.30476778276	1.33690414901691	0.426587857977213	3.1339479640987	0.00172471438134169	0.0220575654785015
"ACG46990.1"	139.737013046067	1.33127407981182	0.404152490001777	3.29398955281944	0.000987761696380904	0.0146004091431452
"AFL53796.1"	279.74139883839	-1.33033956845267	0.423980815840893	-3.13773529072105	0.00170258561861513	0.0218680172416605
"AIQ63112.1"	114.02367082611	-1.32869874194444	0.435075892117117	-3.05394706077341	0.00225851931793121	0.0271751447910036
"AIQ35240.1"	171.900902859532	1.32865593433243	0.328056763272897	4.05007938588718	5.12002607036978e-05	0.00142237968799928
"ACU37826.1"	311.730744350706	1.3286027946871	0.457578830499612	2.90354952224615	0.00368958614213272	0.038799181173918
"ACU71408.1"	414.288475177193	-1.32732492582873	0.451861234642871	-2.93746137988088	0.00330911384994098	0.0358257842626496
"ABC02170.1"	374.255834571201	-1.32553864327563	0.436740923967135	-3.03506855101899	0.00240481020993013	0.0284682938599214
"ABO55739.1"	97.545135866588	1.32550337033695	0.332102388974336	3.99124912780853	6.57261915787071e-05	0.00173432568989092
"AOR30188.1"	74.8053279218136	-1.32545195177667	0.444483894417198	-2.98200220170988	0.00286369939422136	0.0324326892772482
"AOB28041.1"	303.638914905482	-1.32308821112236	0.424645326154362	-3.11574890769293	0.00183478429572028	0.0231351097465053
"ACB62816.1"	457.411354440105	-1.32276700108535	0.471003094594615	-2.80840405565452	0.00497877155231365	0.0481875120202153
"AGZ42059.1"	695.322210151166	-1.31974872104336	0.464485157156054	-2.84131516521197	0.00449278873782872	0.0444993897213432
"ANW18855.1"	180.556195590389	-1.31627228726906	0.468656335482454	-2.80860875574003	0.00497560735169562	0.0481875120202153
"SCG58555.1"	281.643279538672	-1.31585557737147	0.369520775681078	-3.56097860789063	0.000369475187642508	0.00669677237107549
"ADB33306.1"	918.721005383933	-1.3151378379751	0.444820331408381	-2.95655963793548	0.00311092063794978	0.034325101083662
"AII06059.1"	44.7167807114931	-1.31452005081675	0.444650085480034	-2.95630225595847	0.00311351808217166	0.0343381025680527
"ACR31128.1"	234.701610437428	-1.31326341459062	0.402613205981606	-3.26184882929703	0.00110688153928131	0.0158762374665026
"AAW84055.1"	153.074868741197	1.31247941762224	0.395284986221017	3.32033713238071	0.000899088021172724	0.0136055239826869
"ACU38212.1"	571.056193285059	-1.31233602446529	0.458443000357997	-2.86259365600629	0.00420189057197598	0.0424689233820062
"AGJ59272.1"	175.439771597361	1.30948168043624	0.386984507758524	3.38380905225629	0.000714877016148982	0.0113401606783473
"ALN60014.1"	474.508544213309	-1.30565234125532	0.404327624047004	-3.22919400902358	0.00124139648068374	0.0172682088087847
"ADD41770.1"	636.1611271496	1.30513338403496	0.453152012239352	2.88012267138648	0.00397520467334524	0.0409136654533963
"ADJ46325.1"	171.308823654711	-1.2984732099983	0.416896005278033	-3.11462137693628	0.00184181161440489	0.0232116227259141
"ACU54522.1"	250.495060406362	-1.29608844585139	0.400320098483015	-3.23763021332885	0.00120526922794604	0.0168786981435969
"ADW07561.1"	189.24011738551	-1.29288937097716	0.448469088342614	-2.88289517512841	0.00394038542950416	0.0406071150927224
"ADV67623.1"	176.111390237465	1.29006274700544	0.458442492809514	2.81401215471853	0.00489273783500018	0.0476058781774166
"ADG76430.1"	348.091992976193	-1.28975502665859	0.354518142941553	-3.63805083699544	0.000274709209344678	0.00532623296355221
"AKN71647.1"	166.251003896525	-1.2893224560458	0.396942509648893	-3.24813398591711	0.00116164555313333	0.0164280172116698
"ANI37616.1"	200.675271376543	1.2889503539435	0.360894560252387	3.57154276041757	0.000354884591595782	0.00650048634583129
"ACC70369.1"	185.001537437394	1.2879694368729	0.387762852171276	3.32153900163702	0.000895224697894844	0.0135810357460574
"AEN73587.1"	489.476166377625	-1.2865706063856	0.354614491513034	-3.62808243085665	0.000285534104159668	0.00550962417731379
"APC34569.1"	257.770457754699	-1.28336124552828	0.313645885811749	-4.0917522071326	4.28125987306661e-05	0.00123032832718044
"AGY35366.1"	427.929861860839	-1.2820946788869	0.413545276393521	-3.10025226274591	0.00193355887725082	0.0240423042923115
"AEM83365.1"	86.2244203628653	-1.27833124660699	0.405912403694694	-3.14927860043539	0.00163674076305493	0.0212503259580622
"ASF13314.1"	163.592410281025	1.27757468482528	0.42454689434691	3.00926635393387	0.0026187941830724	0.0303772592750732
"AIJ12272.1"	1491.35483090544	-1.27727491027636	0.449377392598943	-2.84232124560011	0.00447863383794546	0.0444137307281829
"ACU86551.1"	270.572556555956	-1.2714099380753	0.432737630593134	-2.93806188366987	0.00330271091793966	0.0357998669239416
"ABD26859.1"	326.599061141175	-1.27065824640628	0.401842056722599	-3.16208377184235	0.00156644494139518	0.0205884129532533
"AFQ47125.1"	198.71610292877	1.26971922938726	0.437628120331007	2.9013657267428	0.00371539969580438	0.0390118937097837
"ADJ49598.1"	245.479792412125	-1.26791957941054	0.386404302940588	-3.28132883035076	0.0010331921397226	0.0150726733189527
"AAS98503.1"	150.792017217193	1.26601430550749	0.406274528469972	3.11615475938228	0.00183226086697901	0.0231153369125606
"AJP03047.1"	383.015167167508	-1.26576891732246	0.433628090237057	-2.91901965260249	0.00351134086089216	0.0373467757411022
"AKH82270.1"	263.940928783828	-1.2630375404064	0.443801844399384	-2.84594928197229	0.00442792467248562	0.0440064735338989
"AEK35974.1"	254.867432282254	-1.26138764878301	0.444538516167252	-2.83752161603119	0.00454652681394835	0.044939668838688
"ACL55752.1"	489.669414353541	-1.25511531251595	0.417018764625642	-3.00973341965239	0.00261477075654757	0.0303596967352119
"ABC35441.1"	245.02000411744	-1.25249257797885	0.416740084014843	-3.00545262148156	0.00265185906046439	0.030672578243813
"ACF52380.1"	352.675596102242	1.25121918714425	0.437655646039003	2.85891247712304	0.00425096052919318	0.0427872262582726
"AKJ27244.1"	210.625195740344	1.2438955584345	0.435439193890075	2.85664583227324	0.00428143274497368	0.043022353874638
"SCG41789.1"	91.6591999475563	-1.23979350500408	0.402582354916175	-3.07960219782169	0.00207277243067688	0.0254464102004508
"ACU73189.1"	915.273855249429	-1.23857166948924	0.428305486255279	-2.89179501369035	0.00383047778365336	0.039782614134781
"ADU06362.1"	187.444374714377	1.23844524389797	0.353687790915299	3.5015210468335	0.00046261043065228	0.00801847033702953
"AGZ43807.1"	1656.8902722381	-1.23832846393201	0.367564762659403	-3.36900755930047	0.000754393598436243	0.0118609888897737
"AEV81540.1"	272.198163715284	-1.23663534730698	0.430380838742353	-2.87335131117974	0.00406142206797474	0.041469642859358
"ABW15182.1"	497.807736396541	-1.23484687471685	0.419874499715061	-2.9409904044062	0.00327164668446335	0.0355793414939144
"AGH86228.1"	206.435148279507	-1.23244590559202	0.364070421366269	-3.38518548408011	0.000711301718653319	0.011296728317621
"AKJ08961.1"	429.892138785788	-1.23180927275379	0.412735793483867	-2.98449829697637	0.00284043782592346	0.0321920721657471
"CBQ72009.1"	202.825930031209	-1.23157803743315	0.437342074454468	-2.81605203196924	0.0048617792012438	0.0474356739243936
"ACU76898.1"	499.479671683974	-1.23148674177683	0.301462352210719	-4.08504323258259	4.40686106473122e-05	0.00126031461314271
"ADL47773.1"	1068.81881210283	-1.226989933488	0.393628526894688	-3.11712655372731	0.00182623158033806	0.0230538846586976
"AGP53821.1"	87.7791371580548	1.22613505525818	0.426045214318598	2.87794584717778	0.00400273844364124	0.0411150394291934
"ADG87504.1"	233.211706375327	1.22539025783354	0.386261564258289	3.172436429668	0.00151165649898614	0.0200205540809894
"APA99252.1"	99.3635509244919	-1.22246294225998	0.428554768725201	-2.85252441804901	0.00433734799937073	0.0434122192140945
"AEJ62369.1"	46.9397635271518	-1.22088967907758	0.353410959467907	-3.45458918680887	0.000551131897144627	0.00925450278640426
"AII53501.1"	105.430645225064	-1.21799858117951	0.435700984016481	-2.79549192189438	0.00518207968481886	0.049502874904683
"AAT88689.1"	237.982356710751	-1.21770469525027	0.357955619447613	-3.40183148159373	0.000669358984383375	0.0107832751964877
"ACF82856.1"	126.506968257602	1.2145938723828	0.390042141580458	3.11400677747599	0.00184565250194476	0.0232358239279695
"CAN97650.1"	386.56560704711	-1.21292477171303	0.389041631396885	-3.11772487524774	0.00182252849812377	0.023028575493003
"AKH88081.1"	125.839629885555	-1.2123041227254	0.381831970725409	-3.17496756602714	0.00149853250025668	0.0199121311964365
"ABK05171.1"	207.073453751492	1.21115038248452	0.423409260557484	2.86047211364685	0.00423010753721209	0.0426127860440969
"ABJ83649.1"	322.810716121296	1.2089336929166	0.39152457523066	3.08775941383597	0.00201671667695812	0.0249098996591913
"ACU90285.1"	169.07696181179	1.20277553280685	0.392861507497914	3.06157643304679	0.00220174771241279	0.026664509207834
"AFQ49750.1"	97.1352238983931	1.19044664596836	0.403519187376752	2.95016118987393	0.00317608180556044	0.0348177362018127
"ANB19167.1"	401.415271293966	-1.19017616510171	0.405793444925967	-2.93296054922437	0.00335746551317118	0.0362357685201619
"AEK46578.1"	248.955770311086	-1.18683754172007	0.368214772312947	-3.22322087803522	0.00126757768922086	0.01758691361587
"ABP79817.1"	588.40409580783	-1.180800000278	0.365907098102677	-3.22704863174492	0.00125074200483102	0.0173732516021218
"AGP59616.1"	610.81364764666	-1.17881472265887	0.386539526328505	-3.04966152842294	0.00229099398602186	0.0274949320424767
"ADU09553.1"	1069.00057656363	-1.1778503152268	0.406822737745121	-2.89524209427235	0.00378866214374668	0.0395318059043719
"AAW61721.1"	98.0992492011793	-1.17666600852884	0.2939589085066	-4.002824797883	6.25906535273913e-05	0.00166064259144988
"ACD98964.1"	90.4062777945397	-1.16739320413872	0.370713498899371	-3.14904422850707	0.0016380540185319	0.0212503259580622
"ACY47474.1"	52.8783630474492	1.16720638265293	0.415005511042193	2.81250815132974	0.00491567775702137	0.0477730187290349
"ACQ70648.1"	33.9947308011267	-1.16656306855599	0.413585739074884	-2.82060757502273	0.00479327992123849	0.0468997146195745
"ADV65904.1"	183.994053717607	1.16432859235738	0.31459131840958	3.70108303764916	0.000214681202165384	0.00437259347541734
"ACI97680.1"	183.388772870439	-1.16068180000964	0.381032620710222	-3.04614811678381	0.00231793618596744	0.0277110187212718
"AGL20747.1"	198.052740454413	-1.15956634500617	0.40626220659933	-2.8542313958083	0.00431410959041613	0.0432429617892705
"AIO30349.1"	329.460345740943	1.15637486830449	0.372469021384354	3.10462025541506	0.00190523460900518	0.0237423528713226
"AGS72585.1"	561.564890170817	-1.15575930984287	0.364995327721431	-3.16650439625617	0.00154283013993482	0.0203239729439676
"AGI90592.1"	1251.86336781503	-1.15497846814433	0.398666400001766	-2.89710511881417	0.0037662353704869	0.0393317208716753
"AEK45645.1"	78.203804738665	1.15469778170872	0.385774164459608	2.99319624818893	0.00276072165764923	0.0315959619326436
"ACD03242.1"	620.388742559853	1.15183427646629	0.384977977042334	2.99194848836671	0.0027720303261321	0.0316839007092199
"AEA61933.1"	183.573508293676	-1.15015702699907	0.403642782890654	-2.8494428136738	0.00437958781692926	0.0436461640882362
"ABG11108.1"	289.962335516566	-1.14961590739009	0.390025855941254	-2.94753768212547	0.00320315710609395	0.0350075846866103
"AGT81516.1"	192.921009984419	1.14924510933222	0.392461309741495	2.92830167154362	0.00340819188931374	0.0365549730255871
"ACR31058.1"	103.52182867284	1.14737109150804	0.405286253377767	2.83101408435527	0.00464006777610461	0.0456405365765867
"ACY96223.1"	452.773438455055	-1.14689312630027	0.33368080679466	-3.43709647946891	0.000587986120247526	0.00971160419906443
"EAA36362.1"	80.2910401975811	1.14658249261473	0.343762336133495	3.33539300876018	0.000851789241913588	0.0130861868486242
"ABL94279.1"	199.437668728941	-1.14647538425122	0.406933968221421	-2.81734992353206	0.00484217383558203	0.0472825182807015
"AMW09717.1"	222.831293395834	-1.14388404028344	0.408639109609547	-2.79925247824765	0.00512210699745625	0.049046150778571
"AFO74387.1"	196.72232268707	1.13919089207736	0.394216241491999	2.88976143592116	0.00385534281644836	0.0399519186850539
"ACB25689.1"	342.556443570464	1.13889973952143	0.343808115002059	3.31260284392825	0.000924321351338522	0.0138831804707252
"AAK24425.1"	95.8265309443005	1.13697096997746	0.368838651299559	3.08257002342753	0.00205221441754851	0.0252838249803571
"AGZ39792.1"	293.51747364135	-1.13488166127196	0.38532987907735	-2.94522102461756	0.00322724032807027	0.0352230646000524
"ADJ42673.1"	395.770387210659	1.13223977520397	0.379790691998741	2.9812204434113	0.00287102042709171	0.0324930221114771
"AEA63350.1"	194.291802905276	1.12886367542029	0.380872156756086	2.96389130944856	0.00303775561979502	0.033841884315
"AFZ67586.1"	178.172747711665	1.12842984187027	0.290549828181094	3.88377390871125	0.000102847549270803	0.00249223538105264
"ACL94303.2"	169.939759652224	-1.12835150309253	0.362853286348515	-3.10966317667235	0.00187300795727782	0.0235190314178783
"AGK75397.1"	239.984950423826	-1.1263364921631	0.356718760528888	-3.15749160625345	0.00159132817977143	0.0208137124140158
"CBQ71635.1"	187.374979845639	-1.12449036978367	0.400929909588793	-2.80470561783974	0.0050362553620338	0.0485250616484093
"AGL16775.1"	361.231860893433	-1.12392667981437	0.331062252486717	-3.39491038731294	0.000686510668480807	0.0110009924802848
"ACV80610.1"	268.071600617091	1.12133999026003	0.379338446146516	2.95604097515316	0.00311615689484342	0.0343515482389641
"AEG06855.1"	123.441606631235	-1.12120368774655	0.387551644625885	-2.89304329705239	0.00381528699223546	0.0397239670185548
"AEA81971.1"	94.6607660774225	1.11435578516965	0.397936355474057	2.80033671173906	0.00510493272198668	0.0489533166251333
"ADG11496.1"	251.802304693969	1.11382839242224	0.38607992965024	2.88496838836271	0.00391452966261112	0.0403922704674632
"ABD10855.1"	257.329066483194	1.11300463062479	0.332703954204826	3.34533033514708	0.000821846238703869	0.0127394064304404
"ADO53587.1"	174.876289280664	-1.11224391259633	0.386512583292328	-2.87763959227977	0.00400662600072832	0.0411320871190595
"ACK53403.1"	1304.20209839773	1.1107529588883	0.363091934851122	3.05915073366679	0.00221965438176805	0.0268544885378207
"CAM02612.1"	593.686190156624	1.10908060975722	0.33740011238913	3.28713764172697	0.00101211351083798	0.0148245221681275
"ABR80659.1"	411.10755904068	1.10814715104554	0.301721293120758	3.67275090062014	0.000239953363555942	0.00477087225798122
"ACU69819.1"	200.712849199734	1.10666820565804	0.287374705204109	3.85095899401454	0.000117656199727956	0.00274519521003811
"ACK84116.1"	200.043829819086	1.10657477400553	0.365644040296852	3.0263716950156	0.00247507839037641	0.0291859024424649
"AEV52059.1"	97.267168127542	1.09662112653222	0.38968538973513	2.814119172591	0.0048911092334142	0.0476058781774166
"AEB46245.1"	1177.06920322719	-1.09567579738998	0.340822735342511	-3.21479667807044	0.00130536945962333	0.0180118647337414
"AIS01453.1"	540.309042981659	-1.09432603459016	0.193391171783759	-5.65861421954555	1.52600141822335e-08	1.64842215699779e-06
"AJT42837.1"	99.9594209964639	-1.09191728630842	0.361552990278109	-3.02007538498992	0.00252711777544266	0.0296119461561192
"ANG86634.1"	1171.11615473257	-1.09079041159458	0.230966047868899	-4.72273055567774	2.32699055364016e-06	0.00011538153775908
"SCG43539.1"	171.222243874483	1.08899668039374	0.304906670475507	3.571573815343	0.000354842505936431	0.00650048634583129
"ABX03880.1"	153.766539692626	-1.08451399122403	0.288692379888038	-3.75664224890392	0.000172208402539643	0.00370064539631593
"ANC31630.1"	331.265321134857	1.08426271240283	0.358814928503445	3.02178818736751	0.00251286315155126	0.0295301122759745
"AJF64853.1"	222.402441491778	-1.08425238621186	0.356275713506026	-3.04329581026443	0.00234002185160262	0.0278944500381268
"AJE48127.1"	279.181375877406	-1.08375486013088	0.386026142101828	-2.80746494066456	0.00499331148378661	0.0482405494716471
"ABJ06914.1"	356.645272021982	-1.07945207815811	0.384545754325963	-2.80708359412313	0.00499922666895701	0.0482706654863339
"AEI45483.1"	217.817263213984	-1.07897811523513	0.292082089541714	-3.6940920168302	0.00022067388715363	0.00446716014632118
"ADU07281.1"	207.220303559695	1.07828533428338	0.304775246267962	3.53796887210237	0.000403217590274989	0.0071845773430662
"SDT59492.1"	63.4232076674275	1.07592834498661	0.364249646685914	2.95382124533497	0.00313865749686698	0.0345209524780411
"ACY46985.1"	282.908940136921	1.07526897934577	0.241704189124288	4.44869815141206	8.63923257758435e-06	0.000348405851133014
"AEV85609.1"	624.956375682845	-1.07432808323246	0.198016994588484	-5.42543373847843	5.78139747362812e-08	5.15534585637835e-06
"AOW24423.1"	156.638247101965	-1.07427996617831	0.378995059911528	-2.8345487311341	0.00458904583773351	0.0452859470373726
"AIT05168.1"	263.448176534513	-1.07286157037835	0.344186534040149	-3.11709339056595	0.00182643703313317	0.0230538846586976
"AIO28846.1"	499.832541650287	1.07196014037461	0.334465931691648	3.20499052011934	0.00135066929026045	0.0184957247380756
"AKL64911.1"	197.164251904516	-1.07149247326768	0.383014195172879	-2.79752679344964	0.00514954959477886	0.0492115527428373
"AKT42101.1"	161.750573402542	-1.06905103977451	0.313520684750126	-3.40982618300459	0.000650042938651263	0.0105493554571057
"AQV95637.1"	311.228243306253	1.068093356886	0.367934725572791	2.90294251303195	0.00369674488231139	0.0388575742473018
"AEH89696.1"	571.972491804415	1.05887591936808	0.371427894975743	2.85082497489111	0.004360596511617	0.0435286113001636
"AKN70680.1"	127.164591792866	-1.05817276770623	0.33361717205595	-3.17181744927917	0.00151488199816411	0.0200413339035413
"AAK22781.1"	169.967723160642	-1.05751901732736	0.353631314727894	-2.99045636877796	0.00278560921545569	0.0317790599652906
"AJT65272.1"	225.527642922156	1.05520877127787	0.354677873232071	2.97511869478091	0.00292875201843388	0.0329075083781656
"AGU12221.1"	299.104070746684	-1.05196926321104	0.316742874074223	-3.32120893417331	0.00089628414083794	0.013582137271073
"ANB05724.1"	78.841267114217	-1.05136655176507	0.338418360390059	-3.10670659403135	0.00189184065365524	0.0236572962772589
"ADJ66244.1"	280.563335576749	-1.0493164482957	0.362188113627921	-2.8971587106629	0.00376559202991677	0.0393317208716753
"AEW94231.1"	452.582285764551	-1.04799406423372	0.371829049968751	-2.8184835593717	0.00482510819803152	0.0471348982913883
"ACU30064.1"	188.318442451176	-1.04752164502612	0.340648293975723	-3.07508261027947	0.00210444255345496	0.025778395152309
"AGZ45894.1"	142.03197797346	1.04639897336784	0.290600577699866	3.60081518643286	0.000317221014546554	0.00598736106784943
"APU39631.1"	202.282789775406	1.04325124065685	0.35585047765645	2.93171235156818	0.00337098816951185	0.0363007568926027
"ANC87489.1"	454.288426493919	-1.04247842085403	0.273380720420336	-3.8132843429894	0.000137132187834268	0.00310110985890261
"ADI13067.1"	372.794030876805	-1.03935127811311	0.287911100426861	-3.6099729276577	0.000306228964837457	0.00582533196711632
"ACB79171.1"	152.569389155348	-1.03922186669704	0.32666273916008	-3.18132967772541	0.00146600697109821	0.0195983263423555
"ACG71300.1"	331.177629405755	1.03362895844766	0.347445885127526	2.97493509836296	0.00293050541729149	0.0329075083781656
"AAZ62741.1"	211.701875870558	-1.02905197508018	0.310416798767962	-3.31506535459572	0.000916217011865632	0.0138128990879207
"AEG43918.1"	874.692328118385	-1.02679432790702	0.336402160475886	-3.05228220429525	0.00227108474712253	0.0272992735350839
"ANP48046.1"	76.7303712800439	-1.02504427691961	0.34612163575098	-2.96151459788283	0.00306129981255856	0.0340102256953533
"AJE84407.1"	437.147474918808	1.02253988594926	0.356328799877584	2.86965265311293	0.00410922927050923	0.0418480726677238
"ABE02656.1"	68.8485855751118	1.02165639976471	0.361580270559584	2.82553137698467	0.00472022647436209	0.0463348154158781
"ACL96003.1"	90.9166597679492	1.02043490278028	0.353081408563832	2.89008392407554	0.00385138992020665	0.0399280556552015
"AHK33510.1"	40.0475725907327	-1.02020260404935	0.317365950782307	-3.21459375693755	0.00130629247755994	0.0180118647337414
"AJE40108.1"	205.204104161952	1.01986567261247	0.350472976124535	2.90996950432516	0.00361464023527618	0.0381603184000776
"AKH83261.1"	842.188307508732	1.01776392454831	0.192481895666931	5.28758261145475	1.23943390940122e-07	9.86532312690173e-06
"ACY85844.1"	180.67233525986	1.01526124717793	0.347122689980169	2.92479079150927	0.00344687867617518	0.0369044793484119
"AGZ38564.1"	508.257902322861	-1.01473823161809	0.29874180875038	-3.39670645987813	0.0006820208589062	0.0109435402672104
"ABZ78855.1"	170.427606651737	-1.01195374941756	0.360728137285925	-2.80530861005571	0.00502684246678111	0.0484982014990528
"ADW71079.1"	236.558865060655	-1.00467469030276	0.262029053145991	-3.83421104736427	0.000125967953591099	0.00289188479415923
"SCG15870.1"	272.112462465723	0.998158863951433	0.307847461770795	3.24238133460591	0.00118535300147273	0.0167047097126591
"ADN01673.1"	126.30103240285	0.993371154999086	0.313535304201852	3.16829123127889	0.00153337832685201	0.0202528140692348
"AJE06459.1"	139.448907402238	-0.992908151594396	0.318408626276679	-3.1183456403333	0.00181869380435774	0.0230041474041005
"ADJ45902.1"	201.872113998857	0.991488773369498	0.281424881574907	3.52310274706677	0.000426525973246403	0.00750223635935814
"AEB44775.1"	360.524158979633	0.986241970776893	0.247371013999594	3.98689383542128	6.69439621863403e-05	0.00175687966705301
"AMM08629.1"	220.777585777663	0.983788119243878	0.329591884461077	2.98486754566937	0.00283701141613647	0.0321683061088351
"AHY58274.1"	194.060858403404	-0.983520802136029	0.339297209630528	-2.8986999427641	0.00374713307471538	0.0391999044569339
"AKG43308.1"	231.755562445326	0.981605935381056	0.290253156492876	3.38189581550735	0.000719874410592125	0.0113963201932592
"AFH60867.1"	83.914388341461	-0.980465199131101	0.346358714017531	-2.83077964968271	0.00464346989041661	0.0456554412590047
"SCG57206.1"	241.974320579017	-0.979004822422255	0.278523781743412	-3.51497748700022	0.00043979126927315	0.00767240760101112
"ACG73487.1"	1028.64119074592	0.978809401443254	0.324100229489121	3.02008240779759	0.00252705917813527	0.0296119461561192
"ACZ29781.1"	212.859893638173	0.976874283004545	0.319698470509627	3.05561137482867	0.00224602167685121	0.027078175814385
"AEN08405.1"	214.852103336807	0.972615004665625	0.292924585669932	3.32035975212258	0.000899015169164653	0.0136055239826869
"AEO60969.1"	200.129324615679	-0.968545141302839	0.338584626195587	-2.86057034598892	0.00422879724089588	0.0426127860440969
"ACU74117.1"	322.686384079746	0.961559885574653	0.270543721289919	3.55417557276899	0.000379165996359479	0.0068365719924816
"ACR30867.1"	157.265003127754	0.95322324841099	0.249471436252457	3.82097150170876	0.000132927013341251	0.00302296517088182
"ACF79205.1"	316.55489095775	0.952493060663299	0.310393384348845	3.06866418129844	0.00215018143374046	0.0262237601573679
"AFO59749.1"	233.499728017958	0.952029355373075	0.336062867363404	2.8328906518065	0.00461291628046148	0.0454400349827221
"ADL44601.1"	210.858243509392	0.95176286572445	0.280913689609234	3.3880971306468	0.000703793361376381	0.0112258984609257
"AGK81101.1"	1340.30087068244	-0.949745128825276	0.297521860549128	-3.19218603659024	0.00141200356905653	0.0191086411411974
"ACU75528.1"	731.239523907553	-0.943181124678788	0.325958933514277	-2.89355813786118	0.00380903767664833	0.0396759727343348
"AEI98294.1"	229.087452896415	0.94251847260908	0.29574852497139	3.18689154138726	0.0014381069132736	0.019332151655823
"ACS17585.1"	200.634780585357	-0.93709690195701	0.26290517499889	-3.56439123711036	0.000364701635564962	0.00663011681124371
"AGM03987.1"	490.749604191682	-0.934814442600719	0.313127686303632	-2.98540973376035	0.00283198706977753	0.0321263905895016
"ASB17095.1"	235.556995548704	0.934003800780441	0.306907625607763	3.04327335930755	0.00234019645317177	0.0278944500381268
"ACG39131.1"	196.662309565288	0.932961028132386	0.332546817318023	2.80550280305396	0.00502381444184769	0.0484887267847581
"AAM41483.1"	168.761446140573	-0.930030693314206	0.292403219972383	-3.18064449974951	0.00146947833655415	0.0196230503916119
"ACZ31598.1"	302.112771111165	0.929736517673976	0.323419686028707	2.87470601771424	0.00404403843811643	0.0413757285780564
"AEH07641.1"	371.666642428476	0.928898472210365	0.288889530766039	3.21541064415604	0.00130258040495573	0.0179900331385353
"SHM29620.1"	50.148936410116	-0.926412313504386	0.326089628352941	-2.84097448356036	0.00449759108692489	0.0445287281220628
"ABD39718.1"	181.910408911403	0.926294858241893	0.329139818680323	2.81428987217605	0.00488851253627142	0.0476058781774166
"ACU95778.1"	520.621595297525	-0.922237165437613	0.299447444144164	-3.07979641660798	0.00207142132937742	0.0254427319324596
"ADW01510.1"	126.720038691744	0.920841835897733	0.3028714135078	3.04037223332739	0.00236285920728638	0.0280953829182842
"ADG97358.1"	192.777303606833	0.916950933855097	0.327619043300399	2.79883282918426	0.00512876825047289	0.0490905084480588
"AGZ42148.1"	315.819016254699	-0.914885187820164	0.26669940656862	-3.43039828843702	0.00060269587768097	0.0099274555154843
"ABV91765.1"	285.659849777667	-0.913316592442546	0.323506392078366	-2.82317943263793	0.00475499512634558	0.0466382720195314
"ADD40661.1"	293.772866773307	0.911823975474392	0.306565716217542	2.97431815509127	0.00293640442448899	0.0329555555933952
"ADL45046.1"	217.230669857033	0.908800036233521	0.272787679388946	3.33152889554714	0.000863703328811941	0.0132272338273814
"AQP48174.1"	544.222962297579	0.906774344461263	0.287141998147487	3.15793004963178	0.0015889367998784	0.0208049262698363
"AOD21510.1"	89.0737441065292	0.906408008267418	0.234343873751026	3.86785450696447	0.000109797139502804	0.00260211692903951
"CAJ64407.1"	280.413288160533	0.902804358554789	0.259841156516485	3.47444712245772	0.000511907246673317	0.00875998560661545
"ACY17334.1"	751.77368276187	-0.898438972793289	0.305289987150057	-2.94290350358489	0.00325149750255771	0.0354200611753845
"ADB80109.1"	381.457857873666	0.898189443903536	0.300004889960646	2.99391601257352	0.00275421748718418	0.0315398961369596
"AKG33853.1"	80.2242190089299	-0.889857179348661	0.249484060954593	-3.56678970169007	0.000361381260292571	0.00658459514706276
"AGZ39030.1"	1353.98218619539	0.880154766334539	0.263986247733626	3.33409324876141	0.000855779629646758	0.0131290338093799
"AHI75523.1"	30.3517515725947	-0.876182186728117	0.254433087087355	-3.44366448860204	0.000573887383105405	0.00955280510801732
"ADG11136.1"	425.176621081441	0.874472104090697	0.267208818134732	3.27261693755095	0.00106556784040866	0.0154300089972282
"AAM41317.1"	84.1902042457106	-0.871839578383448	0.278621094692623	-3.12912265076436	0.0017532910742287	0.0223051441236129
"ACI98911.1"	326.752918932781	0.851993821425989	0.274132793736556	3.10796023275041	0.00188383414878533	0.0235937551232705
"ACB76991.1"	246.036227691302	0.848071268805373	0.238360149139353	3.5579406703155	0.000373773707776649	0.00676454929474314
"AEN12156.1"	361.994456811635	0.845352679426541	0.293565377809279	2.87960619108069	0.00398172181781343	0.0409459085531796
"BAH51567.1"	138.911935238538	-0.84483883735856	0.287929758478078	-2.93418381560891	0.00334426090105639	0.0361254825994917
"ADV26103.1"	437.064837652372	0.834704765593458	0.297558062314893	2.80518282415123	0.00502880470972119	0.0484982014990528
"ABD10536.1"	774.463386339363	0.825486340439827	0.238272611018248	3.46446172269715	0.000531293743550618	0.00901736789098445
"AKJ26717.1"	194.237823837469	0.815182151373117	0.265204566738595	3.07378625261993	0.00211360808166718	0.0258559023013653
"AEF36751.1"	222.051684864614	0.810668095516137	0.277486701842154	2.92146647076904	0.00348387772733081	0.0371845740566895
"ABQ70176.1"	319.053803215501	0.810645417785537	0.288751731934476	2.8074131793242	0.00499411399869719	0.0482405494716471
"ADB74652.1"	191.220179755672	0.809449640550134	0.259182578671049	3.12308660829198	0.00178965076423712	0.0226886173847189
"AGZ44274.1"	643.08799043033	-0.806289760943115	0.253627998548832	-3.17902505069004	0.00147771319626523	0.0197004001157189
"AGK80896.1"	130.458186251641	-0.80490541742804	0.263531667331127	-3.05430245093345	0.00225584529004477	0.0271565614344344
"ADO71596.1"	276.905154455483	0.801454948720827	0.277522968821418	2.88788690941308	0.0038783928805398	0.0401563853360811
"ADV11041.1"	301.890075073684	-0.800660532200055	0.253852573549766	-3.15403748326817	0.00161028401922631	0.0209849127360818
"AIV37935.1"	379.206444031187	-0.795300649056019	0.26880705208867	-2.95863015079559	0.00309009722730156	0.0341888809369071
"ABX16939.1"	239.662031327155	0.790717780938705	0.27021325781197	2.92627307535343	0.00343049672635677	0.0367616161592802
"AJE06470.1"	277.442179925439	-0.78643713669701	0.274517048928593	-2.86480253145071	0.00417269358431784	0.042298561650498
"ACU75707.1"	241.845164125657	-0.785730885275032	0.232616538823144	-3.37779458524407	0.000730696414226529	0.0115183460163123
"ACD58816.1"	216.286564048741	0.78326966357786	0.257408232757432	3.0429083607282	0.00234303672898115	0.0279145542743264
"AKE88117.1"	201.340658215539	0.782617346941594	0.272034800538144	2.87690157800916	0.00401600833852248	0.0411877143118522
"ADG73935.1"	728.546620645609	0.780134908863737	0.275370620587975	2.83303609948651	0.00461081786116766	0.0454400349827221
"ACS19997.1"	246.163036658991	0.772781711654445	0.255748473008939	3.02164741225037	0.00251403195803229	0.0295301122759745
"ACL53039.1"	103.624855036517	0.770138644938146	0.261817998254913	2.94150383117787	0.00326622802290323	0.0355363846538622
"AEE45365.1"	273.824335335851	0.762494215822793	0.250170691664333	3.04789586162184	0.00230449773904166	0.02759125769005
"AHC23151.1"	56.8728976667328	-0.761728109363959	0.265989005753676	-2.8637578730204	0.00418647889644159	0.0423673065065651
"ACF86741.1"	260.934949293527	0.759778254184679	0.266308299596998	2.85300253628762	0.00433082759072282	0.0433746006675166
"AAZ97821.1"	174.434737192104	0.745460794103707	0.26387417098675	2.82506162431919	0.00472715235260275	0.0463839843779111
"ACU72616.1"	319.915095517131	-0.745030752973141	0.236631002946087	-3.14849171789584	0.00164115373772733	0.0212671430379555
"SDU83016.1"	1652.655486898	-0.744599849333627	0.227878057338923	-3.26753640973068	0.00108487910886815	0.0156441119173317
"AEK43638.1"	146.214072544299	0.743730923501475	0.237331093263864	3.13372728905183	0.00172601187023204	0.0220624982694161
"ADC61238.1"	432.027400616478	0.73216506110423	0.195520796677071	3.74469147808096	0.000180615585942764	0.00383701082796933
"ACZ43177.1"	320.663750433756	0.730599055025709	0.218773826096207	3.33951765648796	0.000839240157831721	0.0129426985972302
"AAY51345.1"	143.775651668042	-0.718962167773102	0.225037307076273	-3.19485767544055	0.00139899812783599	0.0189750883964391
"ADI03756.1"	327.909256798039	0.716966808688194	0.219891612723549	3.26054641106105	0.00111197767406288	0.0159304462873296
"ACU34028.1"	529.492906082007	-0.714051339264317	0.20615249526162	-3.4637045666517	0.000532791311256149	0.00902797714178223
"AII75872.1"	193.400483751096	-0.711039018874617	0.158392203643181	-4.48910364601286	7.15234932051198e-06	0.000296616670416581
"AGL17166.1"	411.744765375861	0.69406062320363	0.213055325075428	3.25765442829421	0.0011233711607847	0.0160272476282473
"AEO58515.1"	240.768998849414	0.687907699800507	0.209685712505381	3.28066081175109	0.00103564207434143	0.0150960429354455
"CBG71553.1"	218.024271837162	0.685170643435093	0.228689916566602	2.9960684481493	0.00273485037727458	0.0313775128396933
"AGS68629.1"	350.082180439604	0.684356204327787	0.202577479974834	3.3782442372805	0.000729502573997002	0.0115145295388163
"AJE82409.1"	374.225186434602	-0.682500814045169	0.206342708709469	-3.3076080968101	0.000940963889333912	0.0140569262152351
"ADB31840.1"	1190.04413861909	0.682186461012372	0.2322239935914	2.93762263951366	0.00330739329338368	0.0358231851029565
"ACG73926.1"	195.796976220114	0.677387057273146	0.213538463620237	3.17220160616043	0.00151287941586915	0.0200257895108238
"AEA24099.1"	650.883028967161	0.676812800700886	0.200367301220567	3.37786054200451	0.000730521183457404	0.0115183460163123
"ACU37065.1"	211.484017142558	0.674893976002832	0.21735572646452	3.10502045186741	0.00190265868180191	0.0237312536719386
"AIV32531.1"	286.972795926956	-0.674372721328756	0.213573586404407	-3.15756612361144	0.00159092150989029	0.0208137124140158
"ADG75409.1"	1977.11851390034	0.674171332861172	0.206391698345448	3.26646535817917	0.00108899130788131	0.015684906777499
"ACB22622.1"	126.249904167679	0.673656422468903	0.223534145168365	3.01366228395	0.00258114953225467	0.030113826052057
"ACF85963.1"	79.7288533471972	0.668848722391765	0.233373672458223	2.86599904499294	0.00415695499736942	0.0421920470097935
"AFL04872.1"	189.472718620547	-0.664775933427977	0.23557716024335	-2.8219031621795	0.00477395901989747	0.0467863452427943
"AAN04212.1"	368.845881017054	0.661873272727454	0.211041189932749	3.13622792279729	0.00171136146304246	0.0219331638354017
"ACR31555.1"	423.646209964632	0.651753857367446	0.205809821682669	3.16677723171231	0.00154138346099715	0.0203239729439676
"ABA05190.1"	198.392343588777	0.633891081550888	0.221650598713427	2.85986631766535	0.00423819623741679	0.0426765020211295
"ABG95873.1"	234.703489792509	-0.61622254723866	0.201068184436767	-3.06474417603573	0.00217856257953355	0.026436649316436
"ADV26097.1"	360.951252946778	0.613464198969383	0.209293328127065	2.93112161987763	0.00337740527981407	0.0363375169211476
"ADU10194.1"	153.547478050791	0.604057443735658	0.205557912330928	2.93862414190696	0.00329672601477949	0.0357877431043604
"ABC80791.1"	975.429417161804	0.577503292863648	0.195661087782091	2.95154902494877	0.00316184348949315	0.0346971097121387
"ABX14693.1"	576.521729721101	-0.574858069966129	0.205049538017655	-2.80350824256249	0.0050549940149343	0.0486344692562088
"AEB43942.1"	345.676227572704	-0.498893884576786	0.164238675299356	-3.03761512729848	0.00238458297244053	0.0282841932275213
"ACZ29271.1"	744.391567329619	0.487080723739764	0.170233851804428	2.86124480282184	0.00421981076846061	0.0425858217826514
"ADH66433.1"	213.634126982107	-0.45479610158607	0.15727257816781	-2.89176986149996	0.00383078443336115	0.039782614134781
"ADI08930.1"	457.978303169566	0.422482310333103	0.150873198864156	2.80024758216667	0.00510634256981594	0.0489533166251333
